image,mre_proj,mre_elem,rel_l2,sqnr_db,n_fp32,n_gt,vanished,shifted,missed_gt,error,n_quant,appeared,mean_matched_iou,vanished_tol,shifted_tol,missed_gt_tol,error_tol
323496,0.015411450900137425,0.05471751093864441,0.071891018927889,22.866507219792194,18,16,1,0,0,1,17,0,0.9552856227930855,0,1,0,1
479155,0.018856216222047806,0.07044252827763557,0.08710967035825397,21.198672594427087,20,19,2,0,1,1,18,0,0.9758588174978892,0,0,0,0
68078,0.021855700761079788,0.08207260221242904,0.0878639277967732,21.123787725867356,4,4,0,0,0,0,5,1,0.9659172594547272,0,0,0,0
340451,0.015884306095540524,0.05761649757623673,0.06642454440778629,23.553428312870203,6,2,1,0,0,1,5,0,0.9460397005081177,0,0,0,0
378605,0.02318660207092762,0.07701655477285385,0.09233425699731328,20.69274282353824,5,4,0,0,0,0,5,0,0.9856990337371826,0,0,0,0
156071,0.015441256947815419,0.05657759010791778,0.06503572556766296,23.736960204177684,20,16,0,0,0,0,20,0,0.9542210817337036,0,0,0,0
555050,0.018993798270821573,0.06692958548665047,0.07394559757576458,22.62175354097293,15,18,1,0,1,1,14,0,0.9598272783415658,0,0,0,0
228144,0.027359647676348686,0.09547476470470428,0.11049290264084516,19.13331234779641,9,4,1,0,0,1,9,1,0.9364916682243347,0,0,0,0
410878,0.01725183706730604,0.06488873437047005,0.0796866410746459,21.972289580571292,2,3,0,0,0,0,2,0,0.940214216709137,0,0,0,0
173091,0.021771549060940743,0.07499722242355347,0.08474628567562136,21.437586545903255,4,4,1,0,1,1,4,1,0.9370675484339396,0,0,0,0
382111,0.017067481949925422,0.060575798898935315,0.09440567447134778,20.50003801286731,15,14,1,0,0,1,15,1,0.968384678874697,1,0,0,1
563349,0.022991729155182838,0.0773430660367012,0.09244572137953713,20.682263685608802,3,2,0,0,0,0,3,0,0.9266578555107117,0,0,0,0
111207,0.022637058049440384,0.08387827128171921,0.09802474033131658,20.173285989547857,5,6,1,0,0,1,4,0,0.9760121256113052,0,0,0,0
550939,0.0197525966912508,0.06469574943184853,0.07037257860144572,23.051930704090037,1,0,1,0,0,1,0,0,,0,0,0,0
166277,0.023845555633306502,0.08319416493177414,0.09722221431857352,20.244689834456814,5,4,1,0,1,1,4,0,0.9711377769708633,0,0,0,0
17714,0.02570595107972622,0.08908443003892899,0.09983835066790554,20.014052043165723,8,17,0,1,0,1,8,0,0.9342751247542245,0,1,0,1
519208,0.024149811640381814,0.08323830962181092,0.09457432092128998,20.484535368390407,4,2,0,0,0,0,4,0,0.949637308716774,0,0,0,0
140583,0.018626586347818375,0.06426234692335128,0.07061922485001446,23.021541075364674,15,21,0,0,0,0,15,0,0.9209320902824402,0,0,0,0
98392,0.020044087991118432,0.06512579172849656,0.08003983938068479,21.93387583103943,14,11,0,0,0,0,15,1,0.9490193043436322,0,0,0,0
531135,0.013514725863933564,0.04534663185477257,0.05264840200585312,25.57229612131622,13,17,0,0,0,0,13,0,0.9749132853287917,0,0,0,0
274219,0.02448282055556774,0.08975244462490081,0.0938489555609271,20.55141112502959,3,2,0,0,0,0,3,0,0.9068154096603394,0,0,0,0
60507,0.014552094787359238,0.05039041116833687,0.06127292597609394,24.25462760474317,22,19,0,0,0,0,23,1,0.9661643965677782,0,0,0,0
524108,0.021963056176900864,0.07460384666919709,0.08000488609330725,21.937669775520597,21,12,1,2,1,1,21,3,0.8584959440761142,0,2,0,1
485844,0.025205595791339873,0.09379934072494507,0.10485644853556864,19.58809711660097,7,11,3,0,2,1,5,1,0.9618903696537018,0,0,0,0
546823,0.015975687094032763,0.05317500978708267,0.06792582967687313,23.359300964160305,34,25,0,0,0,0,36,2,0.9698453808532042,0,0,0,0
280891,0.020852386951446533,0.07729494720697402,0.08870275820975992,21.04125751167336,25,23,2,0,0,1,25,2,0.9708715936411982,0,0,0,0
133631,0.015591023303568364,0.05346226915717125,0.06174610283635571,24.187808962200606,2,1,0,0,0,0,3,1,0.929202675819397,0,0,0,0
344611,0.01652168184518814,0.05936066135764122,0.07401486349936187,22.61362114928364,0,0,0,0,0,0,0,0,,0,0,0,0
571313,0.027367056161165238,0.10266579240560532,0.12196653045623883,18.275186604929516,11,8,1,1,0,1,10,1,0.9477021230591668,0,0,0,0
91500,0.017800137773156165,0.062450715154409406,0.07627522691504833,22.35232983357823,19,18,2,0,0,1,19,2,0.9623188972473145,0,0,0,0
397133,0.02244798429310322,0.08459719866514206,0.10059912535211141,19.94811590377338,22,19,2,1,1,1,22,3,0.9420387619420102,0,0,0,0
412531,0.017544545978307725,0.06449139639735221,0.07029734137269697,23.06122199149562,6,4,0,0,0,0,6,0,0.9615000585714976,0,0,0,0
98853,0.015242095105350018,0.053972554951906206,0.06959982186665331,23.147837438371663,35,24,1,0,0,1,36,2,0.9566267798928654,0,0,0,0
212800,0.015765642747282982,0.059250366687774655,0.07379340626385343,22.639648847863793,30,27,0,0,0,0,30,0,0.9641160547733307,0,0,0,0
229311,0.023618511110544204,0.08711723983287811,0.10182909286064357,19.842562502114976,8,6,2,0,0,1,6,0,0.9478919307390848,0,0,0,0
55150,0.01897241435945034,0.07220750451087951,0.08635090908158939,21.274661718493356,24,15,0,2,0,1,26,2,0.9603495083071969,0,0,0,0
127517,0.014185971580445766,0.05135819539427757,0.05996897924362527,24.44146686804473,13,11,0,1,0,1,13,1,0.9534916778405508,0,1,0,1
99242,0.02001073695719242,0.07001680433750153,0.08635749462325687,21.273999315426323,2,2,0,0,0,0,2,0,0.965095579624176,0,0,0,0
513688,0.02228115238249302,0.07667229920625687,0.08384758104023456,21.530189241010437,8,4,0,0,0,0,8,0,0.9697093442082405,0,0,0,0
133969,0.017756886407732965,0.06350141614675522,0.08507321886245764,21.404142695081777,22,16,1,0,0,1,24,3,0.9719847156887963,0,0,0,0
298904,0.021927794069051744,0.07613669037818908,0.08592214187438868,21.31789810760321,4,1,0,0,0,0,4,0,0.9053556621074677,0,0,0,0
567197,0.02143561877310276,0.07318446487188339,0.08624429285277647,21.285392687888873,9,9,1,0,1,1,9,1,0.9088412448763847,1,0,1,1
356248,0.020290667563676833,0.07503922879695893,0.08512371612726063,21.398988504943162,27,22,4,1,0,1,25,2,0.9488519863648848,0,2,0,1
107851,0.019893614575266838,0.07304700911045074,0.08923241399392612,20.98954715875806,19,17,0,1,0,1,22,3,0.9152097801367441,0,0,0,0
534639,0.018655513972043992,0.06795883774757386,0.08146839735340315,21.780216540957753,7,5,0,0,0,0,7,0,0.9732159716742379,0,0,0,0
411530,0.015736708417534828,0.05809771120548248,0.07204621777730913,22.84777626967412,27,21,0,0,0,0,27,0,0.9454337667535853,0,0,0,0
545730,0.015109756961464882,0.05307047516107559,0.06598173805734976,23.6115249735175,10,9,0,0,0,0,11,1,0.9795671701431274,0,0,0,0
154431,0.018815731257200242,0.06730735823512077,0.07958422777384112,21.983459868738755,8,12,0,0,0,0,8,0,0.9858661144971848,0,0,0,0
82085,0.018816835060715676,0.06614116877317429,0.07789293369217389,22.170038779204113,12,12,1,0,0,1,12,1,0.9605038599534468,0,0,0,0
76468,0.017729920148849488,0.05744902268052101,0.0801992716102221,21.91659152137352,63,25,3,1,1,1,65,5,0.9531855421551203,1,1,0,1
251065,0.0209707286208868,0.0732839584350586,0.08458372827058086,21.45426351982988,1,1,0,0,0,0,1,0,0.9839904308319092,0,0,0,0
254016,0.02290862463414669,0.08627143204212188,0.09353957429581705,20.580092218462266,24,15,0,0,0,0,25,1,0.9762112523118655,0,0,0,0
411665,0.0320441335439682,0.11396902650594712,0.11906265456597538,18.484488776941312,3,2,0,0,0,0,4,1,0.743315060933431,0,0,0,0
376310,0.029461512342095375,0.1029647022485733,0.10605091270555722,19.489711789288528,5,4,0,0,0,0,7,2,0.978541088104248,0,0,0,0
380203,0.022351787239313126,0.07844917476177216,0.10245308083365234,19.789499550733996,2,1,0,0,0,0,2,0,0.8773623406887054,0,0,0,0
421455,0.030498385056853296,0.11409012228250504,0.12834402177012733,17.832487116821863,5,5,2,0,2,1,3,0,0.9580768942832947,0,0,0,0
106757,0.021748078614473344,0.07518859207630157,0.08424591749839479,21.489022711418105,3,3,0,0,0,0,4,1,0.9189460277557373,0,0,0,0
66135,0.022559861466288567,0.08036990016698838,0.08882311750342758,21.029479761554477,1,1,0,0,0,0,1,0,0.9942311644554138,0,0,0,0
397303,0.01930060051381588,0.06917379796504974,0.08092309659305504,21.838550138502768,36,38,1,0,0,1,38,3,0.9478918995176043,0,0,0,0
206027,0.02143908254802227,0.07779102474451065,0.09138413611793789,20.7825837865068,9,6,0,0,0,0,9,0,0.9738212890095181,0,0,0,0
200421,0.025287780538201333,0.0912758693099022,0.09877904195182582,20.10670380666681,6,3,0,0,0,0,6,0,0.9215885003407797,0,0,0,0
427649,0.016410737112164498,0.05720769762992859,0.07025919102210947,23.065937101314393,2,1,0,0,0,0,2,0,0.9425654113292694,0,0,0,0
343937,0.02235945612192154,0.07703649401664733,0.08918598036954895,20.99406818751611,3,2,0,0,0,0,3,0,0.9750668605168661,0,0,0,0
73153,0.027489611133933067,0.1073448821902275,0.12441568745583285,18.102497128279495,1,2,0,0,0,0,1,0,0.9460439682006836,0,0,0,0
321214,0.029951030761003493,0.10561344623565674,0.11077934522058525,19.11082412300445,3,3,1,0,0,1,3,1,0.9067004323005676,0,0,0,0
15338,0.014884090051054955,0.054835730046033856,0.0665071522936005,23.542632948189176,5,5,0,0,0,0,5,0,0.9859020590782166,0,0,0,0
577584,0.024562088772654533,0.08704183995723724,0.09842575423999424,20.1378249702238,2,2,0,0,0,0,2,0,0.9722500443458557,0,0,0,0
468245,0.02132691703736782,0.08089786171913146,0.09924360335162544,20.06594951368836,2,1,0,0,0,0,3,1,0.9847927987575531,0,0,0,0
382743,0.01857011318206787,0.06522148177027702,0.07516233577132139,22.479994641458557,7,8,0,0,0,0,9,2,0.9726052284240723,0,0,0,0
378244,0.020723132789134978,0.07255233824253082,0.08658998302600385,21.250646909803336,3,3,0,0,0,0,3,0,0.947683850924174,0,0,0,0
288062,0.01813001073896885,0.06401150673627853,0.07343069295958236,22.682447467410427,1,1,0,0,0,0,1,0,0.9840191602706909,0,0,0,0
154425,0.015657494589686394,0.05433097705245018,0.06398708619366257,23.878153320551885,3,2,0,0,0,0,4,1,0.9058979948361715,0,0,0,0
403353,0.02699495330452919,0.09572812765836716,0.10779106822066961,19.348344483019744,2,2,0,0,0,0,2,0,0.9480751156806946,0,0,0,0
88250,0.0213639035820961,0.07301982939243316,0.07759569446174956,22.20324751385155,2,2,0,0,0,0,2,0,0.9867838323116302,0,0,0,0
318138,0.029628727585077286,0.11361511796712875,0.13440273179288648,17.431838079435664,8,5,0,1,0,1,9,1,0.8923878073692322,0,1,0,1
273715,0.01996505483984947,0.06939589530229569,0.08329281361818726,21.587849345357686,7,5,0,0,0,0,7,0,0.9784807477678571,0,0,0,0
309655,0.01420978270471096,0.05280814841389656,0.06825207371438685,23.317682976869833,17,19,0,0,0,0,17,0,0.9649815173710093,0,0,0,0
484760,0.019855887070298193,0.06879769265651703,0.0750393107697744,22.494223271433356,2,1,1,0,0,1,1,0,0.995164692401886,0,0,0,0
217872,0.027038293331861495,0.08781063258647918,0.09343564878286378,20.589747889563355,3,2,0,0,0,0,3,0,0.9500996867815653,0,0,0,0
338428,0.01893598809838295,0.06734428703784942,0.08009218661511586,21.928196988041037,5,4,0,1,0,1,4,0,0.9200489372014999,0,0,0,0
68093,0.01597844436764717,0.058829858899116516,0.06726198594552671,23.444606281179723,10,5,0,0,0,0,10,0,0.9599719107151031,0,0,0,0
383842,0.021513964235782623,0.0765747681260109,0.09028775827307794,20.88742259613443,21,16,0,0,0,0,24,3,0.9323390097845168,0,0,0,0
231879,0.019200411438941956,0.07137342691421508,0.08778752933722987,21.131343468823136,13,9,0,0,0,0,15,2,0.9307194489699143,0,0,0,0
542856,0.014564946107566357,0.05245683714747429,0.058667164653788524,24.632098008971216,6,6,0,0,0,0,6,0,0.9575123190879822,0,0,0,0
177213,0.02332322150468826,0.08659306466579438,0.11274840327798963,18.957791996089785,7,7,0,0,0,0,7,0,0.901955110686166,0,0,0,0
157098,0.020210151001811026,0.07256267070770264,0.08799981532426367,21.11036478511876,3,3,0,0,0,0,3,0,0.9886290431022644,0,0,0,0
177935,0.020616706088185312,0.07336464375257493,0.079905565546137,21.94845940701248,21,13,2,0,0,1,22,3,0.898280498228575,0,0,0,0
163118,0.028959183767437936,0.10471732020378113,0.11898870779553837,18.48988503681897,3,3,0,0,0,0,4,1,0.9562171101570129,0,0,0,0
179487,0.01634538099169731,0.05504465401172638,0.06986100993589132,23.11530280671456,15,15,0,0,0,0,15,0,0.9549358010292053,0,0,0,0
131131,0.02029460221529007,0.07163980901241303,0.07897745781681743,22.049936995149043,3,2,0,0,0,0,3,0,0.9115006923675537,0,0,0,0
326082,0.022385834902524947,0.08199441879987716,0.09737668525503945,20.23090026225287,18,17,0,2,1,1,18,0,0.9764603637158871,0,1,0,1
39477,0.023707158491015436,0.08553442060947418,0.09259956655950581,20.667820923219935,15,15,0,2,0,1,13,0,0.9259494864023649,0,1,0,1
182417,0.020503615960478783,0.07469157129526138,0.09062242393074293,20.855286513481516,6,8,0,0,0,0,6,0,0.9546905358632406,0,0,0,0
171050,0.022042500600218774,0.07718797028064728,0.0905468580409525,20.86253230051607,2,1,0,0,0,0,3,1,0.9809408187866211,0,0,0,0
514914,0.0222834262996912,0.07457267194986343,0.08513781419066166,21.39755007991711,4,3,0,0,0,0,4,0,0.9722555428743362,0,0,0,0
206135,0.01628920454531908,0.05423088669776917,0.06500421821551912,23.741169209209563,6,5,0,0,0,0,6,0,0.9738513131936392,0,0,0,0
232244,0.017300444841384887,0.06016044169664383,0.0676790829102329,23.39091069728957,4,1,0,0,0,0,5,1,0.9740762710571289,0,0,0,0
391648,0.021169040724635123,0.07297654151916504,0.0820751273641041,21.71576869320676,2,1,0,0,0,0,2,0,0.8937141299247742,0,0,0,0
130613,0.017710956931114196,0.06359373405575752,0.06953805794817025,23.155548848312794,4,5,0,0,0,0,4,0,0.9892826974391937,0,0,0,0
455157,0.017203451693058015,0.060449641197919846,0.07227968457290906,22.819675027187234,8,8,1,0,0,1,7,0,0.9312284248215812,0,0,0,0
417249,0.024009646475315095,0.08567352443933487,0.09926745460695495,20.06386228112158,8,9,0,0,0,0,8,0,0.8916425406932831,0,0,0,0
356612,0.016732069104909895,0.05906074270606041,0.0735199090264888,22.671900780349226,19,21,1,0,0,1,19,1,0.9652656846576266,0,0,0,0
550426,0.022780902683734894,0.08101235628128052,0.0868986683282198,21.219737576236607,7,1,0,0,0,0,7,0,0.9536436966487339,0,0,0,0
90284,0.019420695304870606,0.0646937482059002,0.07049398469615314,23.03695880193772,2,2,0,0,0,0,2,0,0.9670900702476501,0,0,0,0
267434,0.016045418567955494,0.055256061255931854,0.10119514257093692,19.896806667961446,9,7,1,0,0,1,9,1,0.9514758586883545,1,0,0,1
493864,0.019251061230897905,0.06665477976202965,0.08118526746866031,21.81045548354343,7,6,0,0,0,0,7,0,0.9633197358676365,0,0,0,0
38048,0.021041892096400262,0.07532505691051483,0.08872511583878728,21.03906849937335,5,4,0,0,0,0,5,0,0.9658369183540344,0,0,0,0
305695,0.013040769100189208,0.04862503856420517,0.061519455216443183,24.219750381408236,12,7,0,0,0,0,12,0,0.95978877445062,0,0,0,0
329219,0.019069894775748254,0.06915957480669022,0.07877620010217305,22.072099438412444,16,21,0,0,0,0,17,1,0.9735322892665863,0,0,0,0
221155,0.015899682231247426,0.058195806294679644,0.06923390698669638,23.193623194468937,9,2,2,0,0,1,7,0,0.9237814715930394,0,0,0,0
474039,0.026814276725053786,0.0942591369152069,0.10044487275668339,19.96144454124366,5,3,0,1,0,1,5,1,0.8633806705474854,0,0,0,0
146831,0.019071272760629653,0.06648517176508903,0.07957433102471806,21.984540075438517,7,5,0,0,0,0,8,1,0.9600877165794373,0,0,0,0
407646,0.02167598307132721,0.07267226427793502,0.08414688757639323,21.499238861355764,3,3,0,0,0,0,3,0,0.9693783720334371,0,0,0,0
56545,0.023011761531233788,0.07893066704273224,0.08495185940838092,21.41654221889769,1,1,0,0,0,0,1,0,0.9679365158081055,0,0,0,0
23230,0.012000733241438865,0.042390426248312,0.054051295054439355,25.343877920149097,6,4,0,0,0,0,6,0,0.9465621511141459,0,0,0,0
293324,0.01694134846329689,0.0600762777030468,0.07273574299968542,22.765042409273946,15,10,1,0,0,1,14,0,0.944710544177464,0,0,0,0
314914,0.016479728370904924,0.05741113498806953,0.06530279812677835,23.701364189204757,2,1,0,0,0,0,2,0,0.9838962256908417,0,0,0,0
51309,0.01896335408091545,0.06373057290911674,0.10268975338410861,19.76945778253358,7,4,1,0,0,1,6,0,0.9479082127412161,0,0,0,0
116479,0.020216340199112892,0.07461524158716201,0.08172390827467943,21.753017446386398,2,3,0,0,1,1,3,1,0.8043451905250549,0,0,0,0
378116,0.017340527102351188,0.06002352088689804,0.0721957821076682,22.829763489292464,2,2,0,0,0,0,2,0,0.9525898098945618,0,0,0,0
416837,0.01669380031526089,0.06244705021381378,0.07945011859083784,21.998109004170914,2,1,0,0,0,0,2,0,0.9423756897449493,0,0,0,0
9448,0.01745934262871742,0.057256565988063814,0.06499097089108406,23.742939502390897,3,2,0,0,0,0,3,0,0.9633073409398397,0,0,0,0
430961,0.035128960758447646,0.12348170727491378,0.13825449967127804,17.186414502366855,10,4,5,0,0,1,5,0,0.9058387041091919,1,0,0,1
383606,0.0238489355891943,0.0823618546128273,0.0884922080432731,21.061899366335084,7,4,2,0,1,1,5,0,0.977029001712799,1,0,0,1
446117,0.02773473523557186,0.09796179831027985,0.10607745283873923,19.487538344276494,1,2,0,0,0,0,1,0,0.9589142203330994,0,0,0,0
340930,0.027701769769191743,0.10030295848846435,0.10647372448358242,19.455151078253518,4,2,0,0,0,0,4,0,0.9300308674573898,0,0,0,0
66706,0.020625506713986396,0.06951007544994355,0.07564190880123327,22.424750407914097,16,8,0,0,0,0,16,0,0.9707130901515484,0,0,0,0
414673,0.01317880991846323,0.04513427317142486,0.05816050715153828,24.707436302899808,27,24,3,0,0,1,25,1,0.961961587270101,0,0,0,0
305609,0.02009509541094303,0.0714837595820427,0.0922635102590163,20.699400524769622,16,12,0,0,0,0,17,1,0.9336847886443138,0,0,0,0
230166,0.015613752603530883,0.05467239692807198,0.06664903715781915,23.524122404392244,16,13,0,0,0,0,18,2,0.9327879324555397,0,0,0,0
577976,0.016368323378264903,0.06030910536646843,0.0734069801056602,22.68525284057744,6,4,1,0,0,1,5,0,0.9596580982208252,0,0,0,0
296222,0.01883795764297247,0.06764981672167777,0.07775595284571171,22.18532704561623,8,8,1,0,0,1,9,2,0.8738869428634644,0,0,0,0
455981,0.0250051062554121,0.08496295511722565,0.09181864813532808,20.741382114582127,3,1,1,0,0,1,2,0,0.9931351840496063,0,0,0,0
426376,0.02464708685874939,0.08008248805999756,0.08586998121693049,21.3231726419637,2,2,0,0,0,0,2,0,0.9631664156913757,0,0,0,0
350679,0.020032940804958342,0.07402374595403671,0.09334295294224057,20.598369283023068,26,26,0,1,0,1,26,1,0.907310528755188,0,0,0,0
165351,0.021260850504040717,0.08125556856393815,0.09414770660909616,20.52380509428364,5,6,0,0,0,0,7,2,0.907108473777771,0,0,0,0
14007,0.02881179638206959,0.10715207308530808,0.11592038400337225,18.716803777399235,3,2,0,0,0,0,3,0,0.9732457399368286,0,0,0,0
384661,0.023364723101258277,0.0802703246474266,0.09333215080704055,20.599374517812528,5,7,0,0,0,0,5,0,0.969508171081543,0,0,0,0
516708,0.022633302211761474,0.07885857820510864,0.08517649300357115,21.393604904534328,1,1,0,0,0,0,1,0,0.9709749221801758,0,0,0,0
5037,0.01745350770652294,0.060190829634666446,0.06820963605880133,23.32308535392358,12,10,0,0,0,0,13,1,0.9621260215838751,0,0,0,0
368961,0.023958884179592133,0.08913464546203613,0.11262939702923778,18.966964818236047,4,5,0,0,0,0,4,0,0.9692923575639725,0,0,0,0
156278,0.019517874345183372,0.07489986419677734,0.08708759837784712,21.20087371719238,24,28,2,0,0,1,23,1,0.9287344027649272,0,0,0,0
309495,0.030083780735731126,0.10583040565252304,0.11772816790233734,18.582392289270963,1,1,0,0,0,0,1,0,0.941170871257782,0,0,0,0
140203,0.02074749134480953,0.0754067063331604,0.08395385450740457,21.51918719293262,11,8,2,0,0,1,9,0,0.9640476504961649,0,0,0,0
481582,0.024348404631018637,0.08755421489477158,0.12187798879098836,18.281494420818998,7,4,0,0,0,0,7,0,0.9202923263822284,0,0,0,0
297353,0.025344914570450783,0.0947694718837738,0.11243382016500873,18.982060661148353,11,4,0,0,0,0,11,0,0.928921564058824,0,0,0,0
502336,0.017032751627266408,0.0651983454823494,0.07119433351176607,22.95109142571903,12,10,1,0,0,1,11,0,0.9664299271323464,0,0,0,0
481413,0.01600826606154442,0.05424314960837364,0.06468208500216473,23.7843197844839,2,2,0,0,0,0,2,0,0.9908957779407501,0,0,0,0
266768,0.01426653414964676,0.04882446974515915,0.06017931126039676,24.41105573953618,17,21,0,1,0,1,16,0,0.9443152733147144,0,0,0,0
326542,0.016879990138113497,0.057858822494745256,0.07329147074387878,22.698931264175393,11,4,0,0,0,0,12,1,0.9512871883132241,0,0,0,0
224664,0.016448421217501164,0.05953586027026177,0.07809544997785568,22.147485367799273,14,15,0,0,0,0,14,0,0.9143964861120496,0,0,0,0
82180,0.020763149857521056,0.07281572520732879,0.0745242908034796,22.55404296316283,3,3,0,0,0,0,3,0,0.9943125049273173,0,0,0,0
159977,0.014926826395094395,0.05455009490251541,0.06779315387660753,23.376283227004873,4,4,0,0,0,0,4,0,0.9494602829217911,0,0,0,0
292082,0.020899467170238495,0.07658265382051468,0.08981168736314504,20.93334288201056,7,5,0,0,0,0,7,0,0.9345325657299587,0,0,0,0
74646,0.01792486887425184,0.06553730443120002,0.08465374925988124,21.447076050139472,13,13,0,0,0,0,13,0,0.8848852927868183,0,0,0,0
25394,0.019380899146199226,0.07203661724925041,0.08724885317328682,21.184805456725005,54,24,3,0,0,1,55,4,0.9021089369175481,0,0,0,0
361571,0.02520034685730934,0.08811025619506836,0.09297368636460236,20.63279898239884,1,1,0,0,0,0,1,0,0.9447031021118164,0,0,0,0
391722,0.02047232463955879,0.07327213883399963,0.08500914397531609,21.410687141141047,16,9,2,1,0,1,13,0,0.9710174111219553,0,1,0,1
311190,0.023674610257148742,0.08698738068342209,0.09705645220683976,20.259511757870463,3,2,0,0,0,0,3,0,0.842460056145986,0,0,0,0
482319,0.019024461135268213,0.06682318449020386,0.0760152591064877,22.381984396341043,22,12,1,0,0,1,22,1,0.9042522084145319,0,0,0,0
292446,0.021200115606188775,0.07656263709068298,0.08598734257779866,21.311309452613017,18,13,1,0,1,1,17,0,0.9763149654164034,0,0,0,0
43737,0.021566933766007424,0.07090138047933578,0.08992553771685416,20.92233913207073,16,6,0,2,0,1,18,2,0.9263664696897779,0,0,0,0
472623,0.018508540466427803,0.0618021696805954,0.07574452442460161,22.412975137208065,4,4,0,0,0,0,4,0,0.9681086242198944,0,0,0,0
377635,0.017224430106580257,0.05991685763001442,0.06773171161786146,23.384158987858044,4,6,0,0,0,0,4,0,0.9631907343864441,0,0,0,0
167540,0.017884469777345657,0.06018114313483238,0.06566630138432,23.653148888079784,1,1,0,0,0,0,1,0,0.9429956674575806,0,0,0,0
161781,0.021563809737563132,0.07811882495880126,0.07985739854842337,21.953696831610664,2,2,0,0,0,0,2,0,0.945958137512207,0,0,0,0
441491,0.028411515802145005,0.09223497211933136,0.10036304571477477,19.968523352678755,4,5,0,0,0,0,5,1,0.952656477689743,0,0,0,0
520871,0.02446328066289425,0.08638090044260024,0.10037626880680511,19.967379039533228,9,5,0,0,0,0,10,1,0.9724675350719028,0,0,0,0
219283,0.033507969975471494,0.11811753511428832,0.1290459256299075,17.785114057874075,2,5,0,0,0,0,2,0,0.9315243065357208,0,0,0,0
112298,0.022943897545337676,0.08351575434207917,0.09790823912299079,20.183615202733822,8,9,1,0,1,1,8,1,0.9468983241489956,0,0,0,0
50896,0.015402175299823285,0.05356910824775696,0.06468703511256661,23.783655080068655,14,14,0,0,0,0,14,0,0.9604104288986751,0,0,0,0
504589,0.017560485005378722,0.06164542660117149,0.07728028926614672,22.238625219828435,4,3,0,0,0,0,4,0,0.9874987602233887,0,0,0,0
210030,0.02524592764675617,0.08393094837665557,0.09556207461996542,20.39428860870213,3,3,0,0,0,0,3,0,0.9917776783307394,0,0,0,0
122046,0.02023684121668339,0.07145387381315231,0.07877288322076274,22.072465166543243,5,3,0,0,0,0,6,1,0.9417285919189453,0,0,0,0
442480,0.02659522220492363,0.09956949651241302,0.10787494131422977,19.341588550802463,8,4,0,0,0,0,8,0,0.9258300289511681,0,0,0,0
508602,0.02235158160328865,0.07219040989875794,0.08110394090188508,21.819160851569748,3,3,0,0,0,0,3,0,0.944240391254425,0,0,0,0
531134,0.020468711853027344,0.07610750496387482,0.09240409133898723,20.686175985422793,18,14,0,0,0,0,19,1,0.9446748263306088,0,0,0,0
402774,0.017832371592521667,0.06049438267946243,0.06955402634753403,23.153554489598825,2,3,0,0,0,0,2,0,0.9713119268417358,0,0,0,0
492758,0.019977132603526116,0.07393449991941452,0.0975445819533536,20.215936963750856,16,15,3,0,0,1,14,1,0.9163367198063777,0,1,0,1
555705,0.023690593615174293,0.08355858474969864,0.09059086495226648,20.85831187446467,3,2,0,0,0,0,3,0,0.9353616833686829,0,0,0,0
2473,0.016879062354564666,0.05865390598773956,0.07436368025994963,22.572782502522124,6,5,0,0,0,0,6,0,0.9574287136395773,0,0,0,0
460229,0.01977913938462734,0.06728150546550751,0.08087622202066531,21.843582883726764,5,4,0,0,0,0,5,0,0.97100830078125,0,0,0,0
369771,0.01856314390897751,0.06386794075369835,0.07099355870570238,22.97562106659646,8,10,0,0,0,0,8,0,0.9769733250141144,0,0,0,0
509656,0.01377134993672371,0.04853540286421776,0.055357642897353544,25.13644820428687,2,2,0,0,0,0,2,0,0.9619570672512054,0,0,0,0
431140,0.0200243454426527,0.06927989721298218,0.08243518887654311,21.67774725327146,4,2,0,0,0,0,4,0,0.9439015239477158,0,0,0,0
38825,0.01403697468340397,0.047142373770475386,0.05705096896297972,24.874739501093547,4,2,1,0,0,1,3,0,0.9670805136362711,0,0,0,0
142620,0.01607146244496107,0.05835893005132675,0.07653181639035234,22.323159581850582,15,15,1,1,0,1,13,0,0.9825710012362554,1,0,0,1
248980,0.017461976408958434,0.06200239807367325,0.06664806621671561,23.524248941084444,14,10,0,0,0,0,14,0,0.9484935232571193,0,0,0,0
395575,0.018676977045834063,0.06902671307325363,0.08058356894612781,21.875070043175754,2,2,0,0,0,0,2,0,0.9691857695579529,0,0,0,0
407650,0.021425166353583335,0.07229452729225158,0.08493981646595232,21.417773634957236,2,2,0,0,0,0,2,0,0.9777741432189941,0,0,0,0
15272,0.01595302261412144,0.05627220049500466,0.06304395070692194,24.007131584083684,3,1,0,0,0,0,4,1,0.9003019332885742,0,0,0,0
498032,0.02672949619591236,0.09640099853277206,0.10866832678862266,19.27794039801038,3,2,0,0,0,0,3,0,0.9542510310808817,0,0,0,0
79969,0.01569433733820915,0.056780402362346646,0.07020208392573637,23.07299991580418,30,18,2,0,1,1,29,1,0.9717136302164623,0,0,0,0
507473,0.017036722414195536,0.05743692368268967,0.06748625779658529,23.415693068036823,4,3,0,0,0,0,4,0,0.9734780043363571,0,0,0,0
257896,0.02655730992555618,0.09373971670866013,0.0992643254824379,20.064136083433826,2,2,0,0,0,0,2,0,0.9257713854312897,0,0,0,0
344795,0.03080223985016346,0.10877565443515777,0.1138707203564867,18.87175863910358,4,2,1,0,0,1,3,0,0.9251279433568319,0,0,0,0
263403,0.022056647390127183,0.07563354820013046,0.08146587730274843,21.78048522453482,3,2,1,0,0,1,2,0,0.9586411714553833,0,0,0,0
145591,0.020135488361120224,0.06953899711370468,0.08203106407427774,21.72043309835034,1,1,0,0,0,0,1,0,0.8452115654945374,0,0,0,0
69213,0.01852611042559147,0.06727144047617913,0.07846442621422367,22.10654393529619,8,8,0,0,0,0,8,0,0.9744238704442978,0,0,0,0
343496,0.01722483951598406,0.06235951110720635,0.07133664982275542,22.933745805099033,10,6,0,0,0,0,10,0,0.9731477200984955,0,0,0,0
505169,0.019020872190594673,0.06584227085113525,0.06759918046776565,23.401171383085796,1,1,0,0,0,0,1,0,0.9911233186721802,0,0,0,0
60052,0.023783282935619356,0.08649425357580184,0.09708100088858236,20.25731509629782,3,2,0,0,0,0,3,0,0.9739594260851542,0,0,0,0
67896,0.018978738971054555,0.06687685027718544,0.07195481504747736,22.858802775734294,1,1,0,0,0,0,1,0,0.9560081958770752,0,0,0,0
424975,0.019520584866404532,0.06931554675102233,0.07277693676290072,22.76012456306004,4,4,1,0,0,1,3,0,0.9877091844876608,0,0,0,0
253835,0.015065177716314793,0.054379915446043016,0.07001833331588,23.095764623870796,16,9,2,0,1,1,16,2,0.9173220140593392,1,0,0,1
539143,0.016145720705389978,0.051884429156780244,0.07077619626472999,23.002255628439663,1,1,0,0,0,0,2,1,0.9223544001579285,0,0,0,0
32570,0.02187631241977215,0.07689940333366393,0.08529908938094344,21.38111210324798,15,2,0,1,0,1,15,0,0.9249892277376992,0,0,0,0
2592,0.020883607864379882,0.07350409626960755,0.08802058710749,21.108314779380393,3,3,0,0,0,0,4,1,0.9469216267267863,0,0,0,0
292908,0.02095935828983784,0.07344861775636673,0.0881064780340366,21.099843177728083,2,2,0,0,0,0,2,0,0.9679735898971558,0,0,0,0
379842,0.02339494675397873,0.08402299731969834,0.08639761626284682,21.269964793517772,2,4,0,0,0,0,2,0,0.984285444021225,0,0,0,0
460967,0.012175456434488297,0.04316791519522667,0.05111181228564555,25.82957439744712,2,2,0,0,0,0,2,0,0.9550414383411407,0,0,0,0
51976,0.013018017448484898,0.04421225786209106,0.05520326591109605,25.160704559470307,3,2,0,0,0,0,3,0,0.9321666757265726,0,0,0,0
504000,0.018651452288031577,0.05977756008505821,0.06788041312878934,23.36511046350222,14,15,0,0,0,0,16,2,0.9758638100964683,0,0,0,0
308631,0.01687674820423126,0.06023633033037186,0.06852750194981871,23.282701986790258,18,13,1,0,0,1,17,0,0.986517541548785,1,0,0,1
22705,0.018501606583595277,0.06427223160862923,0.07733829724165563,22.2321078805044,8,5,0,0,0,0,8,0,0.8759104833006859,0,0,0,0
242287,0.018873415887355804,0.06336462050676346,0.06794828779811708,23.35642964815098,1,1,0,0,0,0,1,0,0.992012619972229,0,0,0,0
236166,0.02399985194206238,0.08526097685098648,0.09262042488092045,20.66586462166523,4,2,1,0,0,1,3,0,0.8914103706677755,0,0,0,0
44699,0.01709918547421694,0.05874995291233063,0.0698884202397592,23.111895524450926,5,4,0,0,0,0,5,0,0.9666069626808167,0,0,0,0
25181,0.01881940886378288,0.06507217139005661,0.08033871586255774,21.901502286605808,5,9,0,0,0,0,6,1,0.975416362285614,0,0,0,0
449190,0.024312709271907807,0.08766456097364425,0.09246923284460926,20.68005490814347,9,5,0,0,0,0,11,2,0.9729423721631368,0,0,0,0
286908,0.013270470686256886,0.047525635361671446,0.059571496451021666,24.49922980354325,21,19,1,0,1,1,20,0,0.9717286825180054,0,0,0,0
185157,0.029232308268547058,0.10313683301210404,0.1129925203072518,18.939006085517494,8,6,0,1,0,1,8,1,0.9473541293825422,0,0,0,0
467511,0.02012557052075863,0.07072285562753677,0.0803730317859782,21.89779298305396,6,6,0,0,0,0,7,1,0.9293194015820821,0,0,0,0
437898,0.020533552020788194,0.07035226225852967,0.09238786110393223,20.687701744840197,19,13,2,0,0,1,18,1,0.9339258390314439,0,0,0,0
39670,0.014902089349925518,0.05204937532544136,0.06318463767607223,23.987770011413115,3,1,1,0,0,1,2,0,0.9086218476295471,0,0,0,0
314251,0.015750970132648943,0.057983490824699405,0.06713006937583489,23.46165807983006,24,21,0,0,0,0,24,0,0.9490190943082174,0,0,0,0
420069,0.014700239710509776,0.04984041452407837,0.06645903521096744,23.54891935371142,10,16,0,0,0,0,10,0,0.9744484305381775,0,0,0,0
377497,0.026437943801283836,0.08979112207889557,0.0928101423204695,20.648091227103702,1,1,0,0,0,0,2,1,0.980506181716919,0,0,0,0
434459,0.018637960031628608,0.0688711017370224,0.08867954972898247,21.043530413702797,28,33,0,0,0,0,28,0,0.9579463920422963,0,0,0,0
365095,0.015867090411484243,0.05435743480920792,0.06292600951741871,24.023396167375072,3,2,0,0,0,0,3,0,0.98951256275177,0,0,0,0
281687,0.019927796348929404,0.07385434955358505,0.10161382718646252,19.860943820925876,15,16,1,0,0,1,14,0,0.9588922773088727,0,0,0,0
143998,0.01781133096665144,0.06222817823290825,0.0675614460332456,23.406021273927475,9,7,1,1,0,1,7,0,0.9436417647770473,0,0,0,0
216516,0.015416368655860425,0.056787925958633426,0.06743150595414094,23.42274282151388,4,2,1,0,0,1,3,0,0.989612340927124,0,0,0,0
260106,0.02072386331856251,0.07032657414674759,0.11239569348666598,18.985006574415227,11,6,2,0,0,1,9,0,0.9376445677545335,1,0,0,1
376856,0.020354745164513587,0.06765478625893592,0.07837974563136384,22.1159230057458,1,1,0,0,0,0,1,0,0.9909428358078003,0,0,0,0
516804,0.01934635378420353,0.062381062656641006,0.07514537909443632,22.48195440546413,3,2,0,0,0,0,3,0,0.9633848865826925,0,0,0,0
565853,0.03683244585990906,0.1378143012523651,0.15075040653081329,16.434830160359756,8,12,1,0,1,1,8,1,0.9361361605780465,0,0,0,0
478286,0.024894403666257857,0.08900059908628463,0.09698305694843184,20.26608261704926,3,1,0,0,0,0,3,0,0.9455597400665283,0,0,0,0
426268,0.020748812705278397,0.07037343978881835,0.08171960936843478,21.753474360502693,9,4,2,0,0,1,7,0,0.8876916340419224,1,0,0,1
25424,0.015629730001091958,0.05183623358607292,0.0641635096077499,23.854237781761736,3,3,0,0,0,0,3,0,0.9879273176193237,0,0,0,0
255749,0.03556153476238251,0.13018228411674498,0.1377200707212401,17.220055259016693,5,5,0,0,0,0,5,0,0.9622663736343384,0,0,0,0
5586,0.028807824850082396,0.10275334417819977,0.11273958408193137,18.958471434179543,14,14,0,0,0,0,16,2,0.9552971763270242,0,0,0,0
325114,0.019176923111081122,0.06792897433042526,0.0824687428627308,21.67421251371866,3,1,0,0,0,0,3,0,0.9835668603579203,0,0,0,0
157847,0.01593039184808731,0.057061759382486345,0.06767645285507355,23.39124824342287,2,1,0,0,0,0,2,0,0.9834268093109131,0,0,0,0
52413,0.029046723246574403,0.10976465344429016,0.12331366496748325,18.179775890447146,10,5,2,0,0,1,9,1,0.893955297768116,0,0,0,0
226984,0.01721539329737425,0.062196146696805954,0.08776984408050831,21.13309346297757,27,24,2,0,0,1,27,2,0.9699716711044312,0,0,0,0
357888,0.021264301612973213,0.07639648169279098,0.08839422433035625,21.07152221634514,14,35,1,0,1,1,13,0,0.9535717276426462,0,0,1,1
292456,0.020512988045811652,0.07761319279670716,0.08811760163467598,21.098746637824554,8,8,0,0,0,0,8,0,0.9421484917402267,0,0,0,0
336232,0.015686971321702003,0.05654469951987266,0.07356989163969528,22.66599767249433,45,25,0,1,0,1,47,2,0.9586321508342569,0,0,0,0
117197,0.013589983992278575,0.04912278428673744,0.057500597753779935,24.806552810618243,3,2,0,0,0,0,4,1,0.9823086659113566,0,0,0,0
183709,0.021669702604413033,0.07987570762634277,0.11064380619285648,19.121457854626723,28,24,0,0,0,0,29,1,0.9307988051857267,0,0,0,0
129054,0.014684132114052773,0.047985251247882846,0.06332295116188931,23.968777061456702,14,13,1,0,0,1,14,1,0.9687203168869019,0,0,0,0
500716,0.02939740940928459,0.10470897406339645,0.10971212789796757,19.19490723190878,1,2,0,0,0,0,2,1,0.9901577830314636,0,0,0,0
493772,0.02219705954194069,0.08125951737165452,0.0919184946915667,20.7319419301942,2,2,0,0,0,0,2,0,0.9912760853767395,0,0,0,0
174482,0.01655700020492077,0.05867860019207001,0.06680405125417026,23.503943988818328,16,12,1,0,0,1,15,0,0.9547904372215271,0,0,0,0
452793,0.020798415690660477,0.07349572777748108,0.08876871587603159,21.034801251146433,4,2,0,0,0,0,4,0,0.9571700543165207,0,0,0,0
70158,0.013861002773046494,0.045593240112066266,0.05183381133557116,25.707737127029233,3,3,0,0,0,0,3,0,0.9893235564231873,0,0,0,0
574810,0.02525576837360859,0.08914307355880738,0.09992624370839266,20.006408753810355,1,1,0,0,0,0,1,0,0.9827282428741455,0,0,0,0
263594,0.016072813421487808,0.05712203159928322,0.06858143999245556,23.27586800640695,12,11,0,0,0,0,14,2,0.9389858990907669,0,0,0,0
507223,0.016193305887281895,0.05903536602854729,0.06813165191402042,23.333021621345218,10,9,0,0,0,0,10,0,0.9752319037914277,0,0,0,0
556000,0.01670992877334356,0.0590316079556942,0.0753043259723744,22.463601487415914,12,11,2,0,0,1,11,1,0.9644231796264648,0,0,0,0
563882,0.031347987428307536,0.12151141166687011,0.13268615346518867,17.543487916097995,15,13,2,0,0,1,14,1,0.9382208814987769,0,0,0,0
16502,0.01977749206125736,0.06943418234586715,0.08852177169682558,21.058998051593505,1,1,0,0,0,0,1,0,0.9942263960838318,0,0,0,0
50380,0.02043604329228401,0.07439621686935424,0.10021620329278204,19.981241091984188,6,5,0,0,0,0,6,0,0.9452005525430044,0,0,0,0
147223,0.0193114772439003,0.0686932772397995,0.08013303359351659,21.9237683175276,14,5,1,0,0,1,13,0,0.9505824125730075,0,0,0,0
407524,0.022995584085583685,0.08128815740346909,0.09097139093805746,20.8219032989021,9,3,0,0,0,0,9,0,0.8908293512132432,0,0,0,0
343466,0.02915658839046955,0.10367881506681442,0.11524290927366712,18.76771573231154,2,2,0,0,0,0,2,0,0.9810930490493774,0,0,0,0
39769,0.015825453400611877,0.053400108218193056,0.05914778849661986,24.561229775300802,7,6,1,0,0,1,6,0,0.9458914995193481,0,0,0,0
267169,0.019505194574594497,0.06694146692752838,0.07718780878168185,22.2490257541506,7,5,0,0,0,0,7,0,0.9749353953770229,0,0,0,0
177714,0.02291276939213276,0.082742078602314,0.09210228194996205,20.71459218954852,11,11,0,0,0,0,12,1,0.9717643206769769,0,0,0,0
512194,0.022641777247190475,0.07661067247390747,0.08192878276780005,21.73126994984117,3,1,0,0,0,0,3,0,0.973897119363149,0,0,0,0
258541,0.023956058919429778,0.08647257685661316,0.10522237028641486,19.55783838631872,2,2,0,0,0,0,2,0,0.9822577238082886,0,0,0,0
137950,0.024255942925810813,0.0893469899892807,0.10360149741887799,19.692679348175556,1,1,0,0,0,0,1,0,0.9459193348884583,0,0,0,0
438774,0.017811688408255578,0.06365137770771981,0.0803311181209963,21.90232376184001,22,17,3,0,0,1,19,0,0.9723691877565885,2,0,0,1
160666,0.0240219134837389,0.08536756187677383,0.09594065550749784,20.35994637149528,2,1,0,1,0,1,2,0,0.9685335755348206,0,0,0,0
185250,0.01477599646896124,0.05187354758381844,0.06203072557477335,24.14786277706265,7,5,1,0,0,1,6,0,0.9892640312512716,0,0,0,0
303499,0.019177307933568956,0.06562576740980149,0.07661229111814896,22.314030994665544,9,8,0,0,0,0,10,1,0.8952080938551161,0,0,0,0
453841,0.03281877413392067,0.11671369522809982,0.13979933983815487,17.089897588305092,17,15,2,0,0,1,16,1,0.9609659433364868,0,0,0,0
459887,0.021010628342628478,0.07380221039056778,0.07997774069893365,21.940617369352516,3,3,0,0,0,0,4,1,0.8633153239885966,0,0,0,0
474854,0.022319335490465164,0.07737620025873185,0.08677377901553213,21.23222977048567,2,4,0,0,0,0,2,0,0.9409081935882568,0,0,0,0
416269,0.02198821008205414,0.07610822767019272,0.10040805219378428,19.964629153560505,1,1,0,0,0,0,1,0,0.987882673740387,0,0,0,0
308430,0.01952642798423767,0.07087628990411758,0.08201542370127338,21.722089342943782,24,17,0,0,0,0,25,1,0.9704011082649231,0,0,0,0
54592,0.02435954809188843,0.09259381890296936,0.11510356681410608,18.778224366034372,11,5,2,0,0,1,11,2,0.8312146332528856,0,1,0,1
122745,0.03180396817624569,0.11440307646989822,0.1221089445371548,18.26505045233036,2,1,0,0,0,0,2,0,0.8903917968273163,0,0,0,0
271471,0.02686963602900505,0.10039992034435272,0.11019029406459847,19.15713315865513,10,7,0,0,0,0,11,1,0.9486787021160126,0,0,0,0
273551,0.01723242476582527,0.05820430442690849,0.07130843041568155,22.937182455816792,6,3,1,0,0,1,6,1,0.9744719743728638,0,0,0,0
459153,0.013493230193853378,0.04749555662274361,0.05651760099525652,24.95632561893033,7,4,0,0,0,0,7,0,0.9797981040818351,0,0,0,0
397681,0.014262529090046883,0.049877575039863585,0.060838564707848805,24.316420805863356,44,28,2,0,0,1,46,4,0.9576158438410077,0,0,0,0
80057,0.02685895822942257,0.09147635251283645,0.09823166581319834,20.154969822445263,7,1,1,0,0,1,6,0,0.988661934932073,0,0,0,0
388056,0.01323598474264145,0.04625241458415985,0.058018814774935736,24.728622946710797,15,12,0,0,0,0,15,0,0.9379701137542724,0,0,0,0
520324,0.01764906868338585,0.0570302776992321,0.07041095240321817,23.04719562445303,6,3,1,1,0,1,4,0,0.9196123331785202,0,2,0,1
398028,0.016360652260482313,0.05968388542532921,0.06858718237891542,23.27514075939934,22,12,2,1,0,1,20,0,0.9232684781676844,0,0,0,0
44068,0.024138263240456582,0.08322124481201172,0.09666071123943197,20.295000272040387,3,2,0,0,0,0,3,0,0.8759128053983053,0,0,0,0
292488,0.03968059718608856,0.14821644723415375,0.15746127844886293,16.056524535711485,2,2,0,0,0,0,4,2,0.9802258610725403,0,0,0,0
348216,0.023409643024206162,0.08617510944604874,0.11491936129230597,18.792135928575334,4,8,0,0,0,0,4,0,0.9658621698617935,0,0,0,0
415716,0.023711735755205153,0.0831631675362587,0.09438478271448704,20.501960392821076,7,7,0,0,0,0,7,0,0.9662484356335231,0,0,0,0
572620,0.017094158194959165,0.06260276138782501,0.07578639855248721,22.40817461127426,25,16,1,0,0,1,28,4,0.9661557053526243,0,0,0,0
269121,0.021543117612600325,0.0721829205751419,0.08601135421191175,21.30888428999047,2,2,0,0,0,0,2,0,0.9828592240810394,0,0,0,0
319617,0.02939911261200905,0.10310395956039428,0.12091737717955767,18.350225633589158,4,4,0,0,0,0,4,0,0.9676143079996109,0,0,0,0
555005,0.02703077271580696,0.09623148441314697,0.10205992131816503,19.82289541635243,5,11,1,0,0,1,4,0,0.9516096264123917,0,0,0,0
220310,0.028470444679260253,0.10325623899698258,0.11007687295970875,19.166078325563845,7,1,1,0,0,1,7,1,0.9561608334382375,0,0,0,0
225532,0.02501532733440399,0.09391170591115952,0.11180024224667787,19.031145108547996,6,8,0,0,0,0,6,0,0.9368817508220673,0,0,0,0
569030,0.02031223103404045,0.07645786404609681,0.09019397872319462,20.89644909274798,29,24,0,0,1,1,33,4,0.9528972362649852,0,0,1,1
45472,0.022671549022197722,0.07880077064037323,0.08787727382225297,21.122468489358454,16,6,1,0,0,1,15,0,0.9779874960581462,0,0,0,0
559099,0.015847796015441416,0.0544335313141346,0.07655515181504956,22.320511558605713,26,17,0,1,0,1,25,0,0.9604301118850708,0,1,0,1
540932,0.01230317372828722,0.04385795965790749,0.0578820555257983,24.74912108953255,13,11,2,0,1,1,12,1,0.9629129767417908,0,0,1,1
214869,0.02015082463622093,0.0772245168685913,0.08046424046605893,21.88794167678588,4,2,0,0,0,0,4,0,0.945641502737999,0,0,0,0
15746,0.01767901536077261,0.060581164062023164,0.0691020968603502,23.210175480573156,1,1,0,0,0,0,1,0,0.994451105594635,0,0,0,0
388258,0.025574930757284165,0.08176158666610718,0.09338464061889688,20.59449096426134,3,4,0,0,0,0,3,0,0.9597611228624979,0,0,0,0
451693,0.018745315819978715,0.06461094468832015,0.07255887562446552,22.78618911484501,2,1,0,0,0,0,2,0,0.9943371415138245,0,0,0,0
104424,0.02026774361729622,0.07177184820175171,0.08525118522621163,21.38599148808751,3,4,0,0,0,0,3,0,0.9814830621083578,0,0,0,0
93154,0.01835464723408222,0.06485810354351998,0.0736065281178294,22.661673332863053,18,18,0,0,0,0,19,1,0.9653846025466919,0,0,0,0
451435,0.022991401702165605,0.0787968322634697,0.08903361851079954,21.008919512744917,5,4,0,0,0,0,5,0,0.9491310238838195,0,0,0,0
398237,0.0147196926176548,0.051504286378622054,0.06157486095612356,24.211931203599825,8,5,0,0,0,0,8,0,0.9875722825527191,0,0,0,0
527784,0.01810467317700386,0.06306742653250694,0.0742860715022112,22.581852159994416,14,8,1,0,0,1,13,0,0.9672835515095637,0,0,0,0
163640,0.01779848299920559,0.06214086711406708,0.07436374896628115,22.572774477430638,7,6,1,0,0,1,6,0,0.9648703038692474,0,0,0,0
341973,0.017080901935696603,0.06242612451314926,0.07220411597446491,22.82876089790152,7,5,0,1,0,1,7,0,0.9530741969744364,0,1,0,1
560266,0.01671023778617382,0.06009684503078461,0.0705810189416053,23.026241524926967,2,2,0,0,0,0,2,0,0.9867742657661438,0,0,0,0
194716,0.020629239082336426,0.07454726397991181,0.08407438493600929,21.50672602350157,4,4,0,0,0,0,4,0,0.9724816232919693,0,0,0,0
177489,0.017470093443989754,0.06283821687102317,0.0743789452594405,22.570999690084797,21,21,0,0,0,0,23,2,0.9410894882111323,0,0,0,0
289415,0.0230165995657444,0.08593379557132722,0.11089736398483559,19.101575536970984,18,9,0,0,0,0,21,3,0.9369018342759874,0,0,0,0
133819,0.015788768790662287,0.0548747256398201,0.06284797066435034,24.034174818909175,21,21,0,0,0,0,23,2,0.9440295213744754,0,0,0,0
273420,0.027558600530028343,0.09715148657560349,0.10793895366968488,19.336435923615948,5,6,1,0,1,1,4,0,0.9114227890968323,0,0,0,0
494869,0.021042748168110848,0.07445526272058486,0.08847757634766856,21.063335648737365,13,9,0,0,0,0,13,0,0.9788394111853379,0,0,0,0
187243,0.02006724365055561,0.07011690884828567,0.07861597058941916,22.089784388549603,4,3,0,0,0,0,5,1,0.9776862412691116,0,0,0,0
221281,0.014962104707956314,0.05167358294129372,0.06431610235418724,23.833605646311085,7,3,0,0,0,0,7,0,0.9615604196275983,0,0,0,0
334006,0.014256437122821809,0.05113137885928154,0.06305917517607058,24.005034283821857,7,5,1,0,1,1,6,0,0.9793571829795837,0,0,0,0
231747,0.02197786532342434,0.08567219823598862,0.09665675259933229,20.295356001009146,10,15,1,0,0,1,9,0,0.9550947083367242,0,0,0,0
216277,0.01840495243668556,0.06661762371659279,0.07587496053678791,22.398030435937596,4,3,0,0,0,0,4,0,0.9575179517269135,0,0,0,0
562207,0.014105168171226978,0.04950827062129974,0.06380151138681651,23.903380664078373,6,5,0,0,0,0,6,0,0.975337286790212,0,0,0,0
475484,0.01785480808466673,0.06706436797976494,0.07723667976645444,22.243528076957038,14,12,1,0,1,1,15,2,0.951983433503371,0,0,0,0
397279,0.025474100187420846,0.08043844699859619,0.08518993725867012,21.39223403216096,2,3,0,0,0,0,2,0,0.979291707277298,0,0,0,0
246454,0.021559972688555716,0.07734354138374329,0.08971471064271029,20.942726785240872,6,5,1,0,1,1,6,1,0.8966381549835205,0,0,0,0
557672,0.028374865651130676,0.10489110797643661,0.11153963151439367,19.05141589180216,8,4,0,0,0,0,9,1,0.9543765112757683,0,0,0,0
60835,0.016754590347409247,0.06436430215835572,0.06707438149121434,23.468866467400336,2,3,0,0,0,0,2,0,0.9767030477523804,0,0,0,0
566282,0.015361029841005801,0.05385512113571167,0.0668009919091339,23.50434177520013,16,10,1,0,0,1,16,1,0.9545949180920918,1,0,0,1
410487,0.0225896131247282,0.08250982314348221,0.08502506699847805,21.409060343551296,3,1,0,0,0,0,3,0,0.9581820567448934,0,0,0,0
491497,0.022428005188703536,0.08197542876005173,0.09194501930912874,20.72943583317233,28,12,2,2,1,1,25,1,0.9235934093594551,0,1,0,1
217400,0.023619141429662704,0.08098506927490234,0.09047888489677729,20.869055209874972,3,3,0,0,0,0,3,0,0.965586245059967,0,0,0,0
61268,0.026139623299241067,0.09427350759506226,0.10563942871986276,19.523479120995205,10,7,1,0,0,1,9,0,0.9553144971529642,0,0,0,0
338325,0.03129753395915032,0.11109269112348556,0.10855618462616282,19.286908580533517,1,1,0,0,0,0,1,0,0.9902610182762146,0,0,0,0
204329,0.02063356637954712,0.0696367159485817,0.07993112508409342,21.945681480030803,10,9,0,0,0,0,11,1,0.9662003517150879,0,0,0,0
455716,0.01654741372913122,0.05880727469921112,0.06507123323360706,23.732219248302698,8,4,0,0,0,0,8,0,0.9713230207562447,0,0,0,0
50844,0.01944447010755539,0.07000297605991364,0.07439354452828162,22.56929497117422,4,2,0,0,0,0,4,0,0.9596623033285141,0,0,0,0
216419,0.01675125639885664,0.059891176968812944,0.06889846896407298,23.23580857428361,2,2,0,0,0,0,3,1,0.9937168955802917,0,0,0,0
342128,0.01359096672385931,0.04794444516301155,0.06240205917730877,24.096021579881274,15,22,1,0,0,1,14,0,0.9525170879704612,0,0,0,0
119995,0.017297612316906453,0.060692866891622545,0.06777752337246584,23.37828609130147,5,6,0,0,0,0,6,1,0.9430353283882141,0,0,0,0
255664,0.01195148155093193,0.04076346457004547,0.05340503168267035,25.448356459027465,2,2,0,0,0,0,2,0,0.9610870778560638,0,0,0,0
94944,0.01684030145406723,0.059207691252231597,0.07577531253217312,22.409445274536846,13,9,1,0,0,1,13,1,0.9366880804300308,0,1,0,1
543528,0.019018719717860223,0.06404662653803825,0.07728007013627078,22.238649848885018,1,1,0,0,0,0,1,0,0.9559258222579956,0,0,0,0
414638,0.015494627878069878,0.05380350351333618,0.06860379858660968,23.273036735564453,7,6,1,0,0,1,6,0,0.9557069937388102,0,0,0,0
236412,0.02104077897965908,0.07370520830154419,0.07981815290767327,21.957966531111758,2,2,0,0,0,0,3,1,0.9476377665996552,0,0,0,0
384616,0.014020702801644802,0.05261291414499283,0.06237479086999822,24.099817949345592,1,1,0,0,0,0,1,0,0.9871938228607178,0,0,0,0
347254,0.024557751044631003,0.09271164983510971,0.1002307403088383,19.979981238228536,8,9,0,0,0,0,11,3,0.94949971139431,0,0,0,0
296284,0.02242605499923229,0.07959019392728806,0.0855488605028569,21.35571541634826,6,10,0,0,0,0,8,2,0.9564775029818217,0,0,0,0
148662,0.02906628102064133,0.10857314318418503,0.11928194706072555,18.468505608601642,4,4,0,0,0,0,5,1,0.9246270656585693,0,0,0,0
88218,0.02074846513569355,0.07187124341726303,0.07944826048025887,21.99831214461224,2,1,0,0,0,0,2,0,0.9699814021587372,0,0,0,0
127476,0.018921134993433952,0.06620723083615303,0.0711132467754697,22.9609898516129,3,1,0,0,0,0,3,0,0.9650266965230306,0,0,0,0
275198,0.017386269569396973,0.062373972684144977,0.07955809655039187,21.98631232079375,29,40,1,0,0,1,28,0,0.9593914427927562,1,0,0,1
211042,0.020004404336214067,0.07096983194351196,0.08032642832367236,21.902830866086198,5,2,0,0,0,0,6,1,0.8174404263496399,0,0,0,0
184338,0.019293751567602158,0.06721305549144745,0.07565190939847338,22.423602124592247,6,1,0,1,0,1,5,0,0.9384400367736816,0,1,0,1
459272,0.0205464705824852,0.073448047041893,0.08667526406297694,21.242096531148288,11,11,0,0,0,0,11,0,0.970062174580314,0,0,0,0
8277,0.019114115834236146,0.06541905850172043,0.08113252672465976,21.816099970030155,7,13,1,0,0,1,6,0,0.9429207344849905,0,0,0,0
246308,0.01610129177570343,0.054884974658489225,0.06790069875296391,23.362515129118986,13,5,0,0,0,0,13,0,0.9807044313504145,0,0,0,0
301061,0.022644052281975746,0.0800312414765358,0.08700116055769701,21.209499080859352,1,3,0,0,0,0,1,0,0.9843363165855408,0,0,0,0
93965,0.013922272808849811,0.04509985595941544,0.05502859135469429,25.188232086031384,2,2,0,0,0,0,2,0,0.9819352030754089,0,0,0,0
234807,0.019611958414316177,0.07159105688333511,0.09733840281876277,20.234315683462896,3,3,0,0,0,0,4,1,0.9617284933725992,0,0,0,0
389566,0.025592773407697677,0.08843739330768585,0.1101235901740104,19.162392769521542,23,14,1,1,0,1,22,1,0.8926413314683097,0,1,0,1
179112,0.02577904164791107,0.0883021667599678,0.1043352868675082,19.631375710652204,2,2,0,0,0,0,3,1,0.9536555707454681,0,0,0,0
572388,0.028030433878302573,0.1094783753156662,0.12600824370077013,17.99202083151528,6,5,1,0,1,1,7,2,0.9634106755256653,0,0,0,0
255917,0.0160417765378952,0.06108806356787681,0.07069674667712396,23.012011422133256,20,16,1,0,0,1,20,1,0.934896613422193,1,0,0,1
463542,0.01768708825111389,0.06363412737846375,0.07288869604205782,22.74679638212172,47,25,1,0,0,1,46,0,0.970514072024304,1,0,0,1
105912,0.016565866023302078,0.05914271026849747,0.06668033913409453,23.520044000608497,20,16,1,0,0,1,20,1,0.9737688616702431,0,0,0,0
536073,0.019449173659086227,0.06623572111129761,0.0800765469958182,21.92989324928466,7,3,0,0,0,0,7,0,0.9424027885709491,0,0,0,0
328238,0.011314568109810352,0.04052423089742661,0.053185514024083405,25.4841327811977,15,13,0,0,0,0,15,0,0.9602875431378682,0,0,0,0
500613,0.015482735075056552,0.0542839877307415,0.06659969063161426,23.53055576412997,9,6,0,0,0,0,10,1,0.9815618462032742,0,0,0,0
189806,0.018996241316199303,0.07148595154285431,0.08593527629458476,21.31657044743328,7,4,1,0,0,1,6,0,0.9460696876049042,0,0,0,0
343706,0.01860394962131977,0.06476060971617699,0.07344253944215119,22.681046296635703,2,2,0,0,0,0,2,0,0.9849614799022675,0,0,0,0
236599,0.01943068839609623,0.0679941400885582,0.07848451466028966,22.1043204602538,14,15,0,0,0,0,15,1,0.9399700803416116,0,0,0,0
565563,0.014941289275884628,0.05350499525666237,0.06703515808515434,23.473947242221524,16,12,0,1,0,1,15,0,0.9376862605412801,0,0,0,0
425226,0.02017669603228569,0.07041380479931832,0.0842076650104433,21.49296750011883,19,13,3,0,0,1,17,1,0.96346440538764,0,0,0,0
361621,0.026984206214547158,0.09592879712581634,0.1063918869556435,19.46182976877704,1,2,0,0,0,0,1,0,0.937049925327301,0,0,0,0
266892,0.0158953620120883,0.05212292298674583,0.06394532560766115,23.883823937544175,43,16,1,0,0,1,42,0,0.95489901304245,0,0,0,0
20571,0.0186278086155653,0.06658321619033813,0.0817404781901474,21.751256518998208,15,12,0,0,0,0,15,0,0.9362635890642802,0,0,0,0
153797,0.011955732479691505,0.04237503707408905,0.05015101600891115,25.994405283741038,3,3,0,0,0,0,3,0,0.9464110533396403,0,0,0,0
357430,0.024913757294416427,0.0895792543888092,0.0983095952493921,20.148081838577163,2,1,0,0,0,0,2,0,0.939791202545166,0,0,0,0
333237,0.021932149305939674,0.0778718501329422,0.08293764105145254,21.624966423786883,1,3,1,0,0,1,0,0,,0,0,0,0
310200,0.02184281386435032,0.07970437854528427,0.0884289924719842,21.06810646302435,9,3,0,0,0,0,9,0,0.9517256816228231,0,0,0,0
80273,0.015892253257334232,0.05561128631234169,0.06747029664372414,23.417747607936267,2,2,0,0,0,0,2,0,0.9569893777370453,0,0,0,0
122969,0.019442926719784738,0.06708749458193779,0.07415335894064218,22.59738343719038,3,2,0,1,0,1,3,0,0.9764019548892975,0,0,0,0
324715,0.02014078535139561,0.07260442823171616,0.08131892955215103,21.796166937289367,3,2,0,0,0,0,3,0,0.992095410823822,0,0,0,0
414795,0.014891625940799713,0.04862807989120484,0.0613056944970637,24.24998366663345,43,20,3,0,1,1,41,1,0.965375566482544,0,0,0,0
302536,0.024616755545139313,0.08913072943687439,0.10615895138948761,19.48086759940753,6,10,0,0,0,0,6,0,0.9659208556016287,0,0,0,0
402720,0.023249105364084244,0.08509238064289093,0.09344569993547996,20.588813572650054,19,15,2,0,0,1,17,0,0.9361598035868477,0,0,0,0
446703,0.025395042076706887,0.09315460622310638,0.09357388942986142,20.57690637106645,2,1,0,0,0,0,2,0,0.9350305199623108,0,0,0,0
16228,0.02041795030236244,0.07014340907335281,0.12222777078746687,18.25660217818284,33,20,2,0,1,1,32,1,0.9491753693549864,0,0,1,1
465129,0.023467203974723815,0.08426744937896728,0.09994246390539811,20.00499895992027,17,15,1,0,0,1,17,1,0.960557833313942,0,0,0,0
555972,0.021113966405391694,0.07265376150608063,0.07993913783630095,21.944810800516564,10,10,0,0,0,0,11,1,0.969979751110077,0,0,0,0
453166,0.023319584503769874,0.08256134539842605,0.09754029174366505,20.21631899529619,10,8,0,0,0,0,10,0,0.9627046048641205,0,0,0,0
541123,0.014442542009055615,0.04940623119473457,0.06379360481409233,23.90445712562691,25,23,0,0,0,0,26,1,0.9630691933631897,0,0,0,0
13348,0.017653181776404382,0.05941796451807022,0.071935501874684,22.86113444185387,10,12,0,0,0,0,12,2,0.954673433303833,0,0,0,0
456292,0.025348765403032304,0.08461439907550812,0.08850352349003719,21.060788777722795,3,2,0,0,0,0,3,0,0.9577146967252096,0,0,0,0
72281,0.0237031415104866,0.08064993619918823,0.11875450467045366,18.50699814919193,3,2,0,0,0,0,4,1,0.9719367225964864,0,0,0,0
534605,0.016940056718885897,0.06016110554337502,0.07803967040974716,22.153691469181958,7,7,0,0,0,0,8,1,0.9111481138638088,0,0,0,0
131273,0.022393835708498955,0.0803668111562729,0.1013837470657983,19.880633232477884,1,1,0,0,0,0,2,1,0.8059577345848083,0,0,0,0
19402,0.028512495383620263,0.10656802207231522,0.11061025916061505,19.124091802360077,2,3,0,0,0,0,2,0,0.9312869906425476,0,0,0,0
82715,0.013571812957525253,0.0456510104238987,0.05791246452689285,24.744559056139906,3,2,0,0,0,0,3,0,0.8516504764556885,0,0,0,0
284764,0.02642144002020359,0.09717717170715331,0.10497054980908581,19.57865056134507,6,7,0,0,0,0,6,0,0.8980187376340231,0,0,0,0
485972,0.025287574529647826,0.09008139669895172,0.09992293867939654,20.006696041621797,10,6,0,0,0,0,10,0,0.9383870542049408,0,0,0,0
288430,0.015876756981015205,0.05715535804629326,0.07593076353555966,22.391644659464433,20,15,0,0,0,0,21,1,0.9507903277873992,0,0,0,0
295809,0.01698472388088703,0.06044813767075539,0.06808522212531058,23.338942826616066,22,20,0,0,0,0,22,0,0.9522311687469482,0,0,0,0
509131,0.035890135914087296,0.14265111684799195,0.15645127460829913,16.11241788613767,15,9,0,0,0,0,15,0,0.952324636777242,0,0,0,0
82696,0.021118927747011185,0.07971692532300949,0.08669322599495186,21.240296718975653,15,12,1,1,0,1,13,0,0.9676825358317449,0,2,0,1
513524,0.020893027633428575,0.07457758039236069,0.0852597599450703,21.38511788948453,2,2,0,0,0,0,2,0,0.9780708849430084,0,0,0,0
241326,0.02122283764183521,0.07416475862264633,0.08512718551530522,21.39863450127704,6,3,0,0,0,0,6,0,0.9438343644142151,0,0,0,0
151000,0.024187467992305756,0.09002568125724793,0.10519316729295201,19.56024936777823,16,13,1,0,0,1,16,1,0.9404666741689046,0,0,0,0
136466,0.02142520621418953,0.07359572201967239,0.0785155752394794,22.100883662649053,1,2,0,0,0,0,1,0,0.7722370028495789,0,0,0,0
292330,0.0133623069152236,0.04887540936470032,0.06209897123710543,24.138311890107403,3,2,0,0,0,0,3,0,0.9876721302668253,0,0,0,0
32735,0.020197968184947967,0.07190584987401963,0.08265986530272189,21.654106135049986,6,4,1,0,0,1,6,1,0.980207097530365,0,0,0,0
308799,0.027841619029641152,0.09359230697155,0.10595455779541108,19.497607134359235,8,8,2,0,2,1,6,0,0.8715410431226095,1,0,1,1
285349,0.02536046616733074,0.09505944550037385,0.10298533010769026,19.744492691726766,0,1,0,0,0,0,0,0,,0,0,0,0
540280,0.025937482342123987,0.09752721041440963,0.10349283164805724,19.701794604818847,4,3,1,0,0,1,3,0,0.9847964843114217,0,0,0,0
292997,0.018548843264579774,0.07108168005943298,0.0823645192856544,21.68519663909498,20,13,1,0,1,1,25,6,0.9412883771093268,0,0,0,0
433134,0.015648268908262254,0.05640682578086853,0.0714063511453101,22.925263174926638,1,1,0,0,0,0,1,0,0.9805015921592712,0,0,0,0
47769,0.023854004219174385,0.08645430505275727,0.09992520380555052,20.006499145763314,7,6,0,0,0,0,7,0,0.956165475504739,0,0,0,0
428867,0.02092163749039173,0.0753195732831955,0.08991050166319994,20.92379158290747,7,7,0,0,0,0,8,1,0.9409540125301906,0,0,0,0
195918,0.02331666499376297,0.0827647864818573,0.09849554733923585,20.13166804176525,8,6,0,0,0,0,8,0,0.9450754076242447,0,0,0,0
412240,0.02992292158305645,0.10581897646188736,0.12198591321019082,18.27380636491607,3,1,0,0,0,0,3,0,0.9165881276130676,0,0,0,0
367095,0.017563244700431822,0.06660005524754524,0.0855144750224554,21.359207321741366,27,25,0,0,0,0,30,3,0.9436394881319117,0,0,0,0
167128,0.020438994094729424,0.07484982013702393,0.08447628190828617,21.465304183669577,3,3,1,0,0,1,2,0,0.9703755080699921,0,0,0,0
249180,0.01756017468869686,0.06545894593000412,0.0816801725398081,21.757667070477915,4,4,0,0,0,0,4,0,0.9744514524936676,0,0,0,0
81766,0.01625130120664835,0.058135528862476346,0.06506354969412084,23.73324492913273,4,3,0,0,0,0,4,0,0.9727962613105774,0,0,0,0
392722,0.013567274622619151,0.04849550276994705,0.059797808721970415,24.46629460698531,19,15,1,0,0,1,19,1,0.9718822969330682,1,0,0,1
221872,0.017736280895769597,0.06304541751742362,0.07516744351362611,22.47940440197059,9,7,0,0,0,0,9,0,0.8705967863400778,0,0,0,0
254814,0.015957212634384633,0.05506408885121346,0.06952243126857473,23.157500971675972,65,41,3,0,2,1,66,4,0.952265622154359,0,0,0,0
489611,0.017271375097334386,0.0605379156768322,0.07198076651878198,22.855670657661932,8,4,0,0,0,0,9,1,0.8816894963383675,0,0,0,0
7888,0.02019713670015335,0.07248361557722091,0.09286109765357115,20.64332374226367,2,2,0,0,0,0,2,0,0.9839285910129547,0,0,0,0
511384,0.017011100240051747,0.05575710237026214,0.06670120041919106,23.517327000607736,3,3,0,0,0,0,3,0,0.9703194896380106,0,0,0,0
199055,0.015612954273819923,0.05317763239145279,0.07881214283975972,22.06813728421305,4,2,1,0,0,1,4,1,0.97109055519104,0,0,0,0
342397,0.022999859973788263,0.08013054430484771,0.08848089347196123,21.063010011026385,11,9,0,0,0,0,11,0,0.9690664681521329,0,0,0,0
551215,0.013865491561591625,0.04630141854286194,0.05756445523216103,24.79691201956426,2,2,0,0,0,0,2,0,0.9790870547294617,0,0,0,0
502136,0.023025021702051163,0.08031715899705887,0.08131874488062653,21.796186662565034,4,4,0,0,0,0,4,0,0.9814388751983643,0,0,0,0
92177,0.027905228734016418,0.0985436961054802,0.10371154442335485,19.683457967627852,2,3,0,0,0,0,2,0,0.9863567650318146,0,0,0,0
1425,0.030473512038588522,0.11230082958936691,0.1179975092517325,18.562543197885123,4,2,0,0,0,0,6,2,0.9580803960561752,0,0,0,0
51938,0.016397450864315034,0.05643373057246208,0.07017821037311998,23.075954219986677,12,13,0,0,0,0,12,0,0.9259126683076223,0,0,0,0
22371,0.029615648090839386,0.11289968937635422,0.12676634760233768,17.93992044806828,5,4,0,0,0,0,5,0,0.9775675654411315,0,0,0,0
312406,0.01974939927458763,0.0701470822095871,0.08343949476869429,21.572566685070697,5,2,0,0,0,0,6,1,0.9809860110282898,0,0,0,0
311180,0.019072914868593215,0.06753979697823524,0.07167685509061421,22.892421162553482,4,2,0,0,0,0,4,0,0.9663203060626984,0,0,0,0
489339,0.02743712589144707,0.0920810803771019,0.10069020571938816,19.940255436771576,4,2,0,0,0,0,4,0,0.9540424793958664,0,0,0,0
335529,0.014387601986527443,0.05226071253418922,0.0680166462800985,23.347695715620947,12,12,0,0,0,0,15,3,0.9246919552485148,0,0,0,0
443303,0.03020375519990921,0.10800969451665879,0.12174068326002145,18.291285302650135,5,3,0,0,0,0,5,0,0.950794231891632,0,0,0,0
413247,0.02526029534637928,0.08932958841323853,0.10795922540128207,19.334804802643085,8,5,0,0,0,0,8,0,0.959530733525753,0,0,0,0
25593,0.016690388694405554,0.0587513729929924,0.06932218328283296,23.182555355182267,3,0,0,0,0,0,3,0,0.985779325167338,0,0,0,0
327306,0.022608714178204536,0.08273982554674149,0.08961811719987911,20.952083689667376,5,2,1,0,0,1,4,0,0.8099182993173599,0,0,0,0
33104,0.01960316002368927,0.07162770926952362,0.07841813531058278,22.11166977832211,18,9,2,1,0,1,17,1,0.9035634676615397,0,1,0,1
565877,0.02209615632891655,0.07794451713562012,0.09148234746770453,20.77325399560614,11,5,1,1,0,1,11,1,0.9430850678020053,0,1,0,1
326248,0.01783858276903629,0.0653887815773487,0.07835898505949865,22.118223956331576,26,19,2,0,0,1,25,1,0.967811626692613,0,0,0,0
179392,0.03575217351317406,0.12531935125589372,0.14359966526008794,16.856931449209483,5,6,1,0,0,1,4,0,0.927743449807167,1,0,0,1
436617,0.02046256512403488,0.07740763127803803,0.09735738103500971,20.23262234743777,23,33,0,1,0,1,22,0,0.9626058340072632,0,0,0,0
171788,0.016083399951457977,0.05306997448205948,0.06569096138371769,23.649887644182858,3,3,0,0,0,0,3,0,0.9862391352653503,0,0,0,0
414261,0.026506828144192696,0.09168686270713806,0.09916179199590328,20.073112670173824,2,2,0,0,0,0,2,0,0.9206530153751373,0,0,0,0
351530,0.0243996225297451,0.08730780333280563,0.09954339024367076,20.03975144321918,10,23,0,0,0,0,12,2,0.9527225494384766,0,0,0,0
212072,0.017779459059238435,0.0596544586122036,0.06715653471221168,23.458234432392693,3,1,0,0,0,0,3,0,0.9878685077031454,0,0,0,0
210520,0.015470298752188683,0.05818674862384796,0.06620443136082843,23.58225880602612,12,17,1,0,1,1,11,0,0.9804615161635659,0,0,0,0
536038,0.03547620922327042,0.12733233124017715,0.14406659044016445,16.828734439204197,6,4,1,0,0,1,7,2,0.9345635175704956,0,0,0,0
328286,0.02178407907485962,0.07543214857578277,0.09150018926461792,20.771560152224218,8,6,1,0,0,1,7,0,0.9650393639292035,0,0,0,0
451043,0.020484213158488272,0.07193947285413742,0.08228702236847762,21.693373054728045,2,2,0,0,0,0,2,0,0.9740109741687775,0,0,0,0
96493,0.022490501776337622,0.07959292232990264,0.08381917733527781,21.533132119507243,5,3,1,0,0,1,4,0,0.9860094040632248,0,0,0,0
455085,0.023770174011588097,0.08599009066820144,0.09239430435362178,20.687096000713346,3,2,0,0,0,0,4,1,0.9463330308596293,0,0,0,0
125778,0.0188413355499506,0.06826410889625549,0.08393656741467971,21.520975904621864,11,15,2,0,0,1,9,0,0.9134195513195462,0,0,0,0
15254,0.01807966586202383,0.06501951813697815,0.0800224488067706,21.935763253842964,12,8,0,0,1,1,13,1,0.9350764751434326,0,0,1,1
257478,0.012855004705488681,0.04430127218365669,0.05686123613706403,24.90367406362193,2,2,0,0,0,0,2,0,0.9673976004123688,0,0,0,0
371529,0.01661509331315756,0.05846158117055893,0.06758677608940025,23.402765380932276,9,4,1,0,0,1,8,0,0.9281558468937874,0,0,0,0
47740,0.021580567583441734,0.07553697973489762,0.09300017035103232,20.63032511871795,8,6,2,1,1,1,7,1,0.9054364442825318,1,1,1,1
464689,0.017388854548335074,0.0643302097916603,0.07197137129246595,22.856804449771758,5,13,0,0,0,0,5,0,0.9788992881774903,0,0,0,0
498747,0.022011524066329002,0.07932383418083191,0.09014268993478679,20.901389727074957,13,11,0,1,0,1,13,1,0.9190369645754496,0,1,0,1
162858,0.01659525167196989,0.057618848979473114,0.06794067021128171,23.357403465591318,19,17,0,0,0,0,19,0,0.9728560008500752,0,0,0,0
38829,0.019961410388350486,0.06960807740688324,0.08184505600688607,21.740150995481304,14,12,1,0,1,1,14,1,0.9599409195093008,0,0,0,0
523807,0.02917458713054657,0.10895708948373795,0.11784313960352473,18.573913908793493,11,6,1,1,0,1,9,0,0.8931821584701538,0,0,0,0
185890,0.018102053552865982,0.06539353430271148,0.07921425688058117,22.023932952213563,19,15,1,0,1,1,21,3,0.941583063867357,0,0,1,1
233033,0.015296750143170357,0.052052316069602964,0.06188348208190508,24.16850514495753,12,8,0,0,1,1,13,1,0.9220730662345886,0,0,1,1
42296,0.02124082259833813,0.0753655806183815,0.08251998309748441,21.668817393102785,4,4,0,0,0,0,4,0,0.9644851237535477,0,0,0,0
93437,0.018247594684362413,0.06399469450116158,0.0704434687520398,23.043185336100013,10,13,0,0,0,0,10,0,0.9643021166324616,0,0,0,0
17379,0.019611696153879164,0.0659531109035015,0.0773667146962035,22.228916893041458,6,5,1,0,0,1,5,0,0.9399373292922973,0,0,0,0
498709,0.02463146410882473,0.09261402636766433,0.0976918515033133,20.20283318718661,8,4,1,0,0,1,8,1,0.9459973914282662,0,0,0,0
368752,0.022169454395771025,0.07804185450077057,0.08796038905705376,21.11425716763515,16,9,2,0,0,1,16,2,0.9649635170187268,0,0,0,0
108026,0.02868998423218727,0.11057958006858826,0.125864894285657,18.00190769236709,5,3,0,0,0,0,5,0,0.9396532535552978,0,0,0,0
188592,0.01749616116285324,0.06088466793298721,0.06946601599009455,23.164552160740314,2,2,0,0,0,0,2,0,0.991208404302597,0,0,0,0
374982,0.020052129030227663,0.07382223755121231,0.08538370848993548,21.372499726237972,11,13,0,0,0,0,13,2,0.9412697607820685,0,0,0,0
238410,0.016544855386018752,0.0636024720966816,0.07837218180344215,22.116761254763787,28,37,0,0,1,1,32,4,0.9373384139367512,0,0,1,1
304812,0.022227331623435022,0.08143537193536758,0.10003891080676695,19.996620907640366,5,9,1,0,0,1,5,1,0.9282705932855606,1,0,0,1
261036,0.017236517369747163,0.0626754604279995,0.07992552913380806,21.94628959743269,6,6,1,0,1,1,5,0,0.978221845626831,0,0,0,0
47112,0.020306733995676042,0.06940366923809052,0.07868385596131791,22.08228730609391,17,25,1,0,0,1,18,2,0.9488493576645851,0,0,0,0
537053,0.01231159158051014,0.043612288683652876,0.06186238867028773,24.171466295031617,1,1,0,0,0,0,1,0,0.8618293404579163,0,0,0,0
418062,0.02338307201862335,0.08805952221155167,0.10423416480776515,19.639798182041655,11,5,0,0,0,0,11,0,0.94496366110715,0,0,0,0
398810,0.026289113983511924,0.09200183451175689,0.11057738192357533,19.12667393627348,2,2,0,0,0,0,2,0,0.923059731721878,0,0,0,0
110884,0.02276642993092537,0.08051474392414093,0.09850439955460533,20.130887438856305,6,3,0,0,0,0,7,1,0.9361282686392466,0,0,0,0
139260,0.02630939707159996,0.0943926528096199,0.10139324631696042,19.879819437520947,5,6,0,0,0,0,6,1,0.9630847692489624,0,0,0,0
31118,0.024251395463943483,0.09292067289352417,0.1191222618238221,18.480141380960575,25,17,0,0,0,0,27,2,0.955255925655365,0,0,0,0
473219,0.018550250865519046,0.06851147040724755,0.08104877237642807,21.82507117810596,19,22,1,0,0,1,18,0,0.9575270348125033,0,0,0,0
362716,0.01979156844317913,0.07095442861318588,0.07634307786136604,22.344606698778044,3,3,0,0,0,0,3,0,0.9864250818888346,0,0,0,0
173033,0.022594425827264786,0.07995270788669587,0.08889805860716106,21.022154464601005,2,2,0,0,0,0,2,0,0.9711179435253143,0,0,0,0
542127,0.01881006397306919,0.06564029827713966,0.08019470928951254,21.917085652312412,22,16,0,0,0,0,23,1,0.9607613303444602,0,0,0,0
111951,0.020300863683223723,0.07427598685026168,0.08524625082561814,21.38649424824613,5,4,0,0,0,0,5,0,0.9724673748016357,0,0,0,0
346638,0.02589460462331772,0.09979968518018723,0.10981179285060341,19.18702035711259,6,4,0,0,0,0,8,2,0.9477937519550323,0,0,0,0
369323,0.018354596197605134,0.06290315836668015,0.08066938069201826,21.8658255434443,6,5,1,0,0,1,5,0,0.9270386576652527,0,0,0,0
95786,0.03317299410700798,0.11536597311496735,0.12329748596190784,18.18091557173531,3,4,0,0,0,0,4,1,0.9637265006701151,0,0,0,0
284296,0.014047282375395298,0.05258740186691284,0.06444238585355856,23.816567780992482,4,3,0,0,0,0,4,0,0.9698653966188431,0,0,0,0
549930,0.02235909327864647,0.07801329344511032,0.09697330998512758,20.266955607701508,9,21,2,0,1,1,7,0,0.9228488802909851,0,1,0,1
25986,0.022573317959904672,0.07679055631160736,0.0861694031762024,21.292938300814566,13,18,0,0,0,0,14,1,0.9458061135732211,0,0,0,0
222863,0.018166498094797135,0.0629128560423851,0.08112221892573851,21.81720357293068,1,1,0,0,0,0,1,0,0.9710763096809387,0,0,0,0
248810,0.01757404822856188,0.06234901174902916,0.06987935266739363,23.113022535797313,1,2,0,0,0,0,1,0,0.9525367021560669,0,0,0,0
137294,0.022975707054138185,0.08385611325502396,0.10125544242507417,19.891632487864843,10,3,0,1,0,1,9,0,0.9565232992172241,0,0,0,0
294695,0.016670335456728934,0.05829333066940308,0.06985903257907686,23.11554865695562,14,9,1,0,0,1,16,3,0.9694852737280039,0,0,0,0
13177,0.018871988356113433,0.06938168853521347,0.076685707648393,22.305711408849767,7,3,0,1,0,1,7,0,0.9492709338665009,0,0,0,0
356432,0.02369540520012379,0.08402027785778046,0.09932501250650819,20.058827431768194,6,5,0,0,0,0,6,0,0.9645812710126241,0,0,0,0
428111,0.02074311263859272,0.0739179477095604,0.08484412304085756,21.42756469787978,8,7,0,0,0,0,10,2,0.9231929555535316,0,0,0,0
213035,0.03173413649201393,0.11730672717094422,0.12826150109011736,17.83807363371475,10,6,0,0,1,1,10,0,0.8991779327392578,0,0,1,1
50679,0.018990346416831016,0.06289293766021728,0.07620532362037152,22.36029376528367,15,13,1,0,0,1,15,1,0.9574797706944602,0,0,0,0
460147,0.02134728915989399,0.07292244136333466,0.09119246669163089,20.800820735490042,26,26,0,0,0,0,28,2,0.9647762385698465,0,0,0,0
85195,0.02152949385344982,0.07888074964284897,0.08806991698847721,21.103448260137668,3,3,0,0,0,0,3,0,0.9691251516342163,0,0,0,0
416256,0.027029434591531752,0.09676859080791474,0.10880697565566436,19.266865219291745,4,3,0,0,0,0,4,0,0.9399299621582031,0,0,0,0
70254,0.015717523545026778,0.05501776933670044,0.06524575194853027,23.708955186420546,14,16,0,0,0,0,15,1,0.9555691693510328,0,0,0,0
467315,0.025520715117454528,0.09167230427265168,0.10034449124977,19.970129291730384,9,7,1,1,0,1,8,0,0.8939162833350045,0,0,0,0
323571,0.022026456147432327,0.07336675077676773,0.09152706726663382,20.769009063765544,8,5,2,0,1,1,6,0,0.9796585837999979,0,0,0,0
215245,0.012781545147299766,0.04649024084210396,0.06239836596187907,24.096535662451192,9,7,0,0,0,0,9,0,0.9775052467981974,0,0,0,0
134722,0.01767163034528494,0.06350056752562523,0.08186054726271264,21.73850712580087,2,2,0,0,0,0,2,0,0.9963983595371246,0,0,0,0
69795,0.017278771661221982,0.06942046880722046,0.07524614457868704,22.47031494620307,3,2,1,0,0,1,2,0,0.9489696323871613,0,0,0,0
119365,0.023637568578124046,0.08028002381324768,0.09317403867838406,20.614101587544038,9,5,0,0,0,0,9,0,0.9136146108309428,0,0,0,0
183246,0.023004420474171637,0.07882274240255356,0.09302687630647263,20.627831234227546,19,18,0,0,0,0,19,0,0.973310439210189,0,0,0,0
431848,0.02376522235572338,0.083033749461174,0.10278769335380276,19.76117759562404,3,3,0,0,0,0,3,0,0.9696443478266398,0,0,0,0
85682,0.016902663744986057,0.059783649444580075,0.0752013446631033,22.475487875788236,25,15,1,0,0,1,29,5,0.9182149718205134,0,0,0,0
479732,0.02421853058040142,0.08251794278621674,0.08567831007462165,21.34258216296953,10,3,0,0,0,0,11,1,0.9482816278934478,0,0,0,0
437331,0.011690727807581425,0.041544944047927856,0.05507899945846761,25.180279151023104,3,2,0,0,0,0,3,0,0.9895931283632914,0,0,0,0
98287,0.01736824121326208,0.06157919615507126,0.07325615488886747,22.703117611428937,14,16,0,0,0,0,14,0,0.9652926070349557,0,0,0,0
61108,0.021385308355093002,0.07415607720613479,0.08113806507985472,21.815507064791028,10,9,2,0,0,1,10,2,0.950280524790287,0,0,0,0
105249,0.02350216843187809,0.08162051886320114,0.09221507703574978,20.70396133204751,3,3,1,0,0,1,3,1,0.9583786129951477,0,0,0,0
537672,0.029986916482448576,0.10852779150009155,0.12680044189196296,17.93758465922662,5,2,2,0,0,1,4,1,0.8822492758433024,0,2,0,1
534664,0.020120539516210557,0.07483831346035004,0.07890098385858373,22.05835162613102,4,7,0,0,0,0,4,0,0.9491176605224609,0,0,0,0
131379,0.023591191321611405,0.08197780549526215,0.0890628323665045,21.006069951986337,1,1,0,0,0,0,1,0,0.9815598130226135,0,0,0,0
192964,0.026271044462919235,0.09960336834192277,0.11331637429610204,18.91414659485458,2,3,0,0,0,0,2,0,0.9655258059501648,0,0,0,0
183500,0.02732429876923561,0.09604955464601517,0.1044102218546218,19.625139628639793,2,2,0,0,0,0,2,0,0.9366886019706726,0,0,0,0
493613,0.013469030894339085,0.04620408043265343,0.06610712885249612,23.595034091872314,3,1,0,0,0,0,3,0,0.9698960979779562,0,0,0,0
303908,0.020055308192968368,0.07205362021923065,0.08608808760908016,21.301138792893305,3,6,0,0,0,0,4,1,0.982527514298757,0,0,0,0
205105,0.02793259471654892,0.09714513421058654,0.11101147295015582,19.092642697877842,10,14,0,0,0,0,11,1,0.9361930072307587,0,0,0,0
451571,0.01721698883920908,0.060175835341215136,0.07180934859283107,22.876380257775804,3,3,0,0,0,0,3,0,0.9688432614008585,0,0,0,0
333956,0.024752211570739747,0.08504344671964645,0.09932180982773439,20.059107507875638,2,2,0,0,0,0,2,0,0.9852696061134338,0,0,0,0
369442,0.020782382413744926,0.07744227796792984,0.10202185532411043,19.82613565693242,26,24,0,1,1,1,27,2,0.9457376670837402,0,0,0,0
104455,0.014770441316068172,0.04999671578407287,0.058872398932590164,24.601765343902855,4,2,0,0,0,0,4,0,0.9244857877492905,0,0,0,0
85665,0.022651394456624986,0.0752256840467453,0.0840406464895749,21.510212308145338,2,1,1,0,0,1,1,0,0.9959170818328857,0,0,0,0
98716,0.01515279095619917,0.05275762751698494,0.06263351491572708,24.06386431086577,8,5,0,0,0,0,8,0,0.9265420287847519,0,0,0,0
176778,0.02118775248527527,0.07531034499406815,0.08806636127345796,21.1037989493716,4,2,0,0,0,0,4,0,0.9829133749008179,0,0,0,0
420281,0.022889221832156182,0.07425671368837357,0.0811736833226748,21.811694942326106,4,4,0,0,0,0,4,0,0.9873099327087402,0,0,0,0
576955,0.017418399825692175,0.06509378179907799,0.09016542265557591,20.899199543814127,5,3,0,0,0,0,5,0,0.9317968726158142,0,0,0,0
142324,0.01724976599216461,0.06430215314030648,0.0783524100016649,22.118952814966512,25,19,1,0,0,1,25,1,0.9419343968232473,0,1,0,1
405205,0.02270159274339676,0.07967300862073898,0.088641460139282,21.047261973520012,2,3,0,0,0,0,3,1,0.9597261548042297,0,0,0,0
180792,0.027391954511404037,0.10103599280118943,0.10584374294349215,19.506696212586,1,1,0,0,0,0,1,0,0.9297294616699219,0,0,0,0
453001,0.018445417284965515,0.06700917184352875,0.0808979385384594,21.84125090095073,7,10,0,0,0,0,7,0,0.9137106452669416,0,0,0,0
327592,0.024620942026376724,0.0868215024471283,0.09037995491341413,20.878557593103718,4,4,0,0,0,0,5,1,0.9686738848686218,0,0,0,0
201072,0.018332819268107415,0.06349332779645919,0.07194296101198566,22.86023383112791,13,5,1,0,0,1,12,0,0.933009664217631,0,0,0,0
105335,0.030085183307528497,0.11598604172468185,0.13312624312802634,17.51472647544287,17,11,1,0,0,1,16,0,0.9383734650909901,0,0,0,0
18837,0.016379252634942533,0.059154660999774934,0.06806955617597751,23.340941621065745,10,8,1,0,0,1,11,2,0.905352426899804,0,0,0,0
566923,0.01955438144505024,0.06914210021495819,0.08199303383562931,21.724460877999036,16,12,1,0,0,1,15,0,0.9511746168136597,0,1,0,1
405195,0.015872658230364323,0.05832826569676399,0.06747724545909273,23.416853087850615,30,17,0,1,0,1,31,2,0.9773247221420551,0,0,0,0
334977,0.021297039836645125,0.07254250198602677,0.07747089625016816,22.21722839421892,8,3,1,0,0,1,7,0,0.981854259967804,0,0,0,0
360564,0.022936135157942773,0.07928358018398285,0.08571398711452664,21.33896605138476,3,2,0,0,0,0,3,0,0.9684091011683146,0,0,0,0
408696,0.02279885970056057,0.0828858569264412,0.09869129873187475,20.11442271749161,10,5,0,0,0,0,11,1,0.9552968442440033,0,0,0,0
577862,0.0129450349137187,0.04510093405842781,0.057772635920520954,24.765556339799687,2,2,0,0,0,0,2,0,0.959576815366745,0,0,0,0
91619,0.0213727492839098,0.07430440187454224,0.0730644037431023,22.725883110127242,1,1,0,0,0,0,1,0,0.9957470893859863,0,0,0,0
291551,0.016806614026427268,0.05787801444530487,0.08609008142569807,21.30093762835311,5,7,0,0,0,0,5,0,0.9736489892005921,0,0,0,0
490936,0.017436094209551813,0.06409086138010026,0.08310419323422995,21.60754124452415,29,34,0,1,0,1,29,0,0.9516931133610862,0,0,0,0
293804,0.027253445982933045,0.09702394902706146,0.11637248844034757,18.682993577701744,7,6,1,0,0,1,6,0,0.9647970596949259,0,0,0,0
473869,0.023668739944696426,0.08466078788042068,0.09458167532643942,20.48385995177363,13,11,2,0,1,1,12,1,0.9501594575968656,0,0,0,0
445365,0.012414365448057652,0.04174445122480393,0.0519617956848055,25.68631698164645,3,2,1,0,0,1,2,0,0.9931963980197906,1,0,0,1
416745,0.01956264190375805,0.06797547787427902,0.07545627955136654,22.446092238768493,4,2,0,0,0,0,4,0,0.9576252996921539,0,0,0,0
129416,0.016426312364637853,0.059596484154462816,0.06942798040044497,23.16930935616789,8,9,0,0,0,0,8,0,0.9817637354135513,0,0,0,0
55022,0.01909082904458046,0.06611967831850052,0.074293173386283,22.581021812776495,8,9,1,0,0,1,7,0,0.9577510271753583,0,0,0,0
372203,0.014913553930819034,0.051340629905462266,0.06409194453128077,23.86393103691156,2,2,0,0,0,0,3,1,0.9836993515491486,0,0,0,0
150265,0.02042100764811039,0.0721612811088562,0.08527862961599544,21.383195743037003,9,8,0,0,0,0,9,0,0.9557361735237969,0,0,0,0
440336,0.01732819378376007,0.05921197384595871,0.07810106996850023,22.146860326747863,8,7,1,0,0,1,7,0,0.9875369071960449,0,0,0,0
88951,0.016722023859620093,0.061929695308208466,0.06734239409642914,23.434228960507134,4,3,0,0,0,0,4,0,0.9871733486652374,0,0,0,0
32861,0.023668525740504265,0.08488021343946457,0.10066389383428888,19.942525488704455,1,2,0,0,0,0,1,0,0.9950044751167297,0,0,0,0
532855,0.023500321060419084,0.08433744758367538,0.10619947709243278,19.477552432780275,3,2,0,0,0,0,4,1,0.8465170860290527,0,0,0,0
523033,0.01629236377775669,0.06187945231795311,0.08613323190352024,21.29658513636128,6,5,0,0,0,0,6,0,0.9105027616024017,0,0,0,0
373382,0.01873381845653057,0.06512144058942795,0.08521618115992644,21.38955863958818,19,15,0,0,0,0,19,0,0.9726486394279882,0,0,0,0
68628,0.02308211736381054,0.08526969850063323,0.0937167546676824,20.5636551813395,2,2,0,0,0,0,2,0,0.980360597372055,0,0,0,0
110282,0.01640312224626541,0.05739952921867371,0.07091896157829994,22.984752642504155,1,1,0,0,0,0,1,0,0.9868859052658081,0,0,0,0
376307,0.017059961706399916,0.06120837703347206,0.0690349250718395,23.218622843627912,36,27,2,0,0,1,34,0,0.9357155771816478,0,0,0,0
565597,0.019982587173581125,0.06673577427864075,0.07190299589763142,22.865060280046503,3,4,0,0,0,0,4,1,0.9841069579124451,0,0,0,0
36936,0.02285111919045448,0.08129705786705017,0.09473559983962321,20.469735814105405,27,22,2,0,0,1,26,1,0.9480271482467652,1,0,0,1
509735,0.014985071495175362,0.05152983143925667,0.06312982193568208,23.995308712885763,5,5,0,0,0,0,5,0,0.9829490661621094,0,0,0,0
309678,0.024974075332283973,0.08988004326820373,0.09926614017172955,20.0639772947979,4,3,0,0,0,0,4,0,0.9503509551286697,0,0,0,0
501243,0.014130735769867897,0.04888068735599518,0.05698943503755539,24.884112967309967,2,3,0,0,0,0,2,0,0.957347571849823,0,0,0,0
82812,0.018631523847579955,0.06760358959436416,0.0750064318434367,22.49802988034054,30,24,1,0,0,1,30,1,0.9701299071311951,0,0,0,0
308476,0.017342402040958403,0.06014389544725418,0.06773991525570258,23.383107020082203,2,2,1,0,1,1,1,0,0.9570235013961792,0,0,0,0
210032,0.02234874740242958,0.0779913231730461,0.08531591166136152,21.379399282326574,15,15,1,0,0,1,14,0,0.923873028584889,0,0,0,0
382009,0.02801440320909023,0.09431947767734528,0.10981791787021097,19.186535894020768,4,4,0,1,0,1,4,1,0.9667025407155355,0,0,0,0
360393,0.02175969071686268,0.07466575056314469,0.08398009162328199,21.516473117547182,3,3,0,0,0,0,3,0,0.8948694666226705,0,0,0,0
88848,0.013850624673068523,0.04882380440831184,0.06053699390509766,24.359582973450195,10,11,0,0,0,0,10,0,0.9756459772586823,0,0,0,0
566042,0.018194441869854926,0.060898658633232114,0.08206423633991514,21.716921350706517,6,6,0,0,0,0,7,1,0.8255113363265991,0,0,0,0
85157,0.01704827956855297,0.06299367547035217,0.07525708646721922,22.469051982800497,18,21,1,0,1,1,19,2,0.914722204208374,0,0,0,0
32610,0.017451474256813527,0.06610782146453857,0.07696937828135536,22.273640428630376,14,7,1,0,0,1,13,0,0.9256608669574444,0,0,0,0
289343,0.01866014339029789,0.06641020998358727,0.07463599465210859,22.541033501833954,5,4,0,0,0,0,5,0,0.956323504447937,0,0,0,0
475387,0.017034100368618965,0.05839598923921585,0.06719324783643155,23.453487329016262,20,16,1,0,0,1,19,0,0.9457934655641255,0,0,0,0
213422,0.025901874527335167,0.09047350734472275,0.09893060676242507,20.093386545882325,3,2,0,0,0,0,3,0,0.9839394887288412,0,0,0,0
119677,0.01838216669857502,0.06291650757193565,0.07172005777896114,22.88718738468625,3,2,0,0,0,0,3,0,0.9706623554229736,0,0,0,0
259597,0.024463168159127236,0.09828581064939498,0.11893606261931937,18.493728858521767,35,18,0,1,0,1,36,1,0.9195549786090851,0,0,0,0
288882,0.01651180200278759,0.058354584872722624,0.06531591197515284,23.699620098484445,2,2,0,0,0,0,2,0,0.9436066746711731,0,0,0,0
490515,0.021633570641279222,0.07544740736484527,0.08481853448480363,21.430184713136036,3,3,0,0,0,0,3,0,0.918951412041982,0,0,0,0
448263,0.022971483692526818,0.09060463905334473,0.10469012849753373,19.601885342768053,7,15,1,0,0,1,6,0,0.9680227438608805,0,0,0,0
261732,0.019106240570545198,0.0619332917034626,0.07036146371263444,23.05330269193558,5,4,0,0,0,0,6,1,0.9387935996055603,0,0,0,0
488075,0.019757047295570374,0.07179969102144242,0.08407791602585747,21.50636122734294,11,14,0,0,0,0,11,0,0.9661158756776289,0,0,0,0
553511,0.016070027276873587,0.058021175861358645,0.07014361812722589,23.08023672456158,18,15,1,0,0,1,18,1,0.9597878666485057,0,0,0,0
504580,0.019893951527774335,0.06979933679103852,0.08497456582581482,21.414220914994438,2,3,0,0,0,0,2,0,0.9780114889144897,0,0,0,0
511999,0.019004833325743674,0.06487206146121025,0.0748785231616106,22.512854596587104,8,6,0,0,0,0,8,0,0.970208577811718,0,0,0,0
175364,0.023205022141337395,0.08063091039657592,0.09306768921106154,20.62402138207237,22,18,3,0,0,1,21,2,0.9577707899244208,0,0,0,0
3845,0.016294203512370587,0.06037186980247498,0.06809766949296521,23.337355013921698,12,12,0,0,0,0,13,1,0.9606995930274328,0,0,0,0
45229,0.026559243723750115,0.09376412630081177,0.1079892615355557,19.332388573172455,23,22,5,0,1,1,19,1,0.8831855456034342,0,0,1,1
22479,0.02139097489416599,0.08248903006315231,0.10101152001190408,19.912581872406797,5,4,0,0,0,0,5,0,0.919822359085083,0,0,0,0
48564,0.029624347388744355,0.11290519237518311,0.13183317842210862,17.599505544110684,2,2,0,0,0,0,3,1,0.9584489166736603,0,0,0,0
357748,0.019369862228631973,0.06804881840944291,0.07501541491487773,22.49698968560988,9,5,1,1,0,1,7,0,0.9655641657965524,1,0,0,1
344100,0.026599259674549104,0.09636694341897964,0.11312334681029712,18.928955090791018,9,5,0,0,0,0,10,1,0.9570121566454569,0,0,0,0
189752,0.022389954701066018,0.08075040131807328,0.09239399856009016,20.687124748083455,13,13,1,0,0,1,15,3,0.9216206272443136,0,0,0,0
40471,0.023517707362771034,0.08148342818021774,0.08948505617247049,20.964989698981164,14,20,1,0,0,1,15,2,0.9610409140586853,0,0,0,0
460927,0.021957828477025033,0.07662119269371033,0.08825849979794868,21.084869177706253,1,1,0,0,0,0,1,0,0.960029661655426,0,0,0,0
135410,0.019400237873196603,0.06963386833667755,0.08363267287338864,21.552480461622462,15,10,0,0,0,0,16,1,0.9552510698636373,0,0,0,0
129135,0.019538192823529244,0.0681892067193985,0.0770874641319384,22.260324812773415,2,2,0,0,0,0,2,0,0.9930491745471954,0,0,0,0
282912,0.016221203841269016,0.055460458248853685,0.06575780746509159,23.641053514495894,1,1,0,0,0,0,1,0,0.994653582572937,0,0,0,0
311303,0.018567848578095437,0.06748509332537651,0.07976109974828685,21.964177331811726,9,8,1,0,0,1,11,3,0.9520488455891609,0,0,0,0
145620,0.017450711503624917,0.059855387359857556,0.07257104972431747,22.784731897971913,5,5,0,0,0,0,5,0,0.9582876682281494,0,0,0,0
117744,0.02064373567700386,0.07768142521381378,0.08559453920253601,21.351078834927915,2,2,0,0,0,0,2,0,0.9850679636001587,0,0,0,0
5992,0.019804326817393303,0.07057248204946517,0.08882546788764795,21.02924992377782,6,5,0,0,0,0,8,2,0.9435085356235504,0,0,0,0
575187,0.020365554466843606,0.08161658942699432,0.10086818944987076,19.92491549083813,4,3,1,0,0,1,4,1,0.9526493350664774,0,0,0,0
530052,0.02140817791223526,0.07973803579807281,0.09751631001691205,20.218454812603333,19,13,1,0,0,1,19,1,0.9224245018429227,0,0,0,0
552842,0.014500782079994678,0.0506814181804657,0.05878359051511403,24.614877812944957,4,2,0,0,0,0,4,0,0.9564298391342163,0,0,0,0
546626,0.03500612191855908,0.130417837202549,0.14864742992721344,16.556851904502544,5,4,0,0,0,0,5,0,0.9754792809486389,0,0,0,0
404922,0.01854671984910965,0.06403518170118332,0.0775280514001181,22.210822630118724,6,5,0,0,0,0,6,0,0.9768754839897156,0,0,0,0
442009,0.020903411880135538,0.08020094782114029,0.0904787601650911,20.869067184010248,6,4,1,0,0,1,5,0,0.9676613569259643,0,0,0,0
333402,0.017449378967285156,0.060954343527555466,0.07161383651728968,22.900061189999704,7,5,0,0,0,0,7,0,0.956370370728629,0,0,0,0
492878,0.022145098820328713,0.08132480233907699,0.09086235517336307,20.832320207231888,9,8,0,0,0,0,9,0,0.9447417259216309,0,0,0,0
554291,0.024252430349588395,0.08965462446212769,0.10317860815116106,19.7282066985404,6,8,1,0,0,1,7,2,0.8989948391914367,0,0,0,0
288685,0.015445787459611893,0.05344655364751816,0.0707225136056421,23.008846242235556,31,22,2,1,0,1,29,1,0.9478905839579446,0,1,0,1
326174,0.01687991265207529,0.05842618495225906,0.07272996014696197,22.76573300808163,16,12,0,0,0,0,18,2,0.9628369994461536,0,0,0,0
557884,0.024152213335037233,0.08419095277786255,0.0976199518941223,20.20922821388546,2,1,0,1,0,1,1,0,0.8114413022994995,0,1,0,1
36844,0.022606898099184036,0.08071468025445938,0.10066866252514514,19.94211402695925,17,14,1,0,0,1,17,1,0.9461830630898476,0,0,0,0
488166,0.021627071127295495,0.07641205638647079,0.09019557147216246,20.896295708677325,10,6,0,0,0,0,10,0,0.9745231986045837,0,0,0,0
233370,0.020609578490257262,0.07210787087678909,0.10469687495853851,19.60132562306446,3,2,1,0,0,1,2,0,0.9521290957927704,0,0,0,0
389933,0.020115284994244576,0.07267107218503951,0.07775922956562978,22.184961020548503,2,2,0,0,0,0,2,0,0.9430235922336578,0,0,0,0
417779,0.015389910712838174,0.053392264246940616,0.06556500535588007,23.666557979559556,4,6,0,0,0,0,4,0,0.9873820543289185,0,0,0,0
131138,0.021135805919766427,0.07150331363081933,0.09606070108739405,20.349084960796127,16,11,0,0,0,0,16,0,0.9468306750059128,0,0,0,0
535858,0.016489627212285994,0.059650561213493346,0.07165199433933381,22.895434341616394,2,2,0,0,0,0,2,0,0.9437900185585022,0,0,0,0
233771,0.018015317805111408,0.06716400757431984,0.08972338102217561,20.941887387557628,17,17,0,0,0,0,20,3,0.9560655425576603,0,0,0,0
307172,0.019729452207684517,0.07119713723659515,0.08461555747263351,21.450995598947785,8,5,0,0,0,0,8,0,0.9400051385164261,0,0,0,0
302107,0.01932423897087574,0.06483341977000237,0.07866917665859963,22.08390790153617,6,5,0,0,0,0,6,0,0.9572814007600149,0,0,0,0
268831,0.03369295708835125,0.1251083120703697,0.13213026863369715,17.579953640930157,3,3,0,0,0,0,3,0,0.9633771975835165,0,0,0,0
364557,0.019174503907561303,0.06905788332223892,0.08525520431228838,21.3855820097306,7,4,0,0,0,0,7,0,0.9611650449889046,0,0,0,0
535306,0.019126201048493385,0.06534512266516686,0.08112388171686283,21.817025536969993,3,2,0,0,0,0,3,0,0.9773672223091125,0,0,0,0
499181,0.016292429715394973,0.05892987921833992,0.0690441683382339,23.217459945032125,17,13,0,0,0,0,17,0,0.9432016260483685,0,0,0,0
546475,0.02179429940879345,0.0772205263376236,0.08514349307137604,21.3969707311681,4,3,0,0,0,0,4,0,0.8032712936401367,0,0,0,0
494634,0.02791895270347595,0.10876984149217606,0.12838832455154942,17.829489371664895,10,8,1,0,0,1,10,1,0.9701904588275485,0,0,0,0
522889,0.02362007163465023,0.0808622732758522,0.0870321391525207,21.206406837489023,10,6,1,1,0,1,10,1,0.9451320469379425,0,0,0,0
182202,0.021355131268501283,0.07724303007125854,0.08156719734608964,21.769689196430946,3,4,0,0,0,0,4,1,0.9305972854296366,0,0,0,0
505451,0.022486692667007445,0.07759633064270019,0.09072352808669466,20.845601382694035,1,2,0,0,0,0,1,0,0.9139459729194641,0,0,0,0
502229,0.01663731746375561,0.06390570774674416,0.07552020113716387,22.43873724055461,5,4,1,0,0,1,4,0,0.9434532523155212,0,0,0,0
64359,0.015922211483120917,0.05675612762570381,0.0788685539418974,22.061922438154728,8,7,0,0,0,0,9,1,0.9781586900353432,0,0,0,0
468577,0.02283010333776474,0.08396523892879486,0.09356648302171326,20.577593889670585,4,2,0,0,0,0,4,0,0.9308531284332275,0,0,0,0
20333,0.02344265952706337,0.08595593869686127,0.09587318182242059,20.36605718200182,3,3,0,0,0,0,4,1,0.8521040678024292,0,0,0,0
91615,0.01692691259086132,0.05748578384518623,0.06853779357129879,23.281397617391704,11,12,2,0,1,1,9,0,0.9618294835090637,0,0,0,0
368684,0.023040272295475006,0.08472498804330826,0.10289468320843624,19.752141311922077,8,11,0,0,0,0,8,0,0.9384270533919334,0,0,0,0
424521,0.02201147861778736,0.07549231052398682,0.09105963845617258,20.81348156700528,2,2,0,0,0,0,2,0,0.9803439080715179,0,0,0,0
324818,0.021468790620565413,0.08299917429685592,0.08507834522037588,21.40361931488981,2,2,0,0,0,0,2,0,0.9637612104415894,0,0,0,0
329080,0.01931597925722599,0.06779161766171456,0.0816237522013733,21.763668896254757,3,3,0,0,0,0,3,0,0.9838596781094869,0,0,0,0
293300,0.01891607269644737,0.06340115740895272,0.07396771246589509,22.619156242644483,4,3,0,0,0,0,4,0,0.9303484410047531,0,0,0,0
336053,0.01569185871630907,0.05817672982811928,0.07204348082630327,22.848106242664766,23,25,1,0,0,1,23,1,0.9600991173224016,0,0,0,0
186938,0.023698623478412627,0.08535488843917846,0.08931787117709136,20.981232731058093,1,1,0,0,0,0,1,0,0.9840421676635742,0,0,0,0
403385,0.020969009026885033,0.07676265239715577,0.08726145832828103,21.183550665711234,3,2,1,0,0,1,2,0,0.9830714464187622,0,0,0,0
404568,0.024036747589707374,0.0822664275765419,0.08868782501434017,21.042719912724287,1,1,0,0,0,0,1,0,0.9932098388671875,0,0,0,0
563267,0.020274548232555388,0.07359829843044281,0.08162799071808313,21.763217871503407,9,9,0,0,0,0,9,0,0.9701748556560941,0,0,0,0
405970,0.022726478427648543,0.08155871778726578,0.09222789520613184,20.702754051421675,10,8,2,1,0,1,8,1,0.9246734295572553,0,1,0,1
290843,0.027861723303794862,0.09991205930709839,0.11508940897763609,18.779292803547065,6,4,2,0,0,1,5,1,0.9567870646715164,0,0,0,0
317024,0.013233905471861363,0.046893519908189775,0.05448253475941006,25.27485390794924,1,1,0,0,0,0,1,0,0.9976874589920044,0,0,0,0
302882,0.03452009744942188,0.12307722121477127,0.13329463947819975,17.50374631282547,2,2,0,0,0,0,2,0,0.9695670008659363,0,0,0,0
511647,0.020747777074575424,0.07326196581125259,0.08392746513351908,21.52191787424446,2,2,0,0,0,0,3,1,0.9750441610813141,0,0,0,0
335427,0.017822504788637162,0.05980803519487381,0.07492992588333934,22.506893939649526,14,10,0,0,0,0,14,0,0.9417286685534886,0,0,0,0
459500,0.018743598833680153,0.06585700660943986,0.08446728607713257,21.466229188363258,6,4,0,0,0,0,6,0,0.9721153279145559,0,0,0,0
476415,0.03096989095211029,0.11432607024908066,0.1248413035719029,18.072834103061293,3,2,1,0,0,1,2,0,0.9499536156654358,0,0,0,0
14038,0.018974423035979272,0.06968042850494385,0.08034732693772109,21.900571342669394,33,24,1,3,0,1,34,4,0.8950860089269178,0,0,0,0
404678,0.019645953178405763,0.06922145038843155,0.08377274440607141,21.537945135609547,20,24,2,0,1,1,19,1,0.9348477555645837,0,0,0,0
415748,0.017954996041953563,0.06398538276553153,0.07152421955060405,22.910937447585148,4,2,0,0,0,0,4,0,0.9659396260976791,0,0,0,0
23781,0.018251519277691843,0.06592267602682114,0.07348854694312881,22.675606793003,12,7,0,0,0,0,12,0,0.9725943257411321,0,0,0,0
147745,0.015563200972974301,0.05484287440776825,0.06640862911311379,23.55550969796521,4,2,0,0,0,0,4,0,0.9853580743074417,0,0,0,0
242678,0.014598566852509976,0.05114331617951393,0.06388035035782164,23.892654211957453,6,2,0,0,0,0,6,0,0.9570659498373667,0,0,0,0
50638,0.01893279664218426,0.0708491325378418,0.07484327400258985,22.51694445279434,1,2,0,0,0,0,1,0,0.9945603609085083,0,0,0,0
470121,0.017173297889530658,0.06306772828102111,0.07141322438646039,22.924427152078778,14,13,2,0,0,1,13,1,0.9744082738955816,0,1,0,1
384651,0.031783266365528105,0.11081605255603791,0.12426672109305113,18.112903216504385,7,2,1,0,0,1,6,0,0.954185962677002,0,0,0,0
365655,0.01718552801758051,0.0625458113849163,0.07504904786384638,22.49309626431044,3,2,0,0,0,0,3,0,0.9771755337715149,0,0,0,0
480842,0.02058473154902458,0.07156737148761749,0.08184119416502733,21.740560847037628,2,2,0,0,0,0,2,0,0.9165935814380646,0,0,0,0
23899,0.03635057657957077,0.14086706936359406,0.16388996163324027,15.708952928687975,11,9,1,1,1,1,10,1,0.9351598620414734,1,0,1,1
371472,0.019807758554816247,0.0762455254793167,0.08241724210864644,21.67963844341036,9,11,0,0,0,0,9,0,0.965661711162991,0,0,0,0
182155,0.01936137042939663,0.07311977744102478,0.09251141752895797,20.676093288176393,14,7,2,0,0,1,12,0,0.9298939853906631,1,0,0,1
222735,0.03478386178612709,0.12177229821681976,0.13698623659316378,17.266461309705893,3,5,0,0,0,0,3,0,0.9627118110656738,0,0,0,0
475064,0.021774761751294135,0.07794184237718582,0.09160757935091932,20.761371851074173,5,4,0,0,0,0,5,0,0.9353056430816651,0,0,0,0
429718,0.01641275268048048,0.05591824725270271,0.07026679770208002,23.064996765887464,3,2,0,0,0,0,3,0,0.9558511773745219,0,0,0,0
272136,0.025010179728269577,0.0901621013879776,0.09454250799978965,20.487457620517823,2,2,0,0,0,0,2,0,0.8917034268379211,0,0,0,0
382122,0.0173190975561738,0.06388652697205544,0.07915456940359147,22.030480185966805,1,1,0,0,0,0,1,0,0.9358218312263489,0,0,0,0
529762,0.020928648114204407,0.07962316274642944,0.09408502978805823,20.52958946506781,10,7,0,0,0,0,12,2,0.9360628485679626,0,0,0,0
149622,0.016678257659077645,0.057860737293958665,0.06026849981192567,24.398192374893043,2,2,0,0,0,0,2,0,0.95688596367836,0,0,0,0
385029,0.02097496800124645,0.07549984902143478,0.08755215506143431,21.154663189264568,11,10,0,0,0,0,12,1,0.9595651572400873,0,0,0,0
323263,0.015303920954465866,0.05582980215549469,0.0672413376513191,23.447273112025453,11,7,0,0,0,0,12,1,0.9495228041302074,0,0,0,0
250205,0.02088448964059353,0.06990221291780471,0.08301602483564358,21.616761326949923,2,2,0,0,0,0,2,0,0.9740646481513977,0,0,0,0
485480,0.013347607851028443,0.044996922463178636,0.05783128245141696,24.756743535772088,5,5,0,0,0,0,5,0,0.9757121324539184,0,0,0,0
351362,0.022606881335377693,0.08307920992374421,0.09194057565530907,20.72985562773734,5,4,0,0,0,0,6,1,0.9028997421264648,0,0,0,0
315187,0.01543924305588007,0.054821138828992845,0.06498537869175426,23.743686918769317,9,11,0,0,0,0,11,2,0.9682682090335422,0,0,0,0
308545,0.022158339247107507,0.08128655254840851,0.09192831350245102,20.731014145712795,7,4,0,1,0,1,7,0,0.9504795869191488,0,0,0,0
214192,0.014370921812951565,0.0530274897813797,0.063166905133044,23.99020801746088,4,4,0,0,0,0,4,0,0.9764750897884369,0,0,0,0
166664,0.019235774129629134,0.06436068937182426,0.07610064979800132,22.372232698364755,2,2,0,0,0,0,2,0,0.9834606945514679,0,0,0,0
313130,0.01944248378276825,0.07094915360212325,0.08205188856041741,21.718228369748797,8,4,0,0,0,0,8,0,0.973855510354042,0,0,0,0
133778,0.013744288124144077,0.048841071873903276,0.07653995710221709,22.322235710345268,2,2,0,0,0,0,2,0,0.8552273809909821,0,0,0,0
192904,0.026879088208079337,0.09581047147512436,0.10100429195927545,19.913203428381497,9,7,1,0,1,1,9,1,0.9509916827082634,0,0,0,0
416885,0.024467425793409346,0.08284038603305817,0.09955288790704156,20.03892274208336,8,10,0,0,0,0,12,4,0.9530359953641891,0,0,0,0
142790,0.02520381025969982,0.0869160458445549,0.09929156952351814,20.06175248524757,8,4,0,0,0,0,11,3,0.9099596366286278,0,0,0,0
252216,0.019653064757585527,0.06658464223146439,0.12091052788457293,18.350717654725727,2,1,0,0,0,0,2,0,0.9894669651985168,0,0,0,0
521956,0.030101439729332925,0.098239004611969,0.09808429756692617,20.168010275617476,3,2,0,0,0,0,3,0,0.9575313925743103,0,0,0,0
74733,0.016940899565815924,0.058790116012096404,0.07130894606930702,22.937119645651677,23,19,1,0,0,1,23,1,0.9597261927344582,0,0,0,0
542776,0.034788241237401964,0.12519367635250092,0.1313182478666563,17.63349841086114,6,4,1,0,0,1,5,0,0.9069593191146851,0,0,0,0
125072,0.01951308883726597,0.06416723281145095,0.07744313114982157,22.22034192246462,10,6,1,0,0,1,10,1,0.9663733575079176,1,0,0,1
186345,0.020743397623300554,0.07001253068447114,0.08124623410124775,21.803935203154367,8,8,1,0,0,1,7,0,0.9739798051970345,0,0,0,0
297830,0.016021343879401684,0.05759050324559212,0.06586231811350157,23.62725975545061,2,2,0,0,0,0,2,0,0.9935807585716248,0,0,0,0
530820,0.02119695022702217,0.07667373418807984,0.0850609636716057,21.40539402781024,2,2,0,0,0,0,2,0,0.9623524248600006,0,0,0,0
205333,0.019537293165922166,0.062180733680725096,0.08086422608350491,21.84487131080475,3,3,0,0,0,0,3,0,0.9870228966077169,0,0,0,0
432085,0.020704833418130876,0.07868295609951019,0.08933734667146227,20.97933900528328,8,5,1,0,0,1,7,0,0.969910340649741,0,0,0,0
322429,0.01519646067172289,0.05464248433709144,0.05899435892156185,24.583790277788957,23,21,0,0,0,0,24,1,0.9640993475914001,0,0,0,0
23023,0.019316901080310346,0.07003750205039978,0.08207587952400223,21.715689093599188,5,2,0,0,0,0,5,0,0.9665119051933289,0,0,0,0
10363,0.030655816942453385,0.10932649970054627,0.12601100157497272,17.99183073023207,6,4,1,0,0,1,5,0,0.9803077578544617,0,0,0,0
98839,0.021354490518569948,0.07889406830072403,0.08935199098277172,20.977915317962996,2,3,0,0,0,0,3,1,0.9040692150592804,0,0,0,0
172649,0.02503957487642765,0.0883195459842682,0.09089113977153271,20.82956901012128,2,2,0,0,0,0,2,0,0.9930620491504669,0,0,0,0
348012,0.037587720155715945,0.1266998291015625,0.13663904147872252,17.288503864301884,2,1,0,0,0,0,3,1,0.8788076639175415,0,0,0,0
557916,0.03351344503462315,0.10412028133869171,0.1131667728595507,18.925621371436286,5,4,0,0,0,0,5,0,0.9816515326499939,0,0,0,0
9590,0.023117752373218538,0.08766770660877228,0.10764406127620536,19.360198504198316,25,29,1,0,0,1,24,0,0.95958944161733,0,0,0,0
116068,0.019661293551325797,0.0697467252612114,0.08772543351569913,21.137489538794696,7,4,0,0,0,0,7,0,0.9727874057633537,0,0,0,0
226130,0.025506198406219482,0.09232669919729233,0.10498132249690291,19.577759210612744,9,3,1,0,0,1,8,0,0.9301003664731979,0,0,0,0
562197,0.017012252286076546,0.05986413136124611,0.07079755778920926,22.999634466815802,10,1,0,2,0,1,9,0,0.9609671160578728,0,1,0,1
292024,0.015643359534442423,0.054467453807592395,0.06462429971288602,23.792083000196666,8,5,0,1,0,1,8,0,0.9606137616293771,0,0,0,0
522393,0.01927483156323433,0.06390750259160996,0.076131133237823,22.36875411074871,6,4,0,0,0,0,6,0,0.9759877224763235,0,0,0,0
357941,0.02796938195824623,0.09832949936389923,0.116794915213086,18.651521285391546,10,3,1,1,0,1,10,1,0.9481014534831047,0,1,0,1
197004,0.02066042274236679,0.07264291346073151,0.08067041150648128,21.865714553581952,5,2,0,0,0,0,5,0,0.9630965828895569,0,0,0,0
136772,0.026164026558399202,0.09635720252990723,0.1019336741880693,19.83364642818113,5,2,0,0,0,0,7,2,0.9291449666023255,0,0,0,0
84664,0.017857564985752104,0.06169236153364181,0.07040274839126758,23.04820772969663,6,4,0,0,0,0,7,1,0.9572005470593771,0,0,0,0
15079,0.02689835913479328,0.10052682608366012,0.10873158277473063,19.272885800417498,4,3,0,0,0,0,4,0,0.907333567738533,0,0,0,0
330790,0.02216590940952301,0.07691462785005569,0.08396468046314638,21.518067208686134,4,3,1,0,1,1,3,0,0.9291302959124247,0,0,0,0
56288,0.022317330911755563,0.07986142784357071,0.08706953221865117,21.20267577565516,6,3,0,0,0,0,6,0,0.9769811630249023,0,0,0,0
455219,0.015093161910772323,0.05241999104619026,0.06832116936289176,23.308894180249553,4,4,0,0,0,0,4,0,0.95830999314785,0,0,0,0
357459,0.01350909098982811,0.046956879645586015,0.058527436153086455,24.65281000258049,2,3,0,0,0,0,3,1,0.9940630495548248,0,0,0,0
8899,0.014054659567773343,0.05178742855787277,0.06054359028347462,24.358636572092223,2,2,0,0,0,0,2,0,0.9850752651691437,0,0,0,0
425361,0.02297184392809868,0.08979934453964233,0.10496809583193958,19.578853620430287,13,9,1,0,0,1,12,0,0.9477954804897308,0,0,0,0
491366,0.026081709563732146,0.09831612855196,0.11842987382963124,18.53077466799177,6,10,0,0,0,0,7,1,0.9354033370812734,0,0,0,0
376478,0.02287529781460762,0.08263223618268967,0.09320758193785686,20.61097517355467,3,1,1,0,0,1,2,0,0.982010692358017,0,0,0,0
269196,0.023443929478526117,0.07591750770807267,0.08607396416472564,21.30256389997101,9,5,0,0,0,0,10,1,0.905422117975023,0,0,0,0
469174,0.02264968641102314,0.0769999697804451,0.08809928272862427,21.10055254873261,1,1,0,0,0,0,1,0,0.981002688407898,0,0,0,0
528578,0.019346030429005623,0.0661767303943634,0.08327539050956345,21.589666441243452,2,13,0,0,0,0,2,0,0.9564138352870941,0,0,0,0
226903,0.022323986515402794,0.0833420068025589,0.09763407999139521,20.207971235038595,18,21,1,0,0,1,19,2,0.9645224494092605,0,0,0,0
514508,0.01765465959906578,0.06310319602489471,0.07172966894681776,22.886023471093303,7,5,0,0,0,0,8,1,0.963127178805215,0,0,0,0
515828,0.01401821505278349,0.046154769510030745,0.05827458345947921,24.690416441740574,11,10,2,0,0,1,9,0,0.9545100132624308,0,0,0,0
229358,0.02181035540997982,0.07900146991014481,0.09186989410291811,20.736535684587018,10,10,0,0,0,0,11,1,0.9603444695472717,0,0,0,0
328683,0.018156811967492102,0.06161177009344101,0.07666731903464592,22.30779446483926,4,2,0,0,0,0,4,0,0.9849718362092972,0,0,0,0
432468,0.025509769096970558,0.09118025749921799,0.09239178119896257,20.687333203020493,2,2,0,0,0,0,2,0,0.9906511604785919,0,0,0,0
221502,0.015833963826298713,0.05629923939704895,0.06097242642889735,24.29733043326256,3,2,0,0,0,0,3,0,0.9699121316274008,0,0,0,0
406997,0.014957682602107525,0.05167197808623314,0.06328345545881965,23.974196302683524,12,7,0,0,0,0,12,0,0.9693697591622671,0,0,0,0
296317,0.015851751901209354,0.05457957163453102,0.06820646530763366,23.323489130229184,9,3,0,0,0,0,10,1,0.9740523894627889,0,0,0,0
446207,0.026749423891305923,0.0996178850531578,0.1205093604681349,18.37958436605207,2,1,0,0,0,0,2,0,0.9033927023410797,0,0,0,0
104603,0.015656260959804057,0.05459521412849426,0.06762002027687987,23.398494066809988,1,2,0,0,0,0,1,0,0.9934165477752686,0,0,0,0
311789,0.032650967314839366,0.11625628024339676,0.13363423200950936,17.481645557490783,4,2,2,0,0,1,2,0,0.9770631194114685,0,0,0,0
215644,0.02307587265968323,0.08493085652589798,0.09076787392625169,20.841356740009115,4,9,0,0,0,0,5,1,0.9057425409555435,0,0,0,0
407868,0.014707679860293865,0.050460567325353624,0.06053584240663644,24.359748192814962,6,8,0,0,0,0,7,1,0.9721135894457499,0,0,0,0
417465,0.021751540526747704,0.08056112229824067,0.08959047887922122,20.95476284022345,2,1,0,0,0,0,2,0,0.9138651192188263,0,0,0,0
187585,0.024476145580410957,0.08454509824514389,0.09249456986744013,20.677675257831186,3,2,1,0,0,1,2,0,0.9255191683769226,0,0,0,0
449603,0.019291053339838982,0.06477097645401955,0.07301259427472953,22.732044399713807,1,2,0,0,0,0,1,0,0.9929714202880859,0,0,0,0
474078,0.014231227338314056,0.05062052309513092,0.05840581431631449,24.67087833179353,9,8,0,0,0,0,9,0,0.9527441461881002,0,0,0,0
43435,0.02058394141495228,0.07183802127838135,0.08462574043037802,21.449950368872614,3,5,0,0,0,0,3,0,0.9676711559295654,0,0,0,0
466416,0.029478080943226813,0.10877549648284912,0.12278546251699167,18.217060990019252,8,14,1,0,1,1,7,0,0.9584003005708966,0,0,1,1
12280,0.01947421096265316,0.0680947408080101,0.07533903558614989,22.459598869884687,7,5,0,0,0,0,7,0,0.9346586636134556,0,0,0,0
350148,0.016207506507635118,0.059338318556547164,0.07047647777603941,23.03911617837141,22,20,0,0,0,0,22,0,0.9576685916293751,0,0,0,0
216497,0.023526209965348245,0.08351453840732574,0.10079616323994002,19.931119975951773,10,8,0,0,0,0,11,1,0.9519013524055481,0,0,0,0
286458,0.022422929853200914,0.08210805803537369,0.08940664158694984,20.97260436738668,7,5,0,0,0,0,8,1,0.8591325538499015,0,0,0,0
431693,0.0161755895242095,0.05678964108228683,0.07180326035216684,22.87711670824376,3,5,0,0,0,0,3,0,0.9811042149861654,0,0,0,0
217753,0.015219719149172306,0.05568732470273972,0.06531058664694471,23.70032830414893,10,18,1,0,0,1,13,4,0.9830538034439087,0,0,0,0
521601,0.035683806985616684,0.13239676654338836,0.13762944238490576,17.225772993884117,2,2,0,0,0,0,2,0,0.9817313551902771,0,0,0,0
518770,0.02014444172382355,0.071074478328228,0.08953037504277032,20.960591924871043,16,22,1,0,0,1,16,1,0.9677876194318136,0,0,0,0
467848,0.01558376420289278,0.05633847415447235,0.0632045052945399,23.985039271434236,8,3,0,0,0,0,8,0,0.9657938107848167,0,0,0,0
465822,0.021999769285321234,0.07931156605482101,0.09715663933983108,20.250550318138686,33,25,3,0,1,1,32,2,0.9531121691068013,1,0,0,1
420230,0.02440403699874878,0.09282377064228058,0.11419814261134303,18.8468191932928,1,1,0,0,0,0,1,0,0.9362110495567322,0,0,0,0
132375,0.022417882829904555,0.07961141616106034,0.09090454991822292,20.828287582001707,11,7,0,0,0,0,11,0,0.9341270219195973,0,0,0,0
501005,0.018224509432911873,0.06348854899406434,0.07239965620756939,22.80526992122558,6,5,0,0,0,0,6,0,0.976529985666275,0,0,0,0
520264,0.020170040428638458,0.07253202050924301,0.08497376642212473,21.414302628443895,13,18,0,0,0,0,15,2,0.9502576452035171,0,0,0,0
576566,0.024304772913455962,0.08714782297611237,0.10395501842157392,19.663090805786435,2,4,0,0,0,0,2,0,0.9599542319774628,0,0,0,0
578922,0.02070399299263954,0.07370999306440354,0.07857061376260754,22.09479708609726,7,7,0,0,0,0,7,0,0.9702446205275399,0,0,0,0
309964,0.017779193446040155,0.061190275102853776,0.07536411533946348,22.456707888905125,10,5,0,0,0,0,11,1,0.9577077627182007,0,0,0,0
167353,0.023492574319243432,0.07757800966501235,0.08686310461387664,21.223293047580935,2,1,0,0,0,0,2,0,0.9928444921970367,0,0,0,0
160864,0.0151664761826396,0.05322238430380821,0.06528185182770814,23.70415069196252,13,18,0,0,1,1,14,1,0.9768707018632156,0,0,1,1
504635,0.01430889219045639,0.050675226002931596,0.06266715079737467,24.059201006625127,3,4,0,0,0,0,3,0,0.991956889629364,0,0,0,0
167122,0.027539483830332757,0.09938590377569198,0.10670010705977002,19.43670289633834,3,6,0,0,0,0,4,1,0.9657097657521566,0,0,0,0
84492,0.020197268202900888,0.07051498144865036,0.07905646451076488,22.04125223340472,8,7,0,0,0,0,10,2,0.9136442616581917,0,0,0,0
297085,0.024422477930784225,0.09000102281570435,0.10825672324063947,19.310902449027314,8,6,1,0,0,1,11,4,0.9501128622463771,0,0,0,0
308753,0.02137286737561226,0.0726763665676117,0.07557086604729435,22.4329120141847,1,1,0,0,0,0,2,1,0.9881258606910706,0,0,0,0
136715,0.019926628842949868,0.06835934519767761,0.08367214016732794,21.548382449621506,35,20,0,0,0,0,39,4,0.9336048841476441,0,0,0,0
159282,0.029053881019353866,0.11460722088813782,0.1260484740090943,17.989248153807253,4,2,0,0,0,0,7,3,0.9360583275556564,0,0,0,0
38576,0.022757820412516595,0.08066322952508927,0.08918052094395526,20.994599901350934,8,4,1,0,0,1,7,0,0.949620110648019,0,0,0,0
474170,0.020429376140236856,0.07056980431079865,0.08395622853973339,21.518941578346144,5,2,0,0,0,0,5,0,0.868230664730072,0,0,0,0
387148,0.01433836817741394,0.05120697617530823,0.06733782869750977,23.434817830206928,23,14,1,0,0,1,23,1,0.9676601697098125,0,0,0,0
415990,0.016611583717167377,0.05542204529047012,0.0786546942971554,22.085507051020535,20,16,0,3,1,1,20,2,0.947923365761252,0,2,1,1
351096,0.030139034613966942,0.10935223400592804,0.1153867641217655,18.756880114516722,4,2,0,0,0,0,4,0,0.9405602663755417,0,0,0,0
53909,0.028262846171855927,0.09673455208539963,0.10251394260350823,19.784341270901294,5,2,0,0,0,0,6,1,0.9379741907119751,0,0,0,0
208423,0.02045716531574726,0.07279294580221177,0.08664553437245938,21.245076309866974,17,19,2,0,0,1,18,3,0.9649048209190368,0,0,0,0
7386,0.01956597752869129,0.07599688172340394,0.09570091264812855,20.381678411410626,9,5,0,0,0,0,9,0,0.8468064334657457,0,0,0,0
273642,0.02733503133058548,0.09965493530035019,0.10539403089894228,19.5436797029742,2,2,0,0,0,0,2,0,0.8828904926776886,0,0,0,0
166478,0.02464226558804512,0.0882824793457985,0.10196045926377,19.83136433983574,19,8,0,1,0,1,19,1,0.934411946270201,0,0,0,0
272416,0.019311267137527465,0.06732507050037384,0.06989234768102094,23.111407426955456,2,1,0,0,0,0,3,1,0.9455375969409943,0,0,0,0
301376,0.023244574666023254,0.08576314747333527,0.09618437205655536,20.337909719525396,27,21,2,0,0,1,27,2,0.9445413684844971,0,1,0,1
499031,0.01607705354690552,0.059271621704101565,0.06980743746913255,23.121966080565905,4,4,0,0,0,0,4,0,0.9801903367042542,0,0,0,0
229553,0.016716212406754492,0.05733778849244118,0.09324552099404793,20.607440403101258,3,2,0,0,0,0,3,0,0.9818016290664673,0,0,0,0
544306,0.028823738172650337,0.09695898741483688,0.11653096208962935,18.67117335917343,2,2,0,0,0,0,2,0,0.9474382102489471,0,0,0,0
532530,0.0201248612254858,0.07158930599689484,0.08346352144636818,21.570065914541573,5,6,0,0,0,0,5,0,0.9640575647354126,0,0,0,0
103585,0.024299493059515953,0.08162073642015458,0.09615337992965226,20.34070890162542,7,4,0,0,0,0,7,0,0.9555700932230268,0,0,0,0
129322,0.024588930234313012,0.08347031027078629,0.08956731780061446,20.9570086210661,2,1,0,0,0,0,2,0,0.9807033240795135,0,0,0,0
196009,0.01906585581600666,0.06557733118534088,0.07905710172067583,22.041182223789548,3,3,0,0,0,0,3,0,0.9854840238889059,0,0,0,0
248752,0.024631044268608092,0.08627244085073471,0.09774223653971612,20.19835455319104,4,2,0,0,0,0,4,0,0.9627315402030945,0,0,0,0
353970,0.03295452669262886,0.11445851325988769,0.1218104485148163,18.286309153979605,3,2,0,0,0,0,3,0,0.9843171238899231,0,0,0,0
509014,0.018247218802571297,0.06295396909117698,0.07942893708491772,22.000424982486592,47,21,1,0,0,1,48,2,0.9532974155052848,0,0,0,0
482275,0.01800408586859703,0.06275987774133682,0.07269887159656636,22.76944660075262,21,19,0,0,0,0,22,1,0.9639706498100644,0,0,0,0
158548,0.014865023270249366,0.051006484776735306,0.06177781600166106,24.183348982909806,4,19,0,0,0,0,4,0,0.9927045851945877,0,0,0,0
328601,0.017568201385438444,0.06330266743898391,0.07164701109133631,22.89603844828179,5,3,0,0,0,0,6,1,0.9769006371498108,0,0,0,0
120584,0.024438923224806786,0.08184146583080291,0.08593679409389847,21.31641703754763,3,1,1,0,0,1,2,0,0.9785159230232239,0,0,0,0
477288,0.018397949077188967,0.06727854907512665,0.08257357336288722,21.66317841896845,18,15,0,0,0,0,19,1,0.899792515569263,0,0,0,0
98018,0.025930701568722726,0.09528847932815551,0.10442943974596294,19.623541038769865,6,5,0,0,0,0,6,0,0.9773720800876617,0,0,0,0
47010,0.014777284674346447,0.051614980399608615,0.06643177830149691,23.552482436886216,4,4,0,0,0,0,4,0,0.9898767471313477,0,0,0,0
462031,0.02798032611608505,0.10002294927835464,0.10989256451582748,19.180633831055154,3,3,0,0,0,0,3,0,0.9375028610229492,0,0,0,0
163314,0.022468452528119087,0.0827000916004181,0.09182540513366028,20.74074293742632,26,21,0,1,1,1,28,3,0.9658377885818481,0,0,0,0
281693,0.024481213465332986,0.08903820365667343,0.09470454945956087,20.472583153255574,7,6,0,0,0,0,7,0,0.960563668182918,0,0,0,0
872,0.014071649499237537,0.047311967611312865,0.06120986695104897,24.263571290097303,5,4,0,0,0,0,5,0,0.9389249324798584,0,0,0,0
230362,0.01910122036933899,0.06736569702625275,0.08422368240748031,21.491315487646037,20,13,0,0,0,0,22,2,0.9441651552915573,0,0,0,0
455872,0.021877481788396835,0.07771942913532257,0.08247975012346187,21.673053268789065,4,2,0,0,0,0,4,0,0.8910857886075974,0,0,0,0
562059,0.019197357073426246,0.06691089272499084,0.083961424688947,21.518404015108935,7,6,0,1,0,1,6,0,0.9634263813495636,0,0,0,0
67534,0.017737806588411332,0.06335750371217727,0.06960815075482371,23.146798075436052,5,3,1,0,0,1,4,0,0.9843827486038208,0,0,0,0
119445,0.016005571000277996,0.05567988157272339,0.0688684733465501,23.239590884076897,6,6,0,0,0,0,6,0,0.9283203780651093,0,0,0,0
193494,0.02115004137158394,0.07719551771879196,0.08170005763245934,21.755552742191288,2,1,0,0,0,0,2,0,0.7437712252140045,0,0,0,0
274272,0.016993212513625622,0.06157938539981842,0.07203434566101971,22.84920768956356,9,9,0,0,0,0,11,2,0.9640254179636637,0,0,0,0
11511,0.019773241505026816,0.07573813498020172,0.08855924183943345,21.055322202649876,9,10,0,1,1,1,10,1,0.9306196793913841,0,0,0,0
144706,0.026467910781502724,0.09951654821634293,0.11047266582371044,19.134903317484316,7,7,1,0,0,1,6,0,0.978055069843928,0,0,0,0
427077,0.022893350943922995,0.08097631931304931,0.08708260282429049,21.20137197494929,3,2,0,0,0,0,3,0,0.8726878762245178,0,0,0,0
377882,0.02206052914261818,0.07837552130222321,0.08627263072954518,21.282539174537337,7,14,1,0,0,1,6,0,0.8734676043192545,0,0,0,0
473118,0.028140801936388016,0.09422211199998856,0.10411566470929767,19.64967847703166,3,3,0,0,0,0,3,0,0.9734673500061035,0,0,0,0
507893,0.02247016876935959,0.08018087893724442,0.09335869928350847,20.596904154234434,2,2,0,0,0,0,2,0,0.9730156660079956,0,0,0,0
516143,0.01634736843407154,0.05864993706345558,0.06783239375778666,23.37125713431382,6,2,0,0,0,0,6,0,0.939286857843399,0,0,0,0
42276,0.027163213491439818,0.09806844294071197,0.10979901529425219,19.188031094656644,7,2,2,0,0,1,6,1,0.9526652216911315,0,0,0,0
172946,0.026347291469573975,0.09329296797513961,0.10969853975591481,19.195983069320597,25,21,1,2,0,1,25,2,0.899189293384552,0,1,0,1
135902,0.016383386217057705,0.054995860904455185,0.06365892448742705,23.922814060489866,4,3,0,0,0,0,4,0,0.9591626524925232,0,0,0,0
252332,0.016608219780027866,0.05777830928564072,0.06701542903336961,23.476503954152243,1,1,0,0,0,0,1,0,0.9403542876243591,0,0,0,0
541952,0.019846509024500848,0.06877629309892655,0.08076245220312316,21.855810059521733,1,1,0,0,0,0,1,0,0.9851619005203247,0,0,0,0
369370,0.025195889919996262,0.09350438117980957,0.10521805458144115,19.5581946461689,8,7,1,0,0,1,7,0,0.9545070273535592,0,0,0,0
236592,0.03279862739145756,0.11603622883558273,0.11664673529516978,18.662548234384236,2,2,0,0,0,0,2,0,0.9648807048797607,0,0,0,0
127624,0.022811253741383552,0.08288390040397645,0.09303103519515292,20.627442928803625,1,1,0,0,0,0,1,0,0.918197512626648,0,0,0,0
140076,0.02283288836479187,0.08123403787612915,0.08846694217306257,21.06437967392563,26,21,2,0,0,1,28,4,0.9262197613716125,0,1,0,1
565469,0.03376696482300758,0.12182851284742355,0.12636708594212268,17.967320586759065,1,1,0,0,0,0,1,0,0.9898523688316345,0,0,0,0
483531,0.026974700018763544,0.09286579340696335,0.10427032543305093,19.636785420030996,1,1,0,0,0,0,1,0,0.9554714560508728,0,0,0,0
134882,0.017876807227730752,0.05770990997552872,0.06911017834243008,23.209159726199168,36,17,0,0,0,0,39,3,0.9448845916324191,0,0,0,0
201148,0.017262318916618825,0.05873998180031777,0.06815617172907223,23.329896229742495,4,4,0,0,0,0,4,0,0.9483285546302795,0,0,0,0
462629,0.020020962134003638,0.0755348727107048,0.08407800982381182,21.506351537304653,8,9,0,0,0,0,9,1,0.9252824261784554,0,0,0,0
231831,0.027724910527467728,0.09972599148750305,0.1280170361674907,17.854644634978328,6,9,0,0,0,0,6,0,0.9402527610460917,0,0,0,0
66886,0.02496248446404934,0.09276388734579086,0.10354150581885183,19.697710466035797,2,1,0,0,0,0,2,0,0.9522635340690613,0,0,0,0
349480,0.019563309103250503,0.068252794444561,0.07555474669132449,22.43476492243744,25,17,1,0,0,1,27,3,0.9714341188470522,0,0,0,0
54605,0.024054080620408057,0.08342289030551911,0.10056323719377407,19.951215097698068,24,15,1,0,0,1,24,1,0.9271302300950756,0,0,0,0
57149,0.019661178439855577,0.07281091511249542,0.08460045637568303,21.45254588321333,9,6,1,0,0,1,10,2,0.9571695178747177,0,0,0,0
553094,0.030983927845954894,0.11430087834596633,0.11416037011220806,18.84969263784207,2,1,0,0,0,0,2,0,0.953976958990097,0,0,0,0
105014,0.016713805869221686,0.05780001282691956,0.06560198128557239,23.661660880658324,12,6,1,0,1,1,11,0,0.9732499610293995,0,0,0,0
203629,0.019610509648919104,0.0726151242852211,0.08701662960924238,21.207954842482877,24,14,1,0,0,1,27,4,0.95262320663618,0,1,0,1
322724,0.01930748000741005,0.06875795125961304,0.07982815232763811,21.956878452584103,5,3,1,0,0,1,4,0,0.9450524747371674,0,0,0,0
414510,0.015296587347984314,0.05412922725081444,0.06524726505985495,23.70875375467687,15,13,1,0,0,1,15,1,0.9627617640154702,0,0,0,0
555597,0.018058278784155845,0.0643771193921566,0.08337688489694871,21.579086697827968,22,16,1,1,1,1,21,1,0.9524967193603515,0,0,0,0
290248,0.017596767656505106,0.06343540400266648,0.07933578161805646,22.010617904488477,36,26,3,0,0,1,34,1,0.9753462202621229,2,0,0,1
58636,0.019223958626389502,0.06426897123456002,0.07144891073276284,22.92008775631436,0,0,0,0,0,0,0,0,,0,0,0,0
568584,0.03243308812379837,0.11920723915100098,0.1412397091543281,17.000863708443386,6,4,0,0,0,0,7,1,0.9145043094952902,0,0,0,0
33368,0.021694457158446312,0.07684400081634521,0.09545865293713263,20.403693969288188,2,3,0,0,0,0,2,0,0.9653745889663696,0,0,0,0
350405,0.020019186288118364,0.06940386146306991,0.08013829127927144,21.923198437940332,3,3,0,0,0,0,3,0,0.9649353623390198,0,0,0,0
193162,0.013205277360975742,0.04665657058358193,0.0614106973294739,24.23511942196317,6,5,0,0,0,0,7,1,0.9748932818571726,0,0,0,0
435205,0.024671212956309318,0.08888457715511322,0.0912783211464289,20.792647127175236,4,2,0,0,0,0,5,1,0.9866765588521957,0,0,0,0
140286,0.01917126066982746,0.07261378318071365,0.09210763867759704,20.71408702734104,4,3,0,0,0,0,4,0,0.9858599901199341,0,0,0,0
300842,0.030106954649090766,0.11450340300798416,0.11616977710886572,18.698136878172015,1,1,0,0,0,0,1,0,0.9771358966827393,0,0,0,0
341469,0.020638075470924378,0.07077276706695557,0.07908203198522194,22.038443603396036,10,13,0,0,0,0,11,1,0.9541297435760498,0,0,0,0
351559,0.03428771123290062,0.13146303743124008,0.1409319659910455,17.01980979303238,0,1,0,0,0,0,0,0,,0,0,0,0
59635,0.018643495440483094,0.06995032802224159,0.08340866547281776,21.57577654802948,32,25,0,0,0,0,32,0,0.9548699278384447,0,0,0,0
40757,0.03375297039747238,0.1218788743019104,0.12927537457961155,17.769683903433048,4,3,0,0,0,0,4,0,0.9032830893993378,0,0,0,0
178469,0.01877136491239071,0.06464130505919456,0.07629878368949303,22.349647705162383,17,7,1,0,0,1,16,0,0.9562154226005077,0,0,0,0
92416,0.020805903151631354,0.06984146833419799,0.09429067798620963,20.51062483014622,12,8,0,0,1,1,13,1,0.9385564575592676,0,0,1,1
500826,0.01663210280239582,0.05558666363358498,0.06274594613231771,24.048286553667335,2,1,1,0,0,1,1,0,0.9622453451156616,0,0,0,0
260470,0.02070353887975216,0.07905313074588775,0.09862393404129308,20.120353554988593,23,22,0,0,0,0,23,0,0.9623867713886759,0,0,0,0
329614,0.020408835634589194,0.07309718430042267,0.0881879224327386,21.091817771280482,20,11,1,1,0,1,19,1,0.9624782370196449,0,1,0,1
527029,0.02151186391711235,0.07461408078670502,0.089668917154279,20.94716149536667,15,15,2,1,0,1,12,0,0.9665295779705048,0,0,0,0
85089,0.028022914379835128,0.10006570816040039,0.11918823184536984,18.475332458513236,12,7,0,1,0,1,13,1,0.8753424449400469,0,1,0,1
306139,0.020355114340782167,0.080302894115448,0.09930525639801749,20.060555258846513,22,26,1,0,1,1,22,1,0.9346961066836402,0,0,0,0
194940,0.020331748574972153,0.06973886042833329,0.08302185210384003,21.616151646684195,17,12,1,0,0,1,18,2,0.9557534530758858,0,0,0,0
355905,0.017772764153778552,0.061176998913288115,0.07409008776954597,22.60479781475619,1,1,0,0,0,0,1,0,0.9938194155693054,0,0,0,0
209829,0.01941860020160675,0.06511145532131195,0.07785284136184567,22.17451065093399,5,4,0,0,0,0,5,0,0.9717989087104797,0,0,0,0
255718,0.015493416599929333,0.05410497635602951,0.06491229631024613,23.753460543543344,2,1,0,0,0,0,2,0,0.9147190451622009,0,0,0,0
540414,0.016013507172465323,0.05931497737765312,0.07201881382730504,22.851080717472485,37,23,4,0,0,1,36,3,0.9587214462684862,0,1,0,1
460682,0.02050906457006931,0.06673699840903283,0.07912915693792294,22.033269226624697,1,1,0,0,0,0,1,0,0.8609399199485779,0,0,0,0
265816,0.019795627519488334,0.07048222273588181,0.07948470545518721,21.994328615659953,4,5,0,0,0,0,5,1,0.95941361784935,0,0,0,0
104198,0.019144825637340546,0.06950920969247817,0.0738366644369329,22.634558614874237,1,1,0,0,0,0,1,0,0.9918611645698547,0,0,0,0
139871,0.018228530138731002,0.06031445637345314,0.07038235471335615,23.050724149871577,3,1,0,0,0,0,4,1,0.9318747917811075,0,0,0,0
419098,0.019011453539133073,0.06611723825335503,0.0679792179752424,23.352476715915454,1,3,0,0,0,0,1,0,0.9927432537078857,0,0,0,0
147338,0.016918401792645456,0.05392327904701233,0.06356751238259313,23.935295673751,7,6,0,0,0,0,7,0,0.9680805376597813,0,0,0,0
567825,0.02747354693710804,0.09311439543962478,0.10540723833879247,19.54259129999157,5,3,0,0,0,0,6,1,0.9720297932624817,0,0,0,0
217285,0.013440842367708683,0.0468097910284996,0.06183915891511941,24.174728519248237,47,24,2,0,1,1,45,0,0.9720921423700121,0,1,0,1
231169,0.017092701978981495,0.05921314060688019,0.07060180550035744,23.023683851820557,2,1,0,0,0,0,2,0,0.9166822731494904,0,0,0,0
199236,0.016875322535634042,0.06129171550273895,0.09086160515556553,20.832391904676783,33,14,1,0,0,1,33,1,0.9042225405573845,0,0,0,0
71711,0.022280584275722503,0.08117914646863937,0.08657056316449191,21.252595145452815,13,15,2,0,1,1,11,0,0.9821380105885592,0,0,0,0
127955,0.02115105912089348,0.07476498037576676,0.08042311567169098,21.892382118118533,2,2,0,0,0,0,2,0,0.8973437249660492,0,0,0,0
158945,0.017517096176743508,0.05802420824766159,0.06828678141281683,23.313267131367592,3,4,0,0,0,0,3,0,0.9729243318239847,0,0,0,0
242411,0.024742218479514123,0.08650054782629013,0.09574235409771685,20.377917967188104,20,10,1,0,0,1,19,0,0.9611218759888097,1,0,0,1
253002,0.027841608598828317,0.09265711307525634,0.10123958695832813,19.892992707273855,3,1,0,0,0,0,3,0,0.976136843363444,0,0,0,0
6954,0.014534550718963146,0.050746035575866696,0.05956079362733446,24.500790481098456,7,7,0,0,0,0,7,0,0.9789107016154698,0,0,0,0
376442,0.02870253138244152,0.09701538383960724,0.10551373482456483,19.53382008310409,5,2,0,0,0,0,5,0,0.952030599117279,0,0,0,0
147725,0.017847782000899315,0.0604896605014801,0.07294145635800316,22.74051139518283,11,10,1,0,1,1,10,0,0.9232938528060913,0,1,1,1
22589,0.017843753471970557,0.06309927403926849,0.07448897750981254,22.558159742571302,5,2,0,0,0,0,5,0,0.9230315327644348,0,0,0,0
416170,0.01870584860444069,0.06396626457571983,0.06729813075106202,23.439939968350526,2,2,0,0,0,0,2,0,0.8224503397941589,0,0,0,0
441553,0.02642153240740299,0.10430145114660264,0.12560272804505965,18.020018555599183,20,17,1,0,0,1,20,1,0.9167949023999666,0,0,0,0
2157,0.01820164918899536,0.06606523543596268,0.07786989925634683,22.172607743380482,20,16,0,0,0,0,21,1,0.9432481110095978,0,0,0,0
90003,0.013013590313494205,0.045571412146091464,0.06318621963010128,23.987552545481453,3,3,0,0,0,0,3,0,0.9724447727203369,0,0,0,0
438876,0.020045770332217216,0.06926391720771789,0.08518537724424527,21.39269897958797,3,3,0,0,0,0,3,0,0.9720985690752665,0,0,0,0
435299,0.026056556031107903,0.09650508314371109,0.1033237663911373,19.715995423363044,3,2,0,0,0,0,3,0,0.9273476203282675,0,0,0,0
119233,0.025467878207564354,0.08684868067502975,0.09519989251378312,20.427270839179677,9,9,2,0,0,1,10,3,0.9058141367776054,0,0,0,0
267191,0.018759262934327125,0.06509398519992829,0.07404277374413713,22.610346406916086,4,5,0,0,0,0,4,0,0.9107285141944885,0,0,0,0
166166,0.02576870322227478,0.09662522375583649,0.12460349689527982,18.08939538772425,13,9,2,0,0,1,12,1,0.963068349794908,0,0,0,0
182923,0.014225159212946892,0.05111209526658058,0.06557209468359969,23.66561885374052,29,15,1,0,0,1,29,1,0.9388937822410038,0,0,0,0
84477,0.016564490832388402,0.05862669125199318,0.07965205062197696,21.97606077833793,4,3,0,0,0,0,5,1,0.9687108993530273,0,0,0,0
518326,0.017161014117300512,0.06333326250314712,0.07989808078230941,21.949273053435633,7,5,1,0,0,1,7,1,0.986810048421224,0,0,0,0
133233,0.021573732793331146,0.07409339100122452,0.08657119220737537,21.252532031883806,20,13,1,1,1,1,22,4,0.8918854097525278,0,0,0,0
64898,0.017134857550263404,0.058272918313741685,0.07618271086868214,22.362871551232377,4,4,0,0,0,0,4,0,0.9670453071594238,0,0,0,0
210299,0.01404937393963337,0.04988793805241585,0.06026773759259235,24.39830222655511,2,2,0,0,0,0,2,0,0.9546549916267395,0,0,0,0
360097,0.023483802750706672,0.08189697116613388,0.0868171888196427,21.22788561847965,21,14,0,0,0,0,22,1,0.9623923017865136,0,0,0,0
54628,0.02391604147851467,0.08496391475200653,0.10149354641667006,19.871231439692217,19,23,3,0,0,1,17,1,0.9406564682722092,0,1,0,1
508586,0.017343482561409475,0.059248209744691846,0.07116912032469415,22.954168043442454,10,10,0,0,0,0,12,2,0.9614486455917358,0,0,0,0
258883,0.024509210884571076,0.08861093074083329,0.09964212152357564,20.0311406857027,7,6,1,0,0,1,6,0,0.9781599938869476,0,0,0,0
180798,0.021599777042865753,0.07226514369249344,0.07787213288635407,22.172358599800297,2,1,0,0,0,0,2,0,0.9899450540542603,0,0,0,0
246963,0.0153083186596632,0.058147221058607104,0.0718707317128169,22.868958671747453,12,11,0,0,0,0,13,1,0.9653037190437317,0,0,0,0
146825,0.01864025294780731,0.06518478766083717,0.08272780530383134,21.64696993943544,11,10,0,0,0,0,11,0,0.9701273007826372,0,0,0,0
121591,0.01885940358042717,0.06329217702150344,0.06801070100641593,23.348454974580825,2,2,0,0,0,0,3,1,0.9823386669158936,0,0,0,0
57238,0.025703491643071175,0.08731224089860916,0.09797815985136493,20.17741442760044,5,4,0,0,0,0,5,0,0.7870410442352295,0,0,0,0
122672,0.01791921891272068,0.06470495983958244,0.08548113806178957,21.362594088918108,3,2,0,0,0,0,3,0,0.9494059880574545,0,0,0,0
181969,0.02360614575445652,0.08505504578351974,0.09044905769244681,20.87191906610045,1,2,0,0,0,0,1,0,0.9450554847717285,0,0,0,0
415238,0.028815148770809172,0.1040645644068718,0.10367133992315108,19.68682576586442,3,3,0,0,0,0,3,0,0.9760933319727579,0,0,0,0
85329,0.027320100739598275,0.08987565040588379,0.09889008290599281,20.09694518022126,1,2,0,0,0,0,1,0,0.9929025173187256,0,0,0,0
218997,0.014186441525816917,0.05068809539079666,0.062245810443496356,24.11779748303875,10,27,0,0,0,0,11,1,0.9719332993030548,0,0,0,0
128654,0.023070722445845605,0.07948549538850784,0.09077968293935297,20.840226768485977,2,2,0,0,0,0,3,1,0.9916967153549194,0,0,0,0
125572,0.01685756426304579,0.06101232841610908,0.08081019133055528,21.850677299479063,48,28,3,0,0,1,45,0,0.9635740545060899,1,0,0,1
222991,0.019334449991583826,0.06385071650147438,0.07829818087209024,22.12496655868548,2,1,0,0,0,0,2,0,0.9669960141181946,0,0,0,0
248400,0.02282218970358372,0.08417690992355346,0.0945861864417096,20.483445684265163,6,4,1,0,0,1,5,0,0.9251843094825745,0,0,0,0
2006,0.01705705877393484,0.05918671414256096,0.0660871254538926,23.597662758524947,5,8,0,0,0,0,7,2,0.9390806436538697,0,0,0,0
434247,0.015881828032433987,0.05436546206474304,0.06613907779929415,23.5908372980532,19,26,2,0,0,1,17,0,0.9474654969047097,1,0,0,1
284282,0.02621576227247715,0.09156157523393631,0.0956809714034828,20.383488482951346,2,1,0,0,0,0,2,0,0.9561776220798492,0,0,0,0
537991,0.01975117772817612,0.06920097768306732,0.08346806666529942,21.569592915147343,9,7,0,0,0,0,10,1,0.9441080490748087,0,0,0,0
90891,0.016855871118605138,0.0648141235113144,0.07523497997766228,22.471603805424692,22,18,1,1,0,1,22,1,0.9691075682640076,0,0,0,0
79034,0.014433348365128041,0.049218131601810454,0.05937887167080737,24.527361184243034,8,6,0,0,0,0,8,0,0.8965693190693855,0,0,0,0
283717,0.022884250432252885,0.08282158374786378,0.09550035353220249,20.399900414021296,7,3,2,0,0,1,5,0,0.9769185662269593,0,0,0,0
191672,0.017900200188159944,0.06310359612107277,0.07422586156414698,22.588895054056806,2,2,0,0,0,0,2,0,0.9882218539714813,0,0,0,0
383339,0.023926067724823953,0.08589568138122558,0.10268262681833482,19.770060595470483,3,2,0,0,0,0,3,0,0.9610313971837362,0,0,0,0
21604,0.031019007414579393,0.10985097140073777,0.11787766969469846,18.571369164745093,2,2,0,0,0,0,2,0,0.9692165851593018,0,0,0,0
129062,0.016936258785426615,0.06145207658410072,0.07096064232767982,22.979649239483656,8,7,2,0,1,1,8,2,0.9737416903177897,0,0,0,0
578967,0.01763162761926651,0.06110940873622894,0.08053460732125954,21.8803490910529,3,1,0,0,0,0,3,0,0.9376321236292521,0,0,0,0
295316,0.014474483579397202,0.049748146533966066,0.06495919065075202,23.74718789519662,9,8,1,0,0,1,9,1,0.9300438240170479,0,0,0,0
402473,0.034241392463445666,0.11591798067092896,0.12247127774692981,18.2393150224964,3,2,0,0,0,0,3,0,0.9706751902898153,0,0,0,0
170099,0.01731851473450661,0.06275530904531479,0.07777541385046942,22.183153385806712,4,3,0,0,0,0,5,1,0.970989853143692,0,0,0,0
378454,0.016728154756128787,0.05725927203893662,0.07140690218980769,22.92519614596987,4,2,0,0,0,0,4,0,0.9669591784477234,0,0,0,0
171757,0.028077404573559762,0.1014493778347969,0.11799085376965132,18.563033126982646,8,9,0,0,0,0,9,1,0.9377308189868927,0,0,0,0
562843,0.01995307058095932,0.07119961977005004,0.0853590885661262,21.375004616005207,6,3,0,0,0,0,7,1,0.9865775803724924,0,0,0,0
42888,0.01817324906587601,0.06819944679737092,0.07795967435146521,22.162599673196347,0,0,0,0,0,0,0,0,,0,0,0,0
31322,0.014275912754237651,0.048287784308195116,0.06375245422092059,23.91006183855864,34,26,1,0,1,1,35,2,0.9519292802521677,0,0,0,0
86483,0.017841026186943054,0.06325401961803437,0.07275544968320699,22.762689413520857,5,3,0,0,0,0,6,1,0.9742663860321045,0,0,0,0
491725,0.0320764597505331,0.11540537774562835,0.1361447320673927,17.31998316849636,13,11,0,1,0,1,13,1,0.9231885274251302,0,1,0,1
27932,0.018681868724524976,0.07420871257781983,0.0829982151015523,21.618624942811454,1,1,0,0,0,0,1,0,0.9584041833877563,0,0,0,0
471789,0.01857064347714186,0.06841431260108947,0.08307804210374314,21.610274940273662,12,15,0,0,0,0,12,0,0.9722797969977061,0,0,0,0
529568,0.01781688630580902,0.06351744085550308,0.07339023341377582,22.687234620948526,29,35,1,0,1,1,28,0,0.9621916668755668,0,0,0,0
303893,0.015296925045549869,0.05790475383400917,0.07211867198779194,22.839045581778077,4,6,0,0,0,0,4,0,0.9285870492458344,0,0,0,0
139883,0.017128091119229794,0.06167263016104698,0.06876357940734483,23.252830494150444,1,4,0,0,0,0,1,0,0.9734737277030945,0,0,0,0
192871,0.031137996539473533,0.11762867718935013,0.13535986206406858,17.370201937289625,9,10,0,3,0,1,13,4,0.9021507799625397,0,1,0,1
463842,0.025561245158314705,0.09377656728029252,0.10866257012179933,19.278400542181625,37,14,1,0,0,1,36,0,0.9448701490958532,0,0,0,0
355325,0.01854702215641737,0.06647902205586434,0.07643011973828585,22.3347092006501,10,11,0,0,0,0,11,1,0.9199268996715546,0,0,0,0
505565,0.015135635435581208,0.053243106603622435,0.07372059669325251,22.648223165332144,4,4,0,0,0,0,4,0,0.9568644613027573,0,0,0,0
442306,0.013946848548948764,0.0520032212138176,0.06275418921498352,24.047145542843445,2,2,0,0,0,0,2,0,0.9909146726131439,0,0,0,0
172571,0.019483910873532295,0.07089313417673111,0.08082776158056047,21.848788965083447,10,8,1,0,0,1,9,0,0.9547904796070523,0,0,0,0
350488,0.01948302462697029,0.0682040922343731,0.07482364698193654,22.51922255319455,4,1,0,0,0,0,4,0,0.9816854000091553,0,0,0,0
372260,0.015673628263175487,0.05665607675909996,0.07696119420002098,22.274564040180444,11,12,0,0,0,0,11,0,0.9687563126737421,0,0,0,0
571943,0.018076864629983903,0.06667884588241577,0.08136126958562008,21.791645663425218,4,1,0,1,0,1,3,0,0.8576533198356628,0,0,0,0
440507,0.023664123937487604,0.08228978216648102,0.08677588183882208,21.232019284438785,2,3,1,0,0,1,2,1,0.9919461011886597,0,0,0,0
243034,0.03146196641027928,0.11342870146036148,0.13277736599794798,17.537519020440044,7,11,2,0,1,1,5,0,0.9699140310287475,0,0,0,0
291619,0.023363206908106803,0.08289100974798203,0.11156569396038843,19.049386576453845,3,3,0,0,0,0,3,0,0.9877272248268127,0,0,0,0
191845,0.01701879985630512,0.06457168236374855,0.07587306517093322,22.398247413240092,56,37,1,0,0,1,57,2,0.9515061584385959,0,0,0,0
249129,0.01862040311098099,0.07020671665668488,0.0816305551343515,21.76294500080523,14,17,0,0,0,0,15,1,0.9522336849144527,0,0,0,0
458992,0.019217928498983385,0.06611460968852043,0.07569395052490469,22.418776560232313,8,4,1,0,0,1,7,0,0.9578624452863421,0,0,0,0
263463,0.02612537480890751,0.09793935865163803,0.10832097204506606,19.30574902784734,6,4,0,0,0,0,7,1,0.9389443794886271,0,0,0,0
198489,0.01569098737090826,0.05510932058095932,0.07165864748148833,22.894627863356188,5,4,1,0,0,1,4,0,0.9830905050039291,0,0,0,0
347930,0.022145000472664832,0.07526013851165772,0.0828157884043454,21.637737186226246,6,3,0,0,0,0,6,0,0.9577814936637878,0,0,0,0
110211,0.01505456082522869,0.05164714977145195,0.06029296085302368,24.39466776752427,8,5,2,0,0,1,7,1,0.9761316478252411,0,0,0,0
32941,0.017825714498758315,0.06488261222839356,0.08088445708252842,21.84269850516253,21,13,1,0,0,1,20,0,0.9733918845653534,0,0,0,0
486438,0.026948126405477522,0.10171118080615997,0.11792027705566915,18.568230182033084,10,9,0,0,0,0,11,1,0.9581410646438598,0,0,0,0
484351,0.018617575988173485,0.06702886074781418,0.08142540312759265,21.784801652337475,47,32,5,1,1,1,44,3,0.9706984758377075,0,1,0,1
109992,0.02521698549389839,0.0854847326874733,0.0948358697655898,20.46054736824912,4,2,1,0,0,1,3,0,0.9848129550615946,0,0,0,0
549167,0.025597501173615457,0.09115861356258392,0.11174423784263873,19.035497245381904,7,7,1,0,0,1,7,1,0.9146665732065836,0,0,0,0
572408,0.01732767019420862,0.05842994377017021,0.09649296286293005,20.310087163432463,4,5,1,0,1,1,3,0,0.9602246681849161,0,0,0,0
84270,0.019532042369246484,0.0710531383752823,0.08118180516375567,21.810825918235786,27,26,0,0,0,0,28,1,0.963953830577709,0,0,0,0
525322,0.022357023134827615,0.07640431076288223,0.08352948395088514,21.563204033555362,2,2,0,0,0,0,2,0,0.9743913412094116,0,0,0,0
223789,0.022029372304677962,0.07914934903383256,0.09869872201553434,20.11376941371865,4,3,0,0,0,0,4,0,0.9642030447721481,0,0,0,0
227765,0.02282445356249809,0.08111256808042526,0.08990608386186426,20.924218379298253,11,8,0,0,0,0,11,0,0.9614784988490018,0,0,0,0
480936,0.01901143081486225,0.07097184658050537,0.08299144321339524,21.61933366013521,13,5,0,1,0,1,14,1,0.9232424050569534,0,0,0,0
190236,0.022184600308537483,0.08086356669664382,0.09424602254271734,20.514739384607793,24,28,2,0,1,1,23,1,0.9688800546255979,0,0,0,0
85911,0.013601909577846526,0.0513943113386631,0.06645953568020016,23.548853944935303,1,1,0,0,0,0,2,1,0.8891086578369141,0,0,0,0
88269,0.017286069877445697,0.06736802235245705,0.08523058674217494,21.38809043576806,4,4,1,0,0,1,3,0,0.9733334183692932,0,0,0,0
166259,0.019787925854325296,0.07136803716421128,0.07446969082551322,22.5604089841108,4,4,0,0,0,0,4,0,0.966200664639473,0,0,0,0
351331,0.016946451924741267,0.05907022282481193,0.07704144577167031,22.265511515394497,4,3,0,0,0,0,4,0,0.974823847413063,0,0,0,0
155145,0.015411749109625816,0.05342537388205528,0.06722241802829348,23.44971739536185,9,7,1,0,1,1,10,2,0.9337045922875404,0,0,0,0
43816,0.01364365704357624,0.048563803732395175,0.06724003166919522,23.4474418137074,6,5,0,0,0,0,7,1,0.9750838975111643,0,0,0,0
50149,0.018478299677371978,0.06517393812537194,0.07974537600516492,21.965889797681864,27,14,2,0,0,1,26,1,0.9576726984977723,0,0,0,0
428562,0.018640079721808433,0.06523002982139588,0.07143508917136573,22.921768176198686,13,15,0,0,0,0,14,1,0.9603245212481573,0,0,0,0
136033,0.02504444345831871,0.0859536036849022,0.09268077110974146,20.6602072302022,5,2,0,0,0,0,5,0,0.962037181854248,0,0,0,0
248112,0.016401075571775437,0.05722007900476456,0.07011507827568433,23.083771535743416,4,4,0,0,0,0,4,0,0.9800477027893066,0,0,0,0
257084,0.023345451802015305,0.0874306932091713,0.11606734342113623,18.705799113756967,15,11,0,1,0,1,16,1,0.9213116339274815,0,0,0,0
99053,0.0162792406976223,0.059277084469795224,0.06555418214136471,23.66799193059018,9,8,0,0,0,0,9,0,0.9462427364455329,0,0,0,0
345466,0.014673208817839622,0.04945847764611244,0.0624116249588818,24.094690198249793,9,11,0,0,0,0,9,0,0.9719811876614889,0,0,0,0
187362,0.01838879957795143,0.061631367355585095,0.07685602955683625,22.286441105759287,2,2,0,0,0,0,2,0,0.989221602678299,0,0,0,0
359833,0.029341742023825647,0.10700131058692933,0.12242216903834197,18.24279860145189,19,10,2,0,0,1,19,2,0.9618326355429256,0,0,0,0
172083,0.028703373670578004,0.10502467453479766,0.12085065503884136,18.355019825443826,5,4,0,0,0,0,5,0,0.9298060894012451,0,0,0,0
322352,0.017548407800495623,0.06458904594182968,0.08230620418114075,21.69134853510355,18,14,2,0,0,1,16,0,0.9533846564590931,0,0,0,0
307658,0.019195733591914177,0.06127367541193962,0.06859855964393259,23.2737000605761,1,1,0,0,0,0,1,0,0.9090813994407654,0,0,0,0
222235,0.017620670795440673,0.06338235512375831,0.06484477603032622,23.762500108664078,4,2,0,1,0,1,6,2,0.833084762096405,0,0,0,0
87144,0.015701815858483313,0.05549093335866928,0.06575518693220113,23.64139966522551,13,10,1,0,2,1,13,1,0.9094478636980057,0,0,0,0
346905,0.014447664842009544,0.053030521422624585,0.0708860234100237,22.988787723495086,4,3,0,0,0,0,4,0,0.9888084083795547,0,0,0,0
2923,0.01568600907921791,0.054462706297636033,0.06987970847848522,23.112978309171176,6,7,0,0,0,0,7,1,0.9352815747261047,0,0,0,0
327701,0.01868639588356018,0.06391446813941001,0.07502657241617014,22.495697876206858,8,8,0,0,0,0,8,0,0.96335868537426,0,0,0,0
396200,0.018951833620667456,0.0636724017560482,0.07098438983133394,22.97674292857293,16,14,0,0,0,0,17,1,0.9455158747732639,0,0,0,0
500478,0.018915753811597824,0.06441902369260788,0.08425460369023659,21.48812719722922,46,25,1,0,0,1,48,3,0.9524343132972717,0,0,0,0
564336,0.023693076521158218,0.09405289143323899,0.11989646639985421,18.42387232562246,17,15,1,1,2,1,18,2,0.9507301648457845,0,0,1,1
341719,0.016980864480137824,0.05826195850968361,0.06969987657890386,23.13535981857022,9,10,0,0,0,0,10,1,0.9635240038235983,0,0,0,0
194506,0.01735461428761482,0.0646458089351654,0.07833657985800893,22.12070786975806,2,2,0,0,0,0,2,0,0.9770964682102203,0,0,0,0
128748,0.018510869517922402,0.06320779249072075,0.07690283273532146,22.281153251133823,4,5,0,0,0,0,4,0,0.9765237122774124,0,0,0,0
421923,0.02190208323299885,0.07961143106222153,0.08610283033469544,21.299651447457194,9,13,0,1,0,1,9,1,0.9485917240381241,0,1,0,1
206487,0.016489929519593716,0.05988117158412933,0.0687485313810316,23.254731497568972,10,8,0,0,0,0,10,0,0.9539628386497497,0,0,0,0
54164,0.020448154583573342,0.06794876530766487,0.08168041958101065,21.7576408000954,2,2,0,0,0,0,2,0,0.9355044662952423,0,0,0,0
97337,0.021307408437132837,0.07359910756349564,0.08847069540873824,21.06401118035564,11,9,2,0,0,1,11,2,0.9639383885595534,0,0,0,0
492968,0.022177945449948312,0.07884555459022521,0.08431767314784325,21.481627737363805,2,2,0,0,0,0,2,0,0.9867639243602753,0,0,0,0
569565,0.014156435057520867,0.05134748071432114,0.062171557381480426,24.128165070616056,6,2,0,0,0,0,6,0,0.9460687935352325,0,0,0,0
34452,0.014403421431779861,0.04849254861474037,0.058432962228842304,24.666841935943857,3,3,0,0,0,0,3,0,0.9835854371388754,0,0,0,0
184400,0.024070680886507035,0.08802111744880677,0.09424532257677572,20.514803895017177,2,2,0,0,0,0,2,0,0.8242207467556,0,0,0,0
508639,0.02199643850326538,0.07750103324651718,0.08852921963905122,21.05826727902056,5,1,0,0,0,0,5,0,0.9043249964714051,0,0,0,0
537506,0.024893861263990402,0.08968748897314072,0.11363264110080522,18.88993798275462,18,13,0,1,0,1,21,3,0.9607652671196881,0,0,0,0
138639,0.014607814326882362,0.05153472349047661,0.06291603618580935,24.024772929130336,22,19,1,0,1,1,24,3,0.9720422795840672,0,0,0,0
172977,0.013267488218843937,0.0445686861872673,0.05417546726002421,25.323946684583746,1,1,0,0,0,0,1,0,0.9947189092636108,0,0,0,0
321118,0.02528015375137329,0.0896778404712677,0.10192289667556122,19.834564841395956,6,2,0,0,0,0,6,0,0.9681273798147837,0,0,0,0
15497,0.03485115170478821,0.12457484602928162,0.130706570590749,17.67405159963935,3,3,0,0,0,0,3,0,0.9827374418576559,0,0,0,0
554002,0.018438360840082168,0.06353387534618378,0.07148849183849011,22.915277299167343,13,14,2,0,1,1,11,0,0.9419085275043141,0,0,0,0
484978,0.020099465176463126,0.07591509371995926,0.09212606878167161,20.712349214508077,21,20,1,0,0,1,20,0,0.9505597203969955,1,0,0,1
300659,0.023520477861166,0.07886323630809784,0.09061988009668623,20.855530335827453,7,7,0,0,0,0,7,0,0.9838305115699768,0,0,0,0
344268,0.028799863904714583,0.109490504860878,0.1180327536756436,18.559949215444675,3,2,0,0,0,0,4,1,0.9709560672442118,0,0,0,0
88432,0.016605710983276366,0.05926598533987999,0.0684638376250774,23.290775217406313,8,5,0,0,1,1,8,0,0.9468476101756096,0,0,0,0
382125,0.015314577147364616,0.05344126373529434,0.06631081603902052,23.568312550170944,23,27,1,0,0,1,23,1,0.9691861000928012,0,0,0,0
487583,0.02811448760330677,0.09816328585147857,0.10919837142663823,19.235676772130855,5,2,0,0,0,0,5,0,0.9626218199729919,0,0,0,0
525155,0.02431277371942997,0.08666633367538452,0.10092273425841984,19.920219836641017,2,2,0,0,0,0,3,1,0.9853501617908478,0,0,0,0
283268,0.0282141350209713,0.10562023520469666,0.11574913834242766,18.729644665296824,12,3,0,2,0,1,11,0,0.9324235916137695,0,2,0,1
357501,0.02063844949007034,0.07214554101228714,0.07776400369691386,22.18442775517594,5,1,0,0,0,0,6,1,0.9004526734352112,0,0,0,0
100238,0.013213313370943069,0.047116417437791824,0.05895246615425931,24.589960447583536,8,10,0,0,0,0,9,1,0.9833730906248093,0,0,0,0
229753,0.02072790376842022,0.07231630086898803,0.08225460606046062,21.6967954649745,3,2,0,0,0,0,3,0,0.8871478041013082,0,0,0,0
334399,0.028957674279808998,0.11037674248218536,0.1269145421062621,17.92977225555793,7,6,0,0,0,0,7,0,0.9408634305000305,0,0,0,0
472375,0.026518514007329942,0.08881935477256775,0.09058729230151287,20.858654428452805,5,4,0,1,0,1,6,1,0.9410376995801926,0,0,0,0
302990,0.015266049094498158,0.049809280782938004,0.06411441883099682,23.860885801341244,7,4,0,0,0,0,7,0,0.9401888847351074,0,0,0,0
206579,0.031980286538600924,0.12365448027849198,0.13023864031795787,17.705202928687534,8,8,0,0,0,0,9,1,0.9293934106826782,0,0,0,0
141597,0.01470960658043623,0.051856990158557895,0.06480890917952586,23.767305764826645,4,3,0,0,0,0,4,0,0.9638393074274063,0,0,0,0
62808,0.017313358187675477,0.06020267754793167,0.07279276840725765,22.75823527000892,15,14,2,0,0,1,13,0,0.9281127590399522,0,0,0,0
157046,0.028142061829566956,0.10516527891159058,0.10907903510669331,19.24517424806839,1,3,0,0,0,0,1,0,0.9850093722343445,0,0,0,0
578236,0.02504958473145962,0.08297500908374786,0.08667862334524935,21.24175989773878,4,3,1,0,0,1,3,0,0.9592274030049642,0,0,0,0
94614,0.026992014423012734,0.09024103134870529,0.10363880852786944,19.68955176952241,3,5,0,0,0,0,3,0,0.9771140019098917,0,0,0,0
245173,0.01887427903711796,0.06533834040164947,0.07813250416426515,22.143365124638137,7,3,2,0,0,1,5,0,0.8825461030006408,0,0,0,0
277005,0.014938653632998466,0.05398097112774849,0.06414511557113274,23.85672816107843,30,20,1,1,0,1,29,0,0.9284911411149162,0,1,0,1
143931,0.022509956359863283,0.07239764332771301,0.07842032410319082,22.111427342747234,3,2,1,0,0,1,2,0,0.9787254333496094,1,0,0,1
85376,0.019521043822169303,0.06746061891317368,0.079512859024815,21.99125260877821,13,11,0,0,0,0,14,1,0.9652590430699862,0,0,0,0
92660,0.017794940620660782,0.06229343712329864,0.07287683916383539,22.748209439546763,12,16,2,0,0,1,12,2,0.9462570309638977,1,0,0,1
460347,0.017065337859094143,0.06134308353066444,0.07045776164516383,23.04142315854685,6,7,0,0,0,0,6,0,0.9677016536394755,0,0,0,0
370711,0.01859620101749897,0.06848365887999534,0.07616868671407645,22.364470647288584,9,14,1,0,1,1,8,0,0.925912395119667,0,0,0,0
407298,0.016735305637121202,0.059826935082674025,0.07115157812171287,22.95630925890217,4,3,0,0,0,0,4,0,0.9490740448236465,0,0,0,0
439623,0.016538684070110322,0.05921840071678162,0.07118888992259449,22.95175558282493,8,7,0,0,0,0,8,0,0.9568009972572327,0,0,0,0
481567,0.014916940592229366,0.05115986466407776,0.06299705510282148,24.013595037114797,2,2,0,0,0,0,2,0,0.957067221403122,0,0,0,0
130699,0.016774016432464123,0.061965495347976685,0.07991280255867239,21.947672765364462,22,17,0,0,0,0,22,0,0.9242398793047125,0,0,0,0
477689,0.023019935935735703,0.08158845454454422,0.08746782049508908,21.16303389998274,2,2,0,0,0,0,2,0,0.9231678545475006,0,0,0,0
383621,0.023953120037913323,0.0820278912782669,0.09630266117414113,20.32723423315286,2,1,0,0,0,0,2,0,0.9737684726715088,0,0,0,0
58393,0.017921241745352746,0.07237018942832947,0.07593156769427985,22.391552670439392,5,3,0,0,0,0,5,0,0.9738317608833313,0,0,0,0
482100,0.018834832683205606,0.0671106792986393,0.076158556374621,22.36562593650477,10,7,0,0,0,0,11,1,0.9685388028621673,0,0,0,0
120853,0.02065809369087219,0.07458893358707427,0.08413454862805468,21.500512617346065,12,10,1,0,0,1,11,0,0.9505059393969449,1,0,0,1
388927,0.02640217952430248,0.09862270057201386,0.11786558848150983,18.5722594220984,7,4,0,0,0,0,7,0,0.9440632292202541,0,0,0,0
246968,0.021022798120975496,0.07771478891372681,0.09318323792987633,20.613244055337795,26,22,0,0,0,0,28,2,0.9688506791224847,0,0,0,0
532481,0.01663750410079956,0.058891326934099195,0.06815178298164576,23.330455554044434,9,10,0,0,0,0,9,0,0.9528031084272597,0,0,0,0
154947,0.018291306123137473,0.06658767014741898,0.08411807296922395,21.50221369936686,1,1,0,0,0,0,1,0,0.9976649284362793,0,0,0,0
460683,0.024275768920779227,0.08721489757299423,0.09678841481340687,20.283532457905554,7,6,0,0,0,0,7,0,0.9734906298773629,0,0,0,0
384949,0.018377740681171418,0.06401613205671311,0.07562163289256754,22.427078983644435,9,14,0,0,0,0,9,0,0.9651862382888794,0,0,0,0
8021,0.025560034066438676,0.08684117943048478,0.10088424413198083,19.923533111505197,4,7,0,0,0,0,5,1,0.9897280037403107,0,0,0,0
410650,0.016857528313994407,0.059389840066432956,0.07099664649284877,22.975243291547173,56,28,0,0,0,0,58,2,0.957890228501388,0,0,0,0
60855,0.017402422800660133,0.06343700960278512,0.07492137179251125,22.507885587905093,7,7,0,0,0,0,7,0,0.9926862120628357,0,0,0,0
429109,0.017825524881482126,0.06140144020318985,0.06793242786104046,23.358457274559502,18,10,0,0,0,0,18,0,0.9553424186176724,0,0,0,0
485130,0.02708611115813255,0.09886660277843476,0.10254266396137221,19.781908083788014,2,2,0,0,0,0,2,0,0.9599250555038452,0,0,0,0
496409,0.031229378283023836,0.11637795269489289,0.11650075063666201,18.67342552772749,3,3,0,0,0,0,4,1,0.937171220779419,0,0,0,0
187249,0.02570028081536293,0.08884212225675583,0.09907560369360226,20.08066545431372,7,4,0,0,0,0,7,0,0.9514320237295968,0,0,0,0
515579,0.023218369111418724,0.07748617231845856,0.09118568631880225,20.80146657567594,6,7,1,0,0,1,5,0,0.9247326731681824,0,0,0,0
563604,0.015138715319335461,0.055356711894273755,0.06300091027706106,24.01306351078594,12,15,0,0,1,1,13,1,0.9822625269492468,0,0,1,1
267537,0.0235629353672266,0.08857333809137344,0.09833887770221146,20.14549504853925,20,25,1,0,0,1,20,1,0.9014452915442618,0,0,0,0
369541,0.020327318459749222,0.06906654536724091,0.0922861127701534,20.69727293528947,12,7,2,0,0,1,10,0,0.8746626019477844,2,0,0,1
279278,0.019502174481749533,0.06902337223291397,0.08759094631942344,21.150815631596945,28,22,0,0,0,0,30,2,0.9280453388180051,0,0,0,0
498857,0.017961102351546288,0.06564474254846572,0.0752468844919798,22.470229536197802,1,1,0,0,0,0,1,0,0.9965550899505615,0,0,0,0
159791,0.024231032654643058,0.07932680398225785,0.08665445646879179,21.244181949240918,7,15,0,0,0,0,8,1,0.9584385241780963,0,0,0,0
373315,0.023471388220787048,0.08105641901493073,0.0899011901440668,20.92469117766477,2,2,0,0,0,0,2,0,0.9859844148159027,0,0,0,0
263860,0.019893739372491837,0.0681088387966156,0.07699553632502423,22.270689030472912,3,2,0,0,0,0,3,0,0.965904156366984,0,0,0,0
484893,0.020292000845074654,0.06851078122854233,0.08140790133661975,21.78666882104654,6,7,0,0,0,0,8,2,0.9441270331541697,0,0,0,0
276720,0.01885337084531784,0.06633836552500724,0.08539336506816517,21.37151744013685,5,5,0,0,0,0,6,1,0.9623929619789123,0,0,0,0
530624,0.023988290503621102,0.07915410250425339,0.0888647353215322,21.025410965900786,3,2,1,0,0,1,2,0,0.9796478748321533,0,0,0,0
149568,0.014354723319411278,0.050942227244377136,0.06722323586627896,23.449611722173053,6,4,1,0,0,1,5,0,0.9675960779190064,0,0,0,0
474452,0.01841551773250103,0.06591444164514541,0.07965063636570174,21.97621500139793,24,14,1,1,0,1,25,3,0.9310148710554297,0,1,0,1
245764,0.030273694172501565,0.10421665608882905,0.12195046913340651,18.276330493038987,4,2,1,0,0,1,3,0,0.9635363419850668,1,0,0,1
427160,0.017130718007683753,0.06312387883663177,0.08610759540582909,21.299170769451585,4,6,0,0,0,0,4,0,0.9808593392372131,0,0,0,0
384527,0.0170059185475111,0.06198659092187882,0.06909114356237217,23.2115523805911,28,26,4,1,2,1,24,1,0.954777357370957,0,1,1,1
358923,0.02620893232524395,0.09426886886358261,0.10098448202908966,19.914907155420238,13,6,0,0,0,0,14,1,0.8733554161511935,0,0,0,0
302030,0.026032810285687446,0.0905371829867363,0.1183936443208811,18.533432220920275,41,19,2,1,0,1,45,6,0.9455827819673639,0,1,0,1
479912,0.014872638322412968,0.051683109998703,0.06580567151208284,23.634733495424168,8,7,2,0,0,1,6,0,0.9785983562469482,0,0,0,0
132329,0.026161923259496688,0.09238039851188659,0.1008733755436658,19.92446892110554,5,5,0,0,0,0,5,0,0.9810396671295166,0,0,0,0
78565,0.01857578046619892,0.06617960929870606,0.08670944897059411,21.23867147326974,25,24,0,1,0,1,26,1,0.95723574111859,0,0,0,0
297022,0.018938274309039115,0.0668468177318573,0.08219146188202557,21.703465899834885,4,4,0,0,0,0,4,0,0.9690882563591003,0,0,0,0
257566,0.01743208132684231,0.06317050531506538,0.07481841579550405,22.51982983576208,12,14,1,0,1,1,12,1,0.9684883193536238,0,0,0,0
297343,0.026036922261118887,0.09064453542232513,0.09383228404177635,20.552954241178327,1,1,0,0,0,0,1,0,0.9914462566375732,0,0,0,0
304365,0.016446217894554138,0.05609621033072472,0.06844717684669474,23.29288919901092,3,4,0,0,0,0,3,0,0.9895853400230408,0,0,0,0
57725,0.017971043288707734,0.07006787806749344,0.09880464108338094,20.10445310226302,2,2,0,0,0,0,3,1,0.9846420884132385,0,0,0,0
133343,0.03341275602579117,0.1289488583803177,0.13712738619752005,17.257516041084994,3,2,0,0,0,0,3,0,0.8561345934867859,0,0,0,0
230819,0.016214490681886674,0.05764045566320419,0.06889769755506271,23.235905824790617,4,2,0,0,0,0,4,0,0.9285888522863388,0,0,0,0
203389,0.015442749299108983,0.054527489095926286,0.0652747400648794,23.70509697872182,12,15,0,0,0,0,13,1,0.9350983699162801,0,0,0,0
231822,0.017818530648946763,0.06329822316765785,0.07510417983879955,22.48671784302948,14,14,1,0,0,1,13,0,0.9258100344584539,0,0,0,0
228771,0.03343801870942116,0.11740886569023132,0.13662419194974815,17.289447872526903,0,0,0,0,0,0,1,1,,0,0,0,0
392481,0.02375667691230774,0.08105962574481965,0.09095885474356177,20.8231003291335,1,1,0,0,0,0,1,0,0.9542397856712341,0,0,0,0
101420,0.0213108878582716,0.07631759792566299,0.08195001204356264,21.72901956537119,4,2,0,0,0,0,4,0,0.9297242760658264,0,0,0,0
154644,0.031507528945803644,0.12054164409637451,0.13616012302092123,17.31900129746896,5,4,1,0,0,1,5,1,0.9599608033895493,0,0,0,0
363072,0.018066050857305525,0.06203128546476364,0.07390810932161115,22.626158149448578,2,1,0,0,0,0,2,0,0.984912097454071,0,0,0,0
579635,0.01758515406399965,0.061893656849861145,0.07866542936651151,22.08432165114088,4,3,0,0,0,0,4,0,0.9785643666982651,0,0,0,0
442746,0.01350587848573923,0.04720662832260132,0.06077472954121568,24.32553930342152,4,6,0,0,0,0,5,1,0.9802346378564835,0,0,0,0
535253,0.018753496930003166,0.06882743462920189,0.0763029650045125,22.349171715324502,9,8,0,0,0,0,9,0,0.9810414181815253,0,0,0,0
203317,0.016588149406015874,0.05588740929961204,0.06685397175494717,23.497455729141492,1,1,0,0,0,0,1,0,0.9948024749755859,0,0,0,0
107554,0.01815328560769558,0.06882733851671219,0.07782009270227229,22.178165123675253,4,2,0,0,0,0,4,0,0.8071671277284622,0,0,0,0
289992,0.028742675855755805,0.10103810578584671,0.10757767910942159,19.365556589230714,1,1,0,0,0,0,1,0,0.8938065767288208,0,0,0,0
161875,0.013180804066359996,0.04862164556980133,0.06935867896502575,23.177983744219194,5,2,1,0,0,1,4,0,0.9283474981784821,0,0,0,0
227491,0.02113938070833683,0.07925857603549957,0.0956551120190964,20.38583630732653,7,6,2,0,0,1,5,0,0.8365292906761169,0,1,0,1
269314,0.02426072023808956,0.0895014077425003,0.09388037544079117,20.5485036453083,6,2,0,0,0,0,7,1,0.9252856771151224,0,0,0,0
289393,0.024239040911197662,0.08104645609855651,0.08886666393454698,21.025222459875717,6,4,0,0,0,0,6,0,0.965981254975001,0,0,0,0
159112,0.02054354138672352,0.07287217229604721,0.07824226990295846,22.13117117258153,4,1,0,0,0,0,4,0,0.9841595441102982,0,0,0,0
497599,0.023454580456018448,0.08625957071781158,0.10193365521834381,19.833648044614154,5,8,0,0,0,0,5,0,0.9097208976745605,0,0,0,0
288862,0.023739425092935564,0.0859035611152649,0.09356122018219117,20.578082459160846,5,6,0,0,0,0,5,0,0.9184598803520203,0,0,0,0
13729,0.01603652611374855,0.05654295310378075,0.07186315069330562,22.869874919159372,16,11,1,0,0,1,17,2,0.9324839234352111,1,0,0,1
386457,0.021278848126530647,0.07911635041236878,0.08957569236000232,20.956196526878355,1,1,0,0,0,0,1,0,0.9264708757400513,0,0,0,0
154087,0.020640846714377402,0.07575851529836655,0.09504164519656261,20.441721090859346,6,5,0,0,0,0,6,0,0.98613174756368,0,0,0,0
29675,0.023160413652658463,0.07281132191419601,0.07718877106710012,22.24891746952671,4,4,0,0,0,0,4,0,0.9565471112728119,0,0,0,0
220732,0.021805115416646002,0.0748948484659195,0.08827910630351792,21.082841441656512,9,8,0,0,0,0,9,0,0.8853253258599175,0,0,0,0
226058,0.022157763317227363,0.07826361507177353,0.08451174172526939,21.46165895420538,5,3,1,0,0,1,5,1,0.9814193844795227,0,0,0,0
475904,0.01602773666381836,0.05362064316868782,0.07066661644045887,23.015714049301046,3,2,0,0,0,0,3,0,0.8631820877393087,0,0,0,0
17029,0.012573667429387569,0.04612583890557289,0.061849055209693936,24.173338603106398,6,4,0,0,0,0,6,0,0.9700974921385447,0,0,0,0
240754,0.01964470185339451,0.06821464896202087,0.0833059576421138,21.586478776528164,5,3,0,0,0,0,6,1,0.9518359184265137,0,0,0,0
290179,0.016707183979451656,0.06145076677203178,0.07827442213817885,22.12760259766434,17,16,0,0,0,0,17,0,0.952401669586406,0,0,0,0
144333,0.020756714046001434,0.07435337901115417,0.08868951581711795,21.042554320814304,14,8,3,0,1,1,12,1,0.9098131277344443,1,0,1,1
445602,0.018042633682489394,0.06322454512119294,0.077106626899016,22.258165901498153,7,7,0,0,0,0,8,1,0.9386986834662301,0,0,0,0
354547,0.018323495239019393,0.06464619785547257,0.07479032068090274,22.52309209267851,4,3,0,0,0,0,4,0,0.9650311321020126,0,0,0,0
544444,0.023510106652975083,0.07958174496889114,0.0903971678747015,20.876903513425574,4,2,0,0,0,0,4,0,0.9593295156955719,0,0,0,0
12120,0.015873691625893117,0.05374093130230904,0.06676267557504188,23.509325337940766,20,24,0,0,0,0,21,1,0.9793176889419556,0,0,0,0
358427,0.024253248795866968,0.08436959981918335,0.10056155314398665,19.9513605543628,4,3,1,0,1,1,3,0,0.9336008429527283,0,0,0,0
68765,0.03046009913086891,0.09343793094158173,0.12070938160255881,18.365179499480174,3,2,0,0,0,0,3,0,0.9739502867062887,0,0,0,0
293858,0.01800447516143322,0.06794095858931541,0.07910250571281152,22.036195184657977,19,11,3,0,0,1,17,1,0.9561256915330887,1,0,0,1
289594,0.018291407078504563,0.06953044682741165,0.0821101047457862,21.712067877027238,5,3,0,0,0,0,5,0,0.909493339061737,0,0,0,0
194216,0.018492140248417853,0.06625954210758209,0.07561328467997219,22.428037911047127,4,3,0,0,0,0,4,0,0.9734232127666473,0,0,0,0
432898,0.015375804901123048,0.0551429845392704,0.07997765892392292,21.94062625043712,32,35,3,0,0,1,31,2,0.9643851785824217,0,1,0,1
491613,0.0200962595641613,0.06554468125104904,0.0721580815197125,22.83430043961011,3,1,0,0,0,0,3,0,0.9516803622245789,0,0,0,0
329542,0.025477180629968642,0.09557371437549592,0.10193798429472263,19.833279166630373,6,6,1,0,0,1,5,0,0.943370008468628,0,0,0,0
187745,0.021323203667998315,0.06820309609174728,0.0784283887883167,22.110534138541226,1,1,0,0,0,0,1,0,0.9876489043235779,0,0,0,0
269632,0.02818276099860668,0.10256997793912888,0.11322266294086279,18.921332698810854,6,5,0,0,0,0,6,0,0.9811103343963623,0,0,0,0
196185,0.025030027702450754,0.08212137967348099,0.0914841422038011,20.773083594133254,1,1,0,0,0,0,3,2,0.9636530876159668,0,0,0,0
201025,0.028203963488340377,0.10465318709611893,0.1067996335480606,19.428604749206965,3,2,0,0,0,0,3,0,0.8604437708854675,0,0,0,0
73946,0.027909481897950172,0.09771701097488403,0.1054520572890647,19.538898861766715,5,5,0,0,0,0,5,0,0.9159422039985656,0,0,0,0
331604,0.01986148990690708,0.06589683517813683,0.07985679192611238,21.953762812653792,4,2,0,0,0,0,5,1,0.9368878155946732,0,0,0,0
322163,0.018302973918616773,0.07072844803333282,0.08380279367647897,21.534830066999312,17,19,1,0,0,1,16,0,0.9427232034504414,0,0,0,0
234366,0.016356895491480828,0.05728764757514,0.06936857194201085,23.176744920471613,2,1,0,0,0,0,2,0,0.9868240058422089,0,0,0,0
12667,0.020269110053777694,0.07377102077007294,0.07700382958310713,22.269753515912928,3,1,0,0,0,0,3,0,0.9704033533732096,0,0,0,0
434479,0.026927571371197702,0.10060181021690369,0.1189911611863112,18.489705947036427,5,4,0,0,0,0,6,1,0.9527711510658264,0,0,0,0
383443,0.020060416683554648,0.06928420960903167,0.07967828199679367,21.973200772650046,8,4,1,0,0,1,8,1,0.9795398371560233,0,0,0,0
575243,0.01857680790126324,0.06884569302201271,0.08064903595615239,21.86801639226436,9,10,0,0,0,0,10,1,0.9425307644738091,0,0,0,0
271997,0.02203081101179123,0.07831103801727295,0.08692544164561818,21.217061882030073,2,2,0,0,0,0,2,0,0.9651226699352264,0,0,0,0
270705,0.02027995474636555,0.07812286764383317,0.08381065693822604,21.53401510348022,2,1,0,0,0,0,2,0,0.9785233736038208,0,0,0,0
405279,0.016884119436144828,0.06019382029771805,0.07747920438236439,22.216296952172357,27,19,0,1,0,1,28,1,0.962226906648049,0,0,0,0
147205,0.020262062177062036,0.0725487157702446,0.08333636776433272,21.58330864591745,6,2,0,0,0,0,7,1,0.9644955992698669,0,0,0,0
205401,0.016901901923120022,0.06204230040311813,0.07309909472074314,22.72176002861853,4,4,0,0,0,0,4,0,0.9587277472019196,0,0,0,0
477805,0.03275041729211807,0.1286669746041298,0.14624806874427293,16.698197204299333,4,3,2,0,0,1,2,0,0.9484347999095917,0,0,0,0
506004,0.02110201008617878,0.07431970536708832,0.08409521987193141,21.504573792066303,10,4,1,0,0,1,10,1,0.9491204884317186,0,0,0,0
186632,0.02334916964173317,0.08343135416507722,0.09982413237708576,20.015289115881917,13,7,2,0,1,1,12,1,0.9643776958638971,0,0,0,0
534601,0.02963010370731354,0.10909644216299057,0.11121923925878666,19.076401596590575,3,1,0,0,0,0,3,0,0.9315579136212667,0,0,0,0
186624,0.022575904428958894,0.0787212148308754,0.08816437062247001,21.094137768627178,5,5,0,0,0,0,5,0,0.9439062714576721,0,0,0,0
565989,0.02027069851756096,0.07385855913162231,0.08968027219972848,20.946061644599613,3,2,1,0,0,1,3,1,0.8580924570560455,0,0,0,0
449996,0.015662373043596745,0.05699531957507133,0.06639339630254615,23.55750229576836,12,11,0,0,0,0,12,0,0.967800110578537,0,0,0,0
7795,0.0213424950838089,0.07405939549207688,0.08683641536303383,21.225962253450916,6,4,0,0,0,0,8,2,0.9363459746042887,0,0,0,0
426836,0.020982258766889573,0.07510515749454498,0.09129220684703336,20.791325888040358,1,2,0,0,0,0,1,0,0.8693119287490845,0,0,0,0
74209,0.023221388831734656,0.08095492273569108,0.09046686571309319,20.870209117085523,16,21,0,0,1,1,17,1,0.9330535307526588,0,0,1,1
462576,0.01897585019469261,0.06717349588871002,0.07829869546832507,22.124909472922234,8,7,1,0,0,1,7,0,0.9841242262295314,0,0,0,0
565012,0.021141867339611053,0.07633347362279892,0.08571296674581397,21.339069451810758,6,10,0,0,0,0,6,0,0.9843036035696665,0,0,0,0
537964,0.01734794434159994,0.06510893255472183,0.0675573327654944,23.40655010330363,1,1,0,0,0,0,2,1,0.9850136637687683,0,0,0,0
548780,0.02140130624175072,0.07413082271814346,0.08830732909537908,21.080065010308115,20,16,2,1,0,1,19,2,0.950977648005766,0,1,0,1
147498,0.026111337542533874,0.07945858389139175,0.09599031479453077,20.355451681601103,61,22,10,0,0,1,56,5,0.9362283021795983,7,0,0,1
105455,0.02253553569316864,0.07696837186813354,0.09456207867725916,20.485659792678362,7,3,0,0,0,0,7,0,0.9054753184318542,0,0,0,0
458768,0.021404243260622024,0.07479661256074906,0.09097075939632951,20.821963598307608,11,6,1,0,0,1,10,0,0.9544589221477509,0,0,0,0
442993,0.030653348937630654,0.11182689070701599,0.12479951416265224,18.075742106676053,1,15,0,0,0,0,1,0,0.98994380235672,0,0,0,0
40036,0.015456268377602101,0.05679115951061249,0.09526603882358804,20.421237848754622,4,3,0,0,0,0,4,0,0.9793763309717178,0,0,0,0
52565,0.0171550627797842,0.061284153163433074,0.10607498568911507,19.487740363065495,1,1,0,0,0,0,1,0,0.9757002592086792,0,0,0,0
6771,0.02533966340124607,0.09327885508537292,0.10655819636955041,19.448262781752668,14,9,3,0,2,1,12,1,0.9617713960734281,0,0,1,1
39785,0.019333931244909765,0.07341969162225723,0.08993889336253393,20.92104920872194,8,6,1,0,0,1,7,0,0.9447030765669686,0,0,0,0
473237,0.031625297665596006,0.12275481522083283,0.13470538301418195,17.412300978392036,3,3,1,0,1,1,2,0,0.9701287150382996,0,0,0,0
578545,0.019612541794776915,0.0695996806025505,0.07615118790192998,22.366466352079613,5,4,0,0,0,0,5,0,0.9537092924118042,0,0,0,0
471450,0.014368311315774918,0.052833358943462375,0.06537343998415505,23.6919732326599,3,3,0,0,0,0,3,0,0.9768994649251302,0,0,0,0
560011,0.043473292142152786,0.15518119633197786,0.15259660358779967,16.32910265127835,1,4,0,0,0,0,3,2,0.9802896976470947,0,0,0,0
259640,0.02136056311428547,0.07354377061128617,0.08611214598726145,21.298711752990407,22,21,0,0,0,0,25,3,0.9519920674237338,0,0,0,0
407083,0.028705037012696267,0.10144316554069518,0.10716018134889767,19.399331201993462,3,3,0,0,0,0,4,1,0.931719700495402,0,0,0,0
5060,0.015434639155864715,0.05330524891614914,0.06412966774867476,23.85882020252562,4,2,1,0,1,1,3,0,0.9546977678934733,0,0,1,1
580197,0.026299997046589852,0.0961825668811798,0.11046626956555966,19.135406236467897,7,5,1,0,1,1,7,1,0.9331147372722626,1,0,1,1
213255,0.02481863312423229,0.0849561408162117,0.09854606697937689,20.127214078779282,12,28,0,0,0,0,12,0,0.925827314456304,0,0,0,0
489764,0.023273762315511703,0.0841269001364708,0.09699245606124914,20.26524086485669,23,9,1,0,0,1,24,2,0.9405178915370594,1,0,0,1
308328,0.019128162413835526,0.0659960761666298,0.08175694430282139,21.749506976580268,12,20,0,0,0,0,14,2,0.9613364189863205,0,0,0,0
418696,0.02276088185608387,0.08633444756269455,0.0978546217824095,20.188373146221842,13,9,1,0,0,1,13,1,0.9378641545772552,1,0,0,1
256775,0.019330034591257574,0.0714394748210907,0.09202066904474536,20.72229226963467,14,8,1,0,0,1,14,1,0.953768083682427,0,0,0,0
153217,0.019454304501414298,0.06644876301288605,0.07457285393048113,22.548384719642684,3,2,0,0,0,0,3,0,0.9565300544102987,0,0,0,0
301135,0.014668525196611881,0.0515164390206337,0.06411517369007329,23.860783537542353,27,23,0,0,0,0,27,0,0.9564412876411721,0,0,0,0
102331,0.021269918978214265,0.07268470227718353,0.08147223726941137,21.779807151528892,3,2,0,0,0,0,3,0,0.9666452407836914,0,0,0,0
7784,0.018423966690897943,0.06443271785974503,0.07551454158804596,22.43938819301992,1,1,0,0,0,0,1,0,0.8828288912773132,0,0,0,0
485071,0.016277078352868558,0.055745089799165724,0.06717090689379034,23.456375762532918,3,2,0,0,0,0,3,0,0.9697993000348409,0,0,0,0
255401,0.019880424812436105,0.06888785511255265,0.07822316168223512,22.133292687800914,5,5,1,0,1,1,4,0,0.9590205997228622,0,0,0,0
567898,0.015855441987514495,0.05321758314967155,0.06354407519678033,23.938498730460154,12,17,2,0,0,1,11,1,0.9650314748287201,0,0,0,0
150224,0.023379994183778764,0.08394096791744232,0.09994530803614866,20.00475178316126,14,14,1,0,1,1,14,1,0.898881733417511,0,1,0,1
71877,0.020456527918577196,0.07411087304353714,0.11141694428244799,19.060975133196422,4,3,0,0,0,0,4,0,0.9366622865200043,0,0,0,0
355677,0.012812384776771069,0.044655372947454454,0.05505645175961659,25.183835623065164,2,1,0,0,0,0,2,0,0.9785958528518677,0,0,0,0
176701,0.017255420982837676,0.06254084706306458,0.07330673271772101,22.697122731494893,0,0,0,0,0,0,0,0,,0,0,0,0
113867,0.01797637566924095,0.06301603391766548,0.0717070173869344,22.888766827147343,1,1,0,0,0,0,1,0,0.963390052318573,0,0,0,0
71226,0.020019838586449623,0.06671186983585357,0.070231565029763,23.069353074443157,6,6,0,0,0,0,6,0,0.9883888562520345,0,0,0,0
165336,0.013503902964293957,0.04884089305996895,0.06578076966652334,23.638020987402193,3,2,0,0,0,0,3,0,0.9660371343294779,0,0,0,0
140987,0.022396091371774673,0.08251776546239853,0.09452457433273566,20.489105393904733,17,18,0,0,0,0,17,0,0.9634639901273391,0,0,0,0
188689,0.024259285256266593,0.08796571642160415,0.09975071509707806,20.02167964483394,3,3,0,0,0,0,3,0,0.9462406237920126,0,0,0,0
198928,0.01708211600780487,0.0584657609462738,0.075129818996956,22.4837531492578,5,6,0,0,0,0,9,4,0.9733444213867187,0,0,0,0
271457,0.025868701934814452,0.09569854289293289,0.1029880706387003,19.744261555572116,0,1,0,0,0,0,0,0,,0,0,0,0
438017,0.024587805196642876,0.08782282918691635,0.10597423444214782,19.495994241833504,10,8,0,0,0,0,10,0,0.9589308738708496,0,0,0,0
191288,0.02019876502454281,0.07050984650850296,0.10110931428615513,19.90417669891131,4,2,0,1,0,1,3,0,0.8455259203910828,0,0,0,0
237517,0.01748737320303917,0.06340857669711113,0.07837152745983222,22.116833775139987,20,10,2,0,0,1,19,1,0.9342257016234927,0,0,0,0
543581,0.019010869786143303,0.06785505488514901,0.08604016766236267,21.305975039896992,34,19,6,0,0,1,29,1,0.9361065030097961,0,2,0,1
422998,0.021339210495352746,0.07704713791608811,0.08598450171847509,21.311596422734965,15,5,0,0,0,0,15,0,0.9522788047790527,0,0,0,0
151857,0.025603558495640756,0.086284439265728,0.0992885061860274,20.06202046592263,1,1,0,0,0,0,1,0,0.9954361915588379,0,0,0,0
405306,0.024184255674481393,0.09130795747041702,0.10982111640134908,19.18628291450314,3,2,0,0,0,0,3,0,0.8511637051900228,0,0,0,0
475732,0.023805341124534606,0.08463688939809799,0.0906221802695298,20.85530986771505,1,1,0,0,0,0,1,0,0.9423410296440125,0,0,0,0
513283,0.026578832045197488,0.09765855073928834,0.11694245487517828,18.64055587244206,5,8,0,0,0,0,5,0,0.9803048372268677,0,0,0,0
437239,0.01397181861102581,0.047070781141519545,0.06082621649792892,24.318183932183018,16,13,2,0,0,1,14,0,0.9537884507860456,0,0,0,0
477623,0.016029494069516658,0.05779438465833664,0.06849652442423373,23.2866292888875,3,1,0,0,0,0,3,0,0.9593265056610107,0,0,0,0
99024,0.018719899654388427,0.06390820443630219,0.06974807723259785,23.12935520446583,3,3,0,0,0,0,3,0,0.9750929077466329,0,0,0,0
296231,0.0182291429489851,0.06762109026312828,0.08000633050879502,21.937512961094896,29,21,3,0,0,1,27,1,0.9221488191531255,0,0,0,0
469067,0.027541687712073326,0.09974043816328049,0.10313226332897525,19.73210902336395,4,5,0,0,0,0,5,1,0.8349624574184418,0,0,0,0
184321,0.017335435189306737,0.0585011713206768,0.06851300753389564,23.284539354412722,1,1,0,0,0,0,1,0,0.9907466173171997,0,0,0,0
377946,0.018863657861948012,0.064332976937294,0.07646417350165918,22.330840027654236,18,20,1,0,0,1,20,3,0.9742107882219202,0,0,0,0
13597,0.02730606459081173,0.10163351446390152,0.10612287466501966,19.48381988652577,1,2,0,0,0,0,1,0,0.9869276881217957,0,0,0,0
156372,0.023339471966028213,0.09050383120775223,0.10338890071355196,19.71052164603927,6,4,0,0,0,0,6,0,0.9507096409797668,0,0,0,0
423944,0.019443334266543388,0.06959878206253052,0.08056659497539326,21.87689981527747,5,1,0,0,0,0,6,1,0.9556501507759094,0,0,0,0
108503,0.016567735373973845,0.06004750356078148,0.07059004184064455,23.025131213720933,6,15,0,0,0,0,8,2,0.9477725724379221,0,0,0,0
426166,0.019218014925718306,0.0649786077439785,0.0741385496460164,22.599118284362966,2,1,0,0,0,0,2,0,0.984744668006897,0,0,0,0
414340,0.020885497331619263,0.07546128034591675,0.08547689692310718,21.3630250492125,2,1,0,0,0,0,2,0,0.9866529703140259,0,0,0,0
478136,0.01786018293350935,0.06398221179842949,0.06954313630974147,23.15491454130379,7,6,0,0,0,0,7,0,0.9802763291767665,0,0,0,0
248111,0.02663330137729645,0.09446368664503098,0.11115661647240002,19.081293626113947,7,6,0,0,0,0,8,1,0.9577829156603131,0,0,0,0
357742,0.02451542392373085,0.09391290694475174,0.10461518593605472,19.60810537447417,5,2,2,0,0,1,3,0,0.9585139751434326,0,0,0,0
350003,0.015595710463821888,0.05319450944662094,0.06413333500884547,23.858323513434602,7,6,0,1,0,1,6,0,0.9823870559533437,0,1,0,1
400573,0.017608517408370973,0.05975939184427261,0.06750635035273392,23.413107419401168,4,5,0,0,0,0,4,0,0.9404089599847794,0,0,0,0
396903,0.015310581773519516,0.054406244307756424,0.061504127093905125,24.22191481815951,1,3,0,0,0,0,1,0,0.9914008378982544,0,0,0,0
4795,0.020243861153721808,0.06677909269928932,0.07160071441535146,22.901652887614667,6,3,0,0,0,0,7,1,0.9417568147182465,0,0,0,0
103548,0.012596830911934375,0.04425071626901626,0.058702280357064165,24.626900555199697,22,19,0,0,0,0,23,1,0.9374646842479706,0,0,0,0
16439,0.024387509003281592,0.08138450831174851,0.09431821140854556,20.508088870465482,3,2,0,0,0,0,3,0,0.9443825085957845,0,0,0,0
289586,0.022799741104245187,0.08072235137224197,0.08328821712313106,21.588328687436583,1,1,0,0,0,0,1,0,0.9764392971992493,0,0,0,0
216636,0.035695089399814604,0.1294281929731369,0.14393882278760087,16.83644107075565,5,1,2,0,0,1,3,0,0.9555474321047465,0,0,0,0
568981,0.017977478355169295,0.06532734259963036,0.07448494417349677,22.558630068031285,8,4,1,0,0,1,7,0,0.9206859128815787,1,0,0,1
281414,0.018959851935505867,0.0691700629889965,0.07817837767493635,22.13826692216174,6,3,0,0,0,0,6,0,0.9621874491373698,0,0,0,0
547383,0.013987067341804504,0.04621514305472374,0.08173441544524265,21.751900781025235,2,3,0,0,0,0,2,0,0.9808211624622345,0,0,0,0
545826,0.029043995961546897,0.10631451159715652,0.11361855856614544,18.891014494933344,2,2,0,0,0,0,2,0,0.9137212634086609,0,0,0,0
166642,0.017547563090920447,0.06054912805557251,0.06867363808902582,23.26419889188978,1,1,0,0,0,0,1,0,0.9131163358688354,0,0,0,0
28809,0.02446703277528286,0.08704807460308076,0.09652004591135276,20.307649603677298,6,4,1,0,0,1,5,0,0.8841875910758972,0,0,0,0
119641,0.01530062798410654,0.054955413192510606,0.06728272773773199,23.44192819871203,25,21,0,1,0,1,25,0,0.9609048292040825,0,0,0,0
490413,0.02455499954521656,0.08270572423934937,0.08814365733536399,21.096178666353232,3,1,0,0,0,0,3,0,0.895638664563497,0,0,0,0
47571,0.017456548847258092,0.0625177800655365,0.11085653260024445,19.10477419016083,4,3,0,0,0,0,4,0,0.9752032309770584,0,0,0,0
317999,0.019522998481988907,0.07198983877897262,0.08381882600385962,21.533168526835702,5,4,0,0,0,0,5,0,0.9668939590454102,0,0,0,0
218091,0.024905439466238022,0.08720038384199143,0.10416259939716642,19.64576381481115,10,7,3,0,0,1,7,0,0.927697343485696,1,0,0,1
319696,0.02385365031659603,0.08715365380048752,0.09815769570285254,20.161512908490273,3,5,0,0,0,0,5,2,0.9634083310763041,0,0,0,0
525600,0.019235023856163026,0.06815703064203263,0.08442928843277615,21.470137418614964,13,8,2,0,1,1,11,0,0.9596852551807057,0,0,0,0
406417,0.020347652956843376,0.06751233041286468,0.08475792634812336,21.436393541958196,4,6,0,0,0,0,4,0,0.9908420890569687,0,0,0,0
320642,0.0241098552942276,0.08919373154640198,0.09847357396089892,20.133605993650722,6,6,1,0,1,1,5,0,0.9760836124420166,0,0,0,0
99054,0.018723218142986296,0.06458069309592247,0.07662179810798289,22.312953210146308,7,6,2,0,1,1,5,0,0.9790558815002441,0,0,0,0
374369,0.022951319813728333,0.08081486523151397,0.09448668480804687,20.492587770941846,4,2,0,0,0,0,4,0,0.9728604704141617,0,0,0,0
507015,0.012766970694065094,0.04391802102327347,0.05866323961722667,24.632679144519606,11,9,0,0,0,0,11,0,0.9641922820698131,0,0,0,0
455352,0.019121132045984267,0.06603647768497467,0.07436773851692531,22.572308499483462,2,2,0,0,0,0,2,0,0.9778108596801758,0,0,0,0
275058,0.015345918014645576,0.05291061699390411,0.07461092911032953,22.543951036429238,2,2,0,0,0,0,2,0,0.942692369222641,0,0,0,0
231088,0.02382536754012108,0.07832813411951065,0.0839770695364623,21.51678569144893,8,6,2,0,0,1,6,0,0.9754793842633566,0,1,0,1
280930,0.0218385998159647,0.08558618575334549,0.1008689594213125,19.924849187859184,5,4,0,0,0,0,6,1,0.9744630575180053,0,0,0,0
420916,0.017821939289569856,0.061361868679523465,0.0694086520580008,23.17172779354236,7,5,1,0,0,1,6,0,0.9579234023888906,0,0,0,0
570664,0.02302374355494976,0.08173594921827317,0.09435108365765768,20.50506214870101,6,3,1,0,0,1,6,1,0.9145326614379883,0,0,0,0
41872,0.022079198434948922,0.07786091566085815,0.08522895730474866,21.38825649409863,6,5,1,0,0,1,5,0,0.9667314648628235,0,0,0,0
227511,0.014952781237661838,0.050265853852033617,0.06045035342642599,24.37202311336845,9,7,0,0,0,0,9,0,0.9437475270695157,0,0,0,0
345027,0.01642701178789139,0.059792501479387285,0.07073950376493468,23.006759821413894,30,34,0,1,1,1,31,2,0.9418034861827719,0,0,1,1
21839,0.017606474086642267,0.059319506585597995,0.06849425060708143,23.286917631293612,17,15,0,0,1,1,17,0,0.9266485852353713,0,0,1,1
275749,0.023508112505078317,0.08387198597192765,0.10413205135846164,19.648311522049802,15,19,0,0,1,1,15,0,0.9502321163813273,0,0,0,0
57597,0.013915525563061238,0.04889060631394386,0.06195462357478146,24.15852554747402,42,32,1,0,0,1,42,1,0.9624252144883318,1,0,0,1
474293,0.01643608808517456,0.0603410042822361,0.06835385325916402,23.3047399651497,5,15,0,0,0,0,5,0,0.9711879611015319,0,0,0,0
338219,0.015607545524835587,0.051883818954229353,0.06304526653395287,24.00695029771164,15,18,0,0,0,0,15,0,0.9689429521560669,0,0,0,0
460160,0.018730110302567483,0.06324594840407372,0.07036264362097794,23.05315703738003,6,1,1,0,0,1,5,0,0.9585880398750305,1,0,0,1
89045,0.020963897183537483,0.07614061534404755,0.0888631761269807,21.025563367306827,13,9,1,0,0,1,14,2,0.9613102873166403,0,0,0,0
279145,0.01722666546702385,0.0607785314321518,0.06631365571639188,23.567940595825974,13,9,0,0,0,0,13,0,0.9428487465931819,0,0,0,0
530061,0.020377014949917793,0.07109174579381942,0.08006933435439692,21.9306756385275,9,7,1,0,1,1,8,0,0.9799531996250153,0,0,1,1
78426,0.026773744076490403,0.09585491120815277,0.1034795633835774,19.70290824783487,7,3,2,0,0,1,5,0,0.9638094782829285,1,0,0,1
284698,0.02221533693373203,0.07998195290565491,0.0965619838000375,20.303876410708057,4,2,1,0,0,1,3,0,0.9725138346354166,0,0,0,0
356125,0.018525467067956925,0.06796297580003738,0.07920916527757091,22.02449126740763,5,3,0,0,0,0,5,0,0.9776321887969971,0,0,0,0
42528,0.02210838459432125,0.08226452618837357,0.0950529551447875,20.440687532178217,4,3,0,0,0,0,4,0,0.8559102565050125,0,0,0,0
36539,0.01476292461156845,0.05333684980869293,0.06731060989567589,23.43832948640584,6,3,0,0,0,0,6,0,0.9282300372918447,0,0,0,0
471991,0.017651158012449743,0.06272346004843712,0.07007023203545505,23.08932888701992,3,1,1,0,0,1,3,1,0.9813427627086639,0,0,0,0
568814,0.02551843635737896,0.08953295350074768,0.09440218715453418,20.500358872906908,6,6,1,0,1,1,5,0,0.9712965726852417,0,0,0,0
58705,0.020837460458278657,0.06915006786584854,0.07581403462511337,22.405007814524566,5,4,0,0,0,0,6,1,0.9580958247184753,0,0,0,0
464824,0.021040428802371024,0.07817381471395493,0.08647780711643017,21.26190663301642,3,3,0,0,0,0,3,0,0.971427857875824,0,0,0,0
152120,0.015268838033080101,0.051222047209739684,0.05903862566268566,24.577275216809696,2,2,0,0,0,0,2,0,0.9183655083179474,0,0,0,0
497628,0.031228844821453095,0.11236555278301238,0.12887326613877412,17.79674329336206,10,2,1,0,0,1,11,2,0.9310405254364014,0,0,0,0
302452,0.01751569248735905,0.06073854714632034,0.06837150895720102,23.30249670255381,7,12,0,0,0,0,8,1,0.9429718852043152,0,0,0,0
417911,0.021104612201452256,0.07843026667833328,0.08397263479114885,21.5172443967325,2,2,0,0,0,0,2,0,0.99212846159935,0,0,0,0
520832,0.022855868563055992,0.08108927607536316,0.08670418746126508,21.239198547037592,2,15,0,0,0,0,3,1,0.9784042835235596,0,0,0,0
456559,0.022412266954779624,0.08098763823509217,0.09123211852927435,20.797044802649364,2,2,0,0,0,0,2,0,0.9858485758304596,0,0,0,0
54123,0.01431729607284069,0.04867114201188087,0.05600429579338148,25.035573185659036,6,6,0,0,0,0,8,2,0.9740863740444183,0,0,0,0
197870,0.028283634409308433,0.10574774146080017,0.11739477215431242,18.607024854798254,4,3,0,0,0,0,4,0,0.9262998551130295,0,0,0,0
561223,0.013650831766426563,0.047509513795375824,0.061074596814733026,24.282787826988866,2,2,0,0,0,0,2,0,0.9744979739189148,0,0,0,0
237118,0.020436932891607286,0.07366375923156739,0.08225803061683758,21.69643384754067,3,3,1,0,0,1,2,0,0.9567030370235443,0,0,0,0
1584,0.01763968151062727,0.05804952904582024,0.07122287063126437,22.947610522195344,13,14,0,0,0,0,13,0,0.9741980937811044,0,0,0,0
197658,0.0183888278901577,0.06208071187138557,0.08151365457829118,21.775392705864903,2,2,0,0,0,0,2,0,0.9349942803382874,0,0,0,0
102411,0.016114850901067256,0.056805200129747394,0.07174576482271167,22.884074607813286,20,14,3,0,2,1,17,0,0.9758259969599107,1,0,1,1
330818,0.020345711335539817,0.07038484662771224,0.07767304443276499,22.194593442567022,9,9,0,0,1,1,10,1,0.9709846708509657,0,0,1,1
234526,0.01634686756879091,0.05571877881884575,0.06558510250499482,23.663895966947234,12,11,1,0,0,1,11,0,0.946785569190979,0,0,0,0
134856,0.01968248710036278,0.06812112480401993,0.08495689885275497,21.416026976974543,8,6,1,0,1,1,8,1,0.9018586959157672,0,0,0,0
372349,0.0177023533731699,0.06188792958855629,0.07924702726514651,22.020340403417514,3,5,0,0,0,0,3,0,0.9734710653622946,0,0,0,0
253452,0.02282475307583809,0.0824568435549736,0.09695678512190713,20.268435864166964,20,15,1,0,0,1,20,1,0.9466992616653442,0,0,0,0
155154,0.027556463330984115,0.10393211245536804,0.10622252476397256,19.475667604180178,1,1,1,0,0,1,0,0,,0,0,0,0
339442,0.02416621819138527,0.08406194001436233,0.09983064447324624,20.01472250435902,3,3,1,0,0,1,2,0,0.9447390139102936,0,0,0,0
52891,0.020743561908602715,0.07228309214115143,0.08383195351667376,21.53180826918483,6,8,0,0,0,0,7,1,0.9046262602011362,0,0,0,0
206411,0.02590121068060398,0.09235101342201232,0.09991838823823454,20.00709160174296,3,2,0,0,0,0,3,0,0.9570702711741129,0,0,0,0
323751,0.014948436431586743,0.052987919002771375,0.068518023670403,23.28390344577584,3,9,0,0,0,0,3,0,0.914306104183197,0,0,0,0
48555,0.017467808723449708,0.061657296121120454,0.06698274649690017,23.480740980654602,6,6,0,0,0,0,6,0,0.879835178454717,0,0,0,0
410612,0.019349876418709756,0.06556942462921142,0.07827275406568271,22.1277877008896,3,1,0,0,0,0,4,1,0.9056482712427775,0,0,0,0
340272,0.016263361647725107,0.053639665991067884,0.062127182673386294,24.134366804172345,3,3,0,0,0,0,3,0,0.9842608571052551,0,0,0,0
365745,0.0178986856713891,0.06534285098314285,0.08123701801324448,21.80492053453265,13,8,2,0,0,1,11,0,0.9714134010401639,0,0,0,0
461405,0.019392399489879607,0.06797153353691102,0.07979840505869258,21.9601157772789,15,12,0,0,0,0,17,2,0.9626467665036519,0,0,0,0
248631,0.02459762655198574,0.07996771782636643,0.08543701293155709,21.36707887906769,5,2,1,0,0,1,4,0,0.9740886241197586,0,0,0,0
260657,0.023414162918925285,0.08183979392051696,0.08505474534569102,21.406029027281654,1,0,0,0,0,0,1,0,0.8881149888038635,0,0,0,0
309484,0.021867354959249498,0.0795405775308609,0.08398221311812676,21.51625369843265,4,4,1,1,1,1,5,2,0.7785601615905762,1,0,1,1
498286,0.023845258355140685,0.0841145396232605,0.09276558301843348,20.652262432002033,2,3,0,0,0,0,3,1,0.9440000355243683,0,0,0,0
530146,0.014003502763807773,0.05177595689892769,0.06288158381750619,24.029530562483423,10,6,0,0,0,0,10,0,0.9702451169490814,0,0,0,0
331317,0.019529885426163674,0.06638376712799073,0.07251793321101313,22.791091639198267,1,2,0,0,0,0,1,0,0.9823647737503052,0,0,0,0
492284,0.014529857039451598,0.05179278030991554,0.06466257213629138,23.78694048184448,6,4,0,0,0,0,6,0,0.9459451138973236,0,0,0,0
509258,0.015913178399205207,0.057292210310697554,0.06543623031885702,23.683634553138987,4,1,0,0,0,0,6,2,0.8840983211994171,0,0,0,0
281929,0.01853933557868004,0.06557939425110818,0.07483657776610775,22.517721615123484,3,3,0,0,0,0,3,0,0.9519169330596924,0,0,0,0
179898,0.020181190595030783,0.07117728516459465,0.08070318455507525,21.862186552793087,17,26,0,0,0,0,17,0,0.9339364030781914,0,0,0,0
279774,0.014871889725327492,0.05348155722022056,0.06850359597143359,23.285732608236046,10,9,0,0,0,0,10,0,0.9797605812549591,0,0,0,0
160772,0.020700341463088988,0.07108215391635894,0.08110173706894239,21.819396875979766,8,11,0,1,1,1,8,1,0.9504821045058114,0,0,1,1
542073,0.021651426702737807,0.07917325496673584,0.08430081042000198,21.483365005905366,2,0,0,0,0,0,2,0,0.9574934542179108,0,0,0,0
107226,0.024207009375095366,0.0805136188864708,0.09693847840176954,20.27007602956691,27,18,1,1,0,1,28,2,0.9196538996696472,0,1,0,1
36660,0.015758685767650604,0.05589982494711876,0.06681255755850063,23.502838066113092,6,5,0,0,0,0,7,1,0.9649704794088999,0,0,0,0
23359,0.024250319227576256,0.09084901213645935,0.09826894591028282,20.151674048350547,3,2,0,0,0,0,3,0,0.9857434630393982,0,0,0,0
343976,0.028032032772898674,0.10774311870336532,0.12415994874090848,18.120369507662517,4,9,0,0,0,0,4,0,0.9779749363660812,0,0,0,0
12748,0.01921597458422184,0.07074842303991317,0.09384113375512565,20.552135077394347,4,3,0,0,0,0,4,0,0.9554103761911392,0,0,0,0
67310,0.019560730457305907,0.06584454253315926,0.10048459027705278,19.958010679450467,6,6,0,0,0,0,6,0,0.9782726665337881,0,0,0,0
284106,0.02371276877820492,0.09309302568435669,0.11340017499289978,18.907725505265752,8,4,1,0,0,1,8,1,0.9622777359826225,0,0,0,0
451879,0.020751026645302772,0.07212310135364533,0.08253499589889503,21.667237319149688,9,6,0,0,0,0,10,1,0.9389505320125155,0,0,0,0
433980,0.031150099262595175,0.10801064670085907,0.11413478609310247,18.85163941561058,2,2,1,0,1,1,1,0,0.9798465371131897,0,0,0,0
19042,0.01861111931502819,0.06416237652301789,0.07291393674116137,22.74378905742797,4,3,0,0,0,0,5,1,0.9745092540979385,0,0,0,0
70739,0.020409347116947175,0.06868448927998543,0.07723048758362522,22.244224465938913,5,5,0,0,0,0,5,0,0.9689076781272888,0,0,0,0
415536,0.017839002795517443,0.066657754778862,0.0752399399636481,22.471031193179254,2,2,0,0,0,0,2,0,0.9490087032318115,0,0,0,0
462756,0.016854870691895486,0.05904826372861862,0.07157926776196454,22.904254972947896,7,3,0,0,0,0,7,0,0.9760716983250209,0,0,0,0
131444,0.02199350520968437,0.07072414457798004,0.0767846355424626,22.294513455275627,4,2,0,0,0,0,5,1,0.9733173102140427,0,0,0,0
564133,0.016589242592453958,0.057540425658226015,0.07228558024798655,22.8189665695483,7,8,0,0,0,0,7,0,0.9703005807740348,0,0,0,0
176232,0.021217485144734382,0.07437781840562821,0.07751048189167263,22.212791260868325,5,2,0,0,0,0,5,0,0.9599311828613282,0,0,0,0
239537,0.011135664395987987,0.03715943396091461,0.05068523127800692,25.902371349361406,3,3,0,0,0,0,3,0,0.9753636916478475,0,0,0,0
396568,0.01580631323158741,0.057411734759807584,0.07085940167728542,22.992050381674215,1,1,0,0,0,0,1,0,0.9918581247329712,0,0,0,0
577182,0.014297450706362725,0.049301449209451675,0.05378452859984898,25.386852668835274,4,4,0,0,0,0,4,0,0.9895544499158859,0,0,0,0
251119,0.027231930196285246,0.09704405516386032,0.10753955002489492,19.368635701257215,7,2,0,0,0,0,7,0,0.9508921929768154,0,0,0,0
491090,0.016922643594443797,0.057811154425144194,0.06749632036073804,23.414398051701205,9,6,1,0,0,1,8,0,0.9300229698419571,0,0,0,0
96001,0.019476891309022904,0.06463671326637269,0.06857075502530566,23.277221370757054,8,3,1,0,0,1,7,0,0.9713050637926374,0,0,0,0
376112,0.01663036420941353,0.05987520441412926,0.073663055981411,22.655005359816734,21,22,0,0,0,0,22,1,0.9688304662704468,0,0,0,0
38210,0.016736450605094433,0.06064557954668999,0.07018078732261362,23.075635279280707,6,3,0,0,0,0,7,1,0.9774823586146036,0,0,0,0
332570,0.017956662550568582,0.06299793794751167,0.06994652064660462,23.104677675355024,2,2,0,0,0,0,2,0,0.9864482879638672,0,0,0,0
283070,0.017227140069007874,0.057846978306770325,0.06373279213324035,23.912741093294116,5,5,0,0,0,0,5,0,0.9872877359390259,0,0,0,0
569059,0.019859283044934273,0.07065230458974839,0.08201319253565602,21.72232563900922,10,14,1,0,0,1,9,0,0.9510342412524753,0,0,0,0
137727,0.021847300976514817,0.06616094559431077,0.07459112099233578,22.54625732012606,16,26,0,0,0,0,20,4,0.96714186668396,0,0,0,0
213830,0.01668981071561575,0.060128270834684375,0.0734477186832379,22.68043378063797,8,10,0,0,0,0,9,1,0.9854849204421043,0,0,0,0
89556,0.019462674483656885,0.06845472902059554,0.08072865946498253,21.859445182164833,19,15,0,0,0,0,19,0,0.9363628845465811,0,0,0,0
56344,0.029181180894374846,0.10725496709346771,0.11733420866895437,18.611507026192214,7,7,0,0,0,0,7,0,0.9704857468605042,0,0,0,0
200667,0.02585058957338333,0.08690827637910843,0.09181820185820601,20.741424331749656,3,1,0,0,0,0,3,0,0.8988890846570333,0,0,0,0
340175,0.018473013862967493,0.06350192427635193,0.07633041856254609,22.346047122627276,32,28,3,1,0,1,29,1,0.9489830689770835,0,0,0,0
448448,0.019192835316061974,0.06207418218255043,0.06884050212774599,23.243119411133016,2,2,0,0,0,0,2,0,0.9782087504863739,0,0,0,0
367680,0.017474400997161865,0.057993586361408236,0.07013598373157698,23.081182143813507,22,14,3,0,1,1,21,2,0.9637018253928736,0,0,0,0
424721,0.021866179630160333,0.07893925309181213,0.0914418605106895,20.777098924060855,22,7,1,0,0,1,21,0,0.9536412642115638,0,1,0,1
724,0.018112914636731148,0.06668305322527886,0.08065439196611286,21.867439569911188,4,4,1,0,1,1,3,0,0.960646907488505,0,0,0,0
245311,0.018695114739239217,0.07127528935670853,0.08110215964402281,21.819351618860956,26,17,1,1,0,1,24,0,0.9148081317543983,0,1,0,1
554595,0.023482001572847366,0.08395498842000962,0.08717231756659846,21.192428153819904,2,2,0,0,0,0,2,0,0.981688529253006,0,0,0,0
355610,0.028958604857325553,0.10357791483402252,0.11075764842245417,19.11252547311821,3,1,0,0,0,0,3,0,0.9096038738886515,0,0,0,0
218362,0.024704296514391898,0.0889343649148941,0.09889398174756012,20.096602736985165,8,8,1,0,0,1,7,0,0.9716174176761082,0,0,0,0
314264,0.021945184096693993,0.0779954507946968,0.084823559846932,21.429670103350972,7,5,1,0,0,1,6,0,0.9464908142884573,0,0,0,0
230983,0.01675964966416359,0.05954459086060524,0.06881851116182504,23.24589454514109,9,7,0,1,0,1,8,0,0.9210297912359238,0,1,0,1
488664,0.024088585376739503,0.09259648025035858,0.10487262173496631,19.586757496631645,1,3,0,0,0,0,1,0,0.9811985492706299,0,0,0,0
403584,0.018835233896970748,0.06770354360342026,0.08976278431567075,20.93807369346562,8,9,1,0,0,1,7,0,0.8906267881393433,1,0,0,1
270677,0.014746410027146339,0.04985164180397987,0.06361264207200566,23.92913132334946,2,2,0,0,0,0,2,0,0.9907881915569305,0,0,0,0
444275,0.014798113703727722,0.05231698527932167,0.059698339491222885,24.480754971994976,2,1,0,0,0,0,2,0,0.9883577823638916,0,0,0,0
365642,0.03188215121626854,0.11388587653636932,0.14407486067522138,16.82823583444791,10,7,0,0,0,0,11,1,0.9076522648334503,0,0,0,0
506656,0.018247356079518794,0.06398962736129761,0.10317735170794262,19.72831247040315,6,5,0,0,0,0,6,0,0.9778379400571188,0,0,0,0
245651,0.03149132430553436,0.11443417966365814,0.12134929341628309,18.319254962051335,2,1,0,0,0,0,2,0,0.9576915800571442,0,0,0,0
285788,0.016823249496519567,0.06389421001076698,0.08618418588666282,21.29144832903476,4,4,0,0,0,0,4,0,0.9343358278274536,0,0,0,0
552883,0.027182523906230927,0.09144866764545441,0.09845417915951002,20.135316886120588,6,1,2,0,0,1,4,0,0.9280554056167603,1,0,0,1
490171,0.01437289621680975,0.04990698322653771,0.06589346326505639,23.62315331926429,7,3,0,0,0,0,8,1,0.881051344530923,0,0,0,0
20059,0.014213060028851032,0.0512856163084507,0.06743850358368408,23.421841499741856,2,2,0,0,0,0,2,0,0.9934568703174591,0,0,0,0
315219,0.03417956978082657,0.1260495513677597,0.12153463084277744,18.305999076552148,2,1,0,0,0,0,2,0,0.6583309173583984,0,0,0,0
94326,0.014722613617777824,0.04632410556077957,0.062466553413403896,24.087049111056565,4,2,0,0,0,0,4,0,0.9028777778148651,0,0,0,0
356505,0.016276195645332336,0.05595577359199524,0.06611439596277377,23.594079310598826,4,2,0,0,0,0,4,0,0.9766841530799866,0,0,0,0
546011,0.014130806364119054,0.049378829449415206,0.05677636766556786,24.916647908362627,4,3,0,0,0,0,5,1,0.9500654637813568,0,0,0,0
554735,0.02134886644780636,0.0766673058271408,0.08601261374025111,21.308757096968684,2,2,0,0,0,0,2,0,0.9724190831184387,0,0,0,0
268729,0.01436966247856617,0.051824259012937544,0.06134444293779204,24.24449545931384,14,10,0,0,0,0,15,1,0.9507603645324707,0,0,0,0
398742,0.02047960050404072,0.07231023758649827,0.08308224873081464,21.609835144479902,11,8,2,0,0,1,9,0,0.9484204120106168,1,0,0,1
450758,0.013640830852091312,0.04826255738735199,0.06400853107632454,23.875242785178582,9,7,0,0,0,0,9,0,0.898435135682424,0,0,0,0
335800,0.017924893647432327,0.05949157774448395,0.06760209351866259,23.400797090183683,1,1,0,0,0,0,2,1,0.8301945924758911,0,0,0,0
28452,0.027052393183112144,0.09441763013601304,0.09823906138215949,20.154315912351333,3,2,0,0,0,0,3,0,0.9003310402234396,0,0,0,0
447088,0.013061879575252533,0.04261358752846718,0.05660652095888143,24.94267072134718,5,6,0,0,0,0,5,0,0.9549050569534302,0,0,0,0
134112,0.025718024000525475,0.09201767593622208,0.10306422792570911,19.737840915522742,3,3,0,0,0,0,3,0,0.9232169191042582,0,0,0,0
454798,0.016701250709593295,0.05820829048752785,0.1187803241970284,18.50510987402582,6,7,0,0,0,0,7,1,0.9746919174989065,0,0,0,0
576031,0.017705182172358037,0.06293047219514847,0.07632750030835289,22.346379206728102,8,5,1,0,0,1,8,1,0.9409069248608181,0,0,0,0
140640,0.020978504419326784,0.07370381504297256,0.08417379621432002,21.49646171649074,15,11,1,0,1,1,14,0,0.9702921509742737,0,0,0,0
87470,0.017251304909586908,0.0605799987912178,0.08162284716204714,21.763765205418146,17,19,1,0,0,1,17,1,0.9215311445295811,0,0,0,0
356387,0.017030749283730984,0.06241389438509941,0.07691855249299812,22.279377944266198,28,20,1,0,1,1,29,2,0.9660370769324126,0,0,0,0
443498,0.023986947163939475,0.0896649107336998,0.09940354622674985,20.05196243695574,4,1,0,0,0,0,4,0,0.9207759946584702,0,0,0,0
102820,0.016821570694446564,0.05916741639375687,0.06812440418807497,23.333945660240065,3,2,0,0,0,0,3,0,0.9855594436327616,0,0,0,0
292415,0.029063086956739426,0.09506226480007171,0.10776729805899807,19.35026011269683,2,2,0,0,0,0,2,0,0.9103443026542664,0,0,0,0
164115,0.01719910856336355,0.06156146302819252,0.07113534675684291,22.958290942667805,1,2,0,0,0,0,1,0,0.9934571981430054,0,0,0,0
349594,0.0192642442882061,0.06969648897647858,0.0764892476599208,22.327992214617765,2,2,0,0,0,0,2,0,0.9875216484069824,0,0,0,0
271402,0.016617429070174695,0.05622981339693069,0.06845423765413357,23.291993234649304,7,3,1,0,0,1,7,1,0.9338851074377695,0,0,0,0
245915,0.014169724471867085,0.04855421856045723,0.06399145049305044,23.87756091148351,17,13,0,0,0,0,18,1,0.9627995701397166,0,0,0,0
262440,0.025544579699635507,0.09000096023082733,0.10079424903349889,19.931284930085308,7,3,0,0,0,0,7,0,0.951784440449306,0,0,0,0
58111,0.024095167219638825,0.08264450579881669,0.08935522926382897,20.977600530996416,3,6,1,0,0,1,2,0,0.9775557518005371,1,0,0,1
26204,0.014503315649926662,0.053282222151756285,0.06333034207493628,23.96776332302981,16,13,1,0,0,1,17,2,0.9462791919708252,0,0,0,0
316404,0.028209721297025682,0.1016070544719696,0.11334625593195678,18.911856419429704,7,6,0,0,0,0,8,1,0.9805534992899213,0,0,0,0
27696,0.019849030673503874,0.07336133569478989,0.0826801313324105,21.65197684387131,6,4,1,0,0,1,6,1,0.9184659719467163,0,0,0,0
548246,0.01777337659150362,0.06074398532509804,0.07517405539645663,22.47864040686586,34,19,2,0,0,1,33,1,0.9486408941447735,0,0,0,0
79565,0.018159861117601393,0.06524657011032105,0.08543837377001276,21.366940531551762,2,2,0,0,0,0,2,0,0.9885325729846954,0,0,0,0
389684,0.019191885739564894,0.06822298020124436,0.0780850103195836,22.148646559405094,2,2,0,0,0,0,2,0,0.9642183184623718,0,0,0,0
419882,0.02373877018690109,0.08465110510587692,0.0957148143242206,20.380416776053472,7,7,0,1,1,1,6,0,0.942386527856191,0,0,0,0
78404,0.023638657107949258,0.08357182741165162,0.09797689454067621,20.17752659974149,7,6,0,0,0,0,8,1,0.9415159821510315,0,0,0,0
546976,0.02436811216175556,0.09091624617576599,0.10082292479602013,19.928814163280123,4,3,0,0,0,0,4,0,0.9253659546375275,0,0,0,0
574702,0.02190619893372059,0.0781931921839714,0.09357689556474248,20.576627334504384,18,18,2,0,1,1,19,3,0.9709495343267918,0,0,0,0
467776,0.013448680378496647,0.043315845727920535,0.06733944710844525,23.434609074294826,8,8,1,0,0,1,7,0,0.9726026569093976,0,0,0,0
533536,0.028749414160847662,0.1012546956539154,0.11935293876841271,18.463337662144554,1,2,0,0,0,0,1,0,0.9421678781509399,0,0,0,0
23034,0.018028102815151215,0.060621140897274016,0.077886092541017,22.170801673740318,6,5,0,0,0,0,6,0,0.9752257267634074,0,0,0,0
500211,0.01822352111339569,0.06505876779556274,0.07272901057164771,22.765846413344182,8,13,0,0,0,0,8,0,0.9494262188673019,0,0,0,0
420472,0.021559654921293258,0.07214913368225098,0.08124937249529872,21.803599689537204,3,2,0,0,0,0,3,0,0.9443822900454203,0,0,0,0
209757,0.02510943226516247,0.09255041480064392,0.10843136152168253,19.296901779209087,9,9,1,0,0,1,8,0,0.9667477086186409,0,0,0,0
284762,0.020187543332576753,0.07283765971660613,0.08526564430925758,21.384518437008055,2,1,0,0,0,0,2,0,0.9245232343673706,0,0,0,0
397354,0.017737937159836292,0.0661088153719902,0.07994873089586754,21.943768516853055,37,35,2,0,0,1,35,0,0.9686638815062386,1,0,0,1
482585,0.0188236553221941,0.061487842351198196,0.07741117185151773,22.223927162739358,7,6,1,0,0,1,6,0,0.9756416976451874,0,0,0,0
325838,0.020944253355264664,0.07460752576589584,0.08361261441372866,21.554563935190867,16,18,2,0,0,1,14,0,0.8625659772327968,0,0,0,0
249025,0.020279797539114953,0.07553227245807648,0.08699323988820654,21.21028988862012,3,1,0,0,0,0,4,1,0.9575167298316956,0,0,0,0
310862,0.023792678117752077,0.08526472002267838,0.10115098362738845,19.90059779283733,3,3,0,0,0,0,3,0,0.9543858369191488,0,0,0,0
521282,0.02826070450246334,0.09835452139377594,0.10299131603999592,19.74398784665452,2,1,0,0,0,0,2,0,0.9778200089931488,0,0,0,0
147415,0.026209096983075143,0.10145300179719925,0.11981255355136894,18.429953513314768,6,10,0,0,0,0,7,1,0.8879308998584747,0,0,0,0
29187,0.015604037418961525,0.05602654963731766,0.17316065738867234,15.231015481925724,3,2,0,0,0,0,4,1,0.971915582815806,0,0,0,0
97278,0.016756357811391353,0.05893553644418716,0.06958481226971841,23.149710801818753,3,2,0,0,0,0,3,0,0.8455116152763367,0,0,0,0
366711,0.018819276988506318,0.06695768088102341,0.07077907488155545,23.001902362215702,23,14,0,1,0,1,24,2,0.9741152633320201,0,0,0,0
464872,0.015606597252190112,0.05559314787387848,0.06541672293866999,23.6862243143705,2,2,0,0,0,0,2,0,0.9852214753627777,0,0,0,0
114871,0.019786741584539413,0.0680268570780754,0.07731942163395603,22.2342280649651,3,2,0,0,0,0,3,0,0.9587451219558716,0,0,0,0
118367,0.026560116931796073,0.10426814258098602,0.11198252830273814,19.016994627599015,5,10,0,0,0,0,5,0,0.9530890703201294,0,0,0,0
223090,0.02220223881304264,0.07790677398443221,0.08320609377142364,21.596897321687866,8,4,2,0,0,1,7,1,0.9296986361344656,1,0,0,1
378284,0.019325250759720802,0.06874610409140587,0.08320221823720791,21.597301898383417,10,7,0,0,0,0,10,0,0.9554892897605896,0,0,0,0
167902,0.017994600906968118,0.0638800911605358,0.07443708520143262,22.56421282520423,2,1,0,0,0,0,2,0,0.7360132038593292,0,0,0,0
91921,0.012838048301637173,0.04571089819073677,0.057474209915318895,24.81053980327047,3,2,0,0,0,0,3,0,0.9010699590047201,0,0,0,0
273712,0.021625426039099692,0.07301795929670334,0.09233026360742684,20.693118490111626,1,1,0,0,0,0,1,0,0.9677786827087402,0,0,0,0
61747,0.013544389232993125,0.04723126739263535,0.05778378967219429,24.76387957875609,4,2,0,0,0,0,4,0,0.983626663684845,0,0,0,0
377670,0.023337763920426368,0.08128973692655564,0.0927840757956119,20.650531076382933,14,3,1,0,0,1,14,1,0.9548159425075238,0,0,0,0
526392,0.02493833415210247,0.09161985963582993,0.10379378611952222,19.67657291718513,11,8,0,0,0,0,13,2,0.9614755240353671,0,0,0,0
44877,0.02461070418357849,0.08773612976074219,0.0961547496639411,20.34058516935376,10,6,0,0,0,0,10,0,0.9202162265777588,0,0,0,0
292155,0.019008022919297218,0.06113092079758644,0.06410546498211392,23.86209890715676,2,2,0,0,0,0,2,0,0.9213560521602631,0,0,0,0
324927,0.025302376970648764,0.09036947190761566,0.10201638802171387,19.826601142073507,5,3,0,0,0,0,5,0,0.9807486414909363,0,0,0,0
270908,0.02121725454926491,0.07351291477680207,0.07709065031873993,22.259965814130492,3,2,0,0,0,0,3,0,0.9757722417513529,0,0,0,0
261982,0.018651119992136957,0.06717263907194138,0.10218054761328055,19.81263548291095,10,5,0,1,0,1,10,0,0.9334242343902588,0,0,0,0
282037,0.013732059486210346,0.050167862325906754,0.06511524188669052,23.726346836164495,19,27,0,1,0,1,20,1,0.9559905893272824,0,1,0,1
150649,0.021262548118829726,0.07631327360868453,0.08638635299646366,21.27109720747175,13,11,0,0,0,0,13,0,0.9380745337559626,0,0,0,0
125062,0.02639758251607418,0.09460445940494537,0.10672765244683705,19.434460861900234,11,10,0,2,0,1,11,1,0.8341317839092679,0,2,0,1
486046,0.019065164402127265,0.062042050808668134,0.08608496824729964,21.30145352776323,3,3,0,0,0,0,3,0,0.9910135865211487,0,0,0,0
152870,0.021285099536180498,0.07594109773635864,0.08393960117621942,21.520661971820726,2,2,0,0,0,0,2,0,0.9892402589321136,0,0,0,0
463199,0.020239590480923653,0.07236409038305283,0.08465368938687938,21.44708219340513,18,16,0,0,0,0,20,2,0.9647254116005368,0,0,0,0
108253,0.020548991858959198,0.07814927548170089,0.10020207826928476,19.982465415379032,14,13,0,0,0,0,15,1,0.9605091001306262,0,0,0,0
370818,0.02184992767870426,0.07647513449192048,0.08580149263645062,21.33010313856542,3,3,0,0,0,0,3,0,0.9515008727709452,0,0,0,0
395388,0.020333662629127502,0.07425119131803512,0.08703709914301733,21.205911839860573,14,12,1,0,0,1,13,0,0.9687512654524583,0,0,0,0
5529,0.021604760736227035,0.07621056586503983,0.08060075773372127,21.873217506819515,2,2,0,0,0,0,2,0,0.9884243011474609,0,0,0,0
491464,0.01707550007849932,0.06023059189319611,0.07508877699053196,22.488499383834828,8,13,0,0,0,0,9,1,0.9522615671157837,0,0,0,0
32038,0.027491990476846695,0.09977492690086365,0.11834444698409413,18.537042308689543,3,4,0,0,0,0,3,0,0.9683639208475748,0,0,0,0
88265,0.018409648165106773,0.06388846859335899,0.07794791540931377,22.16390989643998,1,1,0,0,0,0,1,0,0.9833283424377441,0,0,0,0
17436,0.02053913436830044,0.07372007369995118,0.08259316124856977,21.661118219443654,3,3,1,0,0,1,2,0,0.9772325158119202,0,0,0,0
577539,0.023758609592914582,0.08370385766029358,0.09258661612056597,20.669035766378872,7,5,0,0,0,0,8,1,0.9220758676528931,0,0,0,0
433103,0.0215001467615366,0.07996161431074142,0.09533656049446235,20.414810407781108,23,19,0,0,0,0,23,0,0.9493628999461299,0,0,0,0
185292,0.022665195912122727,0.07922744154930114,0.09122131276234277,20.798073642704246,3,2,0,0,1,1,4,1,0.8986216982205709,0,0,1,1
520531,0.020103085041046142,0.06800749003887177,0.08651072796782136,21.25860066958609,59,18,4,0,0,1,57,2,0.9457439227537675,0,1,0,1
576654,0.02545512318611145,0.09281083792448044,0.1082737144456502,19.30953928056545,3,3,0,0,0,0,3,0,0.9405799706776937,0,0,0,0
528314,0.023880310729146002,0.08537033349275588,0.09565559112089499,20.385792802961333,14,10,0,0,0,0,14,0,0.9723446113722665,0,0,0,0
232348,0.021653592213988306,0.07973016053438187,0.0840804246384333,21.50610207240725,1,1,1,0,0,1,1,1,,0,0,0,0
107339,0.031157467886805533,0.11768517941236496,0.12908357357656375,17.782580400054414,4,8,1,0,1,1,3,0,0.9406254688898722,0,0,0,0
570456,0.02156596928834915,0.07832415997982026,0.09273266672205543,20.6553450198004,5,11,0,0,0,0,6,1,0.9830541014671326,0,0,0,0
69356,0.01469980925321579,0.0539702370762825,0.06665835898656294,23.52290764244853,15,22,0,0,0,0,15,0,0.9707310120264689,0,0,0,0
452084,0.02247570678591728,0.08128553479909897,0.09848851127319937,20.13228854368338,8,5,0,0,0,0,8,0,0.9379096031188965,0,0,0,0
299355,0.028191713988780974,0.10679310113191605,0.11861797467414209,18.516989910783625,8,2,0,1,0,1,7,0,0.8727670737675258,0,0,0,0
356094,0.020156563073396683,0.07343149036169053,0.08624814549768588,21.285004686550106,4,4,0,0,0,0,4,0,0.9699760377407074,0,0,0,0
416343,0.02170092537999153,0.07860893607139588,0.08624980619675379,21.284837442258976,12,7,1,0,1,1,12,1,0.9538045959039168,0,0,0,0
137106,0.033784573525190355,0.11842177957296371,0.12207648068227023,18.267359987898764,3,2,0,0,0,0,3,0,0.9430896838506063,0,0,0,0
386879,0.020078910887241362,0.07137841954827309,0.07759599420485257,22.203213961339365,2,2,0,0,0,0,2,0,0.9737622737884521,0,0,0,0
79837,0.02670430839061737,0.09299516379833221,0.10825349624959561,19.31116136787316,10,8,0,0,0,0,11,1,0.9248298346996308,0,0,0,0
255165,0.02215680181980133,0.07411498427391053,0.0878876916281167,21.121438842615404,32,22,3,1,0,1,31,3,0.9405212274619511,1,0,0,1
27972,0.017238451167941093,0.060180576890707015,0.0652848988867702,23.70374528371588,2,2,0,0,0,0,2,0,0.9700252413749695,0,0,0,0
132408,0.016931367106735706,0.05955528393387795,0.15901202279138843,15.971400754527119,8,6,0,0,0,0,8,0,0.9585527703166008,0,0,0,0
574520,0.01864756867289543,0.066574327647686,0.07156364672390929,22.906150737242005,3,2,0,0,0,0,3,0,0.9167360663414001,0,0,0,0
304404,0.012813637964427471,0.04624815806746483,0.05963111771468923,24.49054100484354,44,17,0,0,0,0,45,1,0.9676161503249948,0,0,0,0
100723,0.016682547517120838,0.060272646695375444,0.08185117998503517,21.73950110639801,48,17,1,0,0,1,49,2,0.9681966875461822,0,0,0,0
515982,0.012995524890720844,0.04518458172678948,0.05675770212032039,24.91950391216519,7,5,0,0,0,0,7,0,0.9735575914382935,0,0,0,0
342186,0.02141602449119091,0.07693986743688583,0.08224650750348879,21.69765069532058,3,2,0,0,0,0,3,0,0.9711906313896179,0,0,0,0
77396,0.017671814002096654,0.05814074277877808,0.0698334545533014,23.118729470986334,8,9,1,0,1,1,7,0,0.9755140798432487,0,0,0,0
382030,0.023516029492020606,0.08632625192403794,0.09303289526862614,20.627269263839466,5,4,0,0,0,0,7,2,0.9230327486991883,0,0,0,0
520659,0.01736440062522888,0.06193669587373733,0.07412224502037147,22.601028704171945,26,29,1,0,0,1,25,0,0.9554496550559998,1,0,0,1
127394,0.018288164213299752,0.06694668829441071,0.08256575388837012,21.664000986116623,36,22,0,0,0,0,39,3,0.9662584712107977,0,0,0,0
57672,0.015118676796555519,0.053767694532871245,0.06694878912129788,23.48514547018485,35,16,3,0,1,1,35,3,0.9669934473931789,1,0,0,1
452891,0.02279573865234852,0.08194783329963684,0.08479675509874109,21.432415329788913,1,2,0,0,0,0,1,0,0.9487232565879822,0,0,0,0
265777,0.018702882155776025,0.07346981316804886,0.08692115874277545,21.21748985498263,6,6,1,0,0,1,5,0,0.978811526298523,0,0,0,0
143068,0.018747901171445848,0.06091304942965507,0.07472016571948219,22.531243471379163,15,15,0,0,1,1,15,0,0.9395557999610901,0,0,0,0
18491,0.017285896837711333,0.058331099897623064,0.07360174923057858,22.66223728059773,11,14,0,0,0,0,13,2,0.9523341276428916,0,0,0,0
194875,0.02159235030412674,0.07843477576971054,0.09463215196314062,20.47922567623079,34,39,4,0,2,1,33,3,0.955555772781372,0,0,0,0
56127,0.019510584697127343,0.07049615234136582,0.08011978491705873,21.925204504958128,9,8,2,0,0,1,7,0,0.9627205899783543,0,1,0,1
157124,0.0286276962608099,0.09881419986486435,0.10741701080963206,19.378538745958643,2,1,0,0,0,0,2,0,0.9439825713634491,0,0,0,0
69138,0.026426338031888007,0.09990138709545135,0.14628857585656604,16.695791759951234,3,2,0,0,0,0,3,0,0.9361307422320048,0,0,0,0
4765,0.019077775441110133,0.06999742835760117,0.07963185498042387,21.978263350078958,3,2,0,0,0,0,3,0,0.8290158112843832,0,0,0,0
93353,0.02646304592490196,0.09837860465049744,0.11080024696347866,19.109185432087436,5,5,1,0,0,1,5,1,0.950715571641922,0,0,0,0
363207,0.02089318074285984,0.07689797878265381,0.08911478985402219,21.001004253952907,19,14,2,1,0,1,17,1,0.9647068865597248,0,0,0,0
353180,0.022084057331085205,0.0787686362862587,0.08702451769354334,21.207167499595265,14,12,1,0,0,1,13,0,0.9393835572096018,0,0,0,0
252701,0.012972978502511978,0.043626852333545685,0.05620114243184078,25.005097123920702,4,4,0,0,0,0,4,0,0.9708817899227142,0,0,0,0
522007,0.02361619994044304,0.08054295480251313,0.09317973541551029,20.613570541363387,11,9,1,0,0,1,11,1,0.9720816850662232,0,0,0,0
238039,0.017485277727246284,0.06411683857440949,0.07202854443587874,22.849907228512603,2,1,0,0,0,0,2,0,0.9881036579608917,0,0,0,0
229849,0.016699834354221822,0.05854099243879318,0.07248109632764825,22.79550492543086,66,27,0,0,0,0,66,0,0.9631940135450074,0,0,0,0
462614,0.01643790565431118,0.05733190625905991,0.06448417368076167,23.810937219387146,4,4,0,0,0,0,4,0,0.9722586870193481,0,0,0,0
31269,0.014107254706323147,0.04857129976153374,0.06008928967933396,24.424058595777485,3,3,0,0,0,0,3,0,0.9898428122202555,0,0,0,0
332845,0.0314307052642107,0.10689178258180618,0.12654671809365423,17.95498227005894,6,4,2,0,0,1,4,0,0.9272181987762451,1,0,0,1
168330,0.023062676191329956,0.08350309878587722,0.09124668823480132,20.795657782898637,11,7,0,0,0,0,11,0,0.946000418879769,0,0,0,0
569825,0.019708336517214774,0.07566131502389908,0.09407430892560666,20.53057926689021,5,6,0,0,0,0,5,0,0.9422659277915955,0,0,0,0
415741,0.02553727515041828,0.09293031990528107,0.10221562557921533,19.80965418106885,8,6,1,0,0,1,7,0,0.9774678008896964,0,0,0,0
273198,0.017680153995752335,0.06298386454582214,0.07283273933096046,22.75346710753347,7,5,0,0,0,0,8,1,0.9770300899233136,0,0,0,0
252294,0.021783528104424476,0.0807239904999733,0.0843346821938561,21.479875746450684,7,5,3,0,0,1,4,0,0.9604290127754211,0,0,0,0
215114,0.021400058269500734,0.07901975959539413,0.08929453115766382,20.98350277313134,14,7,0,0,0,0,14,0,0.9164646140166691,0,0,0,0
113403,0.02189484387636185,0.07232890874147416,0.07597627144999544,22.386440466856634,4,4,0,0,0,0,4,0,0.9698371291160583,0,0,0,0
514979,0.02049483060836792,0.07263731956481934,0.0801462825957764,21.922332332218435,2,2,0,0,0,0,2,0,0.9678002297878265,0,0,0,0
399462,0.012963992170989513,0.0462854340672493,0.05992017057149885,24.448539180485792,5,4,0,0,0,0,5,0,0.9844854831695556,0,0,0,0
581317,0.01651354059576988,0.05808684825897217,0.0704094721810394,23.047378226465813,2,2,0,0,0,0,2,0,0.9915778636932373,0,0,0,0
65350,0.022493965551257135,0.0749380886554718,0.082554796414639,21.66515378517774,11,15,0,0,0,0,13,2,0.9387887445363131,0,0,0,0
22623,0.0269556175917387,0.09808498620986938,0.09975670703803584,20.02115790647117,2,1,1,0,0,1,1,0,0.9876440763473511,0,0,0,0
14380,0.017065946757793427,0.059807879477739335,0.07115140989228935,22.956329795676936,1,2,0,0,0,0,1,0,0.9584231972694397,0,0,0,0
209142,0.020097966119647027,0.06910067200660705,0.07757428357883801,22.20564453123277,26,13,0,0,0,0,27,1,0.9481908816557664,0,0,0,0
198960,0.015194782242178916,0.05244131162762642,0.06616957315951395,23.586833337070857,5,3,0,0,0,0,5,0,0.9619879126548767,0,0,0,0
458410,0.016950403712689875,0.06217704564332962,0.0742456971250863,22.586574212330973,13,17,0,0,0,0,14,1,0.9864647801105793,0,0,0,0
374052,0.023662197589874267,0.08897642940282821,0.10058815254313679,19.949063365351122,23,19,0,0,0,0,23,0,0.9707630354425182,0,0,0,0
570834,0.021572277694940568,0.08425773978233338,0.09277653864716792,20.651236687752057,11,12,2,0,0,1,10,1,0.9627403087086148,0,0,0,0
153669,0.017399272322654723,0.06384870260953904,0.08073103796532953,21.859189274444844,36,16,0,0,0,0,37,1,0.9561334947745005,0,0,0,0
209972,0.03001534938812256,0.09781025797128677,0.10823348179183398,19.312767407860886,3,1,2,0,0,1,1,0,0.9815643429756165,0,0,0,0
180878,0.029505083709955214,0.10912027359008789,0.11681704367385456,18.649875775721696,4,4,0,0,0,0,5,1,0.9459027945995331,0,0,0,0
213033,0.017947842739522456,0.06264343857765198,0.07704979027736893,22.264570781093035,7,6,0,0,0,0,7,0,0.9539914812360492,0,0,0,0
231125,0.026625066995620728,0.09434284716844558,0.10438750644446505,19.62702952991497,21,15,3,1,0,1,19,2,0.8835024973925423,0,1,0,1
435206,0.01739495377987623,0.06522186622023582,0.06998071262794331,23.10043278641703,10,15,0,0,0,0,11,1,0.9795200169086457,0,0,0,0
360951,0.02117016613483429,0.0765608236193657,0.09446937349314692,20.494179296214796,9,7,0,0,0,0,12,3,0.9603347447183397,0,0,0,0
353027,0.031953663751482966,0.11138496845960617,0.11647179280252379,18.675584791210337,4,3,0,0,0,0,7,3,0.8936950266361237,0,0,0,0
249643,0.018912597745656966,0.06383118703961373,0.07632273408823978,22.34692160827855,2,3,1,0,0,1,1,0,0.9854283332824707,0,0,0,0
533145,0.038539449125528334,0.14092130810022355,0.15185184430137713,16.371598580670398,2,3,0,0,0,0,2,0,0.932215005159378,0,0,0,0
227478,0.017043733969330788,0.0602539412677288,0.07465265246751047,22.539095136799716,6,6,1,1,1,1,5,0,0.968126505613327,0,0,0,0
156292,0.01700376607477665,0.05982043296098709,0.06670453827893265,23.516892352418957,21,8,1,0,0,1,20,0,0.9601885616779328,0,0,0,0
471023,0.018019957654178142,0.06608346328139306,0.08351686985377321,21.56451582100969,15,18,0,0,0,0,16,1,0.9482778032620748,0,0,0,0
229747,0.021570608392357825,0.07373960763216018,0.08258453910548665,21.66202501234816,1,1,0,0,0,0,1,0,0.9348735809326172,0,0,0,0
446574,0.02682546302676201,0.08881055414676667,0.10049397986200631,19.957199081490977,3,3,0,0,0,0,3,0,0.9716208179791769,0,0,0,0
527616,0.02427708953619003,0.09147021770477295,0.10021077564895868,19.98171152680793,5,4,1,0,0,1,4,0,0.9850302636623383,0,0,0,0
140270,0.016095587238669395,0.05488979443907738,0.080885790492231,21.842555316291982,2,2,0,0,0,0,2,0,0.9796202778816223,0,0,0,0
271116,0.021674123406410218,0.07674460560083389,0.08707015112720094,21.202614034744002,29,35,3,0,1,1,27,1,0.9459947989537165,0,1,0,1
465549,0.023168743774294853,0.08259114772081375,0.0935072539866283,20.583093933530662,7,12,0,0,0,0,8,1,0.8923523851803371,0,0,0,0
151629,0.020003024116158487,0.06868833526968957,0.07716233256411471,22.25189304813898,4,6,0,0,0,0,4,0,0.9724233150482178,0,0,0,0
528399,0.01922985315322876,0.07003170996904373,0.08287792340746837,21.63122278324518,27,10,0,0,0,0,27,0,0.9539290158836929,0,0,0,0
527427,0.020935965701937675,0.07653531283140183,0.08503528736238565,21.408016326520958,10,6,0,0,0,0,11,1,0.9516009271144867,0,0,0,0
207728,0.020552155375480653,0.07250151336193085,0.07769112819109585,22.192571438044876,3,2,0,0,0,0,3,0,0.9668409625689188,0,0,0,0
135604,0.012875417806208133,0.04372984617948532,0.05538167808612779,25.132677782027688,2,3,0,0,0,0,3,1,0.9958526790142059,0,0,0,0
167067,0.025393280386924743,0.09409043788909913,0.10693372824412145,19.417705824733133,3,2,0,0,0,0,3,0,0.9396136999130249,0,0,0,0
446651,0.024809926748275757,0.09085617661476135,0.1059335798346808,19.499327025376903,8,5,0,0,0,0,8,0,0.9550145342946053,0,0,0,0
445248,0.013200312294065953,0.04666515812277794,0.05589263364093415,25.052908522021692,3,3,0,0,0,0,3,0,0.9911155502001444,0,0,0,0
236914,0.02108895778656006,0.07733121067285538,0.08729486818518593,21.18022572940856,5,5,0,0,0,0,8,3,0.971614944934845,0,0,0,0
60823,0.019918380305171013,0.07317130863666535,0.08922745293459713,20.990030082056983,55,28,1,0,0,1,59,5,0.9495410157574548,1,0,0,1
112798,0.02834872081875801,0.09733927249908447,0.1066725752234715,19.43894440626726,16,4,2,0,0,1,15,1,0.9283506146499089,0,0,0,0
410221,0.01787027157843113,0.06253671422600746,0.06748847219503827,23.415408066235667,1,1,0,0,0,0,1,0,0.9698527455329895,0,0,0,0
142238,0.011615505442023277,0.042069300264120105,0.055196636821363027,25.161747668032287,23,14,1,0,0,1,23,1,0.944244769486514,1,0,0,1
253433,0.02795158512890339,0.10057727098464966,0.11122130258887787,19.076240458181985,6,2,0,0,0,0,7,1,0.9331673383712769,0,0,0,0
168883,0.020396922528743745,0.07406245768070222,0.08133021822455327,21.7949612480602,8,6,1,0,0,1,7,0,0.935699999332428,0,0,0,0
6471,0.01687039341777563,0.06260904371738434,0.09295616166922793,20.634436348018433,19,16,0,0,0,0,20,1,0.9715420697864733,0,0,0,0
385997,0.024208883941173553,0.0921406090259552,0.10788537874066186,19.340748189292597,8,9,1,0,1,1,8,1,0.9446700726236615,0,0,0,0
458223,0.019190308824181556,0.06602547764778137,0.0762941578300078,22.35017433115939,6,4,0,0,0,0,6,0,0.9709903001785278,0,0,0,0
453708,0.03085722103714943,0.12137883454561234,0.14017440858275781,17.066625351607247,17,14,1,0,0,1,17,1,0.9408769235014915,0,0,0,0
120777,0.02101925201714039,0.07501637935638428,0.08227821921756688,21.69430232990929,7,3,0,0,0,0,8,1,0.9587542244366237,0,0,0,0
21503,0.0298006534576416,0.1078926980495453,0.1213224453962622,18.32117689116426,6,8,0,0,0,0,7,1,0.9657861590385437,0,0,0,0
573391,0.016775710694491863,0.062389887124300006,0.06952570892018331,23.15709148298938,2,1,0,0,0,0,2,0,0.9823352992534637,0,0,0,0
155443,0.01840629056096077,0.06306812465190888,0.07764360345568355,22.197886342385623,5,3,0,0,0,0,5,0,0.9586195707321167,0,0,0,0
312489,0.018417715467512606,0.06667165756225586,0.08033574641098976,21.901823337359524,4,4,0,0,0,0,4,0,0.9694926589727402,0,0,0,0
163257,0.0214795034378767,0.07933278381824493,0.09745387787653034,20.22401749585883,5,3,1,0,0,1,6,2,0.9646858870983124,0,0,0,0
17627,0.018344814702868462,0.06598494052886963,0.08005112624925916,21.932651071171527,19,16,1,0,0,1,20,2,0.9493149750762515,0,0,0,0
561256,0.018822840228676797,0.06370429992675782,0.06966706896635694,23.13944921445989,2,3,0,0,0,0,2,0,0.9707184433937073,0,0,0,0
114049,0.022048601135611533,0.08467776775360107,0.09588998373480973,20.364535100775534,18,16,0,1,0,1,17,0,0.9112452478969798,0,0,0,0
537812,0.020286065340042115,0.07118498980998993,0.08254816793684427,21.665851219374034,8,2,1,0,0,1,7,0,0.9402891142027718,0,1,0,1
70048,0.02010711394250393,0.06932992935180664,0.08474002064358584,21.438228690723633,11,6,0,0,0,0,11,0,0.9828935102982954,0,0,0,0
538067,0.017353614419698717,0.06538883000612258,0.07988530453581177,21.950662097322553,7,7,0,0,0,0,7,0,0.9835440005574908,0,0,0,0
554156,0.02207080088555813,0.08228597044944763,0.10019058177999693,19.98346203109604,3,2,0,0,0,0,3,0,0.975895901521047,0,0,0,0
101787,0.01869635283946991,0.06499174907803536,0.06546047787203874,23.680416571934582,1,1,0,0,0,0,1,0,0.9885640740394592,0,0,0,0
209747,0.03385905586183071,0.11831139326095581,0.12713730547707688,17.9145399431887,3,2,0,0,0,0,3,0,0.9677281181017557,0,0,0,0
106563,0.014929783716797828,0.05511308237910271,0.06110839683760032,24.277982194599247,1,1,0,0,0,0,1,0,0.9861008524894714,0,0,0,0
31093,0.027515918016433716,0.09599194824695587,0.10907501789936702,19.24549414145577,4,6,0,0,0,0,4,0,0.938866376876831,0,0,0,0
34417,0.02486256919801235,0.09264690726995468,0.10481579260186584,19.59146554492305,24,20,0,0,0,0,24,0,0.9637357021371523,0,0,0,0
281754,0.01946084089577198,0.07069283276796341,0.08094455043028329,21.836247693672128,6,4,0,0,0,0,6,0,0.8916572332382202,0,0,0,0
49269,0.02568078301846981,0.08867141306400299,0.11785095936692085,18.57333755493333,2,2,0,0,0,0,2,0,0.9548198878765106,0,0,0,0
175443,0.024095114693045615,0.08264098167419434,0.08962820744444248,20.95110578676237,3,2,0,0,0,0,3,0,0.9616136153539022,0,0,0,0
208363,0.017368820309638978,0.06306014284491539,0.08086918965904731,21.844338173367603,34,32,1,1,0,1,35,2,0.9410217124968767,0,1,0,1
104119,0.018329812213778496,0.06750848665833473,0.07294417356554102,22.74018783535294,3,3,0,0,0,0,3,0,0.9310868779818217,0,0,0,0
138115,0.022378403320908548,0.07907310426235199,0.09461416140413918,20.480877111418128,3,2,0,0,0,0,4,1,0.9827891985575358,0,0,0,0
32817,0.025401908531785013,0.09208225011825562,0.10006055856706911,19.994741541760806,12,3,0,0,0,0,13,1,0.9612124164899191,0,0,0,0
535094,0.03424329981207848,0.12394583523273468,0.12509238857339872,18.055382295522058,9,3,2,0,0,1,7,0,0.9271640607288906,0,0,0,0
362682,0.018038125336170198,0.06232409849762917,0.07110289715571022,22.962254063293802,6,5,0,0,0,0,6,0,0.9756972591082255,0,0,0,0
212559,0.015931479260325433,0.05795193463563919,0.0682442766586062,23.31867530180601,10,10,0,0,0,0,10,0,0.9556722462177276,0,0,0,0
119452,0.017068876326084136,0.05942342430353165,0.06808582470032656,23.338865954179383,9,6,0,0,0,0,10,1,0.9865146478017172,0,0,0,0
145781,0.019866135716438294,0.07370486110448837,0.0801066569077365,21.92662784606334,3,3,0,0,0,0,4,1,0.969476560751597,0,0,0,0
458663,0.01874275505542755,0.06692997068166733,0.07494901433630156,22.504681484765005,13,21,0,0,0,0,15,2,0.9719060842807477,0,0,0,0
127987,0.024227843806147575,0.09380486160516739,0.10423391108536427,19.639819324893033,9,3,2,0,0,1,8,1,0.9126918997083392,0,0,0,0
360661,0.01953587494790554,0.0671884223818779,0.1251802651088414,18.049282660513853,7,7,0,0,0,0,7,0,0.9678236671856472,0,0,0,0
259830,0.01887865848839283,0.06489180028438568,0.0719092224090775,22.8643081493594,8,5,1,0,0,1,7,0,0.883305013179779,0,0,0,0
409424,0.026183151081204413,0.09536850154399872,0.11534499775055734,18.760024701910456,12,6,1,0,0,1,13,2,0.9271319345994429,0,0,0,0
530099,0.03635299876332283,0.13413614481687547,0.13379824809086951,17.470991460728527,1,2,0,0,0,0,1,0,0.9758307933807373,0,0,0,0
414034,0.020880666747689246,0.07265530079603195,0.07958594404219137,21.983272555785454,6,5,0,0,0,0,7,1,0.9201962451140085,0,0,0,0
240250,0.02007209099829197,0.0736270323395729,0.09580428143577091,20.372301642566587,19,22,1,0,0,1,19,1,0.9071840147177378,0,0,0,0
546717,0.019301897659897805,0.07166623622179032,0.07606237062781114,22.376602862071977,5,6,1,0,1,1,4,0,0.9307991862297058,0,0,0,0
547502,0.01196860782802105,0.04167024120688438,0.05738821985259517,24.823544931854855,4,5,0,0,0,0,4,0,0.9761608093976974,0,0,0,0
429530,0.019506364315748214,0.06859058141708374,0.07873303789690969,22.076859821556948,7,4,1,0,0,1,6,0,0.9702584246794382,0,0,0,0
90155,0.016589497774839403,0.05714918226003647,0.07474001648778544,22.528936213604144,2,1,0,0,0,0,3,1,0.9796782433986664,0,0,0,0
174231,0.0286943294107914,0.1026342198252678,0.11590161935356097,18.71820992241872,7,3,2,0,1,1,5,0,0.8271913290023803,0,1,0,1
172595,0.018330239132046698,0.06746780127286911,0.08187844581856771,21.736608190446113,18,15,1,0,1,1,17,0,0.9641479884876925,0,0,0,0
156643,0.02209746018052101,0.08166848272085189,0.09442001871541338,20.498718356426153,20,21,0,0,1,1,23,3,0.9129410684108734,0,0,1,1
101884,0.02361126057803631,0.0878420352935791,0.09465798971679085,20.476854460528763,2,3,0,0,0,0,2,0,0.9600923657417297,0,0,0,0
166391,0.020405402034521104,0.06825030893087387,0.08438005626318063,21.475203787477938,36,27,2,0,1,1,35,1,0.9522197456920848,0,0,0,0
127182,0.021353085711598396,0.07347918897867203,0.086516433581066,21.258027830887997,12,10,1,0,0,1,12,1,0.9618106267668984,0,0,0,0
509699,0.021516775712370872,0.07874260395765305,0.08405618844206626,21.508606142454717,13,7,1,0,1,1,14,2,0.8443874766429266,0,0,0,0
46463,0.034471455961465836,0.12427305281162263,0.1307114387872279,17.6737280976935,4,3,1,0,0,1,3,0,0.8832441568374634,0,0,0,0
447522,0.021693219617009162,0.07399534434080124,0.08018614642842643,21.918013145386546,17,11,2,0,0,1,15,0,0.9494320551554362,0,0,0,0
189775,0.015722990967333317,0.05712817907333374,0.06876365629661577,23.252820781867367,29,24,0,0,1,1,29,0,0.9591721111330492,0,0,1,1
499768,0.01633646208792925,0.061303422600030896,0.06884425894831321,23.24264541054515,3,3,0,0,0,0,3,0,0.9886208573977152,0,0,0,0
15660,0.01628622878342867,0.05734911262989044,0.07059828956996628,23.02411641503298,10,7,0,0,0,0,10,0,0.9770297229290008,0,0,0,0
172547,0.01434152852743864,0.0508726067841053,0.060967056632262234,24.298095426844796,5,7,1,0,0,1,4,0,0.9625005573034286,0,0,0,0
452122,0.024918119609355926,0.07899502515792847,0.08871896895382761,21.039670279528053,1,1,0,0,0,0,1,0,0.9654697775840759,0,0,0,0
77460,0.017850394919514657,0.05906653702259064,0.07943250079652521,22.000035284317644,37,26,1,0,0,1,38,2,0.9668008867237303,0,0,0,0
239773,0.018513021990656853,0.06550514325499535,0.08162952847363478,21.76305424320526,8,6,0,0,0,0,8,0,0.970447264611721,0,0,0,0
439522,0.027441161498427392,0.0969766765832901,0.10330733632928688,19.71737672271635,2,1,1,0,0,1,1,0,0.988181471824646,0,0,0,0
24567,0.01879885569214821,0.06881260275840759,0.0787747783258541,22.072256205349973,12,9,0,0,0,0,13,1,0.9367105215787888,0,0,0,0
565776,0.019668420031666755,0.07109678238630295,0.09281396063488426,20.647733887112977,15,12,1,0,0,1,14,0,0.9612193959099906,0,0,0,0
162130,0.0194135133177042,0.07119707465171814,0.08471580165493386,21.44071150259939,1,1,0,0,0,0,1,0,0.9835066199302673,0,0,0,0
208901,0.02596491202712059,0.09133694022893905,0.09595945536914903,20.358244511884152,1,1,0,0,0,0,1,0,0.9663968682289124,0,0,0,0
306437,0.022652649506926536,0.0847365602850914,0.09674262465371282,20.28764268520686,10,7,0,0,0,0,10,0,0.9258884191513062,0,0,0,0
553339,0.019909371435642243,0.07652906775474548,0.08736426670130765,21.173323280427667,5,7,0,0,0,0,5,0,0.9415926098823547,0,0,0,0
126107,0.018969295546412468,0.06414827704429626,0.07344666613491388,22.680558255356218,8,8,1,0,0,1,7,0,0.964871713093349,0,0,0,0
524850,0.022138736769557,0.07822728902101517,0.10475661945661968,19.59637049799159,42,40,1,0,1,1,43,2,0.9450214970402602,0,0,0,0
211674,0.019550687819719314,0.06707276105880737,0.07639664397483646,22.338514382209365,25,16,3,0,1,1,25,3,0.8891255394978956,0,0,0,0
412887,0.027291664108633994,0.10156677812337875,0.10599515346939796,19.49427983991528,3,1,1,0,0,1,2,0,0.9066320657730103,0,0,0,0
251140,0.02130177430808544,0.07679998576641082,0.08429890160662501,21.483561681713805,5,5,1,0,0,1,4,0,0.9638971835374832,0,0,0,0
502732,0.024279316887259483,0.08448474109172821,0.09658838553915146,20.301501860823322,2,1,0,0,0,0,2,0,0.9293755292892456,0,0,0,0
579818,0.01784057654440403,0.06021586358547211,0.07404423869366095,22.610174556735842,4,3,0,0,0,0,4,0,0.9570911675691605,0,0,0,0
312586,0.014687892980873585,0.05495620295405388,0.06742261167670506,23.423888573882255,3,3,0,0,0,0,4,1,0.9457152088483175,0,0,0,0
52996,0.020399574562907218,0.07612823843955993,0.08877608435440931,21.034080286184995,20,23,1,0,0,1,19,0,0.9744850710818642,1,0,0,1
526751,0.015521199814975262,0.0561919555068016,0.07064137464274059,23.018817164275628,19,8,1,0,0,1,19,1,0.9692201217015585,0,0,0,0
497568,0.021458688005805016,0.07284872680902481,0.0792685985576618,22.017976398401323,6,5,0,0,0,0,7,1,0.866894414027532,0,0,0,0
442323,0.021720152348279953,0.07391002774238586,0.08687767058822513,21.221836642821476,6,5,0,0,0,0,6,0,0.9841687778631846,0,0,0,0
435003,0.015526673756539822,0.055133992433547975,0.0633014172675265,23.97173132743309,11,7,0,0,0,0,11,0,0.9729233384132385,0,0,0,0
419201,0.016195381991565228,0.05744850039482117,0.07145225297302027,22.919681456893525,6,7,0,0,0,0,6,0,0.9710674087206522,0,0,0,0
121242,0.012993314862251281,0.047334205359220505,0.10332720618030931,19.71570626305804,22,22,1,0,2,1,21,0,0.9407694623583839,0,1,0,1
394677,0.023313072323799134,0.08618001788854598,0.10915413409042875,19.239196224536904,11,12,0,0,0,0,12,1,0.9239381064068187,0,0,0,0
148730,0.02084161266684532,0.0726937159895897,0.08439680768062555,21.473479606090923,6,2,1,0,0,1,5,0,0.9351254463195801,0,0,0,0
18380,0.014868343621492386,0.05275268107652664,0.06691252835457064,23.489851191473523,48,53,1,0,0,1,47,0,0.9716764206581927,0,1,0,1
161397,0.032772165909409526,0.12643452733755112,0.12947476058273075,17.75629766763331,4,3,1,0,0,1,3,0,0.940494159857432,0,0,0,0
316054,0.018751921691000463,0.06829052940011024,0.08387925476500872,21.526908734587423,10,4,2,0,0,1,8,0,0.9519652053713799,0,0,0,0
281447,0.016273187845945357,0.055780790746212006,0.15779863509846434,16.037935152033732,4,3,0,0,0,0,4,0,0.9675824046134949,0,0,0,0
320632,0.01591763589531183,0.051807889342308046,0.057841037217489254,24.755278555697465,9,6,0,1,0,1,9,0,0.8302098363637924,0,1,0,1
334371,0.013603423163294793,0.048622453957796095,0.06301368110132187,24.0113029849725,13,9,0,0,0,0,13,0,0.9578154453864465,0,0,0,0
508730,0.015977215953171253,0.05790906995534897,0.06972611263300528,23.132090937718935,7,6,3,0,0,1,4,0,0.9600312411785126,0,1,0,1
361506,0.024171091616153717,0.09449639767408372,0.10762828973435885,19.361471216383627,3,4,1,0,0,1,2,0,0.9536969065666199,0,0,0,0
210915,0.01901349574327469,0.06867211759090423,0.0831447160860068,21.60330690666577,4,2,1,0,0,1,3,0,0.9456571141878763,0,0,0,0
67406,0.017919307574629784,0.06041967645287514,0.0844583863733703,21.46714440561402,4,4,0,0,0,0,4,0,0.9862299710512161,0,0,0,0
213224,0.019917306303977967,0.06670407354831695,0.07379618056320746,22.639322303714806,9,6,1,0,0,1,8,0,0.9791523665189743,1,0,0,1
260266,0.017063169926404952,0.05629144608974457,0.07547404057962256,22.44404797977708,16,8,0,1,1,1,16,0,0.9470707098642985,0,1,1,1
567011,0.015233701840043069,0.05392365902662277,0.06742678366575584,23.423351123397055,2,2,0,0,0,0,3,1,0.9516698718070984,0,0,0,0
224724,0.01839735433459282,0.06608273610472679,0.07476845248594793,22.525632160710533,13,9,0,0,0,0,13,0,0.9469811182755691,0,0,0,0
114907,0.017157400026917458,0.06250741928815842,0.07661360499444873,22.31388203571242,37,15,1,0,0,1,38,2,0.9637979798846774,0,0,0,0
503841,0.017274846881628038,0.06035147905349732,0.06958569124545703,23.149601084801603,2,2,0,0,0,0,2,0,0.9851527512073517,0,0,0,0
471869,0.019079208374023438,0.06821791976690292,0.0808346082617691,21.848053240159228,2,3,0,0,0,0,2,0,0.9825116395950317,0,0,0,0
460333,0.023027149587869646,0.08267532587051392,0.09256166358440897,20.671376970703395,9,4,1,0,0,1,9,1,0.9160225242376328,0,0,0,0
1490,0.0152991009876132,0.05344974249601364,0.07020877921203283,23.072171567959707,2,2,0,0,0,0,2,0,0.9777791202068329,0,0,0,0
192716,0.016483072936534882,0.05931448489427567,0.07034658785185367,23.055139261827037,4,4,0,0,0,0,4,0,0.9710290133953094,0,0,0,0
49759,0.019173796847462656,0.06943036317825317,0.08359282182715543,21.55662028248788,20,14,0,0,0,0,21,1,0.9768263041973114,0,0,0,0
517687,0.015564475022256375,0.05334980487823486,0.061149824523069995,24.272095697745,2,3,0,0,0,0,2,0,0.9957450926303864,0,0,0,0
470779,0.021505243331193923,0.07783454656600952,0.0904469292084249,20.87212346839404,14,10,0,0,0,0,15,1,0.9335920938423702,0,0,0,0
50165,0.01666442081332207,0.05780915766954422,0.06930552913784917,23.184642327022395,1,1,0,0,0,0,1,0,0.97527676820755,0,0,0,0
481573,0.02258525528013706,0.08196501731872559,0.09002547467128871,20.912691601504456,1,2,0,0,0,0,1,0,0.9906406998634338,0,0,0,0
45596,0.017592306807637216,0.06237790361046791,0.07264369531858275,22.776041435210274,8,12,0,0,0,0,10,2,0.9609784334897995,0,0,0,0
7108,0.023332321643829347,0.07820627689361573,0.0892194600199178,20.990808191060808,4,5,0,0,0,0,4,0,0.8656213581562042,0,0,0,0
235857,0.013949705474078655,0.04559281542897224,0.07012753985555685,23.082227926401046,3,3,0,0,0,0,4,1,0.9701558748881022,0,0,0,0
519491,0.017066176421940325,0.05461856871843338,0.0718873691581996,22.866948197009357,2,2,0,0,0,0,2,0,0.9879001080989838,0,0,0,0
47801,0.018603256903588772,0.06986268907785416,0.08239286170896296,21.682208255061735,3,7,0,0,0,0,5,2,0.95891006787618,0,0,0,0
221754,0.015419337525963783,0.05523578226566315,0.06741441659505878,23.424944390311232,16,15,0,0,0,0,17,1,0.9683476462960243,0,0,0,0
367818,0.01810498386621475,0.060799796134233475,0.11713818318686249,18.626030323258526,2,2,0,0,0,0,2,0,0.9549994468688965,0,0,0,0
82821,0.013771319761872292,0.0496547669172287,0.06392009289521589,23.88725205064903,27,31,1,0,0,1,26,0,0.9428318761862241,0,0,0,0
84362,0.02421685941517353,0.0858761802315712,0.09941386163874422,20.05106112221478,10,8,2,0,0,1,8,0,0.9565824791789055,0,0,0,0
6213,0.02488078661262989,0.0912609040737152,0.10035682142726061,19.969062048476143,4,2,0,0,0,0,4,0,0.9498055279254913,0,0,0,0
345469,0.015568352490663528,0.06040271148085594,0.07584882771793679,22.401022541332907,59,13,3,1,1,1,60,4,0.9490654490210794,0,0,1,1
419408,0.0161616537719965,0.05974938273429871,0.06930737256019935,23.184411298555425,12,12,1,0,0,1,11,0,0.9607767516916449,0,0,0,0
459396,0.015891915000975133,0.05575120970606804,0.08188151513941554,21.736282594592335,3,3,0,0,0,0,3,0,0.9881478150685629,0,0,0,0
154213,0.018335916474461554,0.06758606731891632,0.07978713692024575,21.961342377206744,5,1,0,0,0,0,5,0,0.9358627796173096,0,0,0,0
114884,0.017060205899178983,0.060171475261449815,0.06985832226066542,23.115636974506963,31,33,2,0,1,1,31,2,0.9652022102783466,0,1,0,1
551439,0.022836266830563546,0.07973962724208832,0.08697594193512168,21.21201718434434,4,3,1,0,1,1,3,0,0.8749502301216125,0,0,0,0
161799,0.018363118916749955,0.06417110040783883,0.0753621618410425,22.45693303706126,6,8,0,0,0,0,6,0,0.9409115115801493,0,0,0,0
60899,0.02166271209716797,0.07704073935747147,0.08621369691783606,21.288474631699156,8,8,0,0,0,0,9,1,0.9674907848238945,0,0,0,0
154358,0.021719355136156082,0.07903786152601242,0.09066196166071375,20.85149776616728,19,18,0,0,0,0,21,2,0.9531963498968827,0,0,0,0
476704,0.01950191520154476,0.06902737766504288,0.08388713131053678,21.52609313848577,10,8,0,0,0,0,12,2,0.9552125990390777,0,0,0,0
145597,0.01815290879458189,0.06721289679408074,0.08758608414384286,21.151297798926677,17,19,0,0,0,0,17,0,0.9397670276024762,0,0,0,0
104572,0.023293346166610718,0.08399816751480102,0.0846678929863009,21.44562495569687,6,6,1,0,1,1,6,1,0.8464572548866272,0,0,0,0
445999,0.02503921426832676,0.08886074274778366,0.09254136037602766,20.673282411513956,3,2,0,0,0,0,3,0,0.9153262178103129,0,0,0,0
336587,0.016286031901836397,0.058719946444034575,0.07074283502738846,23.006350795407098,4,2,0,0,0,0,4,0,0.9798600822687149,0,0,0,0
126592,0.016690550930798055,0.05905553847551346,0.07031461787546135,23.059087581337327,15,13,1,1,0,1,14,0,0.9617600761927091,0,1,0,1
139077,0.021423735842108726,0.07543224990367889,0.08502009264964777,21.409568522026508,6,7,1,0,1,1,5,0,0.961520516872406,0,0,0,0
408830,0.014907590858638287,0.05146925076842308,0.06417913752719873,23.852122469551706,5,4,0,0,0,0,6,1,0.9689302444458008,0,0,0,0
209613,0.015521140955388545,0.053444499522447585,0.07103660228500294,22.970356384950392,10,9,1,0,0,1,9,0,0.9630694720480177,0,0,0,0
295231,0.021811184659600257,0.07306485176086426,0.1072008045794197,19.396039101989796,13,7,0,1,0,1,13,1,0.9257325679063797,0,1,0,1
222299,0.02388175167143345,0.08850576430559158,0.09438024707151896,20.502377801642094,11,9,2,0,0,1,9,0,0.977572480837504,0,0,0,0
333697,0.026762369275093078,0.09832744300365448,0.113836055234892,18.874403245721062,3,1,0,0,0,0,3,0,0.9722629189491272,0,0,0,0
21167,0.03292527459561825,0.1232428416609764,0.13814847857517965,17.193077871850228,5,4,0,0,0,0,5,0,0.9435165643692016,0,0,0,0
434204,0.020821357518434523,0.0765436753630638,0.09313819369617912,20.617443778868605,10,9,0,0,0,0,10,0,0.9630271255970001,0,0,0,0
227399,0.018235428258776665,0.060624141991138455,0.07402512964015011,22.612416467168398,23,23,1,0,0,1,24,2,0.9656459336931055,0,0,0,0
119911,0.01239757016301155,0.043708260357379916,0.05350912479128264,25.43144304795087,8,7,1,0,1,1,7,0,0.9588413664272853,0,0,0,0
50828,0.022068137675523757,0.07643801271915436,0.08799562663919987,21.110778232828473,3,4,0,0,0,0,3,0,0.9630261858304342,0,0,0,0
360960,0.024969514459371567,0.08974387496709824,0.10902111642049048,19.249787498674984,14,6,0,1,0,1,15,1,0.8965924107111417,0,0,0,0
127660,0.02586190067231655,0.09405784159898758,0.09949879309661515,20.043643742805926,2,2,0,0,0,0,2,0,0.9434812963008881,0,0,0,0
49761,0.013918794319033622,0.048229750245809555,0.061991810739053584,24.153313560274867,9,17,1,0,0,1,8,0,0.9459315985441208,0,0,0,0
316666,0.03241610564291477,0.11586605161428451,0.13747160076705572,17.235740204532785,20,40,0,1,0,1,21,1,0.9499749007977938,0,1,0,1
193245,0.017851650528609753,0.0689805805683136,0.1051905949883309,19.560461767763982,25,25,3,0,2,1,23,1,0.9519530941139568,1,0,1,1
365387,0.02598544806241989,0.09448943883180619,0.09920113142265555,20.069667490824923,3,4,0,0,0,0,3,0,0.9617129762967428,0,0,0,0
474021,0.023313006013631822,0.0830430656671524,0.09499084690344496,20.446364805978334,49,25,2,0,0,1,50,3,0.9518923277550555,1,1,0,1
441586,0.016555418632924555,0.058329536020755766,0.06870166643581654,23.260654570278533,17,10,1,0,0,1,17,1,0.9245755709707737,0,0,0,0
571008,0.02594037726521492,0.09821752458810806,0.1023411907585837,19.79899068476608,1,1,0,0,0,0,1,0,0.9981938004493713,0,0,0,0
210388,0.024456827342510222,0.09158217310905456,0.10097251931366008,19.915936154914423,4,4,0,0,0,0,5,1,0.9839911162853241,0,0,0,0
421060,0.028254328668117522,0.10216462463140488,0.10931838186116832,19.226136107821457,10,14,1,0,1,1,10,1,0.9743241800202264,0,0,0,0
297681,0.021487708017230035,0.07656677812337875,0.0905281458246062,20.864327493040452,4,1,0,0,0,0,4,0,0.938922643661499,0,0,0,0
46804,0.014807172305881976,0.05135899484157562,0.06588887677435434,23.623757918515878,1,1,0,0,0,0,1,0,0.9970900416374207,0,0,0,0
6818,0.020626241713762282,0.07319153398275376,0.08785540928444335,21.124629874025484,2,1,0,0,0,0,2,0,0.9602113962173462,0,0,0,0
37740,0.01937147881835699,0.06805400028824807,0.08403749611455708,21.510537916333323,27,22,2,1,0,1,25,1,0.9061306590835253,1,0,0,1
414170,0.015550954081118108,0.05576151311397552,0.06860161558896215,23.273313128107155,7,7,0,0,0,0,7,0,0.9739095313208443,0,0,0,0
177383,0.02073789797723293,0.06991016268730163,0.07773032835280232,22.188189954391746,2,1,0,0,0,0,2,0,0.9845509231090546,0,0,0,0
113051,0.030721479281783103,0.11725912839174271,0.1431962841697136,16.881365029603327,3,1,0,0,0,0,3,0,0.8605134884516398,0,0,0,0
231097,0.025623619183897973,0.09183335304260254,0.1020983764252903,19.819623280718936,13,11,0,0,0,0,15,2,0.9232316017150879,0,0,0,0
444879,0.018368295207619668,0.06175936385989189,0.06470344850962297,23.781451441096287,1,1,0,0,0,0,1,0,0.9825401902198792,0,0,0,0
25560,0.02538135275244713,0.09269529730081558,0.10403855300292018,19.656113934447788,5,4,0,0,0,0,6,1,0.9542805671691894,0,0,0,0
96825,0.02117171697318554,0.07378168553113937,0.08531294356863495,21.379701464812957,6,3,0,1,0,1,6,1,0.9368238568305969,0,0,0,0
507797,0.019439094886183738,0.06933284699916839,0.0819993410239283,21.723792754965082,17,15,1,0,0,1,16,0,0.9698583707213402,0,0,0,0
254516,0.022303689643740653,0.08203723281621933,0.09417289385920632,20.521481676925116,28,11,1,0,0,1,28,1,0.9203246059241118,0,0,0,0
18150,0.020954370871186255,0.07281731218099594,0.07894227046832623,22.05380773927997,10,7,1,0,0,1,9,0,0.9557340608702766,1,0,0,1
224222,0.01586173605173826,0.05289031863212586,0.06624974077165188,23.576316334739737,4,4,0,0,0,0,4,0,0.9731935858726501,0,0,0,0
437392,0.023194838687777518,0.07864655405282975,0.09002290856052375,20.91293919000822,3,1,0,0,0,0,3,0,0.8733747800191244,0,0,0,0
389109,0.025217802822589876,0.09676811397075653,0.11617949540295792,18.69741028213759,18,17,2,0,1,1,17,1,0.9294875450432301,0,0,1,1
425227,0.026224881410598755,0.09119921922683716,0.10906355810727175,19.24640675848416,6,5,0,0,0,0,6,0,0.9736409584681193,0,0,0,0
99428,0.019033338129520416,0.06909891068935395,0.07904072175017195,22.042982053963765,2,5,0,0,0,0,2,0,0.800698846578598,0,0,0,0
479099,0.014144652150571346,0.053700853139162064,0.06462384071830893,23.79214469201255,0,1,0,0,0,0,1,1,,0,0,0,0
575815,0.01772940903902054,0.06423434540629387,0.07083005223377865,22.995648758601327,1,1,0,0,0,0,1,0,0.9575743675231934,0,0,0,0
546325,0.021204695478081702,0.07900933027267457,0.08797412014497019,21.112901359555927,5,3,1,0,1,1,4,0,0.9726320058107376,0,0,0,0
107087,0.029149089381098746,0.10353194028139115,0.11229284526960528,18.992958277961808,2,3,1,0,1,1,1,0,0.9626868367195129,0,0,0,0
294163,0.017860788106918334,0.06340108141303062,0.06801096880842254,23.348420772697,2,2,0,0,0,0,2,0,0.9876943528652191,0,0,0,0
402615,0.01681160107254982,0.060109886527061465,0.07176117269250477,22.882209456770248,10,19,1,0,1,1,9,0,0.979054245683882,0,0,0,0
7278,0.01741932425647974,0.06373924389481544,0.07204861329698668,22.847487470702056,2,2,0,0,0,0,2,0,0.9739580452442169,0,0,0,0
290619,0.020327937230467795,0.0730755791068077,0.08574792547128807,21.33552756384276,3,1,1,0,0,1,2,0,0.8951092660427094,0,0,0,0
521719,0.018901539221405982,0.06944509595632553,0.07380102093668045,22.638752605246527,11,8,0,1,1,1,10,0,0.9612037837505341,0,0,0,0
452321,0.01899994760751724,0.0638897255063057,0.07638065580986057,22.340332341254307,3,4,0,0,0,0,3,0,0.9805857936541239,0,0,0,0
130826,0.017536403238773347,0.0626838780939579,0.07197847404545892,22.85594729388488,14,9,0,0,0,0,16,2,0.9558339416980743,0,0,0,0
457559,0.012574250996112823,0.04628992527723312,0.06400206338905443,23.87612048781131,7,7,0,0,0,0,7,0,0.9862598521368844,0,0,0,0
474881,0.01526084952056408,0.05222261697053909,0.0689458568391011,23.229836534934243,4,4,0,0,0,0,4,0,0.9886988699436188,0,0,0,0
318238,0.023376134037971497,0.08267274796962738,0.09434021968183852,20.506062335709423,5,4,1,0,0,1,4,0,0.9122600853443146,1,0,0,1
26926,0.017416046746075154,0.06028900146484375,0.06570155063639811,23.648487608839652,3,3,0,0,0,0,3,0,0.985676646232605,0,0,0,0
132703,0.0238939855247736,0.0836501657962799,0.0948556766876622,20.458733468336,2,2,0,0,0,0,2,0,0.9728533625602722,0,0,0,0
430377,0.022154517099261285,0.08128447979688644,0.09373205097436738,20.56223759927942,4,4,0,0,0,0,4,0,0.9817389249801636,0,0,0,0
410735,0.017845650017261506,0.06082607358694077,0.0733272712438324,22.694689525451558,14,6,1,0,0,1,15,2,0.9333904660665072,0,0,0,0
569273,0.015417973510921001,0.05583427920937538,0.06661986067368679,23.527925598226254,6,6,0,0,0,0,6,0,0.988740454117457,0,0,0,0
233825,0.020899754390120505,0.07470423430204391,0.08936595393012513,20.976558088614375,13,19,1,0,0,1,13,1,0.9501596639553705,0,0,0,0
376322,0.01958753913640976,0.06778565645217896,0.08428074541085033,21.48543263963958,34,42,2,0,1,1,35,3,0.938397478312254,0,0,1,1
194471,0.020056727528572082,0.0668340042233467,0.08385365027403348,21.529560543241494,2,2,0,0,0,0,2,0,0.9496090114116669,0,0,0,0
550084,0.01917177960276604,0.06545715183019638,0.0733199289360366,22.69555929282766,4,3,0,0,0,0,4,0,0.9704015105962753,0,0,0,0
10707,0.0232901219278574,0.08533865958452225,0.10192820206737592,19.83411272661135,19,15,1,0,0,1,19,1,0.9632640845245786,0,0,0,0
463647,0.016665462218225003,0.058798598498106,0.06709753857200121,23.465868226785503,4,2,1,0,0,1,3,0,0.9529239137967428,0,0,0,0
89761,0.018184227868914604,0.06217752918601036,0.07277965209676232,22.75980049541817,1,1,0,0,0,0,1,0,0.9904444813728333,0,0,0,0
79014,0.03671511635184288,0.1327231138944626,0.14208199268271218,16.949219211906694,2,2,0,0,0,0,3,1,0.9712436497211456,0,0,0,0
106330,0.024121852591633797,0.08816690295934677,0.09916277986083666,20.073026140444217,1,1,0,0,0,0,1,0,0.9710791707038879,0,0,0,0
253695,0.019499580934643747,0.06582371070981026,0.07860807412109778,22.090656874085184,2,2,0,0,0,0,2,0,0.9796082377433777,0,0,0,0
439525,0.02127583511173725,0.07646037191152573,0.08693329120804912,21.216277562118048,9,7,0,0,0,0,9,0,0.9418563909000821,0,0,0,0
175251,0.018806947395205498,0.06739827021956443,0.07344232121532843,22.681072105886436,2,2,0,0,0,0,2,0,0.9857833087444305,0,0,0,0
234660,0.020978883281350134,0.07664449959993362,0.08920605687143733,20.992113141952935,3,2,0,0,0,0,3,0,0.8948051730791727,0,0,0,0
466156,0.019660016149282457,0.07270220220088959,0.08618727027683377,21.291137480902194,6,5,1,0,0,1,7,2,0.9218186259269714,0,0,0,0
270244,0.016303257830441,0.06106955856084824,0.07187254173425105,22.86873992556137,1,1,0,0,0,0,1,0,0.9958106875419617,0,0,0,0
484415,0.050616566091775894,0.18799511194229127,0.18921530159775699,14.460874913572422,2,2,0,0,0,0,2,0,0.9538456201553345,0,0,0,0
129812,0.030969271436333656,0.10619855374097824,0.12585793096584819,18.002388241775584,3,2,0,0,0,0,3,0,0.9678680499394735,0,0,0,0
173302,0.018665170669555663,0.06917896643280982,0.08204160409418386,21.719317136126584,26,24,2,0,1,1,25,1,0.9451234315832456,1,0,1,1
60886,0.014087357744574546,0.051134584844112395,0.0637024281256733,23.916880269624677,23,14,2,0,0,1,22,1,0.9785453336579459,0,0,0,0
236721,0.02178083546459675,0.07600025534629821,0.09004401446649679,20.91090301848098,18,9,2,0,0,1,16,0,0.9602791666984558,0,0,0,0
31817,0.023706839606165885,0.08796433508396148,0.09680399651642056,20.282134252757817,6,6,0,0,0,0,9,3,0.8706665933132172,0,0,0,0
111086,0.02863822616636753,0.10317171812057495,0.1118515998970894,19.027155989682623,13,17,1,0,1,1,15,3,0.9208904504776001,0,0,0,0
219485,0.019547270983457564,0.06646245419979095,0.07306050631628971,22.726346448228337,1,1,0,0,0,0,2,1,0.9579654335975647,0,0,0,0
544052,0.017903495207428934,0.06594533622264862,0.08028272877665352,21.90755748888727,4,2,0,0,0,0,4,0,0.9368245303630829,0,0,0,0
30828,0.021372093260288237,0.07621893733739853,0.08473231106228685,21.439018962170202,4,5,0,0,0,0,5,1,0.9739973098039627,0,0,0,0
411817,0.01920109987258911,0.06794378012418748,0.08128490810743323,21.79980161802891,19,16,0,1,0,1,19,0,0.9660899904039171,0,0,0,0
301867,0.01801694631576538,0.06590478867292404,0.07354209890655687,22.66927958873727,10,7,1,0,0,1,11,2,0.9405938055780199,1,0,0,1
19742,0.024682261422276495,0.08448875099420547,0.09333229120202843,20.599361452063558,4,1,1,0,0,1,3,0,0.963422973950704,0,0,0,0
482735,0.01589518804103136,0.055836697667837144,0.0683144182696845,23.30975251081479,3,2,1,0,0,1,2,0,0.9067622423171997,1,0,0,1
488736,0.016840327903628348,0.05699772834777832,0.07285893399258275,22.750343745199594,2,2,0,0,0,0,2,0,0.9607036113739014,0,0,0,0
24021,0.016988774575293065,0.05970315262675285,0.07662836844934211,22.31220842452881,40,26,1,0,0,1,44,5,0.9402686128249536,0,1,0,1
89697,0.01985122486948967,0.07398566901683808,0.09106461695135994,20.81300669714596,5,4,0,0,1,1,5,0,0.948852264881134,0,0,1,1
541055,0.016805409081280233,0.05582339912652969,0.06824906230046288,23.31806622362903,12,11,1,1,0,1,12,2,0.9624274611473084,1,0,0,1
323709,0.01874508000910282,0.06681703999638558,0.08247695389886883,21.673347742400967,1,1,0,0,0,0,1,0,0.9898989200592041,0,0,0,0
539883,0.022261105850338934,0.0774914026260376,0.08170467178113644,21.755062205762663,5,8,2,0,0,1,5,2,0.9833377798398336,0,0,0,0
256916,0.015346998907625675,0.05996330305933952,0.08415462066151636,21.498440666203603,10,9,1,0,1,1,9,0,0.9528849323590597,0,0,0,0
66817,0.018664394691586494,0.07026548385620117,0.0809254176328056,21.838301013013833,5,11,0,0,0,0,6,1,0.9592768549919128,0,0,0,0
399560,0.027197525650262833,0.09724914580583573,0.10464792777802207,19.60538734143769,4,2,0,0,0,0,5,1,0.8636820614337921,0,0,0,0
66231,0.023830869793891908,0.09197823852300643,0.11033796546494047,19.14550056625614,26,26,1,0,0,1,28,3,0.9624257040023804,0,0,0,0
413552,0.025103769451379775,0.0927480161190033,0.096927901833107,20.271023763858253,4,3,0,0,0,0,4,0,0.9801857769489288,0,0,0,0
544565,0.016756640560925008,0.05992434173822403,0.06981086453283257,23.121539673760203,6,5,1,0,0,1,6,1,0.9872687697410584,0,0,0,0
561366,0.021654995530843733,0.0693865492939949,0.08115941142938536,21.81322222289138,4,2,0,0,0,0,4,0,0.8821870535612106,0,0,0,0
396338,0.024191058054566384,0.08876873254776001,0.0984302108560817,20.137431691051564,12,12,1,0,0,1,14,3,0.9331407763741233,0,0,0,0
119516,0.02245717905461788,0.08383184820413589,0.0987207938376794,20.11182722060534,11,9,0,0,0,0,14,3,0.9187013886191628,0,0,0,0
84241,0.02142401523888111,0.07975521832704544,0.09466077783375579,20.47659862454831,17,18,0,0,0,0,17,0,0.975692587740281,0,0,0,0
21465,0.020770752802491188,0.07502591907978058,0.08358933474200231,21.556982623032162,8,2,1,0,0,1,7,0,0.982954374381474,0,0,0,0
43314,0.023618583753705024,0.08659751564264298,0.09065465425260709,20.85219788226055,3,5,0,0,0,0,4,1,0.9774195154507955,0,0,0,0
167898,0.02393316589295864,0.08166932314634323,0.09074181206553718,20.84385104708973,3,3,0,0,0,0,3,0,0.9065524140993754,0,0,0,0
442822,0.020432960987091065,0.0698092222213745,0.08344769040191978,21.571713577437595,29,14,0,3,0,1,28,0,0.9001946793152735,0,1,0,1
294783,0.020363505557179452,0.0768716111779213,0.08706787513722601,21.202841084494878,31,20,2,1,2,1,29,0,0.9631993728024619,0,0,0,0
272212,0.020335688441991805,0.07192945331335068,0.09012845172820168,20.902761787962334,7,3,1,0,0,1,6,0,0.9112406969070435,0,0,0,0
153782,0.017308379523456097,0.06526219174265861,0.0725952771119177,22.781832652376124,2,2,1,0,0,1,1,0,0.9937905073165894,0,0,0,0
523194,0.014478852599859237,0.05278200581669808,0.06102552284322675,24.289769820532374,1,2,0,0,0,0,1,0,0.9884170889854431,0,0,0,0
506707,0.016928870230913162,0.061654172092676165,0.07817662039503,22.13846216426489,16,16,0,0,0,0,16,0,0.9537901431322098,0,0,0,0
281032,0.022859508544206618,0.08298055827617645,0.09883120455274837,20.102118228607115,6,4,1,0,0,1,5,0,0.9242181897163391,0,0,0,0
347370,0.023178832605481148,0.09019393473863602,0.09765820035592761,20.20582566302673,2,2,0,0,0,0,2,0,0.964121013879776,0,0,0,0
249786,0.017374328151345254,0.06500547677278519,0.0810998075745851,21.81960352475222,17,12,0,0,0,0,19,2,0.9026800534304451,0,0,0,0
359937,0.0184246975928545,0.05839072614908218,0.06966645267230101,23.13952605256879,2,2,0,0,0,0,2,0,0.9819648265838623,0,0,0,0
300341,0.026460201665759086,0.09815853238105773,0.10950081815338407,19.211652718180886,13,9,1,0,0,1,12,0,0.9660474061965942,1,0,0,1
39480,0.018038298562169076,0.06261690855026245,0.06928231626350638,23.187552026152577,6,2,1,0,0,1,5,0,0.9818189263343811,0,0,0,0
161044,0.02424360066652298,0.08434838503599167,0.09486960706285187,20.45745796409808,2,2,0,0,0,0,2,0,0.97777259349823,0,0,0,0
407518,0.023118268698453903,0.0821405217051506,0.08518825423282123,21.392405633662936,1,1,0,0,0,0,1,0,0.9810370206832886,0,0,0,0
400044,0.018730032816529275,0.06518237292766571,0.07016030252900078,23.07817093947875,5,2,0,0,0,0,5,0,0.9765380263328552,0,0,0,0
293794,0.02001306377351284,0.07406520396471024,0.08758385115511991,21.15151924667202,37,23,0,0,1,1,37,0,0.9547857722720584,0,0,1,1
387383,0.02849341407418251,0.0968516081571579,0.10798637280516364,19.332620925247333,8,2,1,0,0,1,7,0,0.9585109353065491,0,0,0,0
428218,0.01247573085129261,0.04638361036777496,0.058607504259682586,24.640935444173074,5,3,0,0,0,0,5,0,0.9485521793365479,0,0,0,0
274066,0.01596879456192255,0.05504954308271408,0.06830647710341836,23.31076225524187,9,9,0,0,0,0,9,0,0.9452339808146158,0,0,0,0
308466,0.030439357459545135,0.10576287358999252,0.1052945516215678,19.551882008751033,4,2,1,0,0,1,3,0,0.9486244718233744,0,0,0,0
27620,0.019073888286948205,0.07003693878650666,0.08304057286335301,21.61419326926328,7,7,0,0,0,0,8,1,0.9676580854824611,0,0,0,0
100428,0.018988632783293723,0.0673854485154152,0.07578679520668423,22.408129150800747,3,4,0,0,0,0,3,0,0.9349671999613444,0,0,0,0
328117,0.02347154840826988,0.0907861202955246,0.0974853437082678,20.221213455276406,16,11,2,0,0,1,14,0,0.9610081698213305,0,0,0,0
488251,0.020608073100447655,0.07154311388731002,0.09708070446875605,20.257341617180433,10,6,0,0,0,0,11,1,0.9318227648735047,0,0,0,0
139099,0.01668417975306511,0.06076435372233391,0.07458792883578848,22.54662904416524,38,29,1,0,0,1,40,3,0.9532070739849193,0,0,0,0
175438,0.014807497709989547,0.05229658856987953,0.06380080603519765,23.903476690646563,20,18,0,0,0,0,22,2,0.953985545039177,0,0,0,0
447313,0.014688988029956818,0.05185338333249092,0.058258758041365,24.69277555775477,3,3,0,0,0,0,3,0,0.9893805782000223,0,0,0,0
434230,0.017059571854770184,0.062225156277418134,0.07263069660839835,22.77759580912164,32,20,1,0,1,1,32,1,0.9671015028030642,0,0,0,0
401250,0.019174930453300477,0.06525407433509826,0.07817564016551888,22.138571074303325,2,2,0,0,0,0,2,0,0.9755073189735413,0,0,0,0
301421,0.026736057177186013,0.09459526538848877,0.11561097159048667,18.74001898005684,10,10,1,0,0,1,10,1,0.953757193353441,0,0,0,0
885,0.025074201822280883,0.08645151257514953,0.1004134841580687,19.964159269272585,16,9,2,0,0,1,14,0,0.9644574480397361,1,0,0,1
227985,0.017827273905277254,0.062038954347372055,0.07083610225126742,22.994906876612102,4,4,0,0,0,0,4,0,0.9510999917984009,0,0,0,0
377575,0.017147598415613176,0.057409461587667465,0.06447803910569269,23.811763573726363,2,2,0,0,0,0,2,0,0.9919120371341705,0,0,0,0
144984,0.02636752985417843,0.09177260547876358,0.09829453764995781,20.149412315665586,8,5,1,0,0,1,8,1,0.9677616613251823,0,0,0,0
306136,0.029993608593940735,0.104283607006073,0.1166150256280711,18.66490975878914,6,7,0,0,0,0,6,0,0.9428634345531464,0,0,0,0
65288,0.016873713955283164,0.0598297119140625,0.07063920056425824,23.0190844877309,43,37,3,1,0,1,41,2,0.9415044280198904,0,0,0,0
203546,0.01769738756120205,0.06153023988008499,0.07005149112382547,23.09165231678415,1,1,0,0,0,0,1,0,0.9852235913276672,0,0,0,0
165257,0.02409028261899948,0.0811202958226204,0.08503605960110304,21.407937446916684,2,1,0,0,0,0,2,0,0.9666685163974762,0,0,0,0
199551,0.023474549502134325,0.08225427269935608,0.09387907626413089,20.548623847034385,5,2,1,0,0,1,4,0,0.9276218414306641,1,0,0,1
550322,0.019705749675631525,0.06682388260960578,0.08176541206683116,21.74860740461508,8,6,1,0,1,1,8,1,0.8313902616500854,0,0,0,0
561679,0.01947679929435253,0.07388781160116195,0.08345878524389906,21.57055881609292,1,1,0,0,0,0,1,0,0.9660614132881165,0,0,0,0
171298,0.014926930889487267,0.05423247814178467,0.06216268704671386,24.129404419426518,6,3,1,0,0,1,5,0,0.9289732933044433,1,0,0,1
220858,0.015954227186739445,0.0582242600619793,0.0698399647738326,23.11791976707321,12,9,1,0,0,1,12,1,0.9627809632908214,0,0,0,0
255965,0.02598363161087036,0.08979725688695908,0.09762651311406777,20.208644438580166,1,1,0,0,0,0,1,0,0.9867365956306458,0,0,0,0
465430,0.020634749531745912,0.07322574704885483,0.08224812815678752,21.69747954304393,4,3,0,0,0,0,4,0,0.9511455595493317,0,0,0,0
504415,0.013917457684874535,0.050572367012500764,0.06043574021373506,24.37412308615253,9,8,1,0,0,1,8,0,0.977537028491497,0,0,0,0
261888,0.017386385798454286,0.060415761172771455,0.07601418095654108,22.382107592104255,5,6,0,0,0,0,6,1,0.9859998941421508,0,0,0,0
178982,0.03476181998848915,0.126895035803318,0.14258027176529994,16.91881123669432,11,9,0,0,0,0,12,1,0.920963395725597,0,0,0,0
580410,0.0208801981061697,0.07218498140573501,0.08307079395916868,21.611032773856927,20,19,4,0,0,1,16,0,0.9633013121783733,0,0,0,0
312720,0.019646935537457465,0.06752352491021156,0.0864304470688132,21.266664811381936,2,2,0,0,0,0,2,0,0.9650940597057343,0,0,0,0
117374,0.015804154239594935,0.05402553528547287,0.06405679238320623,23.86869624480554,3,3,0,0,0,0,3,0,0.9832477966944376,0,0,0,0
157928,0.017225843854248524,0.06031326055526733,0.07586102806825143,22.39962552073648,13,8,2,0,0,1,11,0,0.940039499239488,0,0,0,0
496571,0.02116732522845268,0.07519149929285049,0.08784863064706966,21.125300074849285,19,14,2,0,1,1,17,0,0.9745548332438749,0,0,0,0
84431,0.02385607101023197,0.08420389145612717,0.09784392983376645,20.189322249679734,5,2,0,0,0,0,5,0,0.9621912360191345,0,0,0,0
227044,0.02276102639734745,0.0791328102350235,0.08991388150998811,20.92346507572662,9,8,0,0,0,0,11,2,0.9459561573134528,0,0,0,0
280325,0.01972352750599384,0.07072760462760926,0.07579681886746473,22.4069804196273,6,1,1,0,0,1,5,0,0.9334834337234497,0,0,0,0
496722,0.018282395228743552,0.06326179057359696,0.06844394702816262,23.293299069958454,13,13,2,0,0,1,11,0,0.9235896847464822,0,0,0,0
486104,0.013236801512539387,0.04957372173666954,0.058542394993143884,24.650590287504674,27,17,2,0,1,1,29,4,0.9518359446525574,0,0,0,0
41635,0.01912899538874626,0.06703084707260132,0.08374706418190972,21.540608171062807,10,4,1,1,0,1,9,1,0.9277552887797356,0,1,0,1
97994,0.022811418771743773,0.08316311538219452,0.09308962761296515,20.62197414007401,18,20,0,0,0,0,21,3,0.9197778171963162,0,0,0,0
283037,0.022951294481754304,0.08528870195150376,0.09676958647002463,20.28522229673544,4,2,0,0,0,0,4,0,0.9184664338827133,0,0,0,0
197022,0.015421736054122448,0.0534928984940052,0.060260190205995975,24.39939003696246,4,2,0,0,0,0,4,0,0.9732106626033783,0,0,0,0
310072,0.016956504434347153,0.0638396181166172,0.07063345240171226,23.019791318168007,4,7,0,0,0,0,4,0,0.9689574241638184,0,0,0,0
30494,0.017729982174932955,0.05938300564885139,0.06960858452253568,23.146743948919337,2,2,0,0,0,0,2,0,0.9506520628929138,0,0,0,0
546829,0.017739841900765895,0.06326108872890472,0.07174705746130952,22.88391811613622,2,2,0,0,0,0,3,1,0.9623607397079468,0,0,0,0
47585,0.018351952731609344,0.06535105332732201,0.08478432543932994,21.43368861628685,8,7,0,0,0,0,8,0,0.9141310453414917,0,0,0,0
261318,0.02474803924560547,0.08750078082084656,0.10746945117026246,19.37429937983142,14,6,1,0,0,1,15,2,0.91465242092426,0,0,0,0
148957,0.020502035319805146,0.06727174520492554,0.09026939254098904,20.889189601449676,6,6,0,0,0,0,6,0,0.9895597199598948,0,0,0,0
173383,0.023136760294437408,0.08599467426538468,0.0924942640204119,20.677703979062386,8,4,1,0,0,1,7,0,0.9693019475255694,0,0,0,0
32081,0.013608983159065247,0.04516773372888565,0.05947033002993553,24.513993027632694,3,2,1,0,0,1,2,0,0.9846680760383606,0,0,0,0
71756,0.028912992775440217,0.10660099238157272,0.13616433309497863,17.318732733718534,1,2,0,0,0,0,2,1,0.9330610632896423,0,0,0,0
308165,0.0195319090038538,0.06865842938423157,0.07981361786670846,21.95846005273523,3,2,0,0,0,0,4,1,0.9836095372835795,0,0,0,0
344029,0.018857377395033837,0.06163817793130875,0.07435454875472634,22.57384915382942,14,12,0,1,1,1,14,1,0.9217926951555105,0,0,0,0
60363,0.02281380407512188,0.07759588062763215,0.08228603552821677,21.693477222271692,3,13,0,0,0,0,3,0,0.9803068240483602,0,0,0,0
52507,0.016356667317450047,0.053934600204229355,0.06638417694979469,23.55870849766979,2,2,0,0,0,0,2,0,0.9709350168704987,0,0,0,0
205834,0.020656652003526687,0.07526585459709167,0.08693456888865053,21.216149904335975,2,2,0,0,0,0,2,0,0.9799791872501373,0,0,0,0
28285,0.018249665945768358,0.06414412930607796,0.07174946026723994,22.883627230929168,2,1,0,0,0,0,2,0,0.9798873066902161,0,0,0,0
345941,0.017450609430670738,0.06238392144441605,0.06966687413215454,23.13947350586143,7,3,1,0,0,1,6,0,0.870246410369873,0,0,0,0
52007,0.017021386325359343,0.05756426900625229,0.06500792553358126,23.740673850012783,8,8,0,0,0,0,8,0,0.9239575266838074,0,0,0,0
299553,0.021281932666897773,0.0763698697090149,0.09878955164401179,20.1057797121548,16,17,0,0,0,0,20,4,0.9469647668302059,0,0,0,0
403817,0.030617329105734826,0.10908563435077667,0.12464234015099376,18.086688114944536,5,3,1,0,0,1,5,1,0.896013006567955,0,0,0,0
213816,0.02587452046573162,0.09147247672080994,0.09719420142937203,20.24719288302702,5,1,0,0,0,0,5,0,0.9205643534660339,0,0,0,0
34760,0.019914136081933976,0.06812680959701538,0.0752162843445276,22.473762487276773,6,4,1,0,0,1,5,0,0.981909453868866,0,0,0,0
272566,0.015429558418691158,0.0540041133761406,0.06389523268659976,23.890630879129247,29,19,2,0,1,1,28,1,0.9563331846837644,0,0,0,0
64868,0.025634539127349854,0.09473313838243484,0.10442759665787207,19.62369433846258,5,6,0,0,0,0,6,1,0.9332007765769958,0,0,0,0
45728,0.02666856423020363,0.09426984488964081,0.09971519766482595,20.024772910202024,1,2,1,0,0,1,0,0,,0,0,0,0
473821,0.023209723457694054,0.08100159317255021,0.09793959435160489,20.180833981692835,5,4,0,0,0,0,5,0,0.9639784932136536,0,0,0,0
203294,0.012789106182754039,0.04410853013396263,0.05564764145079296,25.091064758341965,6,7,0,0,0,0,6,0,0.9712277253468832,0,0,0,0
345261,0.0178197568282485,0.05975985527038574,0.0742531494912811,22.585702415251877,2,2,0,0,0,0,2,0,0.9881897866725922,0,0,0,0
147740,0.018781483732163907,0.0693171739578247,0.07975397782143463,21.96495293586913,16,13,0,0,0,0,18,2,0.967631820589304,0,0,0,0
514376,0.013977378606796265,0.048771217465400696,0.0557963713161108,25.06788088455773,10,8,1,0,0,1,9,0,0.947667141755422,1,0,0,1
363666,0.015285509079694748,0.05559723898768425,0.0700378351708453,23.09334572346975,35,40,0,1,0,1,36,2,0.9708090862807106,0,0,0,0
337987,0.01665633711963892,0.059390570223331454,0.0663085238010812,23.568612809933825,2,1,0,0,0,0,2,0,0.9798814952373505,0,0,0,0
546219,0.01635131910443306,0.05899759605526924,0.07376041083226331,22.64353346010588,30,41,2,0,1,1,29,1,0.9466002711227962,0,0,0,0
229858,0.015532170794904232,0.05876200944185257,0.0656858505160215,23.650563447350017,2,2,0,0,0,0,3,1,0.9516055881977081,0,0,0,0
437514,0.017626412212848663,0.06451569050550461,0.07331199617071883,22.69649910350111,6,3,0,0,0,0,6,0,0.947821299235026,0,0,0,0
406570,0.022966185584664345,0.08529918491840363,0.09966021654116164,20.029563470626265,27,7,3,0,0,1,24,0,0.925267793238163,0,1,0,1
410510,0.025568812713027002,0.09294609725475311,0.10302548921454764,19.741106291190206,3,3,0,0,0,0,3,0,0.9743342399597168,0,0,0,0
366884,0.021666811779141426,0.07514800280332565,0.08599282434327585,21.310755737486154,11,16,1,0,1,1,11,1,0.9332312822341919,0,0,0,0
472678,0.020174991339445114,0.07172322422266006,0.08157137439738185,21.769244403931452,11,14,0,0,0,0,12,1,0.9469837004488165,0,0,0,0
141821,0.017308967746794225,0.060864020884037015,0.06897977600684609,23.225564404402622,14,5,1,0,0,1,13,0,0.9437686159060552,0,0,0,0
375278,0.024498355016112326,0.09031861424446105,0.10076905551577585,19.933456239155337,9,6,1,0,1,1,9,1,0.8793972581624985,0,0,1,1
18833,0.02519821897149086,0.09137734919786453,0.10444759801308473,19.62203086123836,1,1,0,0,0,0,1,0,0.9754725694656372,0,0,0,0
433774,0.017944500036537647,0.0682779923081398,0.08321112766285232,21.596371849323454,6,7,0,0,0,0,6,0,0.9647552569707235,0,0,0,0
173004,0.018005410954356194,0.06206428706645965,0.07703817921012494,22.26587980540152,14,15,0,0,1,1,15,1,0.9451261290482112,0,0,0,0
450439,0.022391058132052423,0.07739222198724746,0.08244607178309572,21.67660063751881,2,2,0,0,0,0,3,1,0.9924119114875793,0,0,0,0
423123,0.024497341364622116,0.09538565725088119,0.10766643062147492,19.358393690477687,10,7,0,0,0,0,10,0,0.9690546095371246,0,0,0,0
19786,0.026515228673815727,0.10129468739032746,0.11595739161887283,18.71403124720851,5,6,0,0,0,0,5,0,0.9738013625144959,0,0,0,0
185472,0.01608311105519533,0.0547119677066803,0.06220351488007937,24.123701486281988,6,9,0,0,0,0,6,0,0.9642562170823415,0,0,0,0
322844,0.01879766769707203,0.06866955310106278,0.08532633096225864,21.37833857313266,8,2,1,0,0,1,7,0,0.9291929176875523,0,0,0,0
3934,0.02217964716255665,0.07977799028158188,0.09119526497434866,20.80055420906699,14,14,0,0,0,0,14,0,0.9466421093259539,0,0,0,0
54593,0.014711669646203518,0.050589192658662796,0.06323589931418162,23.98072601419102,16,18,0,0,0,0,16,0,0.9555061645805836,0,0,0,0
524280,0.018421262502670288,0.06034454479813576,0.06906372878636081,23.21499955140693,1,1,0,0,0,0,1,0,0.9227661490440369,0,0,0,0
273493,0.015994868054986,0.056527552753686906,0.07337770266959198,22.688717787697783,5,5,1,0,0,1,4,0,0.9805957823991776,0,0,0,0
19924,0.024804708361625672,0.08482759892940521,0.08880005336946165,21.031735464145157,2,2,0,0,0,0,2,0,0.9822531640529633,0,0,0,0
144300,0.017809509858489038,0.0635019838809967,0.07168648637069382,22.891254110570486,8,9,1,0,1,1,7,0,0.9504055465970721,0,0,0,0
393115,0.022868746891617775,0.07995782494544983,0.08603354619046813,21.30664351357444,4,2,0,0,0,0,4,0,0.869688406586647,0,0,0,0
173183,0.01803145930171013,0.06499819234013557,0.07096968558728038,22.978542375910255,0,0,0,0,0,0,0,0,,0,0,0,0
525286,0.017197155579924583,0.056954870373010634,0.06343643937736984,23.953224030252112,1,1,0,0,0,0,1,0,0.9927783608436584,0,0,0,0
79588,0.016132311895489693,0.055778153240680695,0.06468628596461616,23.78375567293226,6,6,1,0,0,1,5,0,0.9773533463478088,0,0,0,0
266409,0.022758397459983825,0.07257810980081558,0.08686284849573837,21.223318658191708,5,2,0,0,0,0,5,0,0.9673450708389282,0,0,0,0
499313,0.01734841279685497,0.05961027145385742,0.06755801635430257,23.406462214296436,6,5,1,0,0,1,5,0,0.9638018727302551,0,0,0,0
449909,0.03260614275932312,0.1152210921049118,0.12821251136642453,17.841391859483473,3,2,1,0,0,1,3,1,0.9649279415607452,0,0,0,0
200162,0.01670763026922941,0.056051989644765855,0.06767178262485439,23.391847661718053,8,9,0,0,0,0,9,1,0.9522335007786751,0,0,0,0
3156,0.021291832253336907,0.07848389446735382,0.08952121621401789,20.961480524355345,5,3,0,0,0,0,5,0,0.9790567874908447,0,0,0,0
123480,0.02462964951992035,0.08991993516683579,0.09791985508426575,20.18258475857614,2,4,0,0,0,0,2,0,0.9750062525272369,0,0,0,0
565045,0.02754984050989151,0.10384883135557174,0.10837228655849784,19.301635266194552,2,2,0,0,0,0,2,0,0.9244412183761597,0,0,0,0
494427,0.024166255444288253,0.07860099673271179,0.09452631180390202,20.488945738659424,3,2,0,0,0,0,4,1,0.9606843789418539,0,0,0,0
440475,0.021028962358832358,0.07755624502897263,0.09344272542029156,20.58909006179706,25,26,5,0,2,1,22,2,0.956965085864067,1,0,1,1
450399,0.020008713006973267,0.07782201766967774,0.09070152688035982,20.847708038261537,30,30,5,0,0,1,25,0,0.9591800332069397,0,0,0,0
343561,0.013317891210317612,0.04800195395946503,0.05943067944489019,24.5197860923018,40,28,1,0,0,1,39,0,0.9638534600918109,0,0,0,0
18519,0.019463299587368966,0.06997275650501251,0.08063698633059407,21.869314232170012,1,1,0,0,0,0,2,1,0.9460335373878479,0,0,0,0
309452,0.02077353335916996,0.07556482851505279,0.08792235622714734,21.118013635818606,1,1,0,0,0,0,1,0,0.9893245100975037,0,0,0,0
343149,0.018682420253753662,0.06616765558719635,0.08061221857786433,21.871982524005716,7,6,0,0,0,0,7,0,0.9598017760685512,0,0,0,0
481386,0.016189352981746195,0.0584436945617199,0.06839007119255583,23.300138883515142,32,30,2,0,0,1,34,4,0.9422970612843832,0,0,0,0
546826,0.021196923032402993,0.0773266926407814,0.08198014622694573,21.72582622746548,2,1,0,0,0,0,3,1,0.9396896362304688,0,0,0,0
117645,0.03658479452133179,0.13482846468687057,0.12955361443713367,17.75100932115015,2,2,0,0,0,0,2,0,0.9770489931106567,0,0,0,0
445722,0.029570185020565985,0.11520818173885346,0.12654256284555454,17.955267481872593,2,6,0,0,0,0,2,0,0.974886566400528,0,0,0,0
199681,0.03426586426794529,0.12738892585039138,0.14266262908833122,16.913795535083707,3,2,0,0,0,0,4,1,0.9297382831573486,0,0,0,0
252559,0.013992528617382049,0.04666679576039314,0.055938020421815504,25.04585813687083,14,13,1,0,1,1,13,0,0.9839317890313956,0,0,0,0
417876,0.019127050787210463,0.06784194782376289,0.08282483537132179,21.636788373610074,4,6,0,0,0,0,4,0,0.9740380495786667,0,0,0,0
132544,0.017437281645834447,0.06358043178915977,0.08310911928643874,21.60702639832801,17,15,0,1,0,1,19,2,0.8992412760853767,0,0,0,0
250619,0.01555198933929205,0.05255984291434288,0.06870711401832175,23.259965864647015,7,7,0,0,0,0,7,0,0.9516779950686863,0,0,0,0
105923,0.017946874722838402,0.06458660513162613,0.0760711559641127,22.375599684621967,10,9,0,0,0,0,10,0,0.9393270790576935,0,0,0,0
579900,0.022480354085564612,0.07697290778160096,0.08077934584555939,21.853993361724715,15,13,0,0,0,0,16,1,0.9668265422185262,0,0,0,0
506178,0.03224478028714657,0.11872336119413376,0.1277756873592507,17.87103548226934,7,5,3,0,1,1,5,1,0.9376852959394455,1,0,1,1
468965,0.013753876276314258,0.049283456057310104,0.061608329559944434,24.207211328995776,11,15,1,0,0,1,10,0,0.9732351839542389,0,0,0,0
61658,0.016777127236127853,0.05750347226858139,0.06570293167530132,23.648305034375085,18,12,0,1,2,1,20,2,0.9599048249861774,0,1,2,1
180188,0.020398369804024697,0.07133758515119552,0.08008503635150373,21.928972459103765,2,1,0,0,0,0,2,0,0.9736269116401672,0,0,0,0
570169,0.029195185750722885,0.10654389262199401,0.11898238704140619,18.49034644893183,7,1,1,0,0,1,6,0,0.9279128313064575,0,0,0,0
343076,0.01882854402065277,0.06630864068865776,0.07472048032796731,22.53120689960765,4,2,1,0,0,1,3,0,0.831291933854421,0,1,0,1
553664,0.020689332857728004,0.07321455478668212,0.08848456416918715,21.062649677756507,50,17,3,1,1,1,48,1,0.9487670232420382,0,1,0,1
516318,0.015739730186760427,0.054949817806482316,0.0718690673266685,22.869159822361233,5,3,0,0,0,0,5,0,0.9583762764930726,0,0,0,0
24144,0.017015046253800393,0.06002089604735374,0.06713844077855491,23.460574980298343,1,1,0,0,0,0,1,0,0.9433687925338745,0,0,0,0
447169,0.01976247187703848,0.0736283928155899,0.08857081646838964,21.054187037327644,7,4,0,0,0,0,7,0,0.9522601791790554,0,0,0,0
489014,0.018963751941919328,0.0658523127436638,0.08074138883557416,21.858075690924647,3,3,0,0,0,0,4,1,0.9418332378069559,0,0,0,0
238866,0.018861636519432068,0.0662202425301075,0.0752641567827159,22.46823599192998,32,12,1,0,0,1,32,1,0.9773905104206454,0,0,0,0
92053,0.027440789714455606,0.10075024962425232,0.11410148064821464,18.85417439766953,16,11,5,0,1,1,13,2,0.904562386599454,0,0,0,0
291861,0.01876695603132248,0.06630206182599067,0.07242468584883678,22.80226759853857,1,1,0,0,0,0,1,0,0.9574498534202576,0,0,0,0
581062,0.021654177084565164,0.08225975930690765,0.09634476037718696,20.323437981592548,3,2,1,0,0,1,2,0,0.9853093326091766,0,0,0,0
166563,0.02250306196510792,0.08201170414686203,0.08938872169631722,20.97434546614924,0,1,0,0,0,0,0,0,,0,0,0,0
221213,0.01745201591402292,0.06101762875914574,0.06804474223529978,23.34410853527117,3,2,1,0,0,1,2,0,0.8460647463798523,0,1,0,1
176446,0.027889324724674223,0.0979095920920372,0.10380938186694313,19.675267899130834,5,2,3,0,0,1,2,0,0.9277091324329376,0,0,0,0
161861,0.018285595625638962,0.0636430449783802,0.0811252415963741,21.81687993663497,2,2,0,0,0,0,2,0,0.9482378363609314,0,0,0,0
198915,0.01697289850562811,0.06297693625092507,0.06941676064160845,23.170713134035175,0,0,0,0,0,0,0,0,,0,0,0,0
515350,0.018307952769100667,0.06263190433382988,0.07406138312022839,22.608163632425015,2,2,0,0,0,0,2,0,0.9880775213241577,0,0,0,0
562443,0.011559243500232696,0.04263758957386017,0.04960642162686095,26.08924199576437,5,1,0,0,0,0,5,0,0.9249236226081848,0,0,0,0
273760,0.012095833010971547,0.03811932802200317,0.04903024130709526,26.19071938652166,2,2,0,0,0,0,2,0,0.99305459856987,0,0,0,0
279714,0.021738489717245103,0.08065438270568848,0.0902310524620618,20.89287953915902,3,5,0,0,0,0,5,2,0.9898680249849955,0,0,0,0
519569,0.020633175596594812,0.07672676742076874,0.08489987832896836,21.42185864296441,10,8,0,0,0,0,11,1,0.9753400921821594,0,0,0,0
280779,0.019473375007510185,0.07154371440410615,0.08162597139291726,21.763432746968704,4,3,1,0,1,1,3,0,0.955152670542399,0,0,0,0
122606,0.01778932735323906,0.06237279400229454,0.07152852509060129,22.910414599241996,2,2,0,0,0,0,2,0,0.9710245430469513,0,0,0,0
407614,0.022445284947752952,0.07358886301517487,0.08203650242553119,21.719857275598464,13,13,1,0,1,1,15,3,0.9790398726860682,0,0,0,0
488270,0.019341655261814594,0.07055192440748215,0.0808432253649214,21.847127359284,1,1,0,0,0,0,1,0,0.9619191288948059,0,0,0,0
110784,0.018140088766813278,0.06487768292427062,0.07770945979272693,22.190522201662173,4,3,0,0,0,0,5,1,0.9475766569375992,0,0,0,0
429281,0.01883638873696327,0.07094241827726364,0.08725064352924441,21.1846272231535,17,18,1,0,1,1,18,2,0.9387844875454903,0,0,1,1
198510,0.020952375233173372,0.07582029402256012,0.08772378929167086,21.137652338586243,3,2,0,0,0,0,3,0,0.9428309798240662,0,0,0,0
275791,0.01655557509511709,0.057502389699220655,0.0677973646008412,23.375743751436637,10,8,0,0,0,0,10,0,0.968334186077118,0,0,0,0
547854,0.02087995707988739,0.07359511107206344,0.08208095050214183,21.71515246095972,6,5,0,0,0,0,6,0,0.9518319765726725,0,0,0,0
146363,0.020569086819887162,0.07132981568574906,0.0896717358436536,20.946888463854577,5,3,0,0,0,0,6,1,0.950185239315033,0,0,0,0
283785,0.021104275062680245,0.07765012383460998,0.09009763242082673,20.905732424609667,30,30,4,0,1,1,26,0,0.9577997899972476,2,0,1,1
225946,0.016262032464146613,0.05454945340752602,0.06791188255175268,23.36108461007134,4,2,1,0,0,1,3,0,0.938190778096517,0,0,0,0
44260,0.02320379242300987,0.08068754225969314,0.08468135854915806,21.444243663579215,3,6,0,0,0,0,4,1,0.9413584470748901,0,0,0,0
371749,0.027271846309304237,0.09644957035779952,0.10558384637464882,19.528050417669593,11,7,1,0,0,1,10,0,0.9137968122959137,0,1,0,1
263299,0.018909278512001037,0.07073975801467895,0.09596065584936385,20.358135849601787,4,1,0,0,0,0,4,0,0.8993981778621674,0,0,0,0
173008,0.019030721485614778,0.06962770074605942,0.07797584777647737,22.16079789534212,7,18,1,0,1,1,6,0,0.9316576222578684,0,0,0,0
75612,0.020895865559577943,0.07282722145318984,0.08775045688233675,21.13501227309207,22,20,0,1,0,1,23,1,0.9716818162373134,0,0,0,0
97988,0.013332824222743511,0.04602451547980309,0.057145866986007175,24.86030348037938,30,17,0,0,0,0,30,0,0.9589754203955333,0,0,0,0
197388,0.01876653842628002,0.06727091744542121,0.0765146500493513,22.325108074325037,14,9,0,0,0,0,14,0,0.9438752446855817,0,0,0,0
366611,0.015967181138694286,0.060490645468235016,0.06860655988204839,23.272687136485935,3,2,0,0,0,0,3,0,0.9590701659520467,0,0,0,0
46872,0.01669449470937252,0.05810906663537026,0.07545417446145604,22.446334562320715,11,6,1,0,0,1,10,0,0.9771249830722809,0,0,0,0
125211,0.01456081010401249,0.04869417697191238,0.05756440331185403,24.79691985381298,5,1,0,0,0,0,5,0,0.8728247880935669,0,0,0,0
63965,0.034166458249092105,0.12894579768180847,0.1424385592706203,16.9274485550503,5,3,0,1,0,1,5,0,0.7907295823097229,0,1,0,1
93261,0.01634615920484066,0.05841690897941589,0.0682560742007695,23.317173882229568,7,4,0,0,0,0,7,0,0.894752391747066,0,0,0,0
383676,0.01947726644575596,0.07254537642002105,0.0870774170635584,21.201889234254274,3,2,1,0,0,1,2,0,0.9243796467781067,1,0,0,1
482800,0.01229381151497364,0.04184270650148392,0.05848337781063148,24.65935103764079,4,4,0,0,0,0,4,0,0.9884063452482224,0,0,0,0
213086,0.024054854363203048,0.08274964243173599,0.09045675071392238,20.87118033099682,7,5,0,0,0,0,8,1,0.9387801204408918,0,0,0,0
465179,0.02375558912754059,0.08739634603261948,0.1051102242695584,19.567100745489697,7,3,0,0,0,0,7,0,0.9844870822770255,0,0,0,0
574823,0.016793425381183624,0.05614627599716186,0.06908829374466552,23.211910656794487,5,7,0,0,0,0,7,2,0.9278597235679626,0,0,0,0
281409,0.014895915798842908,0.05098602771759033,0.06620780921668673,23.581815649365115,19,19,0,0,0,0,19,0,0.9663726624689604,0,0,0,0
272364,0.019405925646424294,0.06647881865501404,0.07164195661079463,22.896651233214016,3,4,0,0,0,0,3,0,0.9404166539510092,0,0,0,0
87038,0.017298839800059796,0.06230044364929199,0.07679228287158862,22.293648431318175,23,16,0,0,0,0,23,0,0.9630023811174475,0,0,0,0
481404,0.018126155808568002,0.06502000540494919,0.07093673042940356,22.982576652548392,4,0,0,0,0,0,5,1,0.8147596567869186,0,0,0,0
348243,0.018564354442059994,0.06420305520296096,0.10725316905788723,19.39179733316408,1,2,0,0,0,0,1,0,0.9845196604728699,0,0,0,0
504439,0.025095170736312865,0.09766648858785629,0.1117764154215314,19.03299643933172,3,2,0,0,0,0,3,0,0.97492382923762,0,0,0,0
250127,0.01737335566431284,0.06780080646276473,0.08505134033883419,21.4063767575073,3,5,0,0,0,0,3,0,0.9903675119082133,0,0,0,0
502599,0.021667690202593803,0.07946695238351822,0.0858753219230274,21.32263243756901,4,3,0,0,0,0,4,0,0.9396037608385086,0,0,0,0
125405,0.014104994013905525,0.048439467698335646,0.06307303850184533,24.003124933075213,3,3,1,0,1,1,2,0,0.9941257834434509,0,0,0,0
564023,0.0235361497849226,0.08733330816030502,0.10138751303742313,19.88031059490192,1,1,0,0,0,0,1,0,0.9879873394966125,0,0,0,0
335177,0.016602444276213647,0.05683881938457489,0.06590834729873965,23.621191569665577,3,3,0,0,0,0,3,0,0.9575363000233968,0,0,0,0
155051,0.04248236641287804,0.1626143515110016,0.15741113413698882,16.059291040144316,1,1,0,0,0,0,1,0,0.9842382073402405,0,0,0,0
508101,0.01738701146095991,0.06237647160887718,0.07509605880833707,22.487657100850225,5,4,0,0,0,0,5,0,0.9359973192214965,0,0,0,0
384136,0.027566948533058168,0.09896068274974823,0.1022809190001233,19.804107569329886,3,2,0,0,0,0,3,0,0.9658279220263163,0,0,0,0
544519,0.02743682488799095,0.09798112213611603,0.11019603133714247,19.156680922645833,4,2,0,0,0,0,4,0,0.938448429107666,0,0,0,0
348488,0.029094425588846208,0.10809159725904464,0.11463300553738474,18.813806415436297,2,5,0,0,0,0,2,0,0.9350335896015167,0,0,0,0
176634,0.01617756299674511,0.056875542551279065,0.06248127450768204,24.085002403995375,2,1,0,0,0,0,2,0,0.7415705025196075,0,0,0,0
117914,0.020621651038527488,0.07235332876443863,0.08590108295080572,21.320027220093564,6,3,0,0,0,0,7,1,0.9661393463611603,0,0,0,0
124975,0.013961964286863804,0.045351792126894,0.054004999219726624,25.351320717226727,2,2,0,0,0,0,2,0,0.975593239068985,0,0,0,0
101762,0.018463809788227082,0.06315719559788704,0.07308786226131148,22.72309481121738,4,2,0,0,0,0,4,0,0.9083774089813232,0,0,0,0
117525,0.024842768907546997,0.08369360864162445,0.08946081269258739,20.967343217319765,3,2,0,0,0,0,3,0,0.9475173155466715,0,0,0,0
142585,0.023372338712215425,0.08073838204145431,0.09652872625637803,20.306868489991736,14,11,0,0,0,0,15,1,0.9301472476550511,0,0,0,0
353051,0.015552589297294616,0.05565478503704071,0.07134543655038365,22.93267600652102,2,2,0,0,0,0,2,0,0.9957702159881592,0,0,0,0
174123,0.018792783096432685,0.06120875030755997,0.06932524868119666,23.182171277215428,8,6,1,1,0,1,7,0,0.8949763278166453,1,0,0,1
115898,0.014130816236138344,0.048745503276586534,0.06206720487522443,24.142756242477112,2,2,0,0,0,0,2,0,0.9899033010005951,0,0,0,0
184324,0.01686497088521719,0.06227329596877098,0.08058571379745925,21.874838858403578,47,31,3,0,0,1,46,2,0.9440216923301871,1,0,0,1
392228,0.019005658477544783,0.0655739314854145,0.07297915872694272,22.736022946134014,2,1,0,0,0,0,2,0,0.9556935131549835,0,0,0,0
370375,0.01658095382153988,0.05708166658878326,0.0673483790577144,23.43345704848928,2,3,0,0,0,0,2,0,0.9308704435825348,0,0,0,0
201646,0.02085973843932152,0.07188923805952072,0.07567831858556624,22.420570512337324,4,4,1,0,0,1,3,0,0.9771695335706075,0,0,0,0
466256,0.027691179886460304,0.09641845226287842,0.12228906728664,18.252247348123987,13,12,0,0,0,0,13,0,0.9372638143025912,0,0,0,0
555012,0.023948724567890167,0.08191307336091995,0.09267653092639515,20.660604622311315,1,1,0,0,0,0,1,0,0.9281091094017029,0,0,0,0
431545,0.014580941759049892,0.04941888377070427,0.05996067774083996,24.44266933854205,3,4,0,0,0,0,3,0,0.9551409681638082,0,0,0,0
83113,0.01813394371420145,0.062057269364595415,0.0714800925209601,22.916297880653993,2,2,0,0,0,0,3,1,0.9635095000267029,0,0,0,0
213605,0.01859365813434124,0.06620202213525772,0.07420935525279065,22.590826832814415,7,4,0,0,0,0,9,2,0.9296004942485264,0,0,0,0
279927,0.01470652874559164,0.052572167664766314,0.06142325191049759,24.23334389156171,23,16,0,0,0,0,24,1,0.9692806342373723,0,0,0,0
102644,0.025836270675063132,0.09813591837882996,0.1089955101810983,19.251827829028645,4,1,0,0,0,0,4,0,0.9816798716783524,0,0,0,0
227686,0.020679742842912675,0.07073956131935119,0.09352935260714876,20.581041435002344,2,1,0,0,0,0,2,0,0.9631648063659668,0,0,0,0
452515,0.02715710885822773,0.09651224613189698,0.10794537003892225,19.33591961123039,8,5,0,0,0,0,8,0,0.9685428291559219,0,0,0,0
181816,0.015712000243365765,0.056603258848190306,0.06681774031453827,23.502164314011914,10,11,0,0,0,0,10,0,0.9641617894172668,0,0,0,0
79408,0.02224223054945469,0.07615030109882355,0.07862475689216844,22.08881368767193,1,1,0,0,0,0,1,0,0.9395989775657654,0,0,0,0
430871,0.03237164057791233,0.11058722138404846,0.12250280009676381,18.237079686776706,1,2,0,0,0,0,1,0,0.9856683015823364,0,0,0,0
311002,0.01627257578074932,0.059241946786642075,0.08037902214346195,21.897145631026426,12,9,0,1,0,1,12,0,0.9588353146206249,0,1,0,1
78170,0.02473452500998974,0.08520152419805527,0.09370330137102229,20.56490215407794,5,10,0,0,0,0,5,0,0.9346651434898376,0,0,0,0
164637,0.016305594146251677,0.059219717234373095,0.07148142612092138,22.91613583002393,1,1,0,0,0,0,1,0,0.9731854796409607,0,0,0,0
311883,0.01716866884380579,0.058732949942350385,0.07061393983013758,23.022191136552653,6,7,0,0,0,0,9,3,0.9643419285615286,0,0,0,0
263969,0.022037023305892946,0.07964682132005692,0.09463572186619686,20.478898015932806,8,5,1,0,0,1,8,1,0.9452764987945557,0,0,0,0
785,0.017497803643345834,0.06382485404610634,0.07350461651674721,22.673707676877445,3,2,1,0,0,1,2,0,0.9835723340511322,0,1,0,1
258388,0.03265620581805706,0.1237283080816269,0.14732519154994567,16.634459711388953,5,4,0,0,0,0,5,0,0.9633094906806946,0,0,0,0
382696,0.022460396960377695,0.07764348834753036,0.08290094741892741,21.628810123262063,3,3,0,0,0,0,4,1,0.9748019178708395,0,0,0,0
429598,0.021391791850328447,0.07864035367965698,0.09372358858781736,20.563021820611674,7,4,0,0,0,0,7,0,0.9620266897337777,0,0,0,0
292005,0.025770365446805953,0.0869920238852501,0.09292276957863169,20.637557089189865,5,5,0,0,0,0,5,0,0.9402783870697021,0,0,0,0
537241,0.024769293889403344,0.08683624416589737,0.09661756407539718,20.298878323110706,1,1,0,0,0,0,1,0,0.93510901927948,0,0,0,0
85823,0.014114124141633511,0.05099238380789757,0.055324700072230996,25.141618636067633,3,3,0,0,0,0,3,0,0.9372853636741638,0,0,0,0
173044,0.02211720421910286,0.07984843999147415,0.11245206117365861,18.980651596360257,1,1,0,0,0,0,1,0,0.9788867235183716,0,0,0,0
16451,0.013591995649039745,0.04738184511661529,0.06037109413096198,24.383419063439618,12,12,0,0,1,1,12,0,0.9456394910812378,0,0,1,1
399764,0.023090847954154014,0.08301119357347489,0.09426521292771031,20.51297094288791,8,2,1,0,0,1,7,0,0.9424914291926793,0,0,0,0
446522,0.02378581538796425,0.07734843641519547,0.09527419201505692,20.420494512599014,6,4,1,0,0,1,5,0,0.9717157244682312,1,0,0,1
51712,0.018453232012689114,0.06862393915653228,0.07934610837908831,22.009487377157733,2,2,0,0,0,0,2,0,0.9804096817970276,0,0,0,0
237984,0.021259307116270065,0.07715806066989898,0.09212879980306975,20.712091730397646,4,2,0,0,0,0,4,0,0.8601809591054916,0,0,0,0
509260,0.022394607961177825,0.0780257061123848,0.09577330631285752,20.37511038971345,77,14,1,2,0,1,85,9,0.9425587678277815,0,0,0,0
119088,0.015128938108682632,0.0499257892370224,0.06636213165327061,23.561593444398955,6,4,0,0,0,0,6,0,0.9764523903528849,0,0,0,0
454067,0.0227566696703434,0.07476684749126435,0.0836135031951707,21.554471606819817,14,7,2,0,0,1,13,1,0.905658612648646,0,0,0,0
511076,0.02080024629831314,0.074342380464077,0.09036575730476747,20.87992214953573,28,18,3,0,0,1,27,2,0.9440407657623291,0,1,0,1
344909,0.018838314339518547,0.06631382331252098,0.07588228581174453,22.397191905568576,7,4,0,1,0,1,6,0,0.9136434396107992,0,0,0,0
224119,0.030473075434565546,0.11726533025503158,0.13049219847985413,17.688309039836433,2,12,0,0,0,0,2,0,0.9443157017230988,0,0,0,0
33638,0.025997691601514817,0.09731108248233795,0.11512629978751493,18.776509070779845,15,8,2,0,0,1,13,0,0.9654647707939148,0,0,0,0
121744,0.01893715690821409,0.07021020203828812,0.08451590861923024,21.461230702602627,21,15,2,0,0,1,20,1,0.9304723300431904,1,0,0,1
366225,0.02107461206614971,0.07503981739282609,0.08142825619555408,21.784497312434418,3,4,0,0,0,0,3,0,0.9677954912185669,0,0,0,0
244181,0.019187088310718536,0.06929444521665573,0.08631870976245497,21.277901196723942,6,5,0,1,0,1,5,0,0.9727672696113586,0,1,0,1
425390,0.021937058493494987,0.07246087342500687,0.0805910203953555,21.87426690831503,3,2,0,0,0,0,3,0,0.9693381587664286,0,0,0,0
173057,0.01796594448387623,0.06192464753985405,0.07330919466740826,22.696831027535286,22,17,1,0,0,1,21,0,0.9406073547544933,0,0,0,0
262682,0.02637462243437767,0.09184089004993438,0.10634847072644327,19.465375015994617,12,8,1,0,0,1,12,1,0.9455845518545671,0,0,0,0
15597,0.026250948384404182,0.0930308073759079,0.09933964473221361,20.05754795005632,3,3,0,0,0,0,3,0,0.9773363471031189,0,0,0,0
235399,0.021122442930936812,0.07817436158657073,0.09142796595087432,20.778418842340336,2,3,0,0,0,0,2,0,0.9138914048671722,0,0,0,0
491130,0.025598863884806634,0.08937035202980041,0.0908836618015437,20.83028366167381,6,3,0,0,0,0,6,0,0.9502127567927042,0,0,0,0
496854,0.019480285048484803,0.07182852774858475,0.0860817010987173,21.30178318613588,19,15,0,0,0,0,20,1,0.960052207896584,0,0,0,0
259382,0.01723422147333622,0.0621486596763134,0.07462704898509875,22.542074631300242,1,1,0,0,0,0,1,0,0.9913408160209656,0,0,0,0
220764,0.018324793502688407,0.06866791099309921,0.08868021714939922,21.043465042168048,2,3,0,0,0,0,2,0,0.9586500227451324,0,0,0,0
262587,0.020928572863340378,0.06849188804626465,0.08316231082731511,21.601469029041226,3,2,0,0,0,0,3,0,0.9241097569465637,0,0,0,0
188439,0.017445491254329683,0.059556185454130176,0.06735760163215138,23.432267698715,6,2,0,0,0,0,7,1,0.9558709959189097,0,0,0,0
224807,0.01801643390208483,0.06674493849277496,0.09263549421721312,20.66445154301292,41,45,0,0,0,0,44,3,0.9738971053100214,0,0,0,0
380711,0.02081884667277336,0.07361548542976379,0.08439210858545473,21.473963237634578,3,2,0,0,0,0,3,0,0.9304216106732687,0,0,0,0
534394,0.01637814100831747,0.0575754202902317,0.06722543933144133,23.449327017914044,17,15,0,0,0,0,17,0,0.9706491827964783,0,0,0,0
265518,0.016494389809668063,0.05979980453848839,0.07871305234581792,22.07906492289422,5,5,0,0,0,0,5,0,0.9856732130050659,0,0,0,0
30213,0.016964531131088735,0.062330441921949385,0.07212945703203905,22.837746740609283,14,14,0,0,0,0,14,0,0.9808299286024911,0,0,0,0
53624,0.018513643369078635,0.06726813167333603,0.07643739113505671,22.333882883147407,7,6,0,0,0,0,8,1,0.9719179783548627,0,0,0,0
524456,0.01811376176774502,0.06840789616107941,0.07358455554759467,22.664266578551427,8,6,0,0,0,0,8,0,0.9815728440880775,0,0,0,0
392818,0.024639061465859414,0.08844803422689437,0.09189825289229203,20.733854900993624,3,1,0,0,0,0,3,0,0.957850456237793,0,0,0,0
308193,0.02865319550037384,0.10418039262294769,0.12532630480501109,18.039155302753564,1,1,0,0,0,0,1,0,0.9574811458587646,0,0,0,0
66841,0.02338930480182171,0.08585464656352997,0.09484465185156489,20.45974306605746,3,7,0,0,0,0,3,0,0.9807889064153036,0,0,0,0
523241,0.024210508540272714,0.08536893427371979,0.10178375330301097,19.84643076885516,13,10,1,0,0,1,12,0,0.9575158903996149,0,0,0,0
450075,0.01940329819917679,0.07089903801679612,0.0782312878358497,22.13239040763235,6,4,1,0,0,1,5,0,0.9594314336776734,0,0,0,0
457078,0.020815202593803407,0.07381886541843415,0.08352875700226954,21.563279626299682,8,18,2,0,0,1,9,3,0.9678979218006134,1,0,0,1
273711,0.019597705081105234,0.07295037508010864,0.09208984202774334,20.715765440492465,31,37,1,3,1,1,27,0,0.9497003974737944,0,0,0,0
187236,0.03751315698027611,0.1356790542602539,0.15131493191910964,16.402364264374725,5,4,0,0,0,0,5,0,0.906537926197052,0,0,0,0
406611,0.01547575406730175,0.05712109208106995,0.07413132737638774,22.59996446887786,38,24,2,0,0,1,37,1,0.9287649277183745,1,0,0,1
106048,0.019453548640012742,0.06616246104240417,0.07612556981818992,22.36938887096609,1,1,0,0,0,0,1,0,0.9113511443138123,0,0,0,0
32811,0.03253202512860298,0.1131480872631073,0.12643422004690627,17.96270732389219,1,1,0,0,0,0,1,0,0.9410009384155273,0,0,0,0
545958,0.025062185898423194,0.08574517071247101,0.09093928612153651,20.824969187068252,2,1,0,0,0,0,2,0,0.9851764440536499,0,0,0,0
199442,0.021542220562696456,0.07010489702224731,0.07780586044507307,22.179753802339416,2,2,0,0,0,0,2,0,0.9938801229000092,0,0,0,0
226408,0.03477693535387516,0.12313543409109115,0.14295547376185616,16.895984217234663,5,3,0,0,0,0,6,1,0.8953885436058044,0,0,0,0
276024,0.014642560109496116,0.0523952953517437,0.06392413313004706,23.886703053874466,11,9,1,0,0,1,10,0,0.9809182405471801,1,0,0,1
447314,0.018481840938329698,0.06419559419155121,0.08137309505358443,21.79038330301271,9,11,0,0,0,0,9,0,0.961046470536126,0,0,0,0
308531,0.02201744318008423,0.07552368491888047,0.08194723199667808,21.729314227805222,4,3,0,0,0,0,4,0,0.9593904167413712,0,0,0,0
365766,0.020788684487342834,0.07392583340406418,0.08849523456264327,21.061602305562268,5,3,0,0,0,0,5,0,0.9427666306495667,0,0,0,0
581482,0.023843999579548837,0.08168248981237411,0.08417957140960472,21.495865794833698,2,2,0,0,0,0,3,1,0.9802627265453339,0,0,0,0
482970,0.030575160682201386,0.1056276023387909,0.11529913143468348,18.763479285943824,3,2,0,0,0,0,3,0,0.9386715292930603,0,0,0,0
394510,0.018620675429701805,0.0641329400241375,0.0788093252228711,22.068447819442042,8,6,1,0,0,1,7,0,0.9227592859949384,0,0,0,0
222317,0.0239948071539402,0.08830365836620331,0.09634530714918696,20.323388687912704,6,3,1,0,0,1,6,1,0.9200807452201843,0,0,0,0
447200,0.01850539743900299,0.06566594764590264,0.07028857355541014,23.062305404346155,3,1,1,0,1,1,2,0,0.980966717004776,0,0,0,0
511453,0.01862850785255432,0.06223572492599487,0.0681331190080429,23.33283458816441,3,3,0,0,0,0,3,0,0.995537002881368,0,0,0,0
212573,0.018411824479699135,0.06206841766834259,0.0772711665437913,22.239650625370615,17,15,0,0,0,0,17,0,0.9709201349931604,0,0,0,0
405432,0.026201795414090158,0.0939183384180069,0.10025317134629959,19.978037605793787,4,4,0,0,0,0,4,0,0.9491499662399292,0,0,0,0
365385,0.03683627173304558,0.12993862926959993,0.14362085289478235,16.85564997072624,7,6,2,0,0,1,6,1,0.8552481889724731,0,0,0,0
176847,0.017230648919939993,0.06083689630031586,0.06412282905050261,23.859746503052005,2,1,0,0,0,0,2,0,0.9817406535148621,0,0,0,0
454750,0.018454834446311,0.06158645898103714,0.06855186247017155,23.27961482929674,3,2,0,1,0,1,3,0,0.9547845721244812,0,1,0,1
26690,0.03261142931878567,0.1187472864985466,0.12570415902149365,18.01300706200017,16,15,0,0,0,0,17,1,0.9434799551963806,0,0,0,0
158744,0.025479846447706223,0.0914426401257515,0.10362527400349313,19.690686161779553,9,12,3,0,0,1,8,2,0.9288952648639679,0,0,0,0
252716,0.015884510427713393,0.05373327434062958,0.07453388817930179,22.552924450272215,4,4,0,0,0,0,4,0,0.9425948858261108,0,0,0,0
364297,0.026269372180104257,0.09489007741212845,0.10616181637813844,19.480633190164397,9,3,2,0,0,1,7,0,0.9442800283432007,0,0,0,0
473121,0.027726375311613084,0.1039384201169014,0.10848624440639223,19.292506500294408,6,2,0,0,0,0,6,0,0.944595456123352,0,0,0,0
159684,0.019762473180890083,0.07072056233882903,0.08021669704028032,21.91470448526047,2,2,0,0,0,0,2,0,0.9786083996295929,0,0,0,0
338532,0.017076203785836696,0.05891326293349266,0.07310020521530719,22.72162807677975,2,3,0,0,0,0,2,0,0.9583724737167358,0,0,0,0
62554,0.02313116453588009,0.08313453048467637,0.0982583262986256,20.152612755471516,11,6,0,1,0,1,11,0,0.9742958784103394,0,0,0,0
237864,0.016465599462389947,0.060444720834493634,0.0739467819942103,22.621614416456367,3,2,0,0,0,0,3,0,0.9863230387369791,0,0,0,0
431727,0.021288105845451356,0.07761408537626266,0.07702492752431801,22.267374033100296,0,2,0,0,0,0,0,0,,0,0,0,0
73702,0.02244098000228405,0.07882266640663146,0.0845856018332963,21.45407112610264,8,6,0,0,0,0,9,1,0.8534374609589577,0,0,0,0
507575,0.019589271396398544,0.06960372477769852,0.0808912334059823,21.841970850747593,18,8,1,0,0,1,19,2,0.9536063776296728,1,0,0,1
429761,0.013291669636964798,0.04379719197750091,0.056295036684993235,24.990597870411584,5,4,0,0,0,0,5,0,0.9625006794929505,0,0,0,0
429623,0.016460407897830008,0.05978398025035858,0.07164883622254198,22.89581718732377,7,4,0,0,0,0,7,0,0.936293865953173,0,0,0,0
246436,0.02755088433623314,0.09931912571191788,0.11588311626133954,18.71959669033433,10,7,1,0,0,1,10,1,0.9721744391653273,1,0,0,1
430286,0.018947264552116393,0.06676602512598037,0.06733566699930413,23.435096671592156,5,4,0,0,0,0,5,0,0.9506797671318055,0,0,0,0
500423,0.02612822726368904,0.08591590523719787,0.0939587672706914,20.54125379511477,1,2,0,0,0,0,1,0,0.9885709881782532,0,0,0,0
517832,0.01812533289194107,0.060244600474834445,0.06425465957401595,23.841907459884368,4,2,1,0,0,1,3,0,0.9182215929031372,0,0,0,0
101780,0.017876155115664004,0.062345752865076064,0.07512474253918047,22.48434006723961,6,4,0,0,0,0,6,0,0.9802184700965881,0,0,0,0
416451,0.02149406410753727,0.07171956449747086,0.09091779165862157,20.82702243169152,35,27,4,0,1,1,32,1,0.9613039474333486,1,0,0,1
129756,0.013452678918838501,0.04776127189397812,0.06870787153857442,23.259870100167078,11,9,0,0,0,0,11,0,0.9756777720017866,0,0,0,0
138856,0.020093738660216333,0.07301902025938034,0.08602792312295976,21.307211233285514,7,2,1,0,1,1,8,2,0.9780883193016052,0,0,0,0
222094,0.019429767876863478,0.0671697624027729,0.08175748712385196,21.74944930725379,15,11,0,0,0,0,16,1,0.91285134156545,0,0,0,0
519764,0.034541139006614686,0.12260238230228424,0.13162926722319032,17.612950728065357,4,3,0,0,0,0,4,0,0.8991367667913437,0,0,0,0
570448,0.017170571163296698,0.05924082100391388,0.06986818612011696,23.114410630333097,5,10,0,0,0,0,5,0,0.9761224865913392,0,0,0,0
306700,0.019516557455062866,0.06864591836929321,0.07870624341244617,22.079816312913746,4,4,0,0,0,0,5,1,0.9761778116226196,0,0,0,0
59386,0.013130490481853486,0.047364652156829834,0.06494792781547531,23.74869401350061,9,10,0,0,0,0,9,0,0.9468690819210477,0,0,0,0
381971,0.0170686399564147,0.06265378966927529,0.07562171345461356,22.427069730304602,12,16,1,0,0,1,12,1,0.9519157572226091,0,0,0,0
509403,0.011441295966506004,0.0411708228290081,0.05629860828541508,24.99004681751488,5,5,0,0,0,0,5,0,0.9922896027565002,0,0,0,0
23126,0.0302877314388752,0.11389459818601608,0.12719776201948518,17.91041059625816,4,3,1,0,0,1,3,0,0.8758435249328613,0,0,0,0
258911,0.028837136924266815,0.10174720734357834,0.11680210676178768,18.650986475505352,16,8,0,0,0,0,20,4,0.8869607634842396,0,0,0,0
356424,0.020383649691939353,0.07664016336202621,0.101835839226729,19.841987064893686,18,10,2,0,0,1,16,0,0.9720977172255516,0,0,0,0
525247,0.02872379943728447,0.09586583375930786,0.1023590639860145,19.797473882732504,9,2,0,0,0,0,9,0,0.9451103210449219,0,0,0,0
463730,0.015769058465957643,0.05680375471711159,0.06932377686544638,23.182355685711983,19,21,0,0,0,0,19,0,0.9716881168516058,0,0,0,0
333745,0.026207509264349938,0.09864130020141601,0.10602499573746275,19.491834726565045,8,11,0,0,0,0,9,1,0.9280116707086563,0,0,0,0
313034,0.01771473288536072,0.06732913106679916,0.08305579244837175,21.612601474813932,9,11,0,0,0,0,9,0,0.9687178267372979,0,0,0,0
386134,0.022175922989845276,0.07443566173315048,0.08554271002724646,21.35633990476965,1,1,0,0,0,0,1,0,0.9974545836448669,0,0,0,0
469246,0.021729910001158714,0.07260601967573166,0.08162113660266215,21.763947236384247,7,9,0,0,0,0,9,2,0.9162101234708514,0,0,0,0
534827,0.019977792352437972,0.06753134727478027,0.0782379206521961,22.131654008293907,9,10,0,0,0,0,11,2,0.935984644624922,0,0,0,0
469652,0.019797929748892783,0.06478456109762191,0.06882780475648367,23.244721638519795,1,1,0,0,0,0,1,0,0.9959614872932434,0,0,0,0
109118,0.020561208948493004,0.07392758876085281,0.08914132380706358,20.998418412886952,9,6,0,2,0,1,7,0,0.9590094344956535,0,1,0,1
536343,0.04134582877159119,0.1550751656293869,0.1556173701931074,16.15883856363897,3,0,2,0,0,1,1,0,0.7779726982116699,0,0,0,0
38070,0.02498564124107361,0.09093564450740814,0.0991343042612095,20.075520740085295,1,1,0,0,0,0,1,0,0.933462381362915,0,0,0,0
65736,0.029435828700661658,0.10186663120985032,0.12228921248981765,18.252237034707953,3,3,0,0,0,0,3,0,0.9783925612767538,0,0,0,0
151820,0.020737484470009802,0.0720503956079483,0.08774803956631738,21.13525155195304,24,26,1,0,1,1,25,2,0.9400091611820719,0,0,0,0
11149,0.01823025941848755,0.06318048611283303,0.0725156264470391,22.791367937971437,7,5,0,0,0,0,7,0,0.9692292809486389,0,0,0,0
259854,0.023573059216141702,0.08565868884325027,0.09033997584560946,20.88240059785688,0,1,0,0,0,0,0,0,,0,0,0,0
181796,0.018440603092312813,0.06401834934949875,0.07489518316671394,22.510922255192327,21,15,1,0,0,1,21,1,0.9293381154537201,0,0,0,0
505942,0.01564529724419117,0.056497037410736084,0.0638716703412069,23.893834524661326,8,7,0,0,0,0,8,0,0.965989500284195,0,0,0,0
285047,0.02370987758040428,0.08838851302862168,0.0996915175002668,20.02683586276376,6,3,0,0,0,0,6,0,0.9630590279897054,0,0,0,0
344614,0.014006819017231465,0.051877421140670774,0.06162030066096699,24.20552373963495,3,2,0,0,0,0,3,0,0.9887217283248901,0,0,0,0
442456,0.01527310311794281,0.05569997653365135,0.06782601926174557,23.372073422340772,12,9,1,0,0,1,11,0,0.9550822485576976,0,1,0,1
527750,0.021781423315405845,0.0758785530924797,0.0869055164478226,21.219053104672177,7,6,0,0,0,0,9,2,0.979887340750013,0,0,0,0
526706,0.01794378347694874,0.06525803059339523,0.08571427465043688,21.338936913771654,4,4,0,0,0,0,4,0,0.9700705707073212,0,0,0,0
32887,0.02178977020084858,0.08556153774261474,0.1021867485126802,19.812108389497478,5,4,0,0,0,0,7,2,0.9420543789863587,0,0,0,0
253386,0.033553720265626905,0.12239831238985062,0.12904341360373706,17.78528314027128,4,3,0,0,0,0,5,1,0.939502403140068,0,0,0,0
239274,0.017397424206137657,0.05718008652329445,0.06920490193034412,23.197262849043817,14,14,1,0,0,1,13,0,0.9634233804849478,0,0,0,0
168974,0.023171767964959143,0.08555584698915482,0.09626400454992941,20.33072151559535,5,3,0,0,0,0,5,0,0.9354259610176087,0,0,0,0
410496,0.017672843672335146,0.05909665375947952,0.07516633006688181,22.479533066013392,24,17,0,0,0,0,24,0,0.966742085913817,0,0,0,0
371042,0.016406371258199215,0.0564197339117527,0.06401505223998848,23.874357915274484,9,9,0,0,0,0,10,1,0.979041854540507,0,0,0,0
506454,0.012926006503403187,0.04534750953316689,0.054832273519375106,25.219274930424874,2,2,1,0,0,1,1,0,0.9916126132011414,0,0,0,0
199395,0.01737997364252806,0.062397558242082596,0.07883709193812158,22.06538807814104,11,13,0,0,0,0,12,1,0.9650908275084062,0,0,0,0
46378,0.02268941290676594,0.07837865650653839,0.08498396304400246,21.41326040773766,1,2,0,0,0,0,1,0,0.9926688075065613,0,0,0,0
142092,0.0203137144446373,0.07590243369340896,0.08574271566134495,21.33605531082552,4,1,0,0,0,0,4,0,0.9420273900032043,0,0,0,0
485802,0.023490960523486138,0.08715779483318328,0.10079457792455898,19.93125658812317,1,1,0,0,0,0,1,0,0.9550955295562744,0,0,0,0
88970,0.01964322626590729,0.06914639323949814,0.08793785733835463,21.11648240895571,3,3,0,0,0,0,3,0,0.9913005034128824,0,0,0,0
51610,0.021007993817329408,0.07804601937532425,0.09410007227669058,20.528200859965843,6,3,1,0,1,1,5,0,0.9669234871864318,0,0,1,1
368335,0.021869812160730362,0.07274340093135834,0.08331197498065275,21.585851401819276,8,6,1,0,0,1,7,0,0.9824817436082023,0,0,0,0
58655,0.019672699645161627,0.06642127931118011,0.07845681323249636,22.107386721389204,5,1,0,0,0,0,5,0,0.9183850884437561,0,0,0,0
479953,0.01219975557178259,0.040454185009002684,0.050225896345083544,25.98144607944889,2,2,0,0,0,0,2,0,0.9928798377513885,0,0,0,0
505789,0.01511842142790556,0.05188028737902641,0.06211167205034267,24.136535587214883,10,11,0,0,0,0,11,1,0.9487984001636505,0,0,0,0
417285,0.023017115890979767,0.08461501002311707,0.09580030741035292,20.37266194652812,9,6,1,0,0,1,8,0,0.9395414516329765,0,0,0,0
210789,0.01789385508745909,0.06459694877266883,0.08055285528980093,21.878381217961124,6,5,0,0,0,0,7,1,0.9792595406373342,0,0,0,0
442836,0.012795561738312245,0.04403417259454727,0.05677029034341656,24.917577692655307,4,4,0,0,0,0,4,0,0.9692818522453308,0,0,0,0
320706,0.02047220915555954,0.07263246029615403,0.0831932281526342,21.59824046832886,9,0,3,0,0,1,6,0,0.9840484360853831,0,0,0,0
396580,0.01902049221098423,0.06908567398786544,0.07612041800702446,22.369976709947935,1,2,0,0,0,0,1,0,0.9820038676261902,0,0,0,0
485027,0.020898087322711943,0.07130526006221771,0.08238973799013774,21.682537565037773,3,3,0,0,0,0,3,0,0.9849448402722677,0,0,0,0
346968,0.02326960638165474,0.08568960726261139,0.09516631119001413,20.430335287275064,8,5,2,0,1,1,7,1,0.8786318103472391,0,1,0,1
530854,0.02647765576839447,0.09491918832063675,0.10097133496845635,19.916038035625473,9,8,1,0,1,1,9,1,0.9572761207818985,0,0,0,0
529939,0.01741931904107332,0.06209521666169167,0.07850680677204347,22.101853740157075,14,14,0,0,0,0,14,0,0.9484595954418182,0,0,0,0
559707,0.018055111169815063,0.06429347544908523,0.07346124536649933,22.67883426927976,11,5,0,0,0,0,11,0,0.9769128019159491,0,0,0,0
434548,0.014029412157833576,0.04884810373187065,0.05718036315470661,24.855061814963072,3,3,0,0,0,0,4,1,0.9732933441797892,0,0,0,0
226883,0.016555212251842023,0.06042640805244446,0.07082857702433587,22.995829665426143,2,1,1,0,0,1,1,0,0.9731371998786926,0,0,0,0
568690,0.02355850152671337,0.07780818790197372,0.08997018036635158,20.91802817749352,3,2,0,0,0,0,3,0,0.9367732803026835,0,0,0,0
132587,0.019974684342741966,0.06913093030452729,0.08687036786472016,21.22256678804813,8,10,1,0,0,1,7,0,0.9589399439947945,1,0,0,1
401862,0.017259091883897782,0.06322074979543686,0.08595371620987285,21.314706836885463,10,10,0,0,0,0,10,0,0.9375746548175812,0,0,0,0
379453,0.0214084692299366,0.07167786359786987,0.08872143156782653,21.039429184564856,1,1,0,0,0,0,1,0,0.9322730898857117,0,0,0,0
162543,0.017693559266626836,0.06698500588536263,0.07742362852424486,22.22252957919178,4,6,0,0,0,0,5,1,0.9501248747110367,0,0,0,0
456015,0.01755614373832941,0.062339795380830766,0.12050911127463015,18.3796023270595,8,8,0,0,0,0,8,0,0.9764850586652756,0,0,0,0
90108,0.021129425242543222,0.07238386571407318,0.08481614505479357,21.43042940750423,5,3,0,0,0,0,5,0,0.9740691900253295,0,0,0,0
554266,0.02065833583474159,0.07561101317405701,0.08482362146693624,21.429663793495987,7,4,2,0,0,1,5,0,0.9823454856872559,0,0,0,0
264335,0.016903057135641573,0.05491891875863075,0.06741750816892753,23.42454607115227,2,1,0,0,0,0,2,0,0.9323757886886597,0,0,0,0
303713,0.01765570156276226,0.06281965523958206,0.09097548629811443,20.8215122853708,43,25,7,0,0,1,37,1,0.9662695957554711,0,0,0,0
355257,0.021975787729024886,0.07386802583932876,0.08030817677251496,21.904804674403078,8,3,1,0,1,1,7,0,0.9256412727492196,0,0,1,1
479448,0.019683614000678064,0.06887519955635071,0.07891204352862666,22.057134197187747,26,17,0,1,1,1,28,2,0.9536805748939514,0,0,1,1
415194,0.018603406473994256,0.06528465077280998,0.07332207041922208,22.69530560443424,16,11,3,0,1,1,13,0,0.9708522512362554,0,0,0,0
288042,0.017567434161901475,0.062195762246847155,0.07505792662837515,22.492068730857447,7,3,0,0,0,0,7,0,0.9575259259768895,0,0,0,0
400815,0.01708138734102249,0.061935629695653915,0.07142211514136258,22.923345849423082,4,3,0,0,0,0,4,0,0.9424599558115005,0,0,0,0
556765,0.01568704769015312,0.05177251622080803,0.06751407227083042,23.412113914460946,1,1,0,0,0,0,1,0,0.9976634979248047,0,0,0,0
1296,0.02500525787472725,0.09270007759332657,0.09916830308853791,20.072542362051458,12,4,2,0,0,1,10,0,0.8767273604869843,0,1,0,1
342006,0.01908431835472584,0.07104244381189347,0.08953736041049122,20.95991425803193,11,4,3,0,0,1,8,0,0.9169174581766129,0,0,0,0
190637,0.028816742077469825,0.10211962014436722,0.10382603400864372,19.67387470072343,10,4,1,1,0,1,8,0,0.9173604995012283,0,2,0,1
236845,0.019201985374093056,0.07292701601982117,0.0817781781606406,21.74725137614574,4,1,0,0,0,0,4,0,0.9724313765764236,0,0,0,0
463802,0.026671932265162467,0.09346887022256851,0.10799117409239237,19.332234742038985,2,3,0,0,0,0,2,0,0.9576608836650848,0,0,0,0
313562,0.018710752576589586,0.06745532155036926,0.07436504382109645,22.572623236157007,10,6,3,0,0,1,7,0,0.9299404706273761,1,0,0,1
85576,0.02924567572772503,0.09846052974462509,0.10193481856894115,19.833548914673056,2,1,0,0,0,0,2,0,0.9779041409492493,0,0,0,0
88345,0.024097033962607383,0.08782279044389725,0.09400372327670665,20.537098892579422,4,3,1,0,0,1,3,0,0.9764708677927653,0,0,0,0
154000,0.017225812561810015,0.05980027988553047,0.07027971258640997,23.063400464989435,2,3,0,0,0,0,2,0,0.9853880703449249,0,0,0,0
94336,0.02338912636041641,0.0801113948225975,0.08911950738454559,21.000544455248228,4,2,0,0,0,0,4,0,0.947644904255867,0,0,0,0
334521,0.01890183351933956,0.06680138930678367,0.07514717896376659,22.48174636500533,4,4,2,0,0,1,2,0,0.9596918225288391,0,0,0,0
459467,0.019807304814457895,0.06601349860429764,0.08016854332731335,21.919920150344154,1,1,0,0,0,0,1,0,0.9865643978118896,0,0,0,0
167486,0.024189209938049315,0.0949297234416008,0.10879020008795649,19.26820448970752,15,10,0,0,0,0,16,1,0.8774322549502055,0,0,0,0
471893,0.018454127386212348,0.06752655059099197,0.08924391507075242,20.98842771524761,32,31,0,0,0,0,34,2,0.9566549155861139,0,0,0,0
345397,0.025572293996810914,0.09177025407552719,0.10400123172452248,19.659230343256002,7,3,0,0,0,0,8,1,0.9706434862954276,0,0,0,0
482477,0.026014748215675353,0.08669639974832535,0.09062594716172835,20.85494882884106,1,1,0,0,0,0,1,0,0.9925379157066345,0,0,0,0
82807,0.024076322838664056,0.08830736130475998,0.10448230907349873,19.61914475989505,4,4,0,0,0,0,4,0,0.9802751392126083,0,0,0,0
560279,0.020508232712745666,0.07554270923137665,0.09008131578125161,20.907305577660182,3,2,0,0,0,0,3,0,0.9715808431307474,0,0,0,0
296657,0.013506624475121498,0.04751397743821144,0.06114956544486493,24.27213249800537,7,14,0,0,0,0,7,0,0.9881102613040379,0,0,0,0
336658,0.02332092374563217,0.0876758024096489,0.10021500996879397,19.98134451979161,17,22,1,0,0,1,16,0,0.9283810555934906,0,0,0,0
39551,0.017446255311369896,0.055156410485506055,0.0660668227006745,23.600331577393415,3,3,0,0,0,0,3,0,0.9899086157480875,0,0,0,0
413404,0.01755599081516266,0.06056311950087547,0.07555309479740958,22.43495482877318,11,12,2,0,0,1,10,1,0.9394526812765334,1,0,0,1
433374,0.0160420224070549,0.05568244010210037,0.0666890336235232,23.51891151607802,5,6,1,0,1,1,4,0,0.977119043469429,0,0,0,0
282298,0.017968760803341866,0.06595246270298957,0.07815776169641808,22.14055773113206,28,18,0,0,0,0,29,1,0.9562784220491137,0,0,0,0
184791,0.022504372149705888,0.07746293842792511,0.08191994460992202,21.732207000317366,7,7,1,0,0,1,7,1,0.9590018391609192,0,0,0,0
443969,0.01751490719616413,0.06336538270115852,0.0745317848901273,22.553169562876235,6,7,1,0,0,1,5,0,0.9835020303726196,0,0,0,0
150417,0.020505974441766738,0.07427016198635102,0.08886024482047007,21.02584989121812,14,12,1,0,1,1,15,2,0.938452830681434,0,0,0,0
269113,0.011855416558682918,0.03849904090166092,0.05169522215146852,25.73099188053454,3,4,0,0,0,0,3,0,0.9915705521901449,0,0,0,0
439715,0.015196833945810794,0.05315353348851204,0.08203378753618652,21.720144728363195,16,19,0,0,0,0,16,0,0.9613378942012787,0,0,0,0
6894,0.017259009927511216,0.06240015029907227,0.06912962819183016,23.20671557858762,7,2,0,0,0,0,7,0,0.9028369784355164,0,0,0,0
426253,0.029583553224802016,0.10204312801361085,0.11396891729455398,18.864271550127725,7,2,0,0,0,0,9,2,0.9234218938010079,0,0,0,0
129492,0.02085932418704033,0.07368230670690537,0.0866375748558629,21.245874258185026,12,9,2,0,0,1,10,0,0.9289073705673218,0,0,0,0
171382,0.016271900944411756,0.05698448792099953,0.0789364947305521,22.054443257563175,36,36,0,0,0,0,37,1,0.9334154211812549,0,0,0,0
83172,0.022083623707294463,0.07949063181877136,0.08847251803939005,21.063832239684395,6,6,0,0,0,0,6,0,0.9791901608308157,0,0,0,0
88462,0.015714848414063454,0.05419404506683349,0.0685922377587113,23.2745005690419,17,16,0,2,1,1,16,0,0.9460610508918762,0,1,1,1
376093,0.016744758933782578,0.05892191380262375,0.07342670989666791,22.682918624386268,19,13,0,0,0,0,20,1,0.9509659315410414,0,0,0,0
431876,0.017376676201820374,0.06377378702163697,0.1336250977522236,17.482239281577506,23,11,1,1,0,1,24,3,0.8943380259332203,0,0,0,0
125257,0.018371976912021637,0.06706630438566208,0.07671225708794273,22.3027047782914,2,2,0,0,0,0,2,0,0.9854861497879028,0,0,0,0
286503,0.01833112835884094,0.06830945909023285,0.07538227938398882,22.45461469275034,5,4,0,0,0,0,5,0,0.968040156364441,0,0,0,0
370900,0.02719561494886875,0.09956236183643341,0.1023468944738259,19.798506613198576,7,4,0,0,0,0,8,1,0.9086154869624546,0,0,0,0
7511,0.013640126585960389,0.04894350990653038,0.0641471913733844,23.85644708125846,17,16,3,0,0,1,14,0,0.9330996956144061,0,0,0,0
346232,0.018792062625288965,0.06561752408742905,0.08366519608694399,21.549103334956932,23,20,0,0,0,0,23,0,0.9624584446782651,0,0,0,0
215778,0.01911577135324478,0.06150710582733154,0.07098939980683823,22.9761299126853,18,19,0,0,0,0,18,0,0.9554797377851274,0,0,0,0
125472,0.028347135707736015,0.09567472338676453,0.10122618026402923,19.894143015978965,2,2,0,0,0,0,5,3,0.8187190890312195,0,0,0,0
92839,0.02283569276332855,0.07513146102428436,0.08227115791015964,21.695047805072406,2,1,0,0,0,0,2,0,0.9802420735359192,0,0,0,0
394275,0.01976003348827362,0.06880830377340316,0.07647568138239262,22.329532897053348,9,10,0,0,0,0,9,0,0.9654414984914992,0,0,0,0
248334,0.015417210943996906,0.053520487248897554,0.06359885637468561,23.931013874021943,10,10,0,0,0,0,12,2,0.9417574465274811,0,0,0,0
214539,0.019738339260220526,0.06867030560970307,0.09459634902296278,20.48251250024719,24,16,1,1,0,1,22,0,0.9486266564239155,0,0,0,0
146358,0.02228914052248001,0.08315955847501755,0.09467182379186784,20.475585127956673,18,11,0,0,0,0,21,3,0.9359941018952264,0,0,0,0
203580,0.018276292085647582,0.06792318522930145,0.0796339958862505,21.978029832703633,7,3,1,0,0,1,6,0,0.9461463888486227,1,0,0,1
126110,0.03760140463709831,0.14419738948345184,0.15253459184472953,16.33263311405665,5,3,1,0,0,1,5,1,0.9488138407468796,0,0,0,0
163290,0.01604566741734743,0.05691184550523758,0.06896303107750891,23.227673171246046,3,3,0,0,0,0,3,0,0.9826178948084513,0,0,0,0
224337,0.025714394822716712,0.09337500184774399,0.10524993624938861,19.555563170947472,6,5,0,1,0,1,6,1,0.8782806754112243,0,0,0,0
237071,0.023717810213565827,0.07871704548597336,0.08872868094205956,21.038719494797093,3,3,0,0,0,0,3,0,0.9859787027041117,0,0,0,0
250766,0.01856582835316658,0.0662622593343258,0.07229011136869493,22.818422123743034,5,5,0,0,0,0,6,1,0.9718547224998474,0,0,0,0
403122,0.016904402524232864,0.05942981466650963,0.07905485977215802,22.041428546929392,21,16,2,0,0,1,20,1,0.96616320233596,0,0,0,0
65485,0.018160313740372656,0.06728092432022095,0.07200743352587612,22.852453356755692,2,2,0,0,0,0,2,0,0.9890986084938049,0,0,0,0
490470,0.018564772233366965,0.06305049434304237,0.0758849657535417,22.39688515060729,8,3,0,0,0,0,9,1,0.8951020538806915,0,0,0,0
537827,0.012258238904178143,0.04083841294050217,0.0538836820843333,25.370854697633636,4,4,0,0,0,0,4,0,0.9893669933080673,0,0,0,0
242060,0.016713416017591954,0.059398023039102556,0.06638893232904612,23.55808631295773,15,12,1,0,0,1,17,3,0.9590278310435159,0,0,0,0
355817,0.01266580205410719,0.04415732026100159,0.05525211178317096,25.15302236434987,6,3,0,0,0,0,7,1,0.9028200805187225,0,0,0,0
454661,0.025024890899658203,0.09224220216274262,0.10099550799951239,19.913958840071516,11,10,0,0,0,0,11,0,0.943208017132499,0,0,0,0
331569,0.02591169662773609,0.09478065967559815,0.11194665567268905,19.01977752264438,2,1,0,0,0,0,2,0,0.9795820713043213,0,0,0,0
90062,0.016390292905271053,0.06020568460226059,0.07280986819696084,22.756195102463295,2,1,0,0,0,0,2,0,0.9508779942989349,0,0,0,0
464522,0.02913551516830921,0.10226825624704361,0.1145334350810727,18.821354274946852,2,2,1,0,0,1,2,1,0.9810040593147278,0,0,0,0
391375,0.026241475343704225,0.09498411118984222,0.11302491394633744,18.936516299037713,3,2,0,0,0,0,3,0,0.9856611887613932,0,0,0,0
144114,0.027770645543932916,0.1000426396727562,0.10487545945695252,19.586522470500707,2,2,0,0,0,0,2,0,0.9797280728816986,0,0,0,0
359781,0.015086587890982628,0.05194519683718681,0.06458526534721364,23.797331035858406,1,1,0,0,0,0,2,1,0.9985455274581909,0,0,0,0
338304,0.02458455301821232,0.08845951408147812,0.10549999505680109,19.534951214302843,26,25,1,1,0,1,28,3,0.8940926194190979,0,1,0,1
275392,0.016510875709354878,0.05544968396425247,0.07441704486308383,22.56655160032835,2,2,0,0,0,0,2,0,0.9666260778903961,0,0,0,0
568710,0.02057373374700546,0.07502851337194442,0.09029395410222059,20.886826563596447,8,8,1,0,0,1,7,0,0.9826532772609166,0,0,0,0
166426,0.017090750485658647,0.06080227941274643,0.07423103378449293,22.58828982335976,12,11,1,0,0,1,13,2,0.955775564367121,0,0,0,0
359677,0.026148996502161025,0.09132187813520432,0.1027489991038031,19.764447999414976,2,2,0,0,0,0,2,0,0.9767476320266724,0,0,0,0
366141,0.022959617152810096,0.07862205356359482,0.08959295713578845,20.9545225740078,9,4,0,0,0,0,10,1,0.9429919719696045,0,0,0,0
224200,0.022998152673244475,0.07467040419578552,0.08372499672970922,21.542897215031967,2,2,0,0,0,0,2,0,0.9892380237579346,0,0,0,0
65074,0.021187960356473922,0.07727853208780289,0.08563308128343813,21.347168574821037,1,2,0,0,0,0,1,0,0.994899570941925,0,0,0,0
486573,0.0213142778724432,0.0747649297118187,0.08404383272602721,21.509883005900207,1,1,0,0,0,0,1,0,0.984347403049469,0,0,0,0
146155,0.018304816633462905,0.06821886375546456,0.0784899122021028,22.103723134263046,42,21,3,1,1,1,39,0,0.934050661952872,1,0,0,1
223738,0.01562606357038021,0.053941681236028674,0.06715887247086516,23.457932076704804,13,7,0,0,0,0,14,1,0.955792092359983,0,0,0,0
162581,0.018917326256632803,0.06576922684907913,0.07532379633164052,22.461355991818497,2,2,0,0,0,0,2,0,0.9798719584941864,0,0,0,0
186422,0.01904886178672314,0.06777159869670868,0.07617802741658981,22.36340554638716,2,2,0,0,0,0,2,0,0.9659804403781891,0,0,0,0
95862,0.015259014442563057,0.055317485332489015,0.06611362145874095,23.594181062960914,21,17,0,0,0,0,23,2,0.9473317833173842,0,0,0,0
298697,0.021279336884617805,0.07662213444709778,0.09510758248354693,20.435697148214693,2,4,0,0,0,0,2,0,0.9590794146060944,0,0,0,0
9378,0.030463782325387,0.10749570429325103,0.11259920707676097,18.96929335548382,10,10,0,0,1,1,11,1,0.9279976308345794,0,0,1,1
297562,0.021839958801865577,0.07703661918640137,0.08885954367549957,21.025918426836867,19,15,1,0,0,1,19,1,0.9391890565554301,0,0,0,0
530457,0.02253677286207676,0.08259240835905075,0.08961638999226536,20.95225109420293,3,1,1,0,0,1,2,0,0.8906824588775635,0,0,0,0
560474,0.020038607344031335,0.07799571454524994,0.09864964802929986,20.118089198444732,19,20,0,0,0,0,21,2,0.9425497431504098,0,0,0,0
143961,0.019484197720885277,0.07022536098957062,0.08451263869941436,21.461566766103143,34,20,2,1,0,1,33,1,0.9487112106815461,0,1,0,1
466986,0.018185964971780776,0.06568219661712646,0.07503682603474121,22.4945108872361,7,7,1,0,0,1,6,0,0.9599015712738037,0,0,0,0
453860,0.019176417589187623,0.06804437637329101,0.07221348900136139,22.82763343041132,2,2,0,0,0,0,2,0,0.9786295592784882,0,0,0,0
166918,0.018924231082201003,0.06936592161655426,0.084346662905162,21.478641903593875,33,44,1,0,0,1,33,1,0.9559836145490408,1,0,0,1
68933,0.014762427471578122,0.0525561735033989,0.05867928905731768,24.630303131869677,5,3,1,0,0,1,4,0,0.9563843458890915,0,0,0,0
442661,0.02258920669555664,0.078549724817276,0.08139577443554213,21.78796280810312,1,1,0,0,0,0,1,0,0.9921022057533264,0,0,0,0
139684,0.020571966469287873,0.07313129901885987,0.08598596598847756,21.3114485079469,15,12,0,0,0,0,16,1,0.954440180460612,0,0,0,0
239347,0.02552473098039627,0.09438546895980834,0.10268131971081747,19.770171163969312,6,4,1,0,0,1,5,0,0.9300428867340088,1,0,0,1
342295,0.01859790235757828,0.06055556312203407,0.06979636521651408,23.123343870606583,4,1,0,0,0,0,4,0,0.9745900481939316,0,0,0,0
212453,0.03363143503665924,0.13553730696439742,0.13568234863718012,17.349532949250285,2,9,0,0,0,0,2,0,0.9875340461730957,0,0,0,0
286994,0.015173345990478992,0.051089239120483396,0.06857459472692215,23.27673500757299,11,9,0,0,0,0,11,0,0.9835278608582236,0,0,0,0
319534,0.02395544685423374,0.08055320978164673,0.08867105145607271,21.04436283333004,14,8,1,0,2,1,17,4,0.9308698360736554,0,0,1,1
29596,0.018743138760328293,0.06425096765160561,0.0761615038741057,22.365289780450293,12,11,0,0,0,0,12,0,0.9500242620706558,0,0,0,0
424545,0.02504514716565609,0.09080125987529755,0.10149962869512485,19.87071092958745,1,1,0,0,0,0,1,0,0.9486162066459656,0,0,0,0
349837,0.027561898157000542,0.09239342361688614,0.10136114879760551,19.88256951860248,7,6,0,0,0,0,8,1,0.9621145384652274,0,0,0,0
18737,0.0167752493172884,0.05747284293174744,0.06738626525820478,23.428572256361626,1,1,0,0,0,0,1,0,0.9905140399932861,0,0,0,0
100582,0.019854271784424782,0.06728143990039825,0.07325728974442841,22.702983054082576,6,3,0,0,0,0,6,0,0.9502425690491995,0,0,0,0
581100,0.014528148248791695,0.05128641426563263,0.06467104727534197,23.785802121642377,5,4,1,0,0,1,4,0,0.9796504825353622,0,0,0,0
76211,0.021025978773832322,0.07666001915931701,0.08329650657801316,21.587464246943775,1,1,0,0,0,0,1,0,0.9806705117225647,0,0,0,0
465806,0.02188510000705719,0.07930561155080795,0.09220005859723358,20.70537605865689,16,14,1,0,0,1,16,1,0.9502063234647115,1,0,0,1
426203,0.020572366565465926,0.0716406062245369,0.08587541478489502,21.322623045027825,7,8,0,0,1,1,8,1,0.9287376488958087,0,0,1,1
186296,0.019585597142577172,0.06536931395530701,0.07910739868360853,22.03565792620351,2,1,1,0,0,1,1,0,0.9898444414138794,0,0,0,0
368212,0.020485199615359308,0.06944776028394699,0.07597708051657238,22.386347971851993,9,3,0,1,1,1,9,1,0.8760960623621941,0,1,0,1
192699,0.016547326743602753,0.05841463282704353,0.06615067835227549,23.589313958285615,7,5,2,0,0,1,5,0,0.9495645642280579,1,0,0,1
372317,0.014889924228191376,0.051060772687196734,0.05974251792853435,24.474329548456364,4,2,2,0,0,1,2,0,0.9905540943145752,0,0,0,0
212226,0.026062213256955145,0.09331791400909424,0.10024914460144095,19.978386488162375,3,2,0,0,0,0,4,1,0.8228404521942139,0,0,0,0
534673,0.016799993813037872,0.05621767193078995,0.06547899044313257,23.677960503453804,4,3,0,0,0,0,4,0,0.9869188666343689,0,0,0,0
375015,0.02677218206226826,0.09142737537622452,0.10148217924898603,19.872204304440256,1,1,0,0,0,0,1,0,0.9234816431999207,0,0,0,0
4395,0.02874530926346779,0.10941374152898789,0.11908387571161905,18.48294078437281,4,2,1,0,0,1,3,0,0.9768307010332743,0,0,0,0
328337,0.0178203247487545,0.06635290011763573,0.0684360053021901,23.294306974392033,1,2,0,0,0,0,1,0,0.9911483526229858,0,0,0,0
5001,0.021918068826198577,0.08198202997446061,0.10390586484422157,19.667198770204262,30,17,2,0,1,1,28,0,0.913386019212859,0,0,1,1
394206,0.01972144953906536,0.07023692429065705,0.08462336921822086,21.45019375079822,21,14,3,0,0,1,19,1,0.9646628730826907,1,1,0,1
38678,0.021340732276439667,0.07945923954248428,0.09070901939242358,20.84699055921446,9,7,0,0,0,0,9,0,0.9116923146777682,0,0,0,0
489091,0.03274282962083817,0.10641150176525116,0.11544434909599521,18.752546411539043,5,2,0,0,0,0,6,1,0.8652094841003418,0,0,0,0
324258,0.020597347989678383,0.07110630124807357,0.08870231007789506,21.0413013934402,19,21,2,0,0,1,18,1,0.9585975093000075,2,0,0,1
231549,0.023659993708133698,0.08719291687011718,0.09467803280941113,20.475015485685702,4,3,1,0,1,1,5,2,0.9641201893488566,0,0,0,0
248284,0.02373102158308029,0.08905985653400421,0.09786468450710212,20.187479992471484,7,6,0,0,0,0,9,2,0.9295336433819362,0,0,0,0
375763,0.016525244526565074,0.05396025106310844,0.07342818433278901,22.68274421018654,14,12,1,0,0,1,13,0,0.9307196782185481,0,0,0,0
181753,0.022412436828017235,0.07972044199705124,0.08905490570380574,21.00684303745431,12,14,1,0,1,1,13,2,0.9618939540602944,1,0,1,1
102356,0.025470409914851187,0.093058180809021,0.10067802569473401,19.941306191891396,2,2,0,0,0,0,2,0,0.9764239490032196,0,0,0,0
182805,0.02378661260008812,0.08771923780441285,0.10893712758188194,19.25648160490098,6,5,1,0,1,1,5,0,0.9085029482841491,0,0,0,0
353518,0.01582824494689703,0.0590676873922348,0.0734746448974852,22.67725008385769,14,9,2,0,1,1,13,1,0.9477914025386175,1,0,1,1
573943,0.022909074649214746,0.08216352462768554,0.09729344987821792,20.238327938209608,29,13,3,0,1,1,26,0,0.9369069681717799,0,0,1,1
80413,0.026431091502308844,0.09410757422447205,0.10405444905121121,19.654786918930277,2,1,0,0,0,0,2,0,0.9787313342094421,0,0,0,0
192607,0.014845184236764907,0.05350651666522026,0.06841660466180073,23.296769650441878,2,2,0,0,0,0,2,0,0.9875597059726715,0,0,0,0
310980,0.044450396299362184,0.1462052971124649,0.15154716988380457,16.389043391842506,5,3,2,0,0,1,5,2,0.8865899840990702,0,0,0,0
95899,0.019031741097569464,0.06746017783880234,0.07161081251156659,22.900427972954418,2,1,0,0,0,0,2,0,0.9796468913555145,0,0,0,0
217060,0.019290530309081077,0.0684491366147995,0.08404617606465446,21.509640826357845,1,1,0,0,0,0,1,0,0.9900742769241333,0,0,0,0
350122,0.017698264867067336,0.061024846881628035,0.06937778947165321,23.1755908369409,40,31,0,0,0,0,41,1,0.9578455597162246,0,0,0,0
144932,0.018826534599065782,0.06760087311267853,0.08967197005343354,20.946865777579745,1,3,0,0,0,0,1,0,0.9808894991874695,0,0,0,0
526728,0.014493153616786002,0.05311070904135704,0.06546330354807742,23.680041643713558,12,13,0,0,0,0,12,0,0.9682693580786387,0,0,0,0
549136,0.021475857496261595,0.07556606084108353,0.08551932980722791,21.358714224779582,1,1,0,0,0,0,1,0,0.9411033391952515,0,0,0,0
351609,0.021471196413040163,0.077169531583786,0.09122020411914533,20.798179205874582,18,4,1,0,0,1,20,3,0.938205294749316,0,0,0,0
372577,0.017427264153957366,0.05880799070000649,0.06916086398881446,23.202791799220023,3,3,0,0,0,0,3,0,0.9852078159650167,0,0,0,0
463037,0.019563837721943856,0.06559041440486908,0.07764652062236747,22.1975600088467,3,2,0,0,0,0,3,0,0.9021202921867371,0,0,0,0
551804,0.015863648802042007,0.056234469264745714,0.061177789744291285,24.26812434866052,2,2,0,0,0,0,2,0,0.9604329168796539,0,0,0,0
118921,0.023595227301120757,0.0827589213848114,0.0889153896851369,21.02046127623388,2,3,0,0,0,0,2,0,0.9926239550113678,0,0,0,0
400367,0.02387446090579033,0.08517507910728454,0.09818146230250138,20.159410077198466,15,18,0,0,0,0,16,1,0.914980125427246,0,0,0,0
194724,0.017540335841476917,0.06336101666092872,0.07444980970385823,22.562728159624932,19,19,0,0,0,0,19,0,0.9665055431817707,0,0,0,0
333069,0.018077434226870536,0.061186501383781434,0.07721665616876663,22.24578018448964,3,2,0,0,0,0,3,0,0.9703599810600281,0,0,0,0
529105,0.013133364357054233,0.04662058502435684,0.07805979081409717,22.151452337653183,1,1,0,0,0,0,1,0,0.9943360090255737,0,0,0,0
445834,0.018192311748862267,0.06625852137804031,0.07869671284295476,22.080868154338592,5,5,1,0,1,1,4,0,0.9739133417606354,0,0,0,0
257370,0.019670188799500464,0.06952817440032959,0.08139735146982167,21.78779452156606,19,6,2,0,1,1,18,1,0.9512373033691855,0,0,1,1
509451,0.019422496482729912,0.06958200857043266,0.09629497550134213,20.327927459787563,13,12,1,0,0,1,13,1,0.9580920189619064,0,0,0,0
505573,0.02862740643322468,0.10056282877922058,0.11246341186515943,18.979774903863795,2,2,0,0,0,0,3,1,0.8845049142837524,0,0,0,0
89078,0.016170520149171353,0.05611773356795311,0.06835279433733574,23.304874525952673,2,2,0,0,0,0,2,0,0.9818561375141144,0,0,0,0
569700,0.02854182943701744,0.10672628432512284,0.11645604099423221,18.676759562523827,5,2,1,0,0,1,4,0,0.8731639236211777,0,0,0,0
145665,0.026980910822749136,0.09361514002084732,0.103447072047252,19.705635940799553,3,2,0,0,0,0,4,1,0.9484681487083435,0,0,0,0
106881,0.01464293897151947,0.05229095667600632,0.05843452310222844,24.666609919760173,1,1,0,0,0,0,1,0,0.9238894581794739,0,0,0,0
456496,0.016981883719563485,0.06150540634989739,0.07062509257717417,23.02081939775678,5,5,0,0,0,0,5,0,0.9789222121238709,0,0,0,0
419601,0.018176597356796265,0.06775887235999108,0.08626231097167784,21.28357822526121,12,9,0,0,0,0,12,0,0.9269280036290487,0,0,0,0
97585,0.020553598180413246,0.07766706645488738,0.08282982060499997,21.63626558492893,8,13,1,1,0,1,7,0,0.9785840411980947,0,0,0,0
170191,0.019832635298371315,0.07428500801324844,0.0853909865543579,21.371759376921307,4,3,1,0,0,1,3,0,0.9720921913782755,0,0,0,0
246883,0.02484843395650387,0.09367000311613083,0.10427167741046706,19.636672798818292,6,4,0,0,0,0,6,0,0.9830939571062723,0,0,0,0
79144,0.01861513815820217,0.0629347562789917,0.06667136073310127,23.5212136204986,2,2,0,0,0,0,2,0,0.9489891231060028,0,0,0,0
24919,0.01996266283094883,0.07174130082130432,0.08382483193837979,21.53254617243139,3,2,0,0,0,0,3,0,0.9603510896364847,0,0,0,0
222455,0.026672714203596116,0.09730454236268997,0.10211231951224363,19.818437171302648,1,2,0,0,0,0,1,0,0.9814131259918213,0,0,0,0
374551,0.02656482979655266,0.09457718282938003,0.09532271355659992,20.416072061324147,2,1,0,0,0,0,2,0,0.8868068158626556,0,0,0,0
407943,0.031036275997757913,0.10732072442770005,0.10965028095734455,19.1998050238116,6,4,1,0,0,1,6,1,0.8402543306350708,1,0,0,1
129945,0.016528555192053318,0.057450991868972776,0.06983773862709106,23.118196633952405,9,5,0,0,0,0,10,1,0.9813312027189467,0,0,0,0
381639,0.014570880495011807,0.04990635365247727,0.0575120843716103,24.804817845512183,15,15,0,1,0,1,16,1,0.9560892454215458,0,0,0,0
234607,0.021075311303138732,0.07207092642784119,0.0801075005693633,21.926536369106522,6,5,0,0,0,0,7,1,0.9559330443541209,0,0,0,0
513181,0.015849844738841056,0.05247901603579521,0.06792294779629424,23.359669487118374,9,14,0,0,1,1,10,1,0.9420030381944444,0,0,0,0
298738,0.02609599716961384,0.08729643076658249,0.09212999253745457,20.711979280303918,3,1,0,0,0,0,3,0,0.8905899524688721,0,0,0,0
322610,0.017562878876924516,0.0642071582376957,0.0801116275691944,21.926088898626638,26,23,0,0,0,0,30,4,0.952775274331753,0,0,0,0
395180,0.019658372178673743,0.06909526288509368,0.08340344707363574,21.57631999105295,12,9,1,0,0,1,11,0,0.9098157828504388,0,0,0,0
247917,0.012629142962396145,0.043030424416065215,0.05873176884688419,24.622538382979805,19,16,0,1,0,1,19,0,0.9766975310113695,0,0,0,0
354753,0.035443556308746335,0.13559103906154632,0.15264928312494108,16.326104618084422,9,9,0,0,1,1,14,5,0.8116902444097731,0,0,0,0
303863,0.016555020399391652,0.05530340522527695,0.07428917768296978,22.58148897778989,9,9,0,0,0,0,9,0,0.9662061068746779,0,0,0,0
532690,0.02068059369921684,0.07452520877122878,0.0875306234677194,21.156799562119204,7,5,0,0,0,0,8,1,0.953701376914978,0,0,0,0
321557,0.017906835302710533,0.059027595818042754,0.06991293104034225,23.108849801229553,2,1,0,0,0,0,2,0,0.9813288450241089,0,0,0,0
87742,0.01736491210758686,0.06420922353863716,0.07731482100163128,22.23474490501254,3,1,0,0,0,0,3,0,0.97016708056132,0,0,0,0
384850,0.02612260915338993,0.08601579219102859,0.09166265977740692,20.756150899517948,3,1,1,0,0,1,2,0,0.8335664868354797,0,0,0,0
148999,0.02470095008611679,0.08503079265356064,0.10243190920366238,19.791294649947186,22,16,0,0,0,0,24,2,0.9406097856434908,0,0,0,0
500049,0.018903222307562827,0.05890578180551529,0.06976963627620511,23.126670821669467,1,1,0,0,0,0,2,1,0.9133121371269226,0,0,0,0
116362,0.02702341265976429,0.09488888829946518,0.0997105833074909,20.025174862230237,4,8,0,0,0,0,6,2,0.964076966047287,0,0,0,0
390902,0.023174369335174562,0.08652048856019974,0.09346379336162687,20.58713192983561,3,3,0,0,0,0,3,0,0.9770236412684122,0,0,0,0
181303,0.017147658579051494,0.05975850820541382,0.07314253240075912,22.716600144756804,3,2,0,0,0,0,3,0,0.9508252739906311,0,0,0,0
225405,0.012066682614386082,0.03958710879087448,0.05601708512117314,25.03358987337848,4,4,0,0,0,0,4,0,0.9825049638748169,0,0,0,0
111609,0.02004157453775406,0.07060171365737915,0.0733776580454688,22.68872306996083,5,3,0,0,0,0,5,0,0.9106818795204162,0,0,0,0
21903,0.018910978734493256,0.06642823964357376,0.0797097808040015,21.96976770292209,5,3,0,0,0,0,5,0,0.9764846801757813,0,0,0,0
327890,0.017221469804644583,0.06242328584194183,0.07301385062109939,22.7318949406768,16,13,0,0,0,0,17,1,0.9427474290132523,0,0,0,0
371552,0.01574874483048916,0.06032261922955513,0.07804454261958901,22.15314920451377,15,10,1,0,0,1,15,1,0.9714644082954952,1,0,0,1
177357,0.01594168245792389,0.05610215440392494,0.06720642084674659,23.451784656453377,3,2,0,0,0,0,3,0,0.946652909119924,0,0,0,0
198641,0.022198978811502457,0.0747950941324234,0.10401522126697173,19.658062054688084,6,7,0,0,0,0,6,0,0.9416623413562775,0,0,0,0
57232,0.016524689830839635,0.06268809661269188,0.06875081124665629,23.25444345748341,4,15,1,0,0,1,3,0,0.9458425442377726,0,0,0,0
552775,0.02709946073591709,0.09879799336194992,0.1088327559419795,19.264807463373973,23,11,0,1,0,1,24,1,0.9477365450425581,0,0,0,0
229997,0.014542912319302558,0.05148075744509697,0.06595069681876249,23.61561222890434,6,6,0,0,0,0,6,0,0.9528377056121826,0,0,0,0
435880,0.021092692390084267,0.07754827439785003,0.08743421833991137,21.16637136382261,8,7,1,0,1,1,7,0,0.945403345993587,0,0,1,1
509719,0.02523983046412468,0.0896145224571228,0.10401463764789307,19.65811079048913,1,2,0,0,0,0,1,0,0.9913161993026733,0,0,0,0
123633,0.017581279017031194,0.06257354840636253,0.07405697135895747,22.608681057448464,22,14,2,0,0,1,21,1,0.9286890059709549,0,1,0,1
109313,0.020715418457984924,0.07345602810382842,0.08248538166792013,21.67246023469581,29,10,0,0,0,0,29,0,0.94906996036398,0,0,0,0
276285,0.01979278065264225,0.07285896241664887,0.0877783757575214,21.132249191186144,13,10,1,0,0,1,12,0,0.9664758592844009,0,0,0,0
482436,0.03304300084710121,0.12579250186681748,0.14695488081798652,16.65631970225714,12,9,0,0,0,0,13,1,0.9434808641672134,0,0,0,0
195045,0.015154337137937545,0.054037585854530334,0.06577018526827286,23.639418695466468,3,2,0,0,0,0,3,0,0.9792227745056152,0,0,0,0
183104,0.021319548413157464,0.07403100281953812,0.0812659001195286,21.801832998712086,2,2,0,0,0,0,2,0,0.9440029561519623,0,0,0,0
23751,0.020443740487098693,0.07415930330753326,0.08286510451307681,21.632566351099417,3,1,0,0,0,0,4,1,0.968965470790863,0,0,0,0
501023,0.01952923871576786,0.07003760635852814,0.07576352101460387,22.410797004889808,2,3,0,0,0,0,2,0,0.973065584897995,0,0,0,0
126226,0.01950289271771908,0.07132035046815872,0.0854961831480985,21.36106546560495,10,22,1,0,0,1,10,1,0.9278339478704665,0,0,0,0
564127,0.022675665467977522,0.0750368669629097,0.08725662213383363,21.184032067422027,2,1,0,0,0,0,2,0,0.9869435727596283,0,0,0,0
243199,0.02600506879389286,0.09209235608577729,0.09511578129638765,20.43494840755396,3,2,0,0,0,0,3,0,0.9332931240399679,0,0,0,0
566436,0.0201958067715168,0.074455626308918,0.07854515201934029,22.097612308272417,4,2,0,0,0,0,4,0,0.8424127846956253,0,0,0,0
20107,0.023113881424069404,0.08467309176921844,0.08752170042341445,21.157685063967023,1,1,0,0,0,0,1,0,0.9546321630477905,0,0,0,0
138819,0.020467834547162056,0.07337037622928619,0.08236220533283962,21.685440664329192,3,2,0,0,0,0,3,0,0.975357711315155,0,0,0,0
321887,0.03793330863118172,0.13525804430246352,0.1503064321942064,16.460448677459723,1,1,0,0,0,0,1,0,0.9796647429466248,0,0,0,0
153343,0.023607807978987694,0.08367919772863389,0.0904445401796846,20.872352897012778,2,2,0,0,0,0,2,0,0.9644910991191864,0,0,0,0
151662,0.016112541034817695,0.05950968489050865,0.06806080164750068,23.342058798299448,2,2,0,0,0,0,2,0,0.9363279342651367,0,0,0,0
520707,0.017994898185133935,0.06688316762447358,0.08127704526540139,21.80064186110875,22,21,0,0,0,0,25,3,0.9690645933151245,0,0,0,0
478862,0.018126140534877776,0.06179606318473816,0.07529886489057819,22.46423141236685,18,14,0,0,0,0,22,4,0.9514353341526456,0,0,0,0
531495,0.014553827978670598,0.04736102372407913,0.060644866030516824,24.344119180034326,17,8,1,0,0,1,16,0,0.959821779280901,0,0,0,0
396205,0.017333349399268626,0.06149444133043289,0.07997291310400348,21.941141680517198,3,2,0,0,0,0,3,0,0.9895867904027303,0,0,0,0
13291,0.015602623485028744,0.052393046021461484,0.0678058650105479,23.37465478591717,11,8,0,0,0,0,11,0,0.9669039845466614,0,0,0,0
468332,0.01465156227350235,0.054661116749048236,0.06951691056297157,23.158190736730763,19,15,0,0,0,0,22,3,0.9711803731165434,0,0,0,0
580294,0.022507988661527634,0.08120621889829635,0.09038890014014982,20.877697962142907,7,9,1,0,0,1,7,1,0.9649899204572042,0,0,0,0
319100,0.019156289100646973,0.06582855880260467,0.0744882223727499,22.558247796813063,17,7,2,0,0,1,16,1,0.962053906917572,1,0,0,1
143556,0.021873213723301886,0.07479255646467209,0.08138199641011867,21.789433210455023,9,10,1,0,0,1,9,1,0.9565684795379639,0,1,0,1
83540,0.02216426283121109,0.07955067008733749,0.08329351890940523,21.587775796926802,2,2,1,0,0,1,1,0,0.9890105724334717,0,0,0,0
155571,0.013753877207636832,0.04686004370450973,0.055653058729639805,25.090219231114137,1,1,0,0,0,0,1,0,0.9610887169837952,0,0,0,0
379800,0.015432757325470448,0.05224175229668617,0.06297203776437588,24.01704505550721,7,7,0,0,0,0,8,1,0.9415190730776105,0,0,0,0
301563,0.01982860006392002,0.06569870412349701,0.08171861511925424,21.753580038824666,6,7,0,1,0,1,6,0,0.9376216769218445,0,0,0,0
387098,0.02402194105088711,0.08197764158248902,0.1001151954896576,19.990000005566394,42,24,2,1,0,1,45,5,0.9248212713461655,0,1,0,1
315001,0.016172897629439832,0.059831376373767856,0.07619021639725918,22.36201585863504,64,19,4,0,1,1,63,3,0.9353761851787568,1,0,0,1
578489,0.01882503554224968,0.06955673843622208,0.08399626881081443,21.51480010515862,13,11,0,0,0,0,13,0,0.9629985781816336,0,0,0,0
441468,0.016601491905748843,0.05859350040555,0.0689850137644454,23.224904894326812,13,11,0,0,0,0,14,1,0.9678803590627817,0,0,0,0
235836,0.015098282136023045,0.052242090553045274,0.06396619623617289,23.880989478616232,9,5,0,0,0,0,9,0,0.9631741642951965,0,0,0,0
193429,0.016703874990344047,0.0582384966313839,0.07138756807895692,22.92754825321618,2,2,0,0,0,0,2,0,0.9549906849861145,0,0,0,0
300155,0.023065434023737907,0.0840844303369522,0.08793519487422806,21.116745392616707,2,1,0,0,0,0,2,0,0.8359233140945435,0,0,0,0
211120,0.01836722679436207,0.06166074424982071,0.0741328703446343,22.599783682793138,9,6,1,0,0,1,9,1,0.9816633462905884,0,0,0,0
165500,0.014496004581451416,0.05374850705265999,0.06471278984338953,23.780197536712386,3,3,0,0,0,0,3,0,0.9753990173339844,0,0,0,0
425906,0.02922741286456585,0.10217098295688629,0.11347247066645952,18.90218978048695,21,14,0,1,0,1,25,4,0.9476232141256332,0,0,0,0
241297,0.014976212568581105,0.052691300958395006,0.06193868175877742,24.160760839442908,2,1,0,0,0,0,2,0,0.9885433316230774,0,0,0,0
489842,0.016230132803320883,0.060297705233097076,0.07424028919219505,22.587206901104494,31,21,0,0,0,0,32,1,0.9670278237711999,0,0,0,0
132931,0.017775076627731323,0.060534130036830905,0.07501987954472333,22.496472750147927,3,3,0,0,0,0,3,0,0.9939771890640259,0,0,0,0
80022,0.026022671908140182,0.09726069867610931,0.1100030379111942,19.171906418680948,3,3,0,0,0,0,3,0,0.9773497382799784,0,0,0,0
52591,0.029243310168385505,0.10964493304491044,0.11955384320983169,18.448729167543803,4,2,0,0,0,0,4,0,0.8377508819103241,0,0,0,0
140658,0.019480053335428238,0.0685206562280655,0.08157285496320121,21.769086751633733,1,1,0,0,0,0,1,0,0.9901400804519653,0,0,0,0
295420,0.019179294258356093,0.06655910089612008,0.0801837327168999,21.918274606354785,7,5,0,0,0,0,7,0,0.980783496584211,0,0,0,0
371677,0.02624780535697937,0.0916419729590416,0.10326892112132954,19.720607202972936,14,9,2,0,0,1,12,0,0.9561877648035685,0,0,0,0
549738,0.022582868486642836,0.08051185160875321,0.09408320349326336,20.529758069457177,11,14,0,0,0,0,11,0,0.9529441161589189,0,0,0,0
447465,0.01803233437240124,0.06666145920753479,0.0726942251275626,22.770001767647013,6,4,0,0,0,0,6,0,0.9114861687024435,0,0,0,0
377814,0.018539234064519405,0.06560796946287155,0.07898640841995176,22.04895266939209,5,6,0,0,0,0,5,0,0.9698719620704651,0,0,0,0
149222,0.02358941175043583,0.08114932626485824,0.09120755022223798,20.79938417989404,10,9,2,0,1,1,9,1,0.970185860991478,0,0,0,0
312549,0.019306308031082152,0.06833538711071015,0.07350522004582667,22.67363635937788,1,0,0,0,0,0,1,0,0.992392361164093,0,0,0,0
37670,0.02843026928603649,0.10286205857992173,0.1065430296540288,19.44949915584467,6,3,1,0,0,1,6,1,0.9564433574676514,0,1,0,1
326627,0.01734469346702099,0.06458355337381363,0.08140746810150938,21.78671504558135,12,13,1,0,0,1,11,0,0.9485866535793651,0,0,0,0
573008,0.016094216704368593,0.05668908804655075,0.07072126782460438,23.00899924601554,2,1,0,0,0,0,2,0,0.9809868931770325,0,0,0,0
133418,0.018426063284277917,0.06463543772697448,0.07264460841296899,22.77593225867143,2,2,0,0,0,0,2,0,0.9735023081302643,0,0,0,0
60102,0.023532989621162414,0.08059077858924865,0.09147690810960764,20.773770456650944,4,3,0,0,0,0,4,0,0.9861866384744644,0,0,0,0
581206,0.025087401643395423,0.08562652468681335,0.09420636913818317,20.518394685530943,5,3,1,0,0,1,5,1,0.9451983720064163,0,0,0,0
301981,0.021568941324949263,0.0724335640668869,0.07658695703804488,22.316903711451296,1,1,0,0,0,0,1,0,0.9859022498130798,0,0,0,0
104612,0.021077054366469384,0.07228263020515442,0.08751251301823829,21.15859689469914,24,12,0,0,0,0,25,1,0.9419417555133501,0,0,0,0
96549,0.02176952622830868,0.06627392023801804,0.0737154206806001,22.648833033605626,2,1,0,0,0,0,3,1,0.9774698913097382,0,0,0,0
259571,0.025087207928299902,0.0918327510356903,0.10880401988317177,19.2671011771633,12,15,1,0,0,1,13,2,0.9622426141392101,1,0,0,1
402334,0.02001143656671047,0.06696559712290764,0.07861243758903728,22.09017474105357,2,2,0,0,0,0,2,0,0.9836433827877045,0,0,0,0
365207,0.022066180408000947,0.07655545175075532,0.08615806058905112,21.29408171067154,6,5,0,0,0,0,7,1,0.9655917684237162,0,0,0,0
560256,0.01681804619729519,0.05826990157365799,0.06544617429274993,23.68231470788981,34,27,0,0,0,0,37,3,0.9511460556703455,0,0,0,0
166287,0.022681988403201105,0.07332333326339721,0.09274883410260638,20.653830819376818,23,16,1,0,0,1,24,2,0.94766550172459,0,0,0,0
206271,0.02217397131025791,0.08140269666910172,0.08734360646729346,21.175377595555265,2,2,0,0,0,0,2,0,0.9406922161579132,0,0,0,0
346707,0.035985928028821945,0.13789371252059937,0.150119365545929,16.471265594542857,2,4,0,0,0,0,2,0,0.9719341695308685,0,0,0,0
567740,0.014345072954893113,0.050844793766736986,0.06292398469946006,24.023675664333926,7,6,0,0,0,0,8,1,0.9495393889290946,0,0,0,0
187055,0.02369520515203476,0.08816210925579071,0.10879832771023595,19.267555598602033,8,6,0,0,0,0,8,0,0.8913915157318115,0,0,0,0
537153,0.014694922231137752,0.054270531982183456,0.0683045480603633,23.31100755689398,4,3,0,0,0,0,4,0,0.9496445506811142,0,0,0,0
514797,0.0170282319188118,0.0560788132250309,0.0656826813686909,23.6509825258549,6,4,0,0,0,0,7,1,0.9268293480078379,0,0,0,0
104669,0.018450140208005904,0.0643740750849247,0.08099242197204008,21.831112276670712,27,15,1,0,0,1,26,0,0.9662229923101572,1,0,0,1
263644,0.020441703870892523,0.0744897797703743,0.07937323350272901,22.006518541351557,4,1,0,0,0,0,4,0,0.9774962216615677,0,0,0,0
44652,0.03160497359931469,0.11711400747299194,0.12518358741116206,18.049052138807046,1,1,0,0,0,0,1,0,0.9784324765205383,0,0,0,0
342971,0.018967967852950095,0.06818064972758293,0.07993652611477668,21.94509458510725,2,2,0,0,0,0,2,0,0.9114676713943481,0,0,0,0
108244,0.023334221541881563,0.08776509612798691,0.10780640069433482,19.347109068012053,4,1,0,0,0,0,7,3,0.9388553500175476,0,0,0,0
328030,0.021503541246056558,0.07303280681371689,0.08005510952080604,21.93221887992182,9,5,0,0,0,0,10,1,0.9208600123723348,0,0,0,0
14473,0.021139359474182128,0.07335223108530045,0.09202048089809989,20.72231002893469,10,8,0,0,0,0,10,0,0.9731746852397919,0,0,0,0
228436,0.015610781870782376,0.05416049584746361,0.06465341520120275,23.788170586943984,29,28,2,0,1,1,29,2,0.9165220238544323,0,0,1,1
60090,0.017632105574011802,0.06125542670488358,0.06980929496494565,23.121734962083824,8,6,0,0,0,0,8,0,0.9319570437073708,0,0,0,0
278749,0.014972157962620258,0.053443793952465055,0.06477299047161683,23.772121035194964,19,17,1,0,1,1,18,0,0.9742985599570804,1,0,1,1
32901,0.016404314525425436,0.05722633749246597,0.07252869565177752,22.789802655460825,17,21,0,0,0,0,17,0,0.9500702829921946,0,0,0,0
245026,0.025596681982278824,0.09133177697658539,0.10296180940089168,19.746476679121177,8,4,1,0,0,1,7,0,0.9348372902188983,0,0,0,0
48504,0.01750586610287428,0.06619506701827049,0.07703341605343927,22.26641685771467,16,6,2,2,0,1,15,1,0.9415098478396734,1,1,0,1
441442,0.018836120143532753,0.06688540279865265,0.0850408661127844,21.407446506363232,4,4,0,0,0,0,5,1,0.984404131770134,0,0,0,0
122927,0.029303647205233575,0.10701403021812439,0.11138082890121526,19.063791087897307,2,2,0,0,0,0,2,0,0.966183066368103,0,0,0,0
29984,0.01474794428795576,0.05053563416004181,0.06417403195425214,23.852813476144775,12,7,2,0,0,1,11,1,0.9603331625461579,1,0,0,1
194746,0.03179108873009682,0.11418555676937103,0.1133468676195361,18.911809545040896,2,2,0,0,0,0,2,0,0.9711061418056488,0,0,0,0
266082,0.02497079186141491,0.08445557355880737,0.09021992839272595,20.89395043872678,1,1,0,0,0,0,1,0,0.996972918510437,0,0,0,0
290592,0.015010902285575866,0.05273317620158195,0.07436552964287271,22.57256649201579,33,12,0,2,0,1,33,1,0.9517827841543383,0,0,0,0
46031,0.02376672774553299,0.07852305173873901,0.08815760926393587,21.094803918293795,7,6,0,0,0,0,7,0,0.9732616373470852,0,0,0,0
335328,0.015272227860987187,0.053240741789340976,0.06566082499396834,23.653873297781708,3,3,0,0,0,0,3,0,0.9838791886965433,0,0,0,0
64495,0.02007547691464424,0.07442487478256225,0.07917206392330388,22.028560667248843,2,1,1,0,0,1,2,1,0.9285402894020081,1,0,0,1
159399,0.01747295632958412,0.06235485002398491,0.08327499986853162,21.589707186448347,10,9,0,0,1,1,11,1,0.9554852247238159,0,0,1,1
125850,0.018079118616878987,0.06386576741933822,0.07310449298211365,22.721118612039636,1,2,0,0,0,0,1,0,0.942107081413269,0,0,0,0
8762,0.03605753853917122,0.12851646691560745,0.14106196806521273,17.011801225382083,9,7,0,0,0,0,9,0,0.9593948721885681,0,0,0,0
232489,0.01844893805682659,0.0679844282567501,0.07634165898750278,22.344768131833387,4,1,2,0,0,1,2,0,0.8907500207424164,0,0,0,0
369310,0.025258876755833624,0.09045074731111527,0.10005020750024447,19.995640126338962,5,9,1,0,1,1,4,0,0.9366661012172699,0,0,0,0
6012,0.014373051188886165,0.048102597892284396,0.05344013430390422,25.442649181544223,9,2,0,1,0,1,8,0,0.9558265060186386,0,1,0,1
441286,0.01539737954735756,0.04967479184269905,0.06091499659811586,24.305515514161414,2,2,0,0,0,0,2,0,0.9798213839530945,0,0,0,0
242934,0.024453473463654517,0.08698515444993973,0.10832197951821065,19.305668242384584,8,16,0,0,0,0,11,3,0.9584714993834496,0,0,0,0
562448,0.02555677480995655,0.08907329887151719,0.0933166931654172,20.600813191277144,1,3,0,0,0,0,1,0,0.988837480545044,0,0,0,0
25228,0.025801371037960052,0.08766290098428726,0.10213956271022216,19.816120116401045,2,2,0,0,0,0,2,0,0.9346771836280823,0,0,0,0
256195,0.017549553513526918,0.05816796347498894,0.06688944272695908,23.492848445012143,1,1,0,0,0,0,1,0,0.9886256456375122,0,0,0,0
256192,0.018384991958737374,0.06572094857692719,0.0864161620171939,21.268100516517002,28,17,0,0,0,0,29,1,0.9495951299156461,0,0,0,0
579893,0.02223952263593674,0.08026398122310638,0.08574891918823468,21.33542690524759,1,1,0,0,0,0,1,0,0.945048987865448,0,0,0,0
464786,0.02801135890185833,0.10268808901309967,0.10823477950632615,19.312663265066064,5,2,0,0,0,0,5,0,0.949364185333252,0,0,0,0
488592,0.018529272079467772,0.06468824297189713,0.07317922080395517,22.712244381914214,18,13,0,0,0,0,20,2,0.965103268623352,0,0,0,0
459757,0.01189394537359476,0.043104960769414905,0.056990702574764414,24.883919781224378,2,1,0,0,0,0,2,0,0.9942276477813721,0,0,0,0
164363,0.020801302045583725,0.06931603252887726,0.0768497307975145,22.287152989663053,1,1,0,0,0,0,1,0,0.9556158781051636,0,0,0,0
354829,0.03265291303396225,0.11600555628538131,0.11777571872026699,18.578884736437992,2,2,0,0,0,0,2,0,0.9052526652812958,0,0,0,0
338560,0.01680942326784134,0.05599383488297462,0.06725294932590893,23.445773305208114,11,12,0,0,0,0,11,0,0.9844643852927468,0,0,0,0
128372,0.01738097071647644,0.06109203025698662,0.07045483336374507,23.041784158629696,15,16,0,0,0,0,17,2,0.9661637941996256,0,0,0,0
131431,0.01839824430644512,0.06451091840863228,0.06935398432428183,23.17857168089982,1,1,0,0,0,0,1,0,0.9781367182731628,0,0,0,0
13546,0.014332673326134682,0.054332362860441206,0.06678066713821619,23.506984933246397,9,8,0,0,0,0,9,0,0.9830687973234389,0,0,0,0
376278,0.013267354108393192,0.04583554267883301,0.05748772998907301,24.808496798965468,4,3,1,0,0,1,3,0,0.9871870080629984,0,0,0,0
201426,0.014171220548450946,0.05321080833673477,0.06329242760161385,23.972964930002195,10,9,1,0,0,1,9,0,0.9714690446853638,0,0,0,0
55002,0.019914916902780532,0.0699620708823204,0.07791727682909652,22.167324684899672,2,2,0,0,0,0,2,0,0.9347218871116638,0,0,0,0
364102,0.018034683354198933,0.06626160219311714,0.07909790193237395,22.036700719749888,2,2,0,0,0,0,2,0,0.9915171563625336,0,0,0,0
424776,0.017947055958211423,0.06469050198793411,0.07436135344608263,22.573054285260447,2,1,1,0,0,1,1,0,0.9732490181922913,0,0,0,0
61960,0.021338892728090288,0.07115432769060134,0.08586860832410936,21.323311513437623,6,4,0,0,0,0,6,0,0.9433859984079996,0,0,0,0
288584,0.014201424084603786,0.04737769216299057,0.059750766414195994,24.473130394267137,16,19,0,0,0,0,16,0,0.962852668017149,0,0,0,0
203864,0.013567768037319183,0.04731348752975464,0.05764869082573086,24.78421101755627,6,5,0,0,1,1,6,0,0.931124210357666,0,0,1,1
328959,0.023355992138385774,0.08264007121324539,0.09181154660188355,20.74205393367897,1,1,0,0,0,0,1,0,0.9914736151695251,0,0,0,0
411953,0.03413718491792679,0.12198226749897004,0.13310487114368294,17.51612101340482,5,3,0,0,0,0,5,0,0.9546058773994446,0,0,0,0
481480,0.021253758668899538,0.06986175626516342,0.08229348735829718,21.692690663013423,5,4,0,0,0,0,5,0,0.9724825382232666,0,0,0,0
323151,0.02049064263701439,0.06950774937868118,0.07670398475760802,22.30364147896327,10,5,1,0,0,1,9,0,0.9409766991933187,1,0,0,1
427034,0.02328130081295967,0.08030233532190323,0.09233487614220219,20.69268458073303,3,5,0,0,0,0,4,1,0.9886238972345988,0,0,0,0
545219,0.03316985368728638,0.12658920139074326,0.1412180447506007,17.00219611739742,7,8,0,0,0,0,9,2,0.94588155405862,0,0,0,0
448810,0.018167690932750703,0.06459947302937508,0.07425289313368322,22.585732403173765,3,1,1,0,0,1,2,0,0.9708299338817596,0,0,0,0
428454,0.016134561225771903,0.057047440111637114,0.07070363463397732,23.011165200467474,5,5,1,0,0,1,4,0,0.9869692325592041,0,0,0,0
228214,0.02655913569033146,0.1014841690659523,0.11982782771360043,18.428846273483686,8,8,0,0,0,0,8,0,0.9463618323206902,0,0,0,0
579902,0.022349995374679566,0.08309621959924698,0.09525369812719398,20.42236308573848,8,8,1,0,0,1,7,0,0.9498227068356105,0,0,0,0
277020,0.02681461237370968,0.09985650777816772,0.1138374033412153,18.874300383465467,10,12,1,0,0,1,9,0,0.9637857211960686,0,0,0,0
296224,0.018416422232985497,0.06647901386022567,0.08420618970243197,21.49311967717803,5,5,0,0,0,0,5,0,0.9463904738426209,0,0,0,0
152771,0.016286303661763667,0.05930988565087318,0.06769343901647332,23.389068439302065,6,6,0,0,0,0,6,0,0.9718472957611084,0,0,0,0
74058,0.01929357200860977,0.07217969447374344,0.08556183151109385,21.354398552452377,29,27,3,0,1,1,26,0,0.9084454476833344,0,0,0,0
382088,0.018353284150362015,0.06584449484944344,0.0844659717112176,21.46636434750754,2,1,0,0,0,0,2,0,0.9846582412719727,0,0,0,0
478474,0.015574312768876553,0.0524445116519928,0.06401922307915153,23.873792012923868,8,8,0,0,0,0,8,0,0.9529740512371063,0,0,0,0
483667,0.028094394505023955,0.1092669576406479,0.11728651065323037,18.615038681089857,3,3,0,0,0,0,3,0,0.9661870002746582,0,0,0,0
377239,0.02154399864375591,0.08121995627880096,0.09357646682990449,20.576667130139782,10,6,1,0,0,1,10,1,0.9538282420900133,0,0,0,0
422670,0.028239978477358818,0.1059118539094925,0.1109274944618535,19.099215927668748,4,4,1,0,0,1,4,1,0.9248675505320231,0,0,0,0
321790,0.020705942809581757,0.07262503057718277,0.08514110945870687,21.397213898151822,2,2,0,0,0,0,2,0,0.9528644382953644,0,0,0,0
348708,0.017383374273777008,0.06043569967150688,0.07132436814199623,22.935241340816216,8,3,0,1,0,1,8,1,0.8997180802481515,0,0,0,0
423798,0.02506246380507946,0.09573273807764053,0.11238408039275417,18.985904075559777,7,7,0,0,0,0,9,2,0.9234545997210911,0,0,0,0
387387,0.019178396835923196,0.06658388674259186,0.07441798077267185,22.566442362501324,12,1,1,0,0,1,12,1,0.9627153060652993,0,0,0,0
106235,0.0235444039106369,0.08378754556179047,0.09589111740332297,20.364432411620722,12,10,1,0,1,1,14,3,0.9175591631369158,1,0,1,1
475150,0.01821952722966671,0.061819988489151004,0.07255260032853407,22.786940351473028,1,1,0,0,0,0,1,0,0.9748706221580505,0,0,0,0
210502,0.026106901839375495,0.09889528155326843,0.10780814499409941,19.34696853208297,1,1,0,0,0,0,1,0,0.989716112613678,0,0,0,0
282296,0.027840475365519524,0.09769830107688904,0.10569177713110715,19.519175993775864,4,3,0,0,0,0,4,0,0.9600925594568253,0,0,0,0
364322,0.01568826027214527,0.04939104020595551,0.06721847747638142,23.450226573746935,18,15,0,1,0,1,18,0,0.948768296662499,0,1,0,1
488673,0.021069688349962236,0.07753881663084031,0.09758787342583893,20.21208291540492,21,15,1,0,0,1,24,4,0.9490679830312729,0,0,0,0
512776,0.02662530615925789,0.09526544958353042,0.10211414724958824,19.818281701493916,5,3,0,0,0,0,5,0,0.9183912754058838,0,0,0,0
73118,0.020395102351903914,0.06985409706830978,0.07774091022175889,22.187007575619873,2,2,0,0,0,0,2,0,0.945050984621048,0,0,0,0
390555,0.014519974403083325,0.05129643529653549,0.06759844125911985,23.40126636529976,49,25,2,0,0,1,49,2,0.9668642941941606,1,0,0,1
240940,0.019191312417387963,0.06430841609835625,0.07317124745826978,22.7131908168872,22,16,1,2,0,1,21,0,0.9847809672355652,0,0,0,0
279730,0.03702511638402939,0.13354099094867705,0.14117272598072483,17.004983983559157,13,7,1,0,1,1,12,0,0.9140631755193075,1,0,1,1
11699,0.021780675649642943,0.07451497465372085,0.08955805667510335,20.95790677538311,9,6,0,0,0,0,9,0,0.9379030995898776,0,0,0,0
290768,0.021046194061636925,0.0743235930800438,0.08790255775181223,21.11996975646838,11,9,1,0,0,1,10,0,0.9645336329936981,0,0,0,0
116589,0.01780463121831417,0.06277971044182777,0.07027879140085444,23.063514315320006,4,3,0,0,0,0,4,0,0.9421800673007965,0,0,0,0
9483,0.019003401137888433,0.07018791362643242,0.08537837250452125,21.373042560808315,15,6,0,0,0,0,15,0,0.9429086168607076,0,0,0,0
37689,0.01968562640249729,0.07062325477600098,0.08071593613214581,21.860814239638305,30,15,1,0,0,1,30,1,0.9482681525164637,1,0,0,1
151480,0.014450641348958015,0.04750203490257263,0.06127335358674631,24.254566987987644,39,18,1,0,1,1,38,0,0.9608696008983412,0,0,0,0
511599,0.014743487164378167,0.053310022503137586,0.06775005802537672,23.381806569930138,30,23,0,0,0,0,31,1,0.9384240408738455,0,0,0,0
292060,0.022446660697460173,0.07349042743444442,0.09136521262464115,20.784382615077853,20,17,1,1,0,1,20,1,0.925673868921068,0,0,0,0
195842,0.01906697414815426,0.07093299180269241,0.08639942607098128,21.2697828483466,18,9,0,0,0,0,19,1,0.9515490631262461,0,0,0,0
499109,0.02057962752878666,0.07709872573614121,0.08899105746127424,21.013072651449782,6,1,0,0,0,0,6,0,0.9517200887203217,0,0,0,0
6614,0.020378950238227844,0.07545864284038543,0.0842130531971965,21.492411734818674,5,2,1,0,0,1,4,0,0.9604552537202835,0,0,0,0
231508,0.014578620344400406,0.05141808092594147,0.06263532139661342,24.0636137953493,31,25,0,0,0,0,35,4,0.9579632013074814,0,0,0,0
527528,0.016611744090914725,0.05985009372234344,0.07453140340794429,22.553214020695474,13,8,0,0,0,0,13,0,0.9412859953366793,0,0,0,0
34139,0.019366709515452385,0.0699674591422081,0.08142201157670288,21.785163446680826,6,4,0,0,0,0,6,0,0.9651318391164144,0,0,0,0
571857,0.020619359239935874,0.07308907508850097,0.08178073249736366,21.74698007711608,14,14,0,0,0,0,15,1,0.9416312107018062,0,0,0,0
253819,0.016129884496331216,0.058217290043830874,0.07118855540948589,22.951796397491005,2,2,0,0,0,0,2,0,0.9470624029636383,0,0,0,0
257169,0.0256546925753355,0.09451645910739899,0.10213616978810093,19.816408653338232,3,4,0,0,0,0,3,0,0.9097087383270264,0,0,0,0
480212,0.017949089966714384,0.06319515034556389,0.0747744669923006,22.52493348051067,6,2,0,0,0,0,7,1,0.9605893393357595,0,0,0,0
462643,0.030544013902544975,0.11894668638706207,0.12947778905266585,17.756094503341885,8,2,0,0,1,1,11,3,0.825278252363205,0,0,0,0
230008,0.01741989366710186,0.06123307272791863,0.0670819946169717,23.467880651114616,3,4,0,0,0,0,3,0,0.9885294437408447,0,0,0,0
304180,0.020526601746678353,0.0752471148967743,0.08429740331599403,21.483716062168025,7,5,0,0,0,0,7,0,0.9645684361457825,0,0,0,0
250282,0.01734273284673691,0.05954218655824661,0.07567954709956934,22.420429512237966,59,26,0,0,0,0,62,3,0.9682896804001372,0,0,0,0
63740,0.02006743997335434,0.07139194160699844,0.0850260714926913,21.408957728232686,20,11,2,0,0,1,19,1,0.9571570754051208,0,0,0,0
1532,0.01950545571744442,0.06990653574466706,0.08171226516508656,21.754255003079145,12,8,1,0,0,1,11,0,0.9644813537597656,0,0,0,0
470773,0.019012364372611047,0.06975699216127396,0.08051105599106276,21.88288954140927,28,31,3,0,1,1,25,0,0.9431593894958497,0,0,0,0
495448,0.021005472168326378,0.07483203709125519,0.08268995595089798,21.650944788395975,6,2,1,1,0,1,6,1,0.9101936966180801,0,0,0,0
491683,0.015375832840800286,0.05412955284118652,0.06888048277153297,23.238076352958522,4,2,0,0,0,0,4,0,0.9176628291606903,0,0,0,0
313588,0.01438830029219389,0.05067429840564728,0.06339173259401823,23.95934756252909,7,5,0,0,0,0,8,1,0.9686692357063293,0,0,0,0
270122,0.016712097078561784,0.05826832950115204,0.07244201795536802,22.80018920838693,1,2,0,0,0,0,1,0,0.9928552508354187,0,0,0,0
402433,0.021544307470321655,0.07688621133565902,0.09291261200088115,20.63850661342652,3,3,0,0,0,0,3,0,0.9517773389816284,0,0,0,0
391144,0.01687477473169565,0.06273223385214806,0.09060513834014947,20.856943443926284,11,6,0,0,0,0,12,1,0.9217090173201128,0,0,0,0
315492,0.02243095636367798,0.07855879813432694,0.08714790816502752,21.194860658351974,3,4,0,0,0,0,3,0,0.8154319127400717,0,0,0,0
361551,0.020673026517033576,0.07458631247282028,0.09284670442568957,20.644670136844464,25,17,1,1,0,1,26,2,0.9620604929716691,0,0,0,0
189820,0.018603357672691345,0.06459913402795792,0.07548392109405819,22.44291096047546,34,16,2,1,0,1,32,1,0.9543844538350259,0,2,0,1
523782,0.027833017334342004,0.09464679658412933,0.10018594286585794,19.983864204916852,4,3,0,0,0,0,4,0,0.9890877306461334,0,0,0,0
19109,0.014974848739802838,0.05153634548187256,0.061314475040599795,24.248739714149377,27,27,1,0,0,1,27,1,0.9569472991503202,0,0,0,0
509008,0.016734131053090094,0.05602170452475548,0.06463419691467898,23.790752859356257,3,1,0,0,0,0,3,0,0.9879650672276815,0,0,0,0
512330,0.022896359115839003,0.08413351476192474,0.09711696285477858,20.254098155531835,19,14,1,0,0,1,19,1,0.9393534428543515,0,0,0,0
410880,0.020635384321212768,0.07852610051631928,0.08834148965048362,21.07670563527897,6,10,1,0,0,1,5,0,0.8732303738594055,0,0,0,0
218424,0.012226847931742668,0.04069897308945656,0.04986022454333534,26.044915400033638,3,4,0,0,0,0,3,0,0.9771737456321716,0,0,0,0
450100,0.03429151549935341,0.1205850973725319,0.12778191389707313,17.870612227237224,5,4,0,0,0,0,6,1,0.9400838613510132,0,0,0,0
528524,0.02211199887096882,0.08306262791156768,0.09152639138344965,20.76907320510206,2,2,0,0,0,0,2,0,0.9211224913597107,0,0,0,0
52412,0.020324650034308434,0.06532478109002113,0.08165913171796796,21.759904844885476,69,16,4,1,0,1,72,8,0.9482680959627032,3,1,0,1
106266,0.02011994905769825,0.07177101075649261,0.08424142498990393,21.48948590862191,2,1,0,0,0,0,3,1,0.8932274281978607,0,0,0,0
68387,0.018964406475424765,0.06898298710584641,0.07754802077995186,22.20858563987391,7,7,0,0,0,0,7,0,0.9780032634735107,0,0,0,0
529122,0.017334000393748283,0.06304308399558067,0.07334066230199451,22.693103449329204,12,19,0,0,0,0,12,0,0.9715329458316168,0,0,0,0
527215,0.01580262612551451,0.05591126084327698,0.06948497393461261,23.162182021240632,9,7,0,0,0,0,9,0,0.9817169507344564,0,0,0,0
153527,0.02129769027233124,0.08169224858283997,0.1045175860816655,19.61621258423649,11,15,1,0,0,1,11,1,0.9237685680389405,0,0,0,0
206218,0.023253749310970306,0.08495602309703827,0.10585549114520239,19.505732169574273,6,2,1,0,0,1,5,0,0.9575512290000916,0,0,0,0
555009,0.02505551427602768,0.08562003523111343,0.1051297024447651,19.565491295911542,10,9,1,0,0,1,10,1,0.9492404460906982,0,1,0,1
557172,0.025117259472608566,0.08141923695802689,0.09157679069390232,20.76429160759496,6,4,0,0,0,0,7,1,0.9745020568370819,0,0,0,0
547886,0.022489839419722556,0.07706343829631805,0.11424832098900153,18.843003473402028,7,7,0,0,0,0,8,1,0.9675523127828326,0,0,0,0
494913,0.02080499045550823,0.07467312961816788,0.0891135100844783,21.001128992134493,24,26,2,0,1,1,26,4,0.9364019930362701,2,0,1,1
176799,0.01977713741362095,0.07628130614757538,0.08405839493949126,21.508378138521497,8,6,0,0,0,0,8,0,0.961850069463253,0,0,0,0
523957,0.018759432807564737,0.06602236852049828,0.08583024570424276,21.327192884572202,16,13,1,0,1,1,15,0,0.9465782523155213,0,0,1,1
91779,0.021396969631314277,0.07310198843479157,0.08343517162929248,21.573016727159807,13,8,0,0,0,0,13,0,0.9629040635549105,0,0,0,0
323202,0.021868352591991425,0.07955133765935898,0.09129299838568884,20.79125057835251,4,2,0,0,0,0,4,0,0.9644948244094849,0,0,0,0
162092,0.02560933828353882,0.09588465541601181,0.12261441558387716,18.229169349942303,22,16,2,1,1,1,21,1,0.928515613079071,1,0,0,1
513567,0.018721340224146843,0.0658473752439022,0.07500227034920583,22.498511802777035,15,14,1,0,1,1,15,1,0.9671258074896676,0,0,1,1
356531,0.022049854695796966,0.07815289199352264,0.08651766610940195,21.257904091057284,8,8,0,0,0,0,10,2,0.9350837022066116,0,0,0,0
305317,0.02002643272280693,0.07156233191490173,0.08787871446205366,21.122326096050102,22,17,0,0,0,0,22,0,0.9708076038143851,0,0,0,0
362520,0.02008159048855305,0.0729341983795166,0.07744862295235493,22.219725993088453,3,2,0,0,0,0,3,0,0.983856737613678,0,0,0,0
385719,0.018600211292505265,0.06889593750238418,0.0873558925533116,21.174155890993873,16,17,1,0,0,1,15,0,0.9532448093096415,0,0,0,0
50811,0.018617898225784302,0.06268837451934814,0.07628714294805578,22.350972993776523,8,9,0,0,0,0,8,0,0.9783745259046555,0,0,0,0
319369,0.017770363390445708,0.06319895684719086,0.06996959634901044,23.101812630061612,15,18,1,0,0,1,14,0,0.9053803980350494,0,0,0,0
289516,0.018332424387335778,0.06328230202198029,0.07417221112645948,22.595175483345965,2,2,0,0,0,0,2,0,0.9887954294681549,0,0,0,0
209222,0.016844277456402778,0.0627696767449379,0.07637818507455772,22.340613313982864,18,17,0,1,0,1,18,0,0.9201797001502093,0,0,0,0
515025,0.016714094579219817,0.05881947353482246,0.07073306498436471,23.007550455781637,13,10,0,1,0,1,12,0,0.9581238627433777,0,0,0,0
512929,0.01854650117456913,0.06934210062026977,0.08522946296351992,21.388204961340378,13,7,4,0,1,1,9,0,0.9694312877125211,0,0,0,0
455267,0.023062752932310103,0.0833852618932724,0.10352951441881299,19.698716458833246,17,15,0,1,0,1,20,3,0.9460553042590618,0,1,0,1
329447,0.014289493672549725,0.05017073601484299,0.06111987640327007,24.27635065325206,5,5,0,0,0,0,5,0,0.989448070526123,0,0,0,0
404839,0.023308714851737022,0.08048071861267089,0.08989184560012432,20.925594056657157,7,5,0,0,0,0,7,0,0.9669524260929653,0,0,0,0
94185,0.0210103590041399,0.07579255551099777,0.08156930439574536,21.769464824808686,12,12,3,0,1,1,9,0,0.9501547416051229,0,0,0,0
262938,0.02053048312664032,0.07507512569427491,0.08157683812918394,21.768662633886564,8,5,1,0,0,1,8,1,0.8667733158384051,0,0,0,0
153529,0.015797407925128938,0.05618093758821487,0.06870815166495688,23.25983468731222,20,17,2,0,0,1,18,0,0.9384106000264486,1,0,0,1
541773,0.01830919962376356,0.06749540641903877,0.08095652371964156,21.83496297495477,15,18,0,0,0,0,16,1,0.9591661294301351,0,0,0,0
229601,0.016402823105454444,0.06083154454827309,0.08396003734599629,21.51854753824903,11,11,0,0,0,0,12,1,0.966517751867121,0,0,0,0
520910,0.02640184499323368,0.09630061835050582,0.10410924163239693,19.650214341238247,4,3,0,0,0,0,4,0,0.9887694716453552,0,0,0,0
13774,0.018896539509296418,0.071018286049366,0.08558662290868178,21.351882194993486,3,2,0,0,0,0,3,0,0.9351000785827637,0,0,0,0
458755,0.016574197448790073,0.059352719038724897,0.07050818239342758,23.035209614182627,8,6,0,1,0,1,8,0,0.9763075709342957,0,0,0,0
570539,0.0215948686003685,0.07502946555614472,0.08467355854331374,21.44504375832877,9,8,0,0,0,0,10,1,0.974945174323188,0,0,0,0
102707,0.017915501073002816,0.06736811846494675,0.07559410851684334,22.430241004877267,4,3,0,0,0,0,4,0,0.9540206342935562,0,0,0,0
270402,0.01565670035779476,0.05445502921938896,0.06547856322770614,23.67801717442759,4,2,1,0,0,1,3,0,0.9623432954152426,0,0,0,0
231580,0.01356318611651659,0.04970689788460732,0.06282469306574184,24.03739249010136,12,10,0,0,0,0,12,0,0.9739148517449697,0,0,0,0
292225,0.021008898690342902,0.07665230333805084,0.08827215729999005,21.083525189555413,2,3,0,0,0,0,2,0,0.8877567946910858,0,0,0,0
298994,0.015803559869527816,0.06153805330395699,0.06966932207502984,23.139168307898,14,9,0,0,0,0,14,0,0.9820581248828343,0,0,0,0
71938,0.027019735798239707,0.09364761263132096,0.09881585614792057,20.103467244881376,3,3,0,0,0,0,3,0,0.9182815353075663,0,0,0,0
203639,0.012822352908551693,0.045563718676567076,0.06266895500120397,24.058950941167183,1,2,0,0,0,0,1,0,0.9981281161308289,0,0,0,0
413689,0.014532305486500263,0.05378876253962517,0.06760246455891528,23.400749417017455,21,17,0,0,0,0,22,1,0.9606532199042184,0,0,0,0
283038,0.01660583931952715,0.058479578047990796,0.0724913906503873,22.794271376179903,6,6,0,0,0,0,6,0,0.9666378498077393,0,0,0,0
547144,0.019000013545155525,0.06848772689700126,0.0809763961306444,21.832831109861015,10,8,0,0,0,0,10,0,0.9776933133602143,0,0,0,0
244379,0.02149248793721199,0.07305246144533158,0.08905367881729007,21.006962701544644,2,3,0,0,0,0,2,0,0.9942523241043091,0,0,0,0
572678,0.02233184464275837,0.08400780111551284,0.09840576934973361,20.139588778669353,16,34,1,0,0,1,16,1,0.9537332216898601,1,0,0,1
404128,0.017778769694268705,0.06217700392007828,0.07499439899776922,22.499423418884795,1,1,0,0,0,0,1,0,0.9791127443313599,0,0,0,0
313783,0.022228782624006273,0.0759941041469574,0.08485989989400827,21.42594969779519,14,7,1,0,0,1,13,0,0.9499956736197839,0,0,0,0
577932,0.013398818485438824,0.04815371483564377,0.05937494702837262,24.527935296493787,28,21,1,0,1,1,28,1,0.9624040060573154,0,0,1,1
162415,0.020782888680696488,0.07629283517599106,0.08596502836690369,21.313563783544517,2,2,0,0,0,0,2,0,0.9731873869895935,0,0,0,0
377588,0.01343657597899437,0.0467460997402668,0.055582362178117316,25.101260004313634,10,10,0,0,0,0,11,1,0.9576853334903717,0,0,0,0
183965,0.026269106939435006,0.09900753796100617,0.11783226189028766,18.574715711749253,6,5,0,0,0,0,6,0,0.9777664144833883,0,0,0,0
80340,0.016080223582684995,0.05617683082818985,0.07273153166435828,22.765545329177755,20,20,0,0,0,0,22,2,0.9292829692363739,0,0,0,0
91654,0.02464616149663925,0.08779304921627044,0.09279501758603974,20.649506831868344,3,3,0,0,0,0,3,0,0.9778536955515543,0,0,0,0
507042,0.026821518316864967,0.09333523958921433,0.097564472986378,20.214165940685945,4,3,0,0,0,0,4,0,0.7542536407709122,0,0,0,0
549390,0.014710073545575141,0.05310626104474068,0.07168397306059911,22.89155864100441,14,19,1,0,0,1,13,0,0.9430652810977056,1,0,0,1
458702,0.019963140413165093,0.06981197148561477,0.0834645577485018,21.5699580692227,4,4,0,0,0,0,5,1,0.9623390734195709,0,0,0,0
357816,0.018212048709392546,0.061197289079427716,0.0714207230046727,22.923515153615114,13,10,0,0,0,0,14,1,0.9436594385367173,0,0,0,0
221693,0.0179682619869709,0.05923204049468041,0.074899827577372,22.51038364127958,2,2,0,0,0,0,2,0,0.9895751178264618,0,0,0,0
480021,0.02027077041566372,0.07367771565914154,0.08272820891412731,21.64692756304309,9,9,0,0,0,0,9,0,0.9516220556365119,0,0,0,0
293474,0.017846173234283925,0.0698566496372223,0.07728123263682832,22.238519190675415,3,6,0,0,0,0,3,0,0.9663583834966024,0,0,0,0
161008,0.02555207535624504,0.09007367640733718,0.10003126696655987,19.99728461027932,4,1,0,0,0,0,6,2,0.8670559674501419,0,0,0,0
567886,0.02257658578455448,0.08181532770395279,0.09094501923874236,20.824421616751504,17,5,0,0,0,0,18,1,0.9672934097402236,0,0,0,0
163682,0.02602763772010803,0.09391513019800186,0.10699787726675905,19.412496764142116,6,3,1,0,0,1,5,0,0.8792872428894043,0,0,0,0
402783,0.023822386190295218,0.08386696428060532,0.09185479453759215,20.73796339862229,8,2,0,0,0,0,9,1,0.9802171885967255,0,0,0,0
25096,0.024050601571798325,0.07862242758274078,0.08645666014563808,21.264030908856896,6,6,0,0,0,0,6,0,0.9420900841554006,0,0,0,0
451150,0.02055121250450611,0.06696433797478676,0.08588649012022898,21.32150289978256,6,6,0,0,0,0,6,0,0.9874520301818848,0,0,0,0
420840,0.02526177018880844,0.08619378358125687,0.09536637361700663,20.412094628965207,6,6,1,0,1,1,6,1,0.9420385956764221,0,0,0,0
450303,0.022757203504443168,0.07881668657064438,0.09189031595034407,20.734605104363734,26,27,2,0,1,1,25,1,0.9543897906939188,0,0,0,0
145020,0.018468164652585984,0.06325712129473686,0.07248865089752986,22.794599658482824,25,17,2,1,1,1,24,1,0.9341531910679557,0,1,0,1
429690,0.01643042080104351,0.059986694157123564,0.08744350913909908,21.16544844633468,16,14,1,0,0,1,16,1,0.9774717847506206,1,0,0,1
482917,0.02658090405166149,0.08612119108438492,0.10048866220405533,19.9576587091447,8,5,0,0,0,0,8,0,0.9028703942894936,0,0,0,0
400082,0.019990623742341996,0.07196610271930695,0.087579876107385,21.151913470139135,8,4,1,0,0,1,8,1,0.9636993067605155,0,0,0,0
378099,0.017943956330418585,0.06077457442879677,0.06843888379359,23.29394164428959,3,2,0,0,0,0,3,0,0.9639830390612284,0,0,0,0
284991,0.030568120628595354,0.11213920712471008,0.12296577020890402,18.204315312396414,5,2,1,0,0,1,4,0,0.9821805953979492,0,0,0,0
229111,0.02581948637962341,0.08954504728317261,0.10203497368593692,19.82501886369627,3,3,0,0,0,0,4,1,0.9553687771161398,0,0,0,0
309173,0.021191105619072913,0.06789131835103035,0.0794364147916551,21.999607302171185,1,2,0,0,0,0,1,0,0.9769072532653809,0,0,0,0
171190,0.020662834495306016,0.0758415326476097,0.09607228920615007,20.34803721651654,38,37,2,0,0,1,37,1,0.9682442860470878,0,0,0,0
136600,0.02606689780950546,0.0897695317864418,0.10109122233512427,19.905731043850615,8,5,0,0,0,0,8,0,0.9065703973174095,0,0,0,0
393056,0.014159216731786727,0.04945052042603493,0.06189349117682182,24.16710039427209,1,2,0,0,0,0,1,0,0.9825714230537415,0,0,0,0
361268,0.015776651538908483,0.0577175572514534,0.06889211367727154,23.23660980929919,1,1,0,0,0,0,1,0,0.969532310962677,0,0,0,0
537355,0.01485102456063032,0.05585540682077408,0.06791693346609705,23.360438625134226,1,1,0,0,0,0,1,0,0.9581126570701599,0,0,0,0
224093,0.01543147899210453,0.052449925988912585,0.06858390917084606,23.275555288783586,10,7,0,0,0,0,10,0,0.9744432091712951,0,0,0,0
575500,0.025260019302368163,0.09656918793916702,0.10114101992686597,19.901453423328643,2,1,0,0,0,0,3,1,0.9848217070102692,0,0,0,0
123585,0.018945041671395303,0.0628621444106102,0.07458709255024525,22.546726431567862,8,6,0,0,0,0,8,0,0.9181134551763535,0,0,0,0
493905,0.012810861319303512,0.046601278334856035,0.06131630139633143,24.248480994033805,27,28,0,0,1,1,27,0,0.9528777908395838,0,0,1,1
201418,0.021787064895033837,0.08011307120323181,0.09308973012209958,20.62196457528617,20,28,0,0,0,0,22,2,0.9630428552627563,0,0,0,0
108440,0.018833786621689795,0.0698674663901329,0.08086521839416463,21.844764724142003,3,1,1,0,0,1,3,1,0.9522736966609955,0,0,0,0
557501,0.01973065622150898,0.06617410480976105,0.08827782409731444,21.082967600415067,3,2,0,0,0,0,4,1,0.9836963613828024,0,0,0,0
350388,0.02461259178817272,0.08295036107301712,0.09304261091819048,20.626362222803447,4,5,0,0,0,0,4,0,0.9108241051435471,0,0,0,0
261706,0.024062136933207513,0.07984878569841385,0.09726039185585399,20.241279700396465,3,3,0,0,0,0,3,0,0.9062694112459818,0,0,0,0
424642,0.014858334325253963,0.05396583452820778,0.06595380198734341,23.61520327921952,5,7,0,0,0,0,5,0,0.9557188391685486,0,0,0,0
210394,0.018352813832461835,0.06303642392158508,0.07921585698116486,22.023757502019894,29,17,1,0,0,1,29,1,0.9706069145883832,0,0,0,0
461036,0.02002081833779812,0.07410602420568466,0.08773595007762969,21.13644833309417,1,1,0,0,0,0,1,0,0.9809302687644958,0,0,0,0
191580,0.018482227623462678,0.06258809193968773,0.07158469293932801,22.903596671911266,8,9,0,0,0,0,8,0,0.9643796309828758,0,0,0,0
354307,0.03142265379428864,0.1108115255832672,0.12010492031790969,18.40878401128468,2,1,0,0,0,0,2,0,0.8969033062458038,0,0,0,0
166768,0.0217635840177536,0.07940356433391571,0.08569940381589357,21.34044398635943,5,3,0,0,0,0,5,0,0.9779392123222351,0,0,0,0
121417,0.01939617171883583,0.07273962497711181,0.101229224418662,19.893881810888146,11,13,0,0,0,0,12,1,0.9566329338333823,0,0,0,0
390826,0.015566360391676425,0.05412104353308678,0.07485887610283007,22.515133949455496,4,3,0,0,0,0,4,0,0.9254098385572433,0,0,0,0
477955,0.01659776661545038,0.05823262482881546,0.0677722862591683,23.37895726875676,8,4,0,0,0,0,8,0,0.9645326659083366,0,0,0,0
161609,0.023119064792990685,0.08144392222166061,0.09166243066399181,20.75617261017232,7,7,0,0,0,0,9,2,0.9627975906644549,0,0,0,0
236784,0.020824775099754333,0.07243595123291016,0.081163377063996,21.812797820810815,3,3,0,0,0,0,5,2,0.924779494603475,0,0,0,0
542089,0.02170467786490917,0.07616222202777863,0.0839459112007078,21.52000904858072,3,1,0,0,0,0,3,0,0.9539022445678711,0,0,0,0
447611,0.02327372059226036,0.08778940886259079,0.10094539403260348,19.91826984780152,7,6,1,0,0,1,6,0,0.9418044487635294,0,0,0,0
178744,0.024073883891105652,0.08351057171821594,0.09616336629237014,20.33980684347151,8,10,1,0,0,1,7,0,0.9426734106881278,0,0,0,0
124659,0.018857679888606073,0.06682646200060845,0.08109474062971059,21.82014621776483,32,19,4,0,0,1,30,2,0.9571712676967893,0,0,0,0
511760,0.023477324098348618,0.08619392812252044,0.10741430640272452,19.378757430834213,10,7,2,0,0,1,8,0,0.9516812115907669,0,0,0,0
60347,0.01708901170641184,0.05698149353265762,0.06636772355384078,23.56086157241473,3,2,0,0,0,0,3,0,0.8861523469289144,0,0,0,0
162732,0.014434513822197913,0.053203432261943816,0.06478448230673949,23.770580146665175,6,6,0,0,0,0,6,0,0.9856383701165518,0,0,0,0
259625,0.01617071758955717,0.056228508800268175,0.06602036869823728,23.606441092642825,1,1,0,0,0,0,1,0,0.9823415279388428,0,0,0,0
213935,0.02201189622282982,0.07811864316463471,0.09339464974116886,20.59356004594225,11,4,0,0,0,0,14,3,0.9579656340859153,0,0,0,0
356428,0.01905420646071434,0.07287400960922241,0.07994484808353929,21.94419036843197,21,13,0,1,1,1,21,0,0.9386794090270996,0,0,0,0
222118,0.025897585973143577,0.09047861546278,0.09881610566760844,20.103445312189404,3,3,0,0,0,0,3,0,0.9808327158292135,0,0,0,0
210708,0.017152473889291288,0.06225196793675423,0.08040389893007524,21.894457820364025,2,2,0,0,0,0,2,0,0.9820882678031921,0,0,0,0
562818,0.017755451053380965,0.06421947181224823,0.07827496723271216,22.127542110287447,13,23,1,0,0,1,12,0,0.9630386730035146,0,0,0,0
526103,0.018135983496904373,0.06109771355986595,0.06992503155380482,23.10734657960343,4,3,0,0,0,0,4,0,0.9409944266080856,0,0,0,0
326970,0.021107679605484007,0.08106249868869782,0.09741017132537377,20.227913856298095,9,11,0,0,0,0,9,0,0.9452227751413981,0,0,0,0
49259,0.014425364695489407,0.05028845071792602,0.06005570956932001,24.428913947877604,2,1,0,0,0,0,2,0,0.9558278620243073,0,0,0,0
528862,0.014654470607638359,0.05300049781799317,0.0630857937000607,24.00136857178914,9,7,0,0,0,0,9,0,0.9862757722536722,0,0,0,0
521540,0.022354251146316527,0.07828252166509628,0.08465483079510577,21.44696508003274,8,3,1,0,0,1,7,0,0.9180436049188886,0,0,0,0
376284,0.019803184643387796,0.06755745559930801,0.07971014154591256,21.96972839335047,10,9,0,0,0,0,11,1,0.9185906946659088,0,0,0,0
351810,0.022020741179585458,0.08620286881923675,0.09487812782060188,20.45667787192418,14,17,0,0,0,0,15,1,0.9450995666640145,0,0,0,0
565391,0.02258042134344578,0.08162646144628524,0.10474273165177328,19.5975220809416,6,3,0,0,0,0,7,1,0.9475495914618174,0,0,0,0
404479,0.020223553851246835,0.06752230525016785,0.08027937584038575,21.907920254864447,3,3,0,0,0,0,3,0,0.9794818758964539,0,0,0,0
154004,0.014798801951110363,0.053998750448226926,0.06891782307028264,23.233368984171232,18,14,0,0,1,1,18,0,0.9336450199286143,0,0,1,1
370270,0.018247249722480773,0.06609482541680337,0.08035847870515861,21.899365872574524,10,9,1,0,0,1,11,2,0.9730192091729906,0,0,0,0
377486,0.022178899869322775,0.08257446885108947,0.10984464492586225,19.18442221334685,6,9,0,0,1,1,7,1,0.9716060558954874,0,0,1,1
438304,0.021187749132514,0.06989566832780839,0.07540635647405242,22.45184086370566,5,5,0,0,0,0,5,0,0.9504813432693482,0,0,0,0
179285,0.021455848962068556,0.07324357628822327,0.07726202787407593,22.2406779448016,1,2,0,0,0,0,1,0,0.9909709095954895,0,0,0,0
545407,0.020350677147507667,0.06709392964839936,0.07422203773291954,22.58934252924778,1,1,0,0,0,0,1,0,0.9500345587730408,0,0,0,0
428280,0.016214237362146378,0.05990848913788795,0.0712439114727454,22.945044893553685,5,7,0,0,0,0,6,1,0.9637829303741455,0,0,0,0
293245,0.018369266763329506,0.06543222814798355,0.07215155892665528,22.835085619634285,2,4,0,0,0,0,2,0,0.915166974067688,0,0,0,0
453981,0.015947037562727927,0.05744733437895775,0.078383389771184,22.11551917870792,2,2,1,0,0,1,1,0,0.9486352801322937,0,0,0,0
9772,0.020216870680451395,0.07193716168403626,0.08147494118167087,21.779518887765107,8,4,0,0,0,0,8,0,0.9673223942518234,0,0,0,0
131938,0.021166606247425078,0.07310566604137421,0.07913868189155858,22.032223749580233,5,2,1,0,1,1,4,0,0.9177329838275909,0,0,0,0
47828,0.029962347447872163,0.10779138952493668,0.12735833465625618,17.899452568498575,16,13,1,0,0,1,16,1,0.9582590142885844,1,0,0,1
47819,0.018146415054798127,0.06291764006018638,0.08557579835837467,21.35298081055149,8,4,0,0,0,0,8,0,0.9587621986865997,0,0,0,0
122962,0.016425447165966035,0.06169264391064644,0.07995891066653095,21.94266262392913,37,29,0,0,0,0,39,2,0.9721969833245149,0,0,0,0
345356,0.01938711926341057,0.07082138508558274,0.08516101908335667,21.39518300394384,11,11,1,0,0,1,11,1,0.9587241590023041,0,0,0,0
243204,0.02397260218858719,0.08728186339139939,0.09868659795697937,20.114836445803114,4,4,1,0,0,1,4,1,0.946602463722229,0,0,0,0
356347,0.02547048106789589,0.09161500632762909,0.1019522630370259,19.832062594659497,3,3,0,0,0,0,3,0,0.935337483882904,0,0,0,0
62355,0.017838771641254424,0.06066061183810234,0.06679771935836817,23.504767303478392,6,7,0,0,0,0,6,0,0.9860646227995554,0,0,0,0
303305,0.01960594430565834,0.06573081463575363,0.07542479943069527,22.449716720509425,5,5,0,0,0,0,6,1,0.9688201308250427,0,0,0,0
213593,0.030271343886852264,0.10482132881879806,0.11891730121480962,18.495099110232637,17,10,0,0,0,0,22,5,0.8999864914838005,0,0,0,0
321333,0.0230501439422369,0.08313309997320176,0.09017538473307915,20.89823992178404,5,3,1,0,0,1,4,0,0.9466509371995926,1,0,0,1
161879,0.023162485286593437,0.08535123616456985,0.09693613430066735,20.27028606844917,6,2,1,0,0,1,5,0,0.9452918529510498,1,0,0,1
340015,0.01807471439242363,0.06476236432790757,0.07001981972153198,23.095580234757243,1,2,0,0,0,0,1,0,0.9993970394134521,0,0,0,0
165713,0.02532065361738205,0.08874339759349822,0.10389163865820238,19.6683880730577,2,1,0,0,0,0,2,0,0.985723465681076,0,0,0,0
276707,0.017495688796043397,0.06416471153497696,0.0678167463922023,23.373260999447716,7,4,0,0,0,0,7,0,0.9843431626047406,0,0,0,0
11813,0.027325188741087914,0.098676036298275,0.10709781649654629,19.404387668921782,7,2,0,0,0,0,8,1,0.943901777267456,0,0,0,0
130579,0.014935984648764134,0.051460040360689165,0.06654782051947619,23.537323267156385,2,2,0,0,0,0,2,0,0.988344669342041,0,0,0,0
545100,0.015434947423636913,0.05470121279358864,0.06636401880124675,23.561346446215158,9,11,1,0,0,1,8,0,0.9823679849505424,0,0,0,0
508482,0.019180555641651154,0.06752801984548569,0.07497780408349498,22.501345663028257,5,1,0,0,0,0,6,1,0.972836697101593,0,0,0,0
339870,0.039590931683778766,0.14057515412569047,0.1413626784138336,16.99330469598393,4,6,0,0,0,0,4,0,0.9739234447479248,0,0,0,0
100624,0.0285600658506155,0.10032012909650803,0.10956257291951918,19.206755550335032,9,9,1,0,1,1,9,1,0.9365408644080162,0,0,0,0
577959,0.019709759578108787,0.06890763342380524,0.08573385542939663,21.336952914462568,4,2,0,0,0,0,4,0,0.9335958063602448,0,0,0,0
527695,0.01798754632472992,0.06528982818126679,0.07103181318070835,22.97094198494104,18,9,1,0,0,1,18,1,0.9645833583439097,0,0,0,0
224051,0.02016979567706585,0.0718052327632904,0.07904028351744605,22.04303021207215,3,3,0,0,0,0,3,0,0.9664473533630371,0,0,0,0
180383,0.02527058906853199,0.09338122457265854,0.10252927643067891,19.78304215034116,3,4,0,0,0,0,3,0,0.9853578011194865,0,0,0,0
193717,0.019904763624072074,0.0688546285033226,0.09541939029200532,20.407267256204953,17,12,1,0,0,1,16,0,0.9522867538034916,0,0,0,0
517523,0.022906648367643355,0.07469244450330734,0.09052619902716702,20.864514284113802,2,1,0,0,0,0,2,0,0.9295176863670349,0,0,0,0
568290,0.01350389588624239,0.05043966919183731,0.06106668095690611,24.283913675167724,7,10,0,0,0,0,8,1,0.9747739008494786,0,0,0,0
389316,0.01789482682943344,0.06197546049952507,0.07294001742253993,22.740682745722502,4,3,0,0,0,0,4,0,0.9740895330905914,0,0,0,0
253742,0.014206043072044849,0.048663657158613205,0.06432150485334816,23.832876069439628,32,28,1,0,0,1,32,1,0.9781224477675653,0,0,0,0
29397,0.01674417145550251,0.05842653810977936,0.06623559801730715,23.578170764897916,5,2,0,0,0,0,5,0,0.9508930802345276,0,0,0,0
193674,0.018624493107199668,0.06542743369936943,0.08336777637497887,21.5800356411533,5,3,0,0,0,0,5,0,0.9660112142562867,0,0,0,0
293390,0.019472568482160568,0.0707520991563797,0.0775375790762861,22.209755258276846,4,5,1,0,0,1,3,0,0.9582254886627197,0,0,0,0
571804,0.022180841863155366,0.07783259600400924,0.08635925330009327,21.27382242843541,9,9,1,0,1,1,8,0,0.9700858741998672,0,0,0,0
563758,0.024480333924293517,0.08595285415649415,0.09093890869655538,20.825005236158532,2,1,0,0,0,0,2,0,0.9570527076721191,0,0,0,0
579158,0.021956798061728476,0.07827696651220321,0.08843530446492483,21.067486493080708,3,9,0,0,0,0,3,0,0.9548505544662476,0,0,0,0
485237,0.02044478841125965,0.06286614611744881,0.07103580369940769,22.97045403130612,16,8,0,0,0,0,17,1,0.9385182894766331,0,0,0,0
36494,0.018036304414272307,0.06577257886528969,0.07798535938447904,22.159738442430857,43,49,1,1,1,1,43,2,0.9566079959636782,0,1,0,1
338905,0.021376046538352966,0.07638145685195923,0.09187921534385922,20.735654447443416,26,38,1,0,1,1,27,2,0.9674292850494385,0,0,0,0
287959,0.019996079429984093,0.07131795883178711,0.07769024293163548,22.192670410861478,1,1,0,0,0,0,1,0,0.9629108309745789,0,0,0,0
287545,0.019744884595274924,0.0728983610868454,0.0784501494101163,22.108124499048284,2,2,0,0,0,0,2,0,0.986119419336319,0,0,0,0
53994,0.01677697114646435,0.058791863918304446,0.066465319465182,23.548098069474396,3,4,1,0,1,1,2,0,0.9160037934780121,0,0,0,0
375430,0.024314795807003974,0.0842979907989502,0.09847993823320719,20.133044649338558,7,4,1,0,1,1,6,0,0.9811717371145884,0,0,0,0
410712,0.024644860252738,0.09344179034233094,0.10866017383399897,19.278592090392337,17,5,1,0,0,1,17,1,0.9582950621843338,0,0,0,0
386277,0.025654519721865655,0.09410076737403869,0.10593561277872397,19.49916033830568,3,1,0,0,0,0,3,0,0.9337051312128702,0,0,0,0
453040,0.02650136612355709,0.09869602173566819,0.1093228216029616,19.225783355397557,6,2,2,0,0,1,4,0,0.9699227064847946,1,0,0,1
2685,0.018483821675181387,0.06540202647447586,0.07606514327939355,22.37628624681897,24,19,3,0,1,1,23,2,0.900302373227619,0,1,0,1
406129,0.031014040857553483,0.116853529214859,0.1425771871694734,16.918999150130137,3,3,0,0,0,0,3,0,0.9154383341471354,0,0,0,0
484029,0.01613465603441,0.05780199021100998,0.06882724164093504,23.244792702525615,12,8,2,0,0,1,10,0,0.9494086980819703,0,0,0,0
577735,0.01790045015513897,0.06364452168345451,0.06830897459962355,23.31044467804044,2,2,0,0,0,0,2,0,0.9559491276741028,0,0,0,0
376206,0.01812003031373024,0.06284439191222191,0.07424741777493102,22.586372918490948,4,2,0,0,0,0,4,0,0.9621210098266602,0,0,0,0
391140,0.020743343979120255,0.07141215205192566,0.08243692561749026,21.677564261256784,3,3,0,0,0,0,3,0,0.9928976893424988,0,0,0,0
52017,0.029522858932614325,0.0993487760424614,0.10282876760395664,19.75770738310422,2,2,0,0,0,0,3,1,0.9637574851512909,0,0,0,0
85478,0.02206312268972397,0.08558197915554047,0.10114900606671184,19.900767608701543,3,1,0,0,0,0,3,0,0.9546279509862264,0,0,0,0
455448,0.02078102305531502,0.06944838315248489,0.07801068051134498,22.15691867193479,6,3,0,0,0,0,7,1,0.9435274600982666,0,0,0,0
551780,0.025607242807745935,0.09054592698812484,0.09386182003919172,20.550220576023804,1,2,0,0,0,0,1,0,0.9290141463279724,0,0,0,0
128051,0.016324932873249053,0.05650953501462937,0.0660511391818066,23.60239375444674,4,4,0,0,0,0,4,0,0.9762486666440964,0,0,0,0
42563,0.023999863490462302,0.08416041731834412,0.09759219517502848,20.211698263050003,5,1,1,0,0,1,4,0,0.9127763509750366,1,0,0,1
190007,0.014856200851500034,0.05219692513346672,0.06311620456394218,23.997182498411238,2,2,0,0,0,0,2,0,0.9625273644924164,0,0,0,0
571718,0.01857750229537487,0.06940686702728271,0.08167425869368412,21.758295973096644,37,33,0,1,0,1,37,1,0.9173415154218674,0,1,0,1
572956,0.019466225057840347,0.06875938773155213,0.0775022709031946,22.213711439866767,10,8,0,0,0,0,11,1,0.9198821008205413,0,0,0,0
370478,0.018935146182775496,0.06819099038839341,0.0840027931260522,21.51412546469939,11,12,1,1,1,1,9,0,0.8511912955178155,0,0,0,0
409630,0.020463237538933754,0.07610456049442291,0.07862764875018677,22.088494222166823,5,3,1,0,1,1,4,0,0.9516722410917282,1,0,1,1
110042,0.016869780048727988,0.060410504788160325,0.07825038767696069,22.130270042902428,10,8,1,0,0,1,9,0,0.9415643016497294,0,0,0,0
456662,0.019306082278490067,0.06758413687348366,0.07805634180504693,22.15183612517691,4,2,0,0,0,0,4,0,0.9914380609989166,0,0,0,0
153510,0.021603263914585114,0.07563300877809524,0.08063818030138843,21.869185623423014,11,6,0,0,0,0,11,0,0.9585577357899059,0,0,0,0
222825,0.021968500316143037,0.07610049545764923,0.10308771297590046,19.735861903789,4,3,0,0,0,0,4,0,0.9520110785961151,0,0,0,0
42070,0.0177773030474782,0.06541158184409142,0.0745209494558671,22.554432409703477,3,3,0,0,0,0,3,0,0.9390340646107992,0,0,0,0
802,0.020905787870287896,0.07391799539327622,0.09074981727051905,20.843084815310313,3,2,1,0,0,1,2,0,0.9689803719520569,0,0,0,0
323895,0.01867004968225956,0.06216732263565063,0.06838338324907726,23.300988328156926,3,3,0,0,0,0,3,0,0.9604883392651876,0,0,0,0
581357,0.019472235813736916,0.06918796598911285,0.08271286976195873,21.6485382172328,12,14,0,0,0,0,12,0,0.9583931366602579,0,0,0,0
409867,0.02814333699643612,0.09412879198789596,0.09849148601171656,20.132026199782267,2,2,0,0,0,0,2,0,0.9588683545589447,0,0,0,0
112634,0.017797008156776428,0.06233283281326294,0.07122183499438266,22.947736822820136,2,2,0,0,0,0,2,0,0.925619900226593,0,0,0,0
229221,0.030588744580745696,0.10436802208423615,0.12345197125869042,18.170039418822988,1,2,0,0,0,0,1,0,0.9853444695472717,0,0,0,0
394559,0.019265254214406013,0.06382042691111564,0.07690124810433006,22.281332231169124,4,2,0,0,0,0,4,0,0.953811526298523,0,0,0,0
235778,0.032499612867832185,0.12221701890230179,0.13200808268967912,17.587989533449708,4,12,0,0,0,0,5,1,0.9464244097471237,0,0,0,0
187144,0.01536051593720913,0.05728233605623245,0.07265484195883136,22.77470875163288,19,18,2,0,1,1,19,2,0.9712404959342059,1,0,0,1
521405,0.020889954641461372,0.07302924245595932,0.07963999474943302,21.97737554554257,2,2,0,0,0,0,3,1,0.9838525950908661,0,0,0,0
106389,0.019349829480051994,0.06641391217708588,0.0804440582022088,21.89012056897253,14,12,1,0,0,1,14,1,0.9390792571581327,0,0,0,0
292236,0.021638010814785957,0.08169369846582412,0.09441640047797736,20.499051211827577,10,7,0,0,0,0,10,0,0.9792589843273163,0,0,0,0
268375,0.01696167029440403,0.059277885407209394,0.06720474844046069,23.45200080421114,5,2,0,0,0,0,5,0,0.9856724977493286,0,0,0,0
217425,0.025758470967411996,0.0927529975771904,0.11067102685294285,19.119321209311778,2,1,0,0,0,0,2,0,0.9636046588420868,0,0,0,0
356169,0.02171798311173916,0.0767651453614235,0.08791125346273376,21.119110552234893,8,11,0,0,0,0,9,1,0.9077231660485268,0,0,0,0
500477,0.020453062653541566,0.07415505200624466,0.07848125668156387,22.104681028591948,3,2,0,0,0,0,3,0,0.9145706494649252,0,0,0,0
183127,0.014214717783033848,0.049310947954654696,0.0624946468078105,24.083143640765734,2,2,0,0,0,0,2,0,0.9872901141643524,0,0,0,0
537270,0.02291405722498894,0.08163404315710068,0.09532082067753031,20.41624454384513,10,8,0,0,0,0,10,0,0.9594122111797333,0,0,0,0
322959,0.018284008651971818,0.06644805446267128,0.07921205552434185,22.024174335567878,12,9,2,0,0,1,10,0,0.9531913161277771,0,0,0,0
569917,0.01892020907253027,0.06623980253934861,0.07739396112459192,22.225858500188064,6,5,0,0,0,0,9,3,0.9304095307985941,0,0,0,0
451155,0.04647898897528648,0.1835199236869812,0.1960687862574133,14.15183079213618,6,3,0,0,0,0,7,1,0.8476158877213796,0,0,0,0
475678,0.019929423183202743,0.07678832709789277,0.08036972151168757,21.898150730779122,13,12,3,0,2,1,10,0,0.9620398700237274,0,0,1,1
162035,0.021325616165995598,0.07830417752265931,0.09576455158684066,20.375904411165713,6,5,0,1,0,1,5,0,0.9581655502319336,0,0,0,0
519039,0.019202562421560286,0.06671303287148475,0.07679395454595853,22.293459352148943,1,1,0,0,0,0,2,1,0.9795346856117249,0,0,0,0
119038,0.016584922187030317,0.05934116095304489,0.07646974268367933,22.330207423695228,5,3,0,0,0,0,5,0,0.9204267740249634,0,0,0,0
559543,0.024586576595902444,0.09258115142583848,0.12133553750907623,18.3202396325109,15,5,1,0,0,1,14,0,0.9591905432088035,1,0,0,1
384666,0.01625012867152691,0.05576377734541893,0.06759402032541134,23.40183444049941,14,14,1,0,0,1,13,0,0.9256370938741244,0,0,0,0
210230,0.022529637068510057,0.07679928541183471,0.08752887303628587,21.156973263684158,15,17,0,0,0,0,16,1,0.9308402419090271,0,0,0,0
55950,0.018986360728740694,0.062342225760221484,0.07498018800221407,22.501069499622574,3,3,0,0,0,0,3,0,0.9849239389101664,0,0,0,0
517069,0.017157432809472083,0.06355611756443977,0.07620295581027584,22.360563652684192,12,11,0,0,0,0,14,2,0.9420113315184911,0,0,0,0
226154,0.019765417091548443,0.06932290196418762,0.08324955700114565,21.59236137684602,7,6,2,0,0,1,6,1,0.8871876835823059,0,1,0,1
49091,0.02095617465674877,0.07812014073133469,0.08186796576891026,21.73772001395379,3,0,1,0,0,1,2,0,0.9349024295806885,0,0,0,0
136355,0.020834551006555558,0.07305712550878525,0.08410715019598887,21.503341639650838,25,19,0,0,0,0,25,0,0.9551777291297913,0,0,0,0
187513,0.027992446348071097,0.09202051609754562,0.09472014408390597,20.471152999839134,5,2,0,0,0,0,5,0,0.9408136606216431,0,0,0,0
369503,0.029001403972506522,0.10756909251213073,0.1171304814679866,18.62660143062623,5,2,0,0,0,0,5,0,0.9310981035232544,0,0,0,0
133645,0.017833090387284756,0.065119057148695,0.08141186449753528,21.786245978301856,9,8,1,0,0,1,8,0,0.8973771557211876,0,0,0,0
519338,0.017902850173413754,0.06506382599473,0.08184890489781663,21.739742537628942,1,1,0,0,0,0,1,0,0.9727494716644287,0,0,0,0
170670,0.014331049099564553,0.051767709851264956,0.061278015639081876,24.253906137401493,22,21,0,0,0,0,22,0,0.9752776270562952,0,0,0,0
463618,0.020207280293107033,0.07235386073589326,0.08474116888730676,21.438110996031202,5,5,0,0,0,0,5,0,0.9498217105865479,0,0,0,0
512648,0.015969059243798257,0.061235801130533216,0.07074632019339795,23.005922893109037,1,1,0,0,0,0,1,0,0.9735655188560486,0,0,0,0
336309,0.022774400562047957,0.07725817263126374,0.091130705234341,20.806705376666024,1,1,0,0,0,0,1,0,0.9816348552703857,0,0,0,0
310622,0.01776144318282604,0.062014224380254744,0.07304834716767213,22.727792124116014,0,0,0,0,0,0,0,0,,0,0,0,0
494759,0.022311405465006828,0.07612180113792419,0.10045506355229677,19.960563345084775,3,3,0,0,0,0,3,0,0.9665483832359314,0,0,0,0
401446,0.018779882043600083,0.06787359118461608,0.07835726175763501,22.11841498196045,3,3,0,0,0,0,3,0,0.9835998018582662,0,0,0,0
234757,0.014354019984602928,0.05172914415597916,0.06588152531814195,23.624727088168427,1,3,0,0,0,0,1,0,0.9217596650123596,0,0,0,0
168619,0.01645640656352043,0.05835798233747482,0.07017713931993398,23.076086784221538,2,1,1,0,0,1,1,0,0.9906543493270874,0,0,0,0
187734,0.016867484897375107,0.05828540027141571,0.06808389825944644,23.33911171884008,41,26,0,1,0,1,43,3,0.9381761968135833,0,0,0,0
55072,0.018753553554415704,0.06332843378186226,0.07230275716852066,22.816902823060182,1,1,0,0,0,0,1,0,0.9947091937065125,0,0,0,0
60449,0.020194161683321,0.07415707260370255,0.08639604604605226,21.270122654976387,4,5,0,0,0,0,5,1,0.9743184000253677,0,0,0,0
290163,0.01941278763115406,0.07224138230085372,0.08603855077198527,21.306138269045874,16,13,1,0,1,1,16,1,0.9356881221135457,0,0,0,0
181542,0.015835213474929333,0.05364958047866821,0.06730782251118557,23.43868918327101,24,20,2,0,0,1,23,1,0.9401654628190127,1,0,0,1
136334,0.02305181547999382,0.07848414331674576,0.09320181879702238,20.61151224952912,3,2,0,0,0,0,3,0,0.9815394878387451,0,0,0,0
545007,0.030211863666772844,0.09500136971473694,0.10364606604882041,19.68894354351286,3,3,0,0,0,0,3,0,0.9416634837786356,0,0,0,0
311950,0.03125243037939072,0.09926891326904297,0.10076917554190348,19.93344589338925,8,1,0,1,0,1,11,3,0.9369107229369027,0,0,0,0
372819,0.012391780316829682,0.04177180454134941,0.05476333781200606,25.23020179178404,10,8,0,0,0,0,10,0,0.9763376474380493,0,0,0,0
95843,0.02056022919714451,0.07174667865037918,0.0861768477271654,21.292187921299245,2,1,0,0,0,0,2,0,0.9921791553497314,0,0,0,0
360943,0.02582625038921833,0.09297633916139603,0.10077315738777547,19.93310268138707,1,1,0,0,0,0,1,0,0.9298349618911743,0,0,0,0
550797,0.021485089883208276,0.0746359333395958,0.0825821202035267,21.662279425866707,3,1,0,0,0,0,3,0,0.9617798725763956,0,0,0,0
67616,0.014022076316177846,0.049403665214776994,0.058998197176555287,24.58322518011856,23,37,2,0,1,1,22,1,0.9426566192081997,0,0,0,0
180135,0.029561540111899376,0.10582701563835144,0.11355374657336817,18.895970643363626,4,2,0,0,0,0,4,0,0.9613652974367142,0,0,0,0
173799,0.011643156595528125,0.04237782210111618,0.054942892001266674,25.201769691488607,22,15,0,1,1,1,22,1,0.9086481503077916,0,0,0,0
109827,0.021403899416327477,0.07637751400470734,0.08266230779557153,21.653849481959387,2,1,0,0,0,0,2,0,0.926490992307663,0,0,0,0
197528,0.023364783078432084,0.08232236057519912,0.09314108004047429,20.617174608096093,5,1,1,0,0,1,4,0,0.9508459568023682,0,0,0,0
562561,0.018868889659643173,0.06626597866415977,0.0735465447386981,22.668754517509704,3,3,0,0,0,0,3,0,0.9229187170664469,0,0,0,0
457884,0.013098421692848205,0.047161293029785153,0.0604211697830403,24.376217416606792,8,10,0,0,0,0,8,0,0.9861843958497047,0,0,0,0
474028,0.012935316190123558,0.04462832808494568,0.06126464123501106,24.255802107362623,13,14,0,0,0,0,13,0,0.9918947036449726,0,0,0,0
41990,0.019219156354665756,0.07069227546453476,0.08165828500346256,21.75999490838141,11,4,1,0,0,1,11,1,0.9329677283763885,0,0,0,0
568147,0.017427701130509378,0.06469865068793297,0.07842277917453908,22.111155421593665,9,7,1,0,0,1,8,0,0.9468058794736862,0,0,0,0
417632,0.021162519976496697,0.0748518466949463,0.085015021399739,21.410086630504207,14,17,0,0,0,0,15,1,0.9266467435019357,0,0,0,0
459634,0.016629464738070966,0.05923021137714386,0.07968122726376538,21.972879709112732,12,3,0,0,0,0,13,1,0.8800438990195593,0,0,0,0
232538,0.018166594952344895,0.06287947744131088,0.07571324401334024,22.416562912291703,4,4,0,0,0,0,4,0,0.9780170619487762,0,0,0,0
3255,0.021284804865717887,0.07814831584692002,0.08436504560126966,21.47674908807222,8,10,1,0,0,1,7,0,0.9675954580307007,0,0,0,0
512476,0.030510662496089934,0.11720921397209168,0.12548905759075712,18.027882843840462,9,6,2,0,0,1,7,0,0.9462200914110456,0,0,0,0
419312,0.0194217499345541,0.06893173307180404,0.08264886943842038,21.655261656131053,15,12,2,0,0,1,14,1,0.959911782007951,0,0,0,0
426795,0.02062240205705166,0.07227183729410172,0.0810562506607735,21.824269777244524,6,2,1,0,0,1,5,0,0.89840008020401,0,0,0,0
233238,0.016983594745397568,0.06391029357910157,0.07528567435113828,22.465753103381232,23,25,1,0,1,1,23,1,0.9386148615316912,0,0,1,1
109916,0.024006077274680137,0.09122902303934097,0.10046436617643204,19.959759026988213,8,3,0,0,0,0,8,0,0.9122684672474861,0,0,0,0
455937,0.018428560346364975,0.06800314635038376,0.08065316221600376,21.867572006036507,39,14,2,3,1,1,36,1,0.9340818366583656,0,2,0,1
1993,0.022391556948423385,0.0784530684351921,0.09387679051958295,20.54883533150329,7,4,1,0,0,1,6,0,0.9738057057062784,0,0,0,0
325031,0.016871392726898193,0.06127888560295105,0.07211620775025869,22.839342376773807,7,16,0,0,0,0,7,0,0.965966522693634,0,0,0,0
45070,0.014311174117028713,0.05147135928273201,0.06541811069585501,23.68604005295602,2,2,1,0,0,1,1,0,0.9951436519622803,0,0,0,0
458790,0.03339088223874569,0.11543636620044709,0.11794224119163116,18.566612476405833,1,0,0,0,0,0,1,0,0.973808228969574,0,0,0,0
165831,0.016467630863189697,0.06047461777925491,0.06983695305253218,23.118294338323025,35,22,1,1,0,1,37,3,0.9613107424793821,0,0,0,0
264441,0.03340972885489464,0.1244802638888359,0.1326817154492056,17.543778441979683,2,2,0,0,0,0,2,0,0.8954353332519531,0,0,0,0
223182,0.017348766699433325,0.06006649136543274,0.06792022307512147,23.360017927562637,12,11,1,0,0,1,12,1,0.9874386787414551,0,0,0,0
50145,0.02528650127351284,0.0881665363907814,0.09430365190999776,20.50942977756499,10,11,1,0,0,1,10,1,0.974290152390798,0,0,0,0
327601,0.02187184989452362,0.07906781435012818,0.09016289895989715,20.899442661943887,5,3,0,0,0,0,5,0,0.9596747279167175,0,0,0,0
560911,0.01966300457715988,0.07406372725963592,0.08240513390819595,21.680914611071074,6,5,0,0,0,0,7,1,0.9605325957139333,0,0,0,0
347693,0.025237465649843215,0.09043937921524048,0.09755828850152874,20.21471654536658,5,2,0,0,0,0,5,0,0.8486793279647827,0,0,0,0
286507,0.018788133189082144,0.06540328115224839,0.07241640335012127,22.80326097507622,1,1,0,0,0,0,1,0,0.9910447597503662,0,0,0,0
331817,0.01717720702290535,0.0641776293516159,0.07640569250441247,22.337485673732953,17,17,1,1,0,1,17,1,0.9556416034698486,0,0,0,0
263796,0.020082690939307212,0.07148122191429138,0.0732202945228676,22.707370570712552,2,1,0,0,0,0,2,0,0.9811344742774963,0,0,0,0
189436,0.026612458750605583,0.09631640315055848,0.10473077944206245,19.598513285739283,3,5,1,0,0,1,2,0,0.9861662089824677,0,0,0,0
384670,0.016281922906637193,0.05781147480010986,0.06556676949244129,23.666324274258216,3,4,0,0,0,0,3,0,0.9821901321411133,0,0,0,0
2431,0.025700558722019196,0.08765674531459808,0.10039063768363798,19.96613574221109,15,9,2,0,0,1,14,1,0.9395263745234563,0,0,0,0
95155,0.015020445920526981,0.05311275199055672,0.06765702446922692,23.39374212475667,9,8,0,0,0,0,9,0,0.9669303364223905,0,0,0,0
263966,0.022637011110782625,0.08137571811676025,0.11254229169794619,18.973684911126078,4,3,2,0,0,1,2,0,0.9788492918014526,1,0,0,1
579655,0.027467871457338332,0.09956275671720505,0.10856133494805449,19.286496498379595,12,16,1,0,0,1,12,1,0.8574980605732311,0,0,0,0
64084,0.023766248673200607,0.08543241173028945,0.10600947907880397,19.49310599139138,11,17,1,0,0,1,11,1,0.9135881543159485,0,0,0,0
314182,0.023024126514792444,0.07993547469377518,0.09216662220876044,20.70852657134267,16,9,0,0,0,0,16,0,0.9672009535133839,0,0,0,0
23937,0.01557089164853096,0.055958174914121625,0.0680852294634997,23.338941890455537,8,6,1,0,0,1,8,1,0.9545338749885559,0,0,0,0
311392,0.02188762091100216,0.08383985161781311,0.10229802742531736,19.802654810910123,5,4,0,0,0,0,5,0,0.9514548540115356,0,0,0,0
64718,0.02113335095345974,0.07555982768535614,0.08536989876192841,21.373904671944167,5,3,0,0,0,0,6,1,0.9507060647010803,0,0,0,0
523100,0.0272908940911293,0.09924698024988174,0.11277517416593202,18.95572987041842,20,10,0,0,0,0,20,0,0.9185255378484726,0,0,0,0
170955,0.02820044830441475,0.10184030532836914,0.10954996164045148,19.20775540347915,5,2,0,0,0,0,6,1,0.9520864486694336,0,0,0,0
498463,0.022524910792708398,0.07805163264274598,0.08618858091048757,21.291005397211876,3,2,0,0,0,0,3,0,0.9567656517028809,0,0,0,0
532058,0.0247311033308506,0.08466154783964157,0.08906184239464758,21.00616649993856,6,5,0,0,0,0,7,1,0.9604817529519399,0,0,0,0
525083,0.020859641954302788,0.07393665909767151,0.0860908363606123,21.300861461011998,14,9,1,0,0,1,13,0,0.9466023307580215,0,0,0,0
471087,0.014747035317122936,0.05080499425530434,0.057154978409168944,24.85891869943707,2,2,0,0,0,0,2,0,0.982361763715744,0,0,0,0
476770,0.01480304766446352,0.050572489947080614,0.06948364046566294,23.162348711599936,36,16,0,1,0,1,35,0,0.969799530506134,0,0,0,0
517056,0.021737055853009224,0.07569860965013504,0.09482870727963935,20.461203395468317,20,15,3,0,0,1,20,3,0.9564813585842357,0,0,0,0
42102,0.021142299473285674,0.07676160782575607,0.09165468880024098,20.756906256591915,4,3,0,0,0,0,5,1,0.9618245512247086,0,0,0,0
581615,0.024451684206724167,0.08681189119815827,0.09246711961290369,20.68025341208422,2,1,0,0,0,0,2,0,0.9831395149230957,0,0,0,0
357567,0.018850693106651308,0.06488376334309578,0.06736816134082167,23.430906111112392,3,2,0,0,0,0,3,0,0.9879259864489237,0,0,0,0
499266,0.027436757832765578,0.10157564878463746,0.10934256295019215,19.224215012386452,10,5,0,0,0,0,11,1,0.935636293888092,0,0,0,0
423971,0.03216695375740528,0.1202873632311821,0.1313314271393891,17.632626727250177,6,1,0,0,0,0,8,2,0.9223802586396536,0,0,0,0
225757,0.0222839567810297,0.07738324701786041,0.09381178817222634,20.554851715045256,13,9,2,0,0,1,11,0,0.9738021005283702,0,0,0,0
30504,0.01730334907770157,0.06036747395992279,0.07169167801269336,22.89062508829695,6,3,0,0,0,0,6,0,0.8974007268746694,0,0,0,0
30675,0.017571236565709115,0.06066185161471367,0.07066032967832879,23.016486812366807,1,1,0,0,0,0,1,0,0.9852300882339478,0,0,0,0
214753,0.01933166794478893,0.06490875035524368,0.09253712018321233,20.673680403184655,4,4,0,0,0,0,4,0,0.9629412293434143,0,0,0,0
66926,0.024891465529799463,0.08934840857982636,0.10066999045803562,19.941999451060752,12,12,0,0,0,0,12,0,0.9502861499786377,0,0,0,0
289229,0.030933432653546332,0.10805654525756836,0.11122509105551996,19.075944600806057,2,2,0,0,0,0,2,0,0.9858995974063873,0,0,0,0
146489,0.02340877875685692,0.0819205567240715,0.0964969970679053,20.309724028902462,6,6,0,1,0,1,7,1,0.9717840909957886,0,0,0,0
76731,0.022162431105971336,0.07495754510164261,0.08012636430594217,21.92449125417442,3,1,1,0,0,1,3,1,0.9636866450309753,0,0,0,0
551794,0.015529751591384412,0.0562778003513813,0.06894434373448781,23.23002715993338,4,3,0,0,0,0,4,0,0.9660635590553284,0,0,0,0
255912,0.018949645385146142,0.06721170544624329,0.07523654677761026,22.47142292002096,5,5,1,0,0,1,4,0,0.9402680099010468,0,0,0,0
545594,0.018587109819054603,0.06728352531790734,0.07418390112938496,22.59380664085009,16,9,3,0,0,1,13,0,0.9251871292407696,0,0,0,0
86755,0.023980426043272017,0.08228576332330703,0.09322011916324419,20.609806924892023,6,5,1,0,0,1,7,2,0.9417639255523682,0,0,0,0
128658,0.02209060676395893,0.07989465147256851,0.08520707901182888,21.3904864501915,11,1,0,0,0,0,12,1,0.9665229157968,0,0,0,0
367386,0.02189520373940468,0.08010158091783523,0.09633021535166306,20.324749376455795,21,19,0,0,0,0,22,1,0.9675805824143546,0,0,0,0
185409,0.012447237968444824,0.04486798197031021,0.0542775213137101,25.307599868867033,11,12,0,0,0,0,11,0,0.9400574944236062,0,0,0,0
533206,0.025388965755701064,0.09162475913763046,0.10220803898295265,19.810298884685114,11,8,0,0,0,0,13,2,0.9499962546608665,0,0,0,0
261061,0.018569961935281754,0.06733012273907661,0.0791437496266368,22.03166755661305,2,5,0,0,0,0,3,1,0.9598691463470459,0,0,0,0
230450,0.01721650417894125,0.06270063892006875,0.08643068727114436,21.26664067211029,7,10,0,0,0,0,8,1,0.976018854549953,0,0,0,0
443844,0.018920084461569786,0.06789909601211548,0.07805522115897914,22.151960828406878,3,3,0,0,0,0,3,0,0.9764491518338522,0,0,0,0
130386,0.02102578841149807,0.07297718822956085,0.08178093240817114,21.74695884471774,19,12,1,0,0,1,18,0,0.9391698406802284,0,0,0,0
47121,0.028227028623223304,0.09953767210245132,0.11449903327641196,18.82396360176434,3,4,0,0,0,0,4,1,0.9230567018191019,0,0,0,0
293044,0.027091313153505325,0.09490731954574586,0.10529646728108423,19.55172398485019,11,4,0,0,0,0,12,1,0.9501318985765631,0,0,0,0
478721,0.013745063543319702,0.050031819939613344,0.062249208716909366,24.11732329494622,11,13,0,0,0,0,12,1,0.9747886603528803,0,0,0,0
16249,0.018978722393512726,0.06832058280706406,0.08338193075284264,21.57856105548316,14,11,1,0,0,1,13,0,0.966467912380512,0,0,0,0
214200,0.016677101142704487,0.05785876661539078,0.06970152064089392,23.135154940551928,4,4,0,0,0,0,4,0,0.9859218299388885,0,0,0,0
237316,0.021766193583607672,0.07710957825183869,0.08755308713413075,21.154570720524344,4,2,0,0,0,0,4,0,0.9528629332780838,0,0,0,0
112997,0.024874813482165338,0.09060054868459702,0.0968451886566043,20.278439009850718,5,2,1,0,0,1,4,0,0.8701653927564621,1,0,0,1
161032,0.022403829917311668,0.08262227475643158,0.10525750199213116,19.554938820501057,3,2,0,0,0,0,3,0,0.9761287371317545,0,0,0,0
189698,0.021788160502910613,0.07825676798820495,0.08642137038521447,21.26757702709655,2,1,0,0,0,0,2,0,0.984405517578125,0,0,0,0
279769,0.026170036196708678,0.09311532080173493,0.09800055639430039,20.17542917221368,5,2,1,0,0,1,4,0,0.9683471769094467,0,0,0,0
304545,0.023676427081227303,0.0806633859872818,0.0781703649170103,22.139157213058226,2,1,0,0,0,0,2,0,0.9771437048912048,0,0,0,0
39405,0.020703905448317527,0.07175276428461075,0.09059950183308528,20.857483806229066,43,29,1,0,0,1,44,2,0.949651449918747,0,0,0,0
581781,0.018267767690122127,0.07097554504871369,0.0799959287074079,21.938642306386086,25,13,0,0,0,0,30,5,0.9607942581176758,0,0,0,0
22892,0.02211286351084709,0.08374369740486146,0.09239315567379182,20.687203987545686,10,5,1,0,0,1,10,1,0.9144655598534478,0,0,0,0
267940,0.02370987683534622,0.08101341277360916,0.09881469177459712,20.103569593615333,0,2,0,0,0,0,1,1,,0,0,0,0
568213,0.011844405718147755,0.038782304525375365,0.04971272691673161,26.070648272763176,3,3,0,0,0,0,3,0,0.9728546341260275,0,0,0,0
451084,0.020886721462011336,0.07384247481822967,0.09598886875987785,20.35558253013557,2,2,0,0,0,0,2,0,0.9813463389873505,0,0,0,0
183049,0.0172957144677639,0.06003521382808685,0.07706899933152296,22.262405597656006,50,14,0,1,0,1,51,2,0.9442800502387845,0,1,0,1
479126,0.01872570179402828,0.06706157177686692,0.0876571523895845,21.144252836903213,12,8,1,0,0,1,12,1,0.9518299698829651,0,0,0,0
521052,0.018468545377254487,0.06664187014102936,0.07615071149230429,22.36652069206418,4,2,0,0,0,0,4,0,0.9827015548944473,0,0,0,0
8532,0.02878672517836094,0.10583575069904327,0.11546047387870095,18.75133328760821,2,2,0,0,0,0,2,0,0.947405070066452,0,0,0,0
390301,0.017614225298166274,0.06435732692480087,0.07149718587800126,22.914221032987378,2,1,0,0,0,0,3,1,0.9587230980396271,0,0,0,0
189475,0.020535657182335854,0.07180399298667908,0.08451707597404204,21.46111073175684,32,36,0,0,1,1,34,2,0.9513651169836521,0,0,1,1
448256,0.016808324307203294,0.06233848854899406,0.09047830724974452,20.869110663635247,8,6,0,0,0,0,8,0,0.9439504072070122,0,0,0,0
493442,0.02279680147767067,0.08532601594924927,0.09398914178271654,20.53844631869339,3,2,0,0,0,0,3,0,0.9886137048403422,0,0,0,0
206025,0.019621290639042853,0.06873111501336097,0.0878917646815432,21.12103631443263,2,2,0,0,0,0,2,0,0.9804769158363342,0,0,0,0
572555,0.017683140747249127,0.06119756624102592,0.07806103282400799,22.151314137498158,6,4,1,0,0,1,5,0,0.9745370984077454,0,0,0,0
461573,0.016429360397160052,0.058722157031297684,0.0614250061400812,24.23309582871074,1,2,0,0,0,0,1,0,0.9869381189346313,0,0,0,0
289059,0.01963372007012367,0.07107764184474945,0.08051892656603132,21.882040470391146,4,3,0,0,0,0,4,0,0.9729674458503723,0,0,0,0
475572,0.023619594797492028,0.07729630470275879,0.08719182648553395,21.19048449368886,6,6,0,0,0,0,6,0,0.980067253112793,0,0,0,0
356498,0.01980261504650116,0.07031547725200653,0.07775580922358911,22.1853430892375,3,2,0,0,0,0,5,2,0.9576259255409241,0,0,0,0
553731,0.024620868265628815,0.09060954004526138,0.1028185605286593,19.758569611954336,8,7,1,0,0,1,7,0,0.9559117470468793,0,0,0,0
304291,0.0153043819591403,0.05342092365026474,0.07235381808920026,22.810770927023377,2,1,0,0,0,0,2,0,0.9818834364414215,0,0,0,0
10764,0.013728706911206246,0.047878109663724897,0.061512925461898724,24.22067236189951,2,2,0,0,0,0,2,0,0.9902587234973907,0,0,0,0
496954,0.01906377151608467,0.06516295820474624,0.09516894548562417,20.430094856770033,9,6,0,0,0,0,9,0,0.9509871204694113,0,0,0,0
238013,0.03372503072023392,0.12202154099941254,0.13072602441062997,17.672758924310656,2,4,0,0,0,0,2,0,0.9869668185710907,0,0,0,0
418961,0.026208187267184258,0.09070646315813065,0.09741657558896452,20.227342818412758,4,1,1,0,0,1,4,1,0.9822694261868795,1,0,0,1
261161,0.022087676078081132,0.07647210359573364,0.08816406477283269,21.09416790076315,2,2,0,0,0,0,2,0,0.9605629742145538,0,0,0,0
423229,0.016289398819208146,0.05712238699197769,0.06844791765936288,23.292795191010104,21,12,1,4,2,1,19,2,0.8924062512814999,0,0,1,1
430056,0.026461899280548096,0.09104497134685516,0.10301776393053243,19.741757620106696,9,3,2,1,0,1,7,1,0.9131264189879099,0,0,0,0
110638,0.016852084174752237,0.0565754197537899,0.06516796006490141,23.7193174678961,3,3,0,0,0,0,3,0,0.92102978626887,0,0,0,0
229216,0.017030370607972144,0.06234134286642075,0.06918805433217036,23.199377644233962,4,3,0,0,0,0,4,0,0.9705590158700943,0,0,0,0
314541,0.011683725193142891,0.0415100134909153,0.050810796310457235,25.88087997483975,1,1,0,0,0,0,1,0,0.9578200578689575,0,0,0,0
403565,0.013382851891219617,0.04700394421815872,0.05826118997200899,24.69241298496712,3,3,0,0,0,0,3,0,0.9820434848467509,0,0,0,0
329827,0.029891151189804076,0.10915858894586564,0.11019778266532897,19.156542880265494,3,2,0,0,0,0,4,1,0.8851193785667419,0,0,0,0
277051,0.026783663406968118,0.09612379223108292,0.11036561655202723,19.143324124080895,10,10,1,0,0,1,10,1,0.9685549338658651,0,0,0,0
174371,0.014066915400326252,0.0499459907412529,0.06094362577884369,24.301434228751244,14,8,0,1,1,1,13,0,0.9498555522698623,0,0,0,0
213171,0.01648994404822588,0.055041663348674774,0.06894828618242296,23.22953048846227,3,2,0,0,0,0,3,0,0.9734359979629517,0,0,0,0
320696,0.021005954220891,0.07438366413116455,0.0860131071643945,21.30870726921465,2,2,0,0,0,0,2,0,0.9525404274463654,0,0,0,0
492992,0.029458753392100336,0.09833496809005737,0.10574847495467864,19.514517741194286,2,2,0,0,0,0,2,0,0.9649689197540283,0,0,0,0
153632,0.02260937951505184,0.07820115238428116,0.09393919863054849,20.5430629796735,6,4,0,0,0,0,7,1,0.9569378991921743,0,0,0,0
226592,0.019533634185791016,0.06474519148468971,0.07100009824500894,22.97482100667885,1,1,0,0,0,0,1,0,0.9707511067390442,0,0,0,0
491216,0.02831585817039013,0.10163484364748002,0.11702866133945347,18.634155254444593,15,16,0,0,0,0,16,1,0.9422015905380249,0,0,0,0
488385,0.016875354386866093,0.0612393356859684,0.06822224914811183,23.32147933782416,3,2,1,0,0,1,2,0,0.9895787835121155,0,0,0,0
53505,0.022666851058602333,0.08460284620523453,0.09080879111057248,20.837442116362354,10,9,0,0,0,0,11,1,0.9693659663200378,0,0,0,0
4134,0.024779321253299715,0.08956528007984162,0.10769490640740426,19.356096736541634,29,26,1,0,1,1,29,1,0.9501765710966927,0,0,1,1
15278,0.01737644262611866,0.06243075802922249,0.07418598687965981,22.593562432312304,21,1,0,2,0,1,22,2,0.8873469045287684,0,1,0,1
38118,0.023002243787050246,0.08648253530263901,0.09902530923570364,20.085075854181543,1,2,0,0,0,0,2,1,0.9979099631309509,0,0,0,0
177893,0.01601406782865524,0.05497177243232727,0.06281305383114046,24.039001832994007,4,3,0,0,0,0,4,0,0.9715788066387177,0,0,0,0
80671,0.021724623441696168,0.07731949090957642,0.08570945657084081,21.339425169479913,6,2,1,1,1,1,4,0,0.8608925640583038,0,0,0,0
290833,0.01168480385094881,0.039982229471206665,0.04690976240537502,26.574735334361407,2,2,0,0,0,0,2,0,0.9770434200763702,0,0,0,0
347335,0.02132357470691204,0.07673607170581817,0.08580546700922186,21.329700812653364,6,5,0,0,0,0,6,0,0.9455682337284088,0,0,0,0
326462,0.023492859676480293,0.08321331590414047,0.09030750834092895,20.885522802041283,3,2,0,0,0,0,3,0,0.9144206444422404,0,0,0,0
550691,0.01797874439507723,0.0633048728108406,0.07915157461414524,22.030808820218923,9,8,0,0,0,0,9,0,0.9442378216319613,0,0,0,0
51598,0.031395803391933444,0.10926927626132965,0.1166148701715413,18.664921337735798,2,2,0,0,0,0,2,0,0.9361176490783691,0,0,0,0
241602,0.020175795629620553,0.0675107255578041,0.07115111903414202,22.956365302590086,7,7,0,0,0,0,7,0,0.9446377754211426,0,0,0,0
286907,0.02033730186522007,0.07005525827407837,0.07497355187038213,22.501838279498322,2,1,0,0,0,0,3,1,0.9943311512470245,0,0,0,0
304560,0.018056348152458667,0.06445096880197525,0.08387100889199503,21.52776265566585,2,1,0,0,0,0,2,0,0.9357089102268219,0,0,0,0
283412,0.028644096478819846,0.10024443566799164,0.10328121773449278,19.719573003474686,6,3,1,0,0,1,5,0,0.9830870628356934,0,0,0,0
98520,0.020348405465483665,0.07170229405164719,0.08339150436413045,21.577563830342157,5,3,0,0,0,0,5,0,0.972908878326416,0,0,0,0
331075,0.023017242923378943,0.07885787338018417,0.09176045763998203,20.746888582601496,1,1,0,0,0,0,1,0,0.9955748319625854,0,0,0,0
306582,0.015427173115313053,0.05628868341445923,0.06605923501378137,23.601329197577876,4,7,0,0,0,0,5,1,0.9510565102100372,0,0,0,0
330369,0.01732506025582552,0.06495576649904251,0.08452045630943837,21.460763338845933,3,4,0,0,0,0,3,0,0.9653353095054626,0,0,0,0
50006,0.017699135281145573,0.06083383113145828,0.07034919263135278,23.054817648382976,11,11,0,0,0,0,11,0,0.929591482335871,0,0,0,0
243344,0.02098700627684593,0.07130018174648285,0.08369528377092593,21.545980276208905,2,2,0,0,0,0,2,0,0.9563189148902893,0,0,0,0
559513,0.02168790064752102,0.07837388813495635,0.08877551137887027,21.034136346534964,14,5,2,0,0,1,13,1,0.9222892671823502,0,0,0,0
572517,0.0207850381731987,0.0708136335015297,0.08203520926519746,21.71999419436194,3,2,0,0,0,0,3,0,0.9750564098358154,0,0,0,0
408112,0.021311067044734955,0.07133858501911164,0.08332420505409235,21.5845764197796,7,10,1,0,0,1,7,1,0.9138475855191549,0,1,0,1
276804,0.02046155706048012,0.0700113907456398,0.09044962774537257,20.87186432367058,7,8,1,0,1,1,6,0,0.9851983984311422,0,0,0,0
1818,0.019402017816901207,0.06636984124779702,0.07438914984657984,22.569808091607047,3,2,0,0,0,0,3,0,0.9309494892756144,0,0,0,0
377368,0.02040034011006355,0.07362583428621292,0.08741947926803095,21.167835696047494,10,9,0,0,0,0,11,1,0.9771660745143891,0,0,0,0
73326,0.021169197186827658,0.06965853869915009,0.08073940615263034,21.858288983969672,33,14,0,1,0,1,33,0,0.9562165234237909,0,0,0,0
323799,0.011735825426876545,0.040830818563699724,0.05449073334261783,25.2735469454197,15,16,0,0,0,0,15,0,0.9856246471405029,0,0,0,0
45090,0.016785484924912452,0.05761606693267822,0.07093260303408185,22.983082048596884,7,4,0,0,0,0,8,1,0.9307095493589129,0,0,0,0
408774,0.015361504815518855,0.05423445999622345,0.06607551503678738,23.59918886002402,9,6,0,0,0,0,9,0,0.9829557471805148,0,0,0,0
191471,0.019620732963085176,0.06266259551048278,0.07170058335901738,22.889546217586375,3,1,0,0,0,0,3,0,0.973054567972819,0,0,0,0
148620,0.020749973133206367,0.07073376029729843,0.08448573049701168,21.464332729816462,7,5,0,0,0,0,7,0,0.9683747632162911,0,0,0,0
407825,0.0204904668033123,0.07443948686122895,0.08291257542192994,21.627591892695264,7,5,0,1,0,1,6,0,0.9515547355016073,0,0,0,0
384808,0.024509309604763985,0.08200421333312988,0.09496876609111952,20.448384093097502,11,7,0,0,0,0,11,0,0.9591462774710222,0,0,0,0
451090,0.016269988007843496,0.05500009283423424,0.06929912275519085,23.185445260142302,2,1,0,0,0,0,2,0,0.9781027436256409,0,0,0,0
439994,0.014266936853528023,0.05024856850504875,0.06591215627555683,23.620689609023948,20,23,1,0,0,1,19,0,0.947953440641102,0,0,0,0
179214,0.023911146074533464,0.08547146618366241,0.09475665872638271,20.46780523215519,2,1,0,0,0,0,2,0,0.9834797978401184,0,0,0,0
561958,0.015808566845953463,0.05738358125090599,0.07318877577932112,22.711110343550935,29,26,0,0,0,0,30,1,0.9702637483333719,0,0,0,0
147729,0.03247487843036652,0.11951055377721786,0.14264221642193306,16.915038431379692,9,10,1,0,0,1,8,0,0.9121287018060684,0,1,0,1
554838,0.02314261868596077,0.08457600772380829,0.09827277503615124,20.151335602502538,8,3,1,0,0,1,9,2,0.9788960814476013,0,0,0,0
352684,0.02002621628344059,0.07052704244852066,0.08391198561456653,21.523520040994338,11,10,0,0,0,0,11,0,0.9864220023155212,0,0,0,0
439593,0.024293362349271774,0.08099063485860825,0.09452297090778097,20.48925273432306,14,10,0,0,0,0,15,1,0.9342697986534664,0,0,0,0
553788,0.020915884152054788,0.07492001354694366,0.08179771700133293,21.745176348959752,2,3,0,0,0,0,2,0,0.9776243269443512,0,0,0,0
478393,0.01884875148534775,0.06412525847554207,0.07358980226439067,22.66364728041079,7,4,1,0,0,1,6,0,0.9505974849065145,0,0,0,0
329323,0.019613074511289595,0.07147803455591202,0.08575680193654865,21.33462846328893,26,13,0,2,0,1,26,1,0.9186429033676783,0,1,0,1
251572,0.02657434865832329,0.09084461778402328,0.09736753460038819,20.231716528599918,4,3,1,0,0,1,3,0,0.9685935576756796,0,0,0,0
159458,0.02108307108283043,0.07263854146003723,0.08053743063550654,21.88004459380711,6,3,0,0,0,0,8,2,0.961381067832311,0,0,0,0
235241,0.023897401243448257,0.0772795855998993,0.08845183852047378,21.065862712179936,8,7,0,0,0,0,8,0,0.9695466235280037,0,0,0,0
296649,0.018605365045368673,0.06773173958063125,0.08003572272285896,21.934322580500634,26,25,1,0,0,1,26,1,0.9446739792823792,0,0,0,0
163611,0.015901213325560094,0.0545988529920578,0.06456391759663578,23.800202509033884,6,6,0,0,0,0,6,0,0.9010499318440756,0,0,0,0
76416,0.0163413105532527,0.059897951781749725,0.07021855346665429,23.070962428749354,12,7,0,0,0,0,12,0,0.9398695081472397,0,0,0,0
127494,0.02490413188934326,0.09440071433782578,0.10711582731321215,19.40292707132923,9,1,2,0,0,1,7,0,0.9527537141527448,0,0,0,0
543043,0.013464833796024322,0.050849884003400805,0.06080106998737458,24.321775557465163,5,4,1,0,0,1,5,1,0.9604059308767319,1,0,0,1
54931,0.01801626980304718,0.06694580242037773,0.11178257556534521,19.032517761832782,2,2,0,0,0,0,2,0,0.9320288300514221,0,0,0,0
324158,0.015483938902616502,0.055367260426282885,0.06745761921619298,23.419379808894124,14,15,0,0,1,1,18,4,0.9631515954221997,0,0,1,1
161128,0.019387254118919374,0.06925511583685875,0.08874625965676076,21.0369988374935,14,14,0,0,0,0,14,0,0.962441257068089,0,0,0,0
535608,0.013320248201489448,0.04717647805809975,0.060581938753222646,24.353136648338772,12,11,1,0,0,1,12,1,0.9744886105710809,0,0,0,0
138954,0.019412296265363692,0.06952096819877625,0.07671212888044719,22.302719294838425,10,2,2,0,0,1,9,1,0.9702278897166252,0,0,0,0
473406,0.0218654315918684,0.08173632323741913,0.09535762562030473,20.412891425742366,11,9,1,0,0,1,10,0,0.9445980846881866,0,0,0,0
294350,0.021142735704779626,0.07917561680078507,0.09791184463626906,20.183295346978213,14,13,1,0,0,1,14,1,0.9761195595447834,0,0,0,0
526256,0.01805913746356964,0.06725213527679444,0.07380736096650187,22.638006457925425,2,2,0,0,0,0,2,0,0.9848879873752594,0,0,0,0
231527,0.024940277636051177,0.08954537212848664,0.11268230105326883,18.96288585982866,10,9,1,0,0,1,10,1,0.968147893746694,1,0,0,1
465718,0.01625219136476517,0.05479549989104271,0.06316824383602641,23.990023938422564,11,12,1,0,0,1,10,0,0.9743016123771667,0,0,0,0
247838,0.018079391308128835,0.06511287465691566,0.07826547310963174,22.12859570263978,7,12,1,0,0,1,6,0,0.9803983271121979,0,0,0,0
12639,0.014988544583320617,0.049386000633239745,0.06176233401417641,24.185526005284416,20,15,0,0,1,1,20,0,0.96851726770401,0,0,1,1
110359,0.020762181282043456,0.07376514673233033,0.08286905801616734,21.63215195625154,1,1,0,0,0,0,1,0,0.9917163252830505,0,0,0,0
417043,0.01965421289205551,0.06839929521083832,0.0754960918788367,22.441510588445517,2,1,0,0,0,0,2,0,0.9390968680381775,0,0,0,0
99182,0.027622793242335318,0.10355010181665421,0.11212558102126371,19.005905869605876,5,3,1,0,0,1,4,0,0.9118415862321854,0,0,0,0
434996,0.03144287467002869,0.10554123073816299,0.11091285992990821,19.100361922318044,9,5,0,0,0,0,10,1,0.9459509319729276,0,0,0,0
485895,0.015003304369747639,0.05614199191331863,0.07158777079236163,22.903223221722882,1,1,0,0,0,0,1,0,0.9905616044998169,0,0,0,0
450686,0.01949903666973114,0.06320006176829338,0.07223776375061904,22.824714137002484,2,2,0,0,0,0,2,0,0.9930481314659119,0,0,0,0
504711,0.02129870615899563,0.07400200963020324,0.08042685585706441,21.891978178508516,4,2,0,0,0,0,4,0,0.9824380576610565,0,0,0,0
344816,0.01524177547544241,0.052717375010252,0.07274823305616489,22.763551011315748,2,1,0,0,0,0,2,0,0.9400664865970612,0,0,0,0
257624,0.01717472430318594,0.06006466671824455,0.07312524511391352,22.718653303271047,2,3,0,0,0,0,2,0,0.9856303632259369,0,0,0,0
199310,0.017340924963355063,0.058769828826189044,0.07127027291061083,22.94183156368618,2,2,0,0,0,0,2,0,0.980620265007019,0,0,0,0
554579,0.018484290689229965,0.06781425327062607,0.07871495268337013,22.07885522548681,8,6,0,0,0,0,10,2,0.963732898235321,0,0,0,0
439426,0.01948695220053196,0.06835697442293168,0.08030652035524238,21.904983829335748,6,4,0,0,0,0,6,0,0.9692047337690989,0,0,0,0
335450,0.01607112232595682,0.0553813137114048,0.09958481495700601,20.036137585572583,5,3,0,0,0,0,6,1,0.9645291686058044,0,0,0,0
491757,0.0324242178350687,0.1080053061246872,0.11284320367638867,18.950491849974192,4,2,0,0,0,0,4,0,0.9738550335168839,0,0,0,0
407403,0.03153802901506424,0.11423213630914689,0.11910582493161202,18.481339972057874,4,1,0,0,0,0,4,0,0.9430220276117325,0,0,0,0
33109,0.01814969927072525,0.0643694132566452,0.07641925282491834,22.33594425721321,11,9,1,0,0,1,11,1,0.9482260286808014,0,0,0,0
474167,0.018817157298326493,0.07397501766681672,0.08744259698193471,21.165539052691443,11,9,0,0,0,0,11,0,0.9493147243152965,0,0,0,0
186929,0.027338187396526336,0.10364720672369003,0.11793177053851828,18.567383624840286,15,1,1,2,0,1,16,3,0.8599716375271479,0,0,0,0
273617,0.017395248636603355,0.06379708424210548,0.06945407877696455,23.166044893901233,1,1,0,0,0,0,2,1,0.9943366646766663,0,0,0,0
201775,0.02075490914285183,0.07336056977510452,0.08141623982727036,21.785779183808657,4,3,0,0,0,0,4,0,0.9524837285280228,0,0,0,0
13201,0.019711117073893548,0.06969525516033173,0.0864217129075615,21.267542601521075,2,2,0,0,0,0,2,0,0.9007126986980438,0,0,0,0
79651,0.01494941208511591,0.0493879608809948,0.06104314219645111,24.28726238328607,7,5,0,0,0,0,9,2,0.9731949056897845,0,0,0,0
170116,0.024538782611489295,0.09352050423622131,0.09672220148551997,20.289476541925744,5,9,1,0,1,1,4,0,0.9870687425136566,0,0,0,0
290293,0.023642686009407044,0.0882920041680336,0.10517257040971671,19.561950236533715,5,4,1,0,0,1,4,0,0.8721114993095398,0,0,0,0
51008,0.0235210832208395,0.07981894910335541,0.0878172394772351,21.128404380079463,4,2,0,0,0,0,4,0,0.9640468508005142,0,0,0,0
464358,0.03663613051176071,0.13361480236053466,0.1517512838119566,16.37735252234041,6,3,4,0,1,1,2,0,0.9483805298805237,1,0,1,1
62353,0.014719665795564652,0.05280901044607163,0.06834071232769418,23.306409975663286,9,9,1,0,1,1,8,0,0.9752939939498901,0,0,0,0
485424,0.03473926931619644,0.13015466630458833,0.13939785073684194,17.114878444462548,9,9,1,0,0,1,10,2,0.955089807510376,0,0,0,0
99810,0.03165658041834831,0.11494473367929459,0.12323009319498224,18.185664461514726,7,8,0,0,0,0,7,0,0.9288392748151507,0,0,0,0
345361,0.015997526235878468,0.05571073666214943,0.06756158877381072,23.406002922818097,8,11,1,0,0,1,8,1,0.9870401961462838,0,0,0,0
177539,0.02221747301518917,0.07826686501502991,0.08826383435053169,21.084344197847564,3,2,0,0,0,0,4,1,0.9544497132301331,0,0,0,0
130566,0.0145465774461627,0.05055780410766601,0.07017964822602664,23.07577626013764,2,1,0,0,0,0,2,0,0.9340254962444305,0,0,0,0
191614,0.016119394823908804,0.05753205046057701,0.0960340099571021,20.351498730673107,4,3,0,0,0,0,4,0,0.9472276866436005,0,0,0,0
323355,0.021086304634809493,0.07245948761701584,0.08344319193673108,21.572181825572322,6,3,2,0,0,1,4,0,0.9807973504066467,0,0,0,0
14831,0.019983110204339027,0.0689927138388157,0.0700696297713158,23.08940354386315,2,2,0,0,0,0,2,0,0.9195393323898315,0,0,0,0
202228,0.02590174674987793,0.08853305578231811,0.09730893762714253,20.236945376773335,3,1,0,0,0,0,3,0,0.9424940745035807,0,0,0,0
261116,0.023201486468315123,0.08195805847644806,0.09449915074513068,20.491441888727074,9,11,1,0,0,1,8,0,0.9716418981552124,0,0,0,0
480985,0.021956606954336166,0.08182186335325241,0.09389511645022662,20.54713990204145,14,13,0,0,0,0,16,2,0.9514539412089756,0,0,0,0
17178,0.01618450675159693,0.05811188966035843,0.09184691658254034,20.73870837859856,6,5,0,0,0,0,6,0,0.9728560447692871,0,0,0,0
299720,0.03234455734491348,0.12540957033634187,0.12851546744275527,17.82089199594795,1,1,0,0,0,0,1,0,0.9153912663459778,0,0,0,0
179653,0.016023122519254685,0.05827717483043671,0.06809160604414713,23.338128444092128,1,1,0,0,0,0,1,0,0.955714225769043,0,0,0,0
489046,0.022755971178412437,0.08770336657762527,0.0992643965492727,20.06412986490103,1,1,0,0,0,0,1,0,0.9405571818351746,0,0,0,0
156076,0.0153603658080101,0.058449620753526686,0.07179200775772068,22.878478017637697,19,19,0,0,0,0,21,2,0.9555623154891165,0,0,0,0
378515,0.01865185834467411,0.06819312050938606,0.07833855775919525,22.120488564619013,21,23,1,0,0,1,22,2,0.9633555769920349,0,0,0,0
407002,0.016686752811074256,0.05831160619854927,0.06895895815336586,23.228186170947083,3,2,0,0,0,0,4,1,0.9248243769009908,0,0,0,0
402346,0.021113743260502815,0.08157528042793274,0.09423998266043644,20.51529604928834,8,3,0,0,0,0,8,0,0.9733447507023811,0,0,0,0
430048,0.01863409988582134,0.06975095123052596,0.07207800948814408,22.843944307464355,2,2,0,0,0,0,2,0,0.980007529258728,0,0,0,0
552612,0.01805603988468647,0.06829803958535194,0.08697422226193127,21.212188921940736,12,10,1,0,0,1,11,0,0.9684169455008074,0,0,0,0
22935,0.021180401369929314,0.07683885395526886,0.09374701114320805,20.560851392475044,6,3,0,0,0,0,6,0,0.9503388603528341,0,0,0,0
357238,0.019653277844190596,0.06749569177627564,0.08566351097217745,21.34408259491437,2,2,0,0,0,0,2,0,0.987251490354538,0,0,0,0
244099,0.0175930704921484,0.06175413653254509,0.07982372806740329,21.95735985795239,2,2,0,0,0,0,2,0,0.9638625085353851,0,0,0,0
297396,0.026827154308557512,0.09172247797250747,0.09885768404368497,20.099791360982376,6,9,0,0,0,0,7,1,0.95901953180631,0,0,0,0
223130,0.01772611066699028,0.06123727932572365,0.07180508932488719,22.876895464071865,1,1,0,0,0,0,1,0,0.9460927248001099,0,0,0,0
363188,0.014969820156693459,0.05748810023069382,0.07067215592745453,23.015033197586906,24,18,0,0,1,1,25,1,0.9598668416341146,0,0,0,0
405972,0.018780092522501946,0.06832981556653976,0.08505760361229499,21.40573714267207,3,3,0,0,0,0,3,0,0.9666916926701864,0,0,0,0
447187,0.01876746639609337,0.06279504671692848,0.07675493055672658,22.29787433791425,11,7,0,0,0,0,12,1,0.9481878605755892,0,0,0,0
66771,0.0214564673602581,0.07700890600681305,0.09025655068852181,20.890425356394047,16,11,2,0,0,1,18,4,0.9381173934255328,0,1,0,1
165039,0.01817162111401558,0.0655744232237339,0.08165957378989057,21.759857822862863,28,23,0,0,0,0,29,1,0.9630794184548515,0,0,0,0
174018,0.02098677456378937,0.07185921370983124,0.07592832841250668,22.391923223096335,3,2,0,0,0,0,3,0,0.9350821773211161,0,0,0,0
51961,0.02070668563246727,0.0712607741355896,0.07607796718385168,22.37482200675214,1,1,0,0,0,0,1,0,0.9191505908966064,0,0,0,0
236308,0.02087450958788395,0.07496131658554077,0.09364805075899377,20.570025156682096,8,7,1,0,0,1,7,0,0.9360889281545367,0,0,0,0
361103,0.017108285054564475,0.06421161442995071,0.09178664604287164,20.74440998637986,30,26,2,0,0,1,28,0,0.9715362787246704,0,1,0,1
512657,0.02303495369851589,0.08049937039613723,0.09275152442673018,20.65357887529847,16,10,2,0,0,1,15,1,0.9550043514796666,1,0,0,1
280918,0.021406025066971777,0.06848467066884041,0.08669785844052556,21.239832601559833,12,6,2,0,0,1,12,2,0.9512679278850555,0,0,0,0
500464,0.018661659210920334,0.06351853236556053,0.07655864267124084,22.320115497731816,6,5,0,0,0,0,6,0,0.9364674091339111,0,0,0,0
191761,0.019612352550029754,0.07170300930738449,0.08026754554582462,21.90920033712629,5,4,1,0,0,1,5,1,0.9499904364347458,0,0,0,0
223955,0.014111757092177869,0.04792046025395393,0.06340963144816707,23.95689542056687,2,2,0,0,0,0,2,0,0.9808900058269501,0,0,0,0
163117,0.021276340633630753,0.07824182510375977,0.09542033667157994,20.40718110906283,35,27,2,0,0,1,33,0,0.9596462069135724,1,0,0,1
81394,0.01882922798395157,0.06678650751709939,0.08063675561759912,21.86933908367514,6,6,0,0,0,0,7,1,0.9294407963752747,0,0,0,0
510329,0.01888188309967518,0.06537112221121788,0.07554071922634495,22.436377691057917,6,4,0,0,0,0,6,0,0.9739066362380981,0,0,0,0
217614,0.01600064691156149,0.05556154400110245,0.06389984343524227,23.890004118614044,1,1,0,0,0,0,1,0,0.9624483585357666,0,0,0,0
376900,0.020124638453125954,0.06590603515505791,0.08110203796276617,21.81936465070578,22,14,0,0,1,1,24,2,0.9581097608262842,0,0,1,1
216739,0.020789343118667602,0.0713954284787178,0.0826786962418192,21.652127607379732,2,4,0,0,0,0,2,0,0.9757185280323029,0,0,0,0
338625,0.016131318733096124,0.055130377411842346,0.0654169881257365,23.686189103482196,15,14,0,0,0,0,15,0,0.9354519764582316,0,0,0,0
492110,0.018712346628308296,0.06934128180146218,0.08369662669531278,21.54584090874504,19,15,0,0,0,0,20,1,0.9643798533238863,0,0,0,0
203488,0.027031842991709708,0.09628254473209381,0.10759231102683729,19.36437527932796,5,2,0,0,0,0,5,0,0.9399521946907043,0,0,0,0
184978,0.02023071013391018,0.07099075317382812,0.08902659650681588,21.009604588315177,2,2,0,0,0,0,2,0,0.9809688925743103,0,0,0,0
347174,0.024390936270356177,0.08838590532541275,0.09399460342905566,20.53794160210416,5,2,1,0,1,1,4,0,0.7854029983282089,0,0,0,0
196759,0.016780380345880985,0.05873548611998558,0.06911215422510161,23.208911397314754,6,4,0,0,0,0,6,0,0.9568498830000559,0,0,0,0
363875,0.021455365419387817,0.07570231109857559,0.09134462648324353,20.786339914738157,4,3,1,0,0,1,3,0,0.9738315542538961,0,0,0,0
11122,0.01771028321236372,0.06822027862071992,0.07385872725185387,22.631963609373482,3,1,0,0,0,0,3,0,0.9777281880378723,0,0,0,0
486479,0.016409344784915448,0.057440409809350966,0.059110223902180146,24.566747911889735,3,2,1,0,0,1,3,1,0.984741598367691,0,0,0,0
338718,0.016921420022845267,0.05935362651944161,0.06919242778047606,23.198828617539533,2,2,0,0,0,0,2,0,0.942120224237442,0,0,0,0
67213,0.019109056517481803,0.06551209017634392,0.07854949913563317,22.0971315971585,21,14,2,0,0,1,20,1,0.9303840304675856,0,0,0,0
20247,0.021959752216935156,0.07495775073766708,0.08802133520304971,21.108240957470418,2,2,0,0,0,0,2,0,0.9665086567401886,0,0,0,0
252507,0.017739137448370457,0.061218851059675214,0.07701535373032767,22.268453710668364,3,2,0,0,0,0,3,0,0.9127069513003031,0,0,0,0
49810,0.02596151866018772,0.09490510076284409,0.10295388267251261,19.747145406086396,2,3,0,0,0,0,2,0,0.968691349029541,0,0,0,0
295797,0.016426757164299487,0.05722461342811584,0.06640531932586533,23.55594261103058,2,2,0,0,0,0,2,0,0.9897063076496124,0,0,0,0
183716,0.02104225866496563,0.07733649611473084,0.08918922420313559,20.993752273870957,5,5,1,0,0,1,4,0,0.9386466592550278,0,0,0,0
154718,0.030297189205884933,0.10546423047780991,0.11241270898003794,18.983691724114024,4,2,0,0,0,0,4,0,0.9493103474378586,0,0,0,0
516916,0.021107442677021027,0.07211816608905793,0.08832075435365183,21.078744605198494,14,10,0,0,0,0,17,3,0.9425215252808162,0,0,0,0
522751,0.01772242933511734,0.05996365621685982,0.06941976886938628,23.1703367325999,7,6,1,0,0,1,6,0,0.9662167827288309,0,0,0,0
133244,0.01666347458958626,0.05715553760528565,0.0682306292950805,23.320412463564818,36,20,1,0,0,1,35,0,0.9744742461613246,1,0,0,1
115885,0.02723867483437061,0.09297618567943573,0.09907131002730696,20.081041885224387,4,3,0,0,0,0,5,1,0.9646479934453964,0,0,0,0
223959,0.022340576723217966,0.07432537376880646,0.0897286392601219,20.94137836598815,4,2,1,0,0,1,3,0,0.9470760822296143,0,0,0,0
369081,0.019147875532507897,0.06802219301462173,0.17048798952757624,15.366124212095315,3,3,0,0,0,0,3,0,0.9871288339296976,0,0,0,0
478420,0.02116250842809677,0.07562432140111923,0.0879802134398374,21.11229977520513,3,3,0,0,0,0,3,0,0.9891453981399536,0,0,0,0
476491,0.035981107503175735,0.12739888727664947,0.14277629849174808,16.90687762830859,5,0,1,0,0,1,4,0,0.9609413295984268,1,0,0,1
8690,0.016512062959373,0.05923760458827019,0.0780177790139719,22.15612834418762,11,5,1,0,0,1,10,0,0.9697817623615265,0,0,0,0
256518,0.023974154517054556,0.08473323732614517,0.10147353738583295,19.872943995550266,9,8,1,0,0,1,8,0,0.9700851365923882,1,0,0,1
176606,0.014918852970004082,0.053331836313009265,0.06385855814085574,23.89561783197888,3,4,0,0,0,0,3,0,0.9571512341499329,0,0,0,0
463174,0.022311856970191002,0.07193095237016678,0.08605795781423668,21.30417928185553,5,3,0,0,0,0,5,0,0.9554278373718261,0,0,0,0
133087,0.019179414212703704,0.07608120590448379,0.09166662928205933,20.755774760173157,6,4,1,0,0,1,5,0,0.875695812702179,0,0,0,0
123131,0.02020884193480015,0.06901496499776841,0.08035139309252293,21.90013178506917,6,4,0,0,0,0,6,0,0.9552946289380392,0,0,0,0
30785,0.015046853758394717,0.0509777344763279,0.059110615215382356,24.566690410973422,9,10,0,0,0,0,10,1,0.985306441783905,0,0,0,0
276018,0.02105788215994835,0.07562531381845475,0.09067329605372566,20.850411939966847,20,12,2,0,0,1,19,1,0.9388080835342407,0,0,0,0
551820,0.0210753932595253,0.07419600188732148,0.08344214480795262,21.572290825502265,19,16,1,0,1,1,19,1,0.9581730100843642,0,0,0,0
226802,0.017432143166661262,0.06219058781862259,0.07702497031938746,22.267369207219133,35,22,0,0,0,0,37,2,0.9499217118535723,0,0,0,0
394940,0.020891980826854707,0.07861004173755645,0.08490938304160583,21.420886294525573,6,4,0,0,0,0,6,0,0.9296708802382151,0,0,0,0
469192,0.014581030793488025,0.05049735233187676,0.061280182640989424,24.253598979827693,14,15,0,0,0,0,16,2,0.9486016801425389,0,0,0,0
185599,0.027723688632249832,0.09654407799243928,0.11237505679949177,18.986601514927422,6,6,0,0,0,0,6,0,0.9521749019622803,0,0,0,0
109055,0.01784715838730335,0.061889196187257765,0.0678269624394768,23.371952638594188,6,2,0,1,0,1,6,0,0.8522064089775085,0,0,0,0
180296,0.02330074869096279,0.08274847865104676,0.09092170207456024,20.82664885562628,6,5,1,0,0,1,6,1,0.8679698944091797,0,0,0,0
447342,0.015043007396161556,0.05716799423098564,0.0637448632380504,23.911096126037734,19,13,1,0,0,1,19,1,0.9643284678459167,0,0,0,0
119828,0.025067456439137457,0.0984212264418602,0.12706188429548376,17.919694169521993,8,6,2,0,0,1,7,1,0.9476228455702463,1,0,0,1
535578,0.013115555793046952,0.04826288223266602,0.05967984510181693,24.483446254780628,12,11,0,0,0,0,12,0,0.9634101390838623,0,0,0,0
496597,0.017494066432118417,0.061455941200256346,0.07614026121207418,22.36771275196499,4,3,0,0,0,0,4,0,0.9787321239709854,0,0,0,0
545129,0.014277994260191917,0.047765858471393585,0.056512302017566456,24.95714002882041,3,3,0,0,0,0,3,0,0.9896836876869202,0,0,0,0
563702,0.014651515707373618,0.05118116140365601,0.06191023976739304,24.164750280764643,9,5,0,0,0,0,9,0,0.9205769432915581,0,0,0,0
311394,0.022822170704603194,0.0760946586728096,0.08270179163065172,21.649701637999282,5,2,2,0,0,1,3,0,0.9580299456914266,0,0,0,0
410934,0.019788382202386857,0.07006161659955978,0.07083779578352838,22.994699218962783,2,1,0,0,0,0,2,0,0.9769027531147003,0,0,0,0
190648,0.02467464879155159,0.08917528688907624,0.10903093081457642,19.24900560513137,3,2,0,0,0,0,3,0,0.968947172164917,0,0,0,0
466339,0.027917862683534623,0.09709782004356385,0.09916621944946323,20.07272486440977,1,1,0,0,0,0,1,0,0.9784618616104126,0,0,0,0
32334,0.0180392911657691,0.0641225092113018,0.07629990213535354,22.349520381689597,17,10,2,0,0,1,15,0,0.9663956920305888,0,0,0,0
187271,0.024413080513477327,0.08109755963087081,0.09580314038452457,20.372405094145897,1,1,0,0,0,0,1,0,0.9641867876052856,0,0,0,0
251824,0.023004675656557082,0.08484363406896592,0.09563609161611725,20.387563612278914,12,3,0,1,0,1,11,0,0.9467680725184354,0,0,0,0
104666,0.02318001501262188,0.08538624048233032,0.10569907217615132,19.518576498041863,43,15,2,1,0,1,42,1,0.9334591746330261,1,0,0,1
404249,0.017242498882114887,0.05513794720172882,0.09051002977225955,20.866065844980497,3,2,0,0,0,0,4,1,0.9363667567571005,0,0,0,0
172877,0.025107518211007117,0.08974499106407166,0.1102874469622798,19.14947833238591,10,8,0,0,0,0,10,0,0.917680948972702,0,0,0,0
64499,0.02077319547533989,0.07415741086006164,0.08309994280036176,21.607985503017133,2,2,0,0,0,0,2,0,0.9961263537406921,0,0,0,0
121153,0.018830445781350135,0.06799163222312928,0.08103720545418579,21.826310878314004,1,0,0,0,0,0,1,0,0.9974079728126526,0,0,0,0
548339,0.015944612957537175,0.05773548856377601,0.07624332094531565,22.355963906152667,7,11,0,0,0,0,8,1,0.9534599099840436,0,0,0,0
160012,0.01964050456881523,0.07341810464859008,0.08283973046003855,21.63522645725889,11,9,0,0,0,0,11,0,0.9542361010204662,0,0,0,0
325347,0.01897556595504284,0.06229100227355957,0.07674259250785645,22.29927067225146,12,7,1,0,0,1,11,0,0.9408683668483387,0,0,0,0
269316,0.015656098537147046,0.05816277340054512,0.07308936833383904,22.722915828762883,5,5,0,0,0,0,5,0,0.9928840398788452,0,0,0,0
473974,0.015899732150137423,0.055742330849170685,0.060858028150480165,24.313642464873794,6,5,0,0,0,0,6,0,0.9776862760384878,0,0,0,0
195165,0.02402360737323761,0.08792037814855576,0.10376691792439033,19.678821648996564,17,17,0,0,1,1,17,0,0.9612901456215802,0,0,1,1
561465,0.022809208557009696,0.08019889444112778,0.0889950840522698,21.012679648660757,7,6,0,0,0,0,8,1,0.9754032407488141,0,0,0,0
448365,0.018126319348812103,0.06445521041750908,0.09704223409503784,20.26078427498582,5,3,1,0,0,1,4,0,0.8437202274799347,0,1,0,1
179642,0.019365406781435012,0.070582215487957,0.07912979701025741,22.033198967122548,24,21,1,0,0,1,24,1,0.9623954451602438,1,0,0,1
371699,0.02139701470732689,0.0768576830625534,0.08698458956694963,21.211153627822622,27,18,1,1,0,1,25,0,0.9309723567962647,0,1,0,1
319721,0.018807202577590942,0.06528936773538589,0.13867711994802845,17.159903727342957,4,4,0,0,0,0,4,0,0.9504367262125015,0,0,0,0
72852,0.016405791230499744,0.058913163095712665,0.06703235622912797,23.474310292321388,6,4,1,0,0,1,5,0,0.9819000363349915,0,0,0,0
426297,0.017202072590589524,0.056833627820014956,0.06218972485733295,24.12562729216059,1,1,0,0,0,0,1,0,0.9764308929443359,0,0,0,0
407960,0.02796427421271801,0.09922583550214767,0.11197771056032838,19.017368322314603,3,3,0,0,0,0,4,1,0.8799476424853007,0,0,0,0
289938,0.016757558099925518,0.060197305679321286,0.0705390991714681,23.031401816919953,12,27,1,0,0,1,12,1,0.973010084845803,1,0,0,1
418959,0.0199640654027462,0.07027441114187241,0.0780504557799323,22.15249113015258,0,1,0,0,0,0,0,0,,0,0,0,0
51738,0.0282206729054451,0.08888934850692749,0.09572169646559806,20.3797922606958,5,3,1,0,0,1,4,0,0.9144493341445923,0,0,0,0
527960,0.015476891957223415,0.05356422364711762,0.0611897057457868,24.26643270540461,1,1,0,0,0,0,1,0,0.9912323355674744,0,0,0,0
19432,0.0187300905585289,0.06350086927413941,0.06924790593907368,23.191867103134733,20,15,2,0,0,1,18,0,0.9294898509979248,0,0,0,0
440508,0.01619084272533655,0.05474991053342819,0.063684316008764,23.91935022598811,1,1,0,0,0,0,1,0,0.9832648634910583,0,0,0,0
562121,0.015919654443860055,0.054808910191059115,0.06628661346729059,23.571483363815226,4,3,0,0,0,0,4,0,0.9700112640857697,0,0,0,0
239627,0.026052363961935044,0.09429995864629745,0.10100678096798478,19.912989388085137,10,14,1,0,1,1,9,0,0.961368719736735,0,0,0,0
155341,0.01755305230617523,0.0652256116271019,0.07789020691004,22.170342849703562,13,9,1,0,0,1,12,0,0.9073727577924728,0,0,0,0
504074,0.024372322857379912,0.08322011679410934,0.10372189577165629,19.682591080698323,9,9,0,1,1,1,9,0,0.9380000308156013,0,0,0,0
560312,0.026820933818817137,0.09542275220155716,0.11185987660879891,19.026513281444043,1,2,0,0,0,0,1,0,0.995339572429657,0,0,0,0
69224,0.02763938009738922,0.10491505861282349,0.12078339900982074,18.359855058316555,15,13,1,1,0,1,14,1,0.9443546762833228,0,0,0,0
82765,0.03753241822123528,0.1286239057779312,0.12717751451848863,17.9117933372373,6,2,0,0,0,0,6,0,0.9071912467479706,0,0,0,0
378139,0.013737085834145546,0.05025435462594032,0.05915114103485414,24.560737466921793,14,17,1,0,0,1,13,0,0.9506708887907175,0,0,0,0
559160,0.022781471163034438,0.08305755108594895,0.10407056759847651,19.653441535994524,8,8,1,0,0,1,7,0,0.9129997491836548,0,1,0,1
521819,0.015122751891613006,0.05557159334421158,0.06467906058677003,23.784725930212176,15,14,1,1,0,1,14,0,0.9796346013362591,0,1,0,1
440617,0.017629175260663033,0.06114055439829826,0.06724743970911085,23.44648491539491,3,2,1,0,0,1,2,0,0.9551589787006378,0,0,0,0
2149,0.025792440772056578,0.09343602508306503,0.10311206016141847,19.7338107185314,5,2,0,0,0,0,5,0,0.9291119456291199,0,0,0,0
276921,0.0271330364048481,0.09638014733791352,0.10779562212855794,19.347977533267127,3,2,1,0,0,1,2,0,0.9861267507076263,0,0,0,0
443426,0.022254130244255065,0.0803336039185524,0.08636257450781368,21.27348839255709,2,3,0,0,0,0,3,1,0.9933182001113892,0,0,0,0
455301,0.029973555728793143,0.11367046535015106,0.12702230715951457,17.922400065044503,5,4,0,0,0,0,5,0,0.9372663259506225,0,0,0,0
365208,0.0231393001973629,0.07813408523797989,0.0851342441920388,21.397914304257206,10,4,0,0,0,0,10,0,0.9439485788345336,0,0,0,0
433915,0.03103964328765869,0.11006236225366592,0.1140845552309113,18.855462927938078,3,4,0,0,0,0,3,0,0.9350171685218811,0,0,0,0
414676,0.020709533989429475,0.0698911890387535,0.07683719217818843,22.288570274384654,2,2,0,0,0,0,2,0,0.9719384014606476,0,0,0,0
571598,0.021156185865402223,0.07481412142515183,0.0889869388091097,21.01347465797772,11,15,0,0,0,0,12,1,0.9511486237699335,0,0,0,0
267946,0.019629769772291184,0.071143639087677,0.07785744715870371,22.173996806362815,0,0,0,0,0,0,0,0,,0,0,0,0
172648,0.015653344988822936,0.05524076148867607,0.07150073792240408,22.913789520908615,8,4,0,0,0,0,8,0,0.9802556708455086,0,0,0,0
217957,0.017540520802140237,0.06132177710533142,0.06632131807115864,23.566937023901534,4,1,0,0,0,0,4,0,0.9624383747577667,0,0,0,0
196754,0.01820779014378786,0.06587298586964607,0.07537440930552107,22.45552156638454,1,2,0,0,0,0,1,0,0.9846401214599609,0,0,0,0
79031,0.01594580225646496,0.05598767772316933,0.06812272629648329,23.334159594744794,6,2,0,1,0,1,5,0,0.8756438970565796,0,1,0,1
479030,0.015685024671256542,0.05397360399365425,0.06638092091721784,23.559134536441732,9,12,0,0,0,0,10,1,0.969675686624315,0,0,0,0
167159,0.02444581463932991,0.08694355040788651,0.09358787825655836,20.575607971221395,4,2,1,0,0,1,3,0,0.9111355543136597,1,0,0,1
116208,0.016668444499373436,0.06146519035100937,0.07481986933063313,22.519661092238913,31,21,2,0,1,1,29,0,0.9325080678380769,1,0,0,1
484296,0.013560967892408371,0.046982424706220625,0.05530388082251032,25.144887840211688,2,2,0,0,0,0,2,0,0.9899710118770599,0,0,0,0
157767,0.01814692225307226,0.0661903977394104,0.0818906724719953,21.735311250417112,27,25,0,0,0,0,28,1,0.9462627989274485,0,0,0,0
135673,0.016820648312568666,0.05900405645370484,0.07169565702942186,22.890143019219224,2,2,0,0,0,0,2,0,0.9937840402126312,0,0,0,0
516038,0.013155147619545459,0.04410860314965248,0.05490447819312295,25.207844631855863,5,7,0,0,0,0,5,0,0.9457425475120544,0,0,0,0
117492,0.015008310414850711,0.05552761182188988,0.07287450508152071,22.748487633638188,34,23,1,1,1,1,35,2,0.9598375950008631,0,0,1,1
109900,0.01390514075756073,0.049464975297451017,0.06290920981017362,24.025715397312915,13,13,1,0,0,1,13,1,0.9814637253681818,1,0,0,1
395343,0.017701247707009315,0.06065162271261215,0.0876603536317802,21.14393563370941,6,7,0,0,0,0,6,0,0.935033937295278,0,0,0,0
450488,0.024812811613082887,0.08471508473157882,0.10483203542599437,19.590119636602413,3,4,1,0,0,1,2,0,0.9855298101902008,0,0,0,0
322211,0.016718115471303464,0.06380506530404091,0.07383000866088632,22.635341612622103,10,13,0,0,0,0,11,1,0.9691816926002502,0,0,0,0
445792,0.024133219569921493,0.09158318936824798,0.09911054530324523,20.077602687618707,6,7,0,0,0,0,6,0,0.918478935956955,0,0,0,0
227482,0.02618816904723644,0.09534504562616349,0.11457343748100557,18.818321136475536,3,2,0,0,0,0,3,0,0.9831916689872742,0,0,0,0
9769,0.015014074742794037,0.05374511852860451,0.06296935820251925,24.017414661995847,4,5,0,0,0,0,4,0,0.9779673367738724,0,0,0,0
157756,0.02687395177781582,0.09883883446455002,0.12570496064558923,18.01295167165924,25,20,0,0,0,0,25,0,0.9614853501319885,0,0,0,0
295138,0.021490872651338578,0.07741597294807434,0.09439386592177569,20.501124538377795,5,4,0,0,0,0,6,1,0.9510876059532165,0,0,0,0
548506,0.023060990124940874,0.08441585749387741,0.09995097661844979,20.00425916089597,14,8,0,1,0,1,14,0,0.9225672941941482,0,1,0,1
532071,0.017303393594920634,0.060401322692632674,0.06695410585681574,23.484455707981056,1,1,0,0,0,0,1,0,0.9828141331672668,0,0,0,0
575081,0.021470504626631737,0.08001248389482499,0.09523810207005534,20.42378535831144,8,4,0,0,0,0,8,0,0.9627143442630768,0,0,0,0
76547,0.02046540044248104,0.07316866368055344,0.0810580536352516,21.82407657483212,14,13,2,0,0,1,12,0,0.9110402315855026,0,0,0,0
369037,0.02860771119594574,0.10148636400699615,0.11187652022847625,19.02522100494361,8,4,2,0,1,1,6,0,0.9638252158959707,1,0,1,1
84170,0.02085643820464611,0.07305091321468353,0.08127935865899583,21.800394637610108,7,7,1,0,0,1,6,0,0.9704941113789877,0,0,0,0
570782,0.023333077505230903,0.0827206090092659,0.10242935239137367,19.791511461941734,16,8,1,0,0,1,15,0,0.9510400176048279,0,1,0,1
68409,0.019794246554374693,0.06953700110316277,0.0788198843621745,22.067284132596935,19,16,1,0,0,1,18,0,0.9498629139529334,0,0,0,0
329456,0.016976432502269746,0.06336858719587327,0.09150486605614583,20.771116207164788,12,9,0,0,0,0,12,0,0.9413041969140371,0,0,0,0
259690,0.013595715351402759,0.04855703189969063,0.05965348507695522,24.487283577851837,26,25,3,1,0,1,24,1,0.936778491193598,0,0,0,0
74860,0.02251432165503502,0.08316587656736374,0.09184950509316434,20.738463588663045,2,2,0,0,0,0,2,0,0.9635297060012817,0,0,0,0
396863,0.015691846422851086,0.05752732902765274,0.14338468496007253,16.86994467106732,3,4,0,0,0,0,3,0,0.9508764545122782,0,0,0,0
445846,0.01965818889439106,0.06933489292860032,0.08368512672818257,21.547034437232444,4,4,1,0,1,1,3,0,0.962360660235087,0,0,0,0
499775,0.020157606899738313,0.07199491709470748,0.08356087907328633,21.559939996460415,2,2,0,0,0,0,2,0,0.9686179161071777,0,0,0,0
15440,0.020274421200156212,0.07260375767946244,0.08462517442060738,21.450008463665263,3,3,1,0,0,1,3,1,0.808487057685852,0,0,0,0
138550,0.018177471682429315,0.0700017750263214,0.07720619182065452,22.24695737004422,2,4,1,0,0,1,1,0,0.9968929290771484,0,0,0,0
436883,0.015614676289260387,0.05589726641774177,0.06426118775870832,23.84102503031633,9,12,0,0,0,0,9,0,0.9690528512001038,0,0,0,0
414385,0.020614565163850785,0.07578925341367722,0.08855963319928609,21.055283818163886,7,9,0,0,0,0,8,1,0.9522722704069955,0,0,0,0
512248,0.015871400944888592,0.054333478957414624,0.06536091639123905,23.693637348341333,2,1,0,0,0,0,2,0,0.9831009209156036,0,0,0,0
476215,0.0209529098123312,0.0733592614531517,0.09012269335108608,20.903316753958418,4,3,1,0,0,1,3,0,0.9272034565607706,0,0,0,0
474164,0.016564544476568698,0.05465932711958885,0.06662482456537454,23.527278430719086,3,3,0,0,0,0,3,0,0.9719278216362,0,0,0,0
222559,0.01614208482205868,0.05659177377820015,0.07471308988023997,22.53206604542473,23,25,0,0,1,1,24,1,0.9563869393390158,0,0,1,1
45550,0.0222630575299263,0.08647561371326447,0.11341235253731474,18.90679281598175,13,10,0,0,0,0,14,1,0.9592004831020648,0,0,0,0
462904,0.016455301828682423,0.061466744542121886,0.07677242683447548,22.29589461598268,31,38,3,0,0,1,29,1,0.9746237737791879,0,0,0,0
399655,0.026472674682736397,0.08900452554225921,0.10215411038864411,19.81488307829252,4,2,1,0,0,1,3,0,0.9850380222002665,0,0,0,0
35197,0.023603147268295287,0.08458210527896881,0.09305246217585775,20.625442618264206,4,3,1,0,0,1,3,0,0.9139518737792969,0,0,0,0
44195,0.024511369690299035,0.0873572051525116,0.10882536835138755,19.265397083419685,3,3,0,0,0,0,5,2,0.9747801224390665,0,0,0,0
242946,0.01706186179071665,0.06019023209810257,0.0763120090140909,22.348142258422513,28,41,1,0,0,1,29,2,0.9684905343585544,0,0,0,0
306893,0.018046984821557997,0.06572740972042083,0.0743102093111718,22.57903030812258,24,21,2,0,2,1,22,0,0.9609363187443126,0,0,1,1
11615,0.01783980764448643,0.06568199843168258,0.06875941272596255,23.253356825552824,2,1,1,0,0,1,1,0,0.9930955171585083,0,0,0,0
441247,0.02299317717552185,0.08052098602056504,0.08935728892110477,20.977400321677315,23,24,1,0,0,1,23,1,0.9567864618518136,0,0,0,0
370486,0.014941024594008923,0.05355435237288475,0.0721684467511384,22.833052834509758,28,19,0,0,0,0,29,1,0.9457892434937614,0,0,0,0
434297,0.02437331825494766,0.08447573184967042,0.09674333302476067,20.28757908542093,9,4,0,0,0,0,9,0,0.8922954069243537,0,0,0,0
188296,0.013278744369745254,0.044590122252702716,0.055297933766308136,25.14582192025523,10,13,0,0,0,0,10,0,0.9828350126743317,0,0,0,0
473015,0.018042094260454177,0.06432312428951263,0.0740267937503241,22.612221207600175,1,5,0,0,0,0,1,0,0.9766238927841187,0,0,0,0
22192,0.021193574368953704,0.07675832360982895,0.08760002778857376,21.14991512129082,5,3,1,0,0,1,4,0,0.9644677042961121,0,0,0,0
35279,0.01872291713953018,0.0680931493639946,0.0906822774559705,20.849551624871502,9,9,0,0,0,0,10,1,0.9647233221266005,0,0,0,0
399296,0.022717997431755066,0.08186764270067215,0.08630387086000244,21.279394501584818,6,12,0,0,0,0,6,0,0.9621981481711069,0,0,0,0
474344,0.013999771513044833,0.05071209222078323,0.06752170517205915,23.411131974133475,3,3,0,0,0,0,3,0,0.9860336780548096,0,0,0,0
329319,0.02005908265709877,0.07482147216796875,0.0873746922655876,21.172286816648864,2,4,0,0,0,0,2,0,0.9859640598297119,0,0,0,0
354072,0.027465740218758583,0.09924984276294709,0.10044370812541804,19.961545252380105,4,3,0,0,0,0,4,0,0.9888036847114563,0,0,0,0
262227,0.027603423595428465,0.09577544182538986,0.1031007227408473,19.734765805627113,5,11,1,0,0,1,5,1,0.9104173481464386,0,0,0,0
374083,0.022029136866331102,0.07707069665193558,0.09174607828139096,20.748249815011192,9,8,1,0,1,1,8,0,0.9577686116099358,0,0,1,1
402992,0.016311165131628513,0.055161694437265395,0.10803981527387364,19.32832334078502,15,10,0,1,0,1,14,0,0.9675184828894479,0,1,0,1
155179,0.02270234189927578,0.08016447722911835,0.08610417604142223,21.29951569618481,2,2,0,0,0,0,2,0,0.9896710515022278,0,0,0,0
426372,0.019591094553470613,0.06432015672326089,0.0726616516339046,22.77389469281907,4,5,0,0,0,0,4,0,0.9422596096992493,0,0,0,0
309391,0.018631795048713685,0.06619203835725784,0.07504776802659997,22.493244389039283,41,35,0,0,0,0,42,1,0.9718740175410014,0,0,0,0
327605,0.016451650857925416,0.058145922422409055,0.06829095439282869,23.31273635607479,6,3,0,1,0,1,5,0,0.9512099385261535,0,0,0,0
463522,0.018439683318138122,0.06353057026863099,0.09231467270600736,20.694585314516488,28,21,1,0,0,1,28,1,0.9350243850990578,0,0,0,0
432553,0.023726313561201095,0.08745905011892319,0.10385632768918045,19.671340758355022,14,5,4,0,1,1,10,0,0.9239228248596192,0,1,1,1
84752,0.022898824140429496,0.07461362630128861,0.08891148407294559,21.020842812677177,14,13,1,0,0,1,13,0,0.9513824765498822,0,0,0,0
8629,0.018771715462207794,0.06615699082612991,0.07948546319411243,21.994245812241743,8,7,1,0,0,1,7,0,0.9776762809072223,0,0,0,0
166747,0.01797163225710392,0.060659125447273254,0.07971277581197962,21.969441346234323,19,17,0,1,0,1,18,0,0.9503262672159407,0,0,0,0
10995,0.026056889072060586,0.09164224117994309,0.10872769725320114,19.273196196103445,1,1,0,0,0,0,1,0,0.9409170150756836,0,0,0,0
57244,0.0241025373339653,0.0904915526509285,0.1099140437765514,19.178936279828662,3,1,0,0,0,0,3,0,0.9768115083376566,0,0,0,0
44279,0.024387387186288835,0.09066644012928009,0.10578845667325337,19.511234373164477,11,11,3,0,1,1,8,0,0.9335237294435501,0,0,0,0
170278,0.019245126098394395,0.0702905923128128,0.08141943850199615,21.785437939973832,2,2,0,0,0,0,2,0,0.9082045555114746,0,0,0,0
27768,0.02134202904999256,0.06567615419626235,0.07420949143479515,22.590810893304194,8,9,0,0,0,0,9,1,0.9237904921174049,0,0,0,0
182611,0.020005953311920167,0.07546493709087372,0.08826087802784743,21.08463512926704,26,25,2,0,0,1,25,1,0.9544467950860659,0,0,0,0
90956,0.015319857187569142,0.05650517717003822,0.06478624331256323,23.770344045459986,2,2,0,0,0,0,3,1,0.951939195394516,0,0,0,0
507975,0.01727484129369259,0.06152668446302414,0.13928192948226287,17.122104510747377,14,11,0,0,0,0,16,2,0.9168524614402226,0,0,0,0
493799,0.015967128425836564,0.05708110481500626,0.07127810962054337,22.940876536397067,10,6,2,0,0,1,8,0,0.9644429460167885,0,0,0,0
391290,0.011855513416230678,0.041960509121418,0.057989506989023845,24.73301166978707,9,6,0,0,0,0,9,0,0.9790260791778564,0,0,0,0
530162,0.01868759710341692,0.07142297178506851,0.08129798362745709,21.798404515013697,20,12,0,1,0,1,20,0,0.9582158640811318,0,1,0,1
86582,0.022347842901945116,0.08052758425474167,0.09021582661186019,20.89434534511243,14,7,3,0,0,1,12,1,0.8954707492481578,1,0,0,1
528705,0.02743885703384876,0.09391980618238449,0.09989097114344637,20.009475292494567,3,2,0,0,0,0,3,0,0.9812574585278829,0,0,0,0
213547,0.023429514840245247,0.08785293251276016,0.1242813446504229,18.11188113165964,24,19,3,0,0,1,22,1,0.9751035145350865,0,1,0,1
379332,0.021510666981339455,0.07253292798995972,0.08139366310677468,21.788188114719347,10,5,1,0,0,1,9,0,0.9769313269191318,0,0,0,0
266981,0.018980807811021804,0.0645039588212967,0.07292678461169659,22.74225868669466,24,28,2,0,0,1,26,4,0.9283893568949266,0,0,0,0
149770,0.034901182353496554,0.1284124493598938,0.14173511343687809,16.970450887392726,1,2,0,0,0,0,2,1,0.9721236824989319,0,0,0,0
319184,0.014236897602677346,0.046548225730657575,0.06132286340473101,24.247551488668865,9,9,0,0,0,0,9,0,0.9874836007754008,0,0,0,0
125129,0.02594211548566818,0.09237834215164184,0.10903238152307135,19.248890035999185,13,10,1,1,0,1,11,0,0.93904555385763,0,0,0,0
357978,0.02041814774274826,0.07452774047851562,0.08867552227080762,21.04392489982423,9,14,1,0,1,1,8,0,0.9842676073312759,0,0,0,0
579307,0.015224195271730422,0.05260599851608276,0.06651292729078934,23.541878761476454,3,5,0,0,0,0,3,0,0.9910039107004801,0,0,0,0
287347,0.018237293884158134,0.06598075255751609,0.08185586544156112,21.73900390900258,20,15,0,0,0,0,20,0,0.9607621967792511,0,0,0,0
168593,0.023774276301264764,0.08442301750183105,0.09370511341353893,20.5647341872197,3,3,0,0,0,0,3,0,0.91948535044988,0,0,0,0
207306,0.019846613332629204,0.07279867231845856,0.09112027954739155,20.80769913114643,8,2,0,0,0,0,9,1,0.9690948948264122,0,0,0,0
22969,0.01294021587818861,0.04561996161937713,0.059154506718054445,24.560243256317346,2,2,0,0,0,0,2,0,0.9756570756435394,0,0,0,0
190753,0.014659491367638111,0.053295045346021655,0.0663918684076312,23.557702184312305,24,21,1,0,0,1,25,2,0.9384836424951968,0,0,0,0
33759,0.016990496031939983,0.062206607311964035,0.0895271684216919,20.960903024378634,4,5,0,0,0,0,4,0,0.9579682946205139,0,0,0,0
170474,0.02192748636007309,0.07366701811552048,0.07810902877306256,22.145975245710265,3,4,0,0,0,0,3,0,0.9850724339485168,0,0,0,0
516871,0.024518723785877227,0.09347919374704361,0.09943824627962793,20.048930872725762,6,5,0,0,0,0,8,2,0.9245437582333883,0,0,0,0
338191,0.014347408153116702,0.0509110115468502,0.06124376989904635,24.258761677580935,10,9,0,0,0,0,10,0,0.9825707912445069,0,0,0,0
376264,0.019371111318469046,0.07182297259569168,0.09064000950536408,20.853601152009034,14,9,1,0,0,1,13,0,0.9634938973646897,0,0,0,0
526197,0.0259750597178936,0.09695229977369309,0.10544326232174489,19.539623317062315,8,7,0,0,0,0,9,1,0.9268347471952438,0,0,0,0
492362,0.01668842285871506,0.06046941727399826,0.08225111657824016,21.697163953766005,14,13,1,0,0,1,14,1,0.9736292087114774,0,0,0,0
22396,0.01963820494711399,0.06538690850138665,0.07327257360604053,22.70117108302559,3,1,0,0,0,0,3,0,0.9601231813430786,0,0,0,0
183437,0.01742809358984232,0.0649084560573101,0.076614133118804,22.31382216104584,11,6,1,0,0,1,12,2,0.942238861322403,0,0,0,0
442161,0.022897522523999216,0.08579742461442948,0.09824551581737712,20.153745256752856,10,8,1,0,0,1,10,1,0.9448918832672967,0,0,0,0
150726,0.014505797252058982,0.04995089173316956,0.0613900069138423,24.238046354174998,2,2,0,0,0,0,2,0,0.9915323853492737,0,0,0,0
331352,0.022848394140601157,0.0803653821349144,0.0917950032559972,20.743619168438986,5,2,1,0,0,1,4,0,0.9693152606487274,1,0,0,1
26465,0.025679212436079978,0.0955013707280159,0.10211693698508172,19.818044408187582,8,6,1,0,0,1,7,0,0.9525037493024554,0,0,0,0
305309,0.018842666037380697,0.06943208128213882,0.08434269732561255,21.479050282477722,3,4,0,0,0,0,3,0,0.9481667876243591,0,0,0,0
193181,0.013513623550534249,0.04623885750770569,0.05807194174977509,24.720673044646468,21,15,0,0,0,0,21,0,0.9556170929045904,0,0,0,0
18193,0.027146386727690697,0.10453585386276246,0.11745062761759031,18.60289316306119,5,3,1,0,1,1,5,1,0.935526430606842,0,0,0,0
92124,0.023543404042720796,0.08603024482727051,0.090847025116644,20.83378579124203,4,3,0,0,0,0,4,0,0.962053045630455,0,0,0,0
397327,0.027420337498188018,0.09401575177907943,0.10093443382542688,19.919212974720637,3,2,0,0,0,0,3,0,0.8724886377652487,0,0,0,0
161978,0.018469293415546418,0.06874319016933442,0.0851635582598341,21.394924027735,36,19,1,0,0,1,36,1,0.9620186635426112,0,0,0,0
419974,0.020279506966471673,0.07418351620435715,0.0877202388776173,21.138003886655046,25,25,1,0,0,1,25,1,0.9550195808211962,0,0,0,0
58350,0.01944594383239746,0.06934191733598709,0.07879269579534424,22.07028080828121,6,6,0,0,0,0,6,0,0.9784548878669739,0,0,0,0
572462,0.021420006453990937,0.07543011009693146,0.08428773994231933,21.48471182010659,15,17,0,0,0,0,16,1,0.9548578063646952,0,0,0,0
575205,0.01592401284724474,0.05437245965003967,0.06353150250795501,23.940217471227175,1,1,0,0,0,0,2,1,0.73386549949646,0,0,0,0
9400,0.026464910432696342,0.09395963847637176,0.11924235842249989,18.471388858130535,28,24,2,1,0,1,27,1,0.9487459206581116,0,2,0,1
153299,0.017519591748714446,0.06132247820496559,0.06643655289466169,23.551858185961404,3,2,0,0,0,0,3,0,0.9410997033119202,0,0,0,0
570688,0.01730618216097355,0.06352167427539826,0.08170421147808196,21.755111139963198,51,35,3,0,1,1,50,2,0.9711438876887163,1,1,0,1
54967,0.021254152059555054,0.07392833083868026,0.08650276849455818,21.259399857022952,25,16,0,0,0,0,27,2,0.9311748170852661,0,0,0,0
572900,0.016713800840079784,0.05944797471165657,0.07161433504909517,22.900000724349738,11,11,0,0,0,0,12,1,0.9772785143418745,0,0,0,0
172330,0.01723396796733141,0.0616483673453331,0.0732286477548045,22.70637971001154,5,4,1,0,0,1,4,0,0.9496961534023285,0,1,0,1
533816,0.01588322538882494,0.0603107251226902,0.0717278733027309,22.8862409119629,26,15,3,0,0,1,24,1,0.9842211163562277,0,0,0,0
179141,0.03155285529792309,0.11595668345689773,0.13244283532249676,17.55943060978353,10,7,0,0,0,0,10,0,0.8597326099872589,0,0,0,0
507667,0.022201983258128166,0.07255459576845169,0.08212309174478677,21.71069417618363,15,15,1,0,0,1,15,1,0.952914012329919,0,0,0,0
161642,0.02178674712777138,0.07937610000371934,0.09286117143147257,20.643316841349602,1,1,0,0,0,0,1,0,0.9948013424873352,0,0,0,0
212895,0.015444661676883697,0.051808643341064456,0.06695940532834482,23.483768240010747,1,1,0,0,0,0,1,0,0.9822689890861511,0,0,0,0
270297,0.013171658292412758,0.04679157510399819,0.058771431703205076,24.616674590262587,4,3,1,0,1,1,3,0,0.9689613978068033,0,0,0,0
167240,0.028749798983335496,0.10111526101827621,0.10258808227260668,19.77806177159329,1,1,0,0,0,0,1,0,0.9915649890899658,0,0,0,0
288762,0.021430454403162002,0.07774251848459243,0.08320650741467929,21.59685414154835,15,15,1,0,0,1,19,5,0.9439472513539451,0,0,0,0
200252,0.02253511771559715,0.08254057914018631,0.0984269049007657,20.13772342714569,1,3,0,0,0,0,2,1,0.9971170425415039,0,0,0,0
48396,0.024543144926428794,0.08894762098789215,0.10365518760524216,19.688179159978645,4,7,0,0,0,0,6,2,0.943472683429718,0,0,0,0
519688,0.023891068994998932,0.08997519761323929,0.1022416401998493,19.807443840202154,3,2,0,0,0,0,4,1,0.9438430666923523,0,0,0,0
465180,0.01450694128870964,0.049278254806995395,0.06332458223528052,23.96855333308098,18,12,0,0,0,0,18,0,0.9446603324678209,0,0,0,0
384350,0.021200398355722426,0.0687124565243721,0.07994211809781208,21.944486982412563,3,2,0,0,0,0,3,0,0.9605342944463094,0,0,0,0
1268,0.020788852870464326,0.07613592445850373,0.08968498162141822,20.945605530428175,13,11,0,0,0,0,13,0,0.9325625667205224,0,0,0,0
163951,0.02831849977374077,0.09948657006025315,0.10856117178344034,19.28650955303572,3,2,0,0,0,0,3,0,0.9296622077624003,0,0,0,0
243626,0.018898843601346017,0.06639921367168426,0.07985777320934491,21.953656080774277,6,2,0,0,0,0,6,0,0.978745718797048,0,0,0,0
449432,0.01869545765221119,0.06573595851659775,0.07742454227404598,22.222427069360524,27,17,3,0,0,1,25,1,0.9624539415041605,0,1,0,1
491213,0.012890911847352981,0.045758990198373796,0.05462576509195171,25.25204934445393,14,8,3,0,1,1,12,1,0.9434805783358488,1,0,1,1
427256,0.017551675997674467,0.06130813360214234,0.07942142789917225,22.001246182472023,36,15,3,0,0,1,33,0,0.9393514015457847,0,1,0,1
24027,0.029753754660487176,0.11030557304620743,0.1330483359763477,17.519811055218277,10,3,1,1,0,1,9,1,0.9417893290519714,0,1,0,1
263068,0.024556438252329827,0.08890821486711502,0.10130142013600706,19.887689325191577,3,2,0,0,0,0,3,0,0.9798778096834818,0,0,0,0
365521,0.020529502257704734,0.07197261899709702,0.08174782998365211,21.750475339380166,16,14,0,0,0,0,16,0,0.9606274366378784,0,0,0,0
224675,0.022847682237625122,0.08202503025531768,0.09235025201599145,20.691238301387607,5,5,0,0,0,0,5,0,0.9828169226646424,0,0,0,0
62692,0.01740227472037077,0.06271717771887779,0.07251420371398899,22.791538353978193,2,3,0,0,0,0,2,0,0.9026747047901154,0,0,0,0
309938,0.023647045344114305,0.0808302104473114,0.08722610197966854,21.187070702849866,9,7,1,0,0,1,9,1,0.9462415426969528,0,0,0,0
160728,0.017572123371064664,0.0612938366830349,0.07739124943001784,22.226162837788802,34,37,1,0,1,1,33,0,0.948502829580596,0,0,1,1
336356,0.01796514131128788,0.06353644058108329,0.07523503037559678,22.4715979869776,17,14,0,0,1,1,17,0,0.9590305335381452,0,0,1,1
76625,0.023149340972304346,0.0854691818356514,0.09589279312015844,20.364280625253887,10,15,0,0,0,0,10,0,0.9784595251083374,0,0,0,0
245576,0.02264930009841919,0.07591554075479508,0.08876831142370496,21.034840826308038,10,6,2,0,1,1,8,0,0.8750171884894371,1,0,1,1
215723,0.0219196368008852,0.08294654488563538,0.09240203343244495,20.686369428677285,8,6,1,0,1,1,8,1,0.9608134712491717,0,0,0,0
383921,0.016475112177431583,0.056158453971147534,0.07003411894585389,23.093806611166457,20,10,0,1,0,1,20,0,0.9229507383547331,0,1,0,1
116439,0.020122414082288743,0.07379608899354935,0.08554099297871366,21.35651425327623,10,12,3,0,1,1,8,1,0.9012477823666164,0,0,0,0
289702,0.022587021812796593,0.07978393882513046,0.08869734114594459,21.041787973816817,6,2,1,0,0,1,5,0,0.9589158296585083,1,0,0,1
214720,0.02056020051240921,0.07825368791818618,0.09125646313027662,20.79472734785937,16,11,1,0,0,1,16,1,0.9553393363952637,0,0,0,0
374545,0.015254702605307102,0.05400111004710197,0.06550178919041492,23.674936740649297,12,15,1,0,0,1,11,0,0.956773887981068,0,0,0,0
307074,0.018173675611615182,0.06588391363620758,0.07791069767520854,22.16805813221295,17,20,1,0,0,1,17,1,0.9545457921922207,0,1,0,1
92091,0.018399455398321152,0.06277398467063904,0.07570501573525318,22.41750691885425,13,9,0,0,0,0,13,0,0.9589229501210726,0,0,0,0
31735,0.020689957588911057,0.0786137580871582,0.0938209108807735,20.5540070985141,12,5,1,0,0,1,12,1,0.9589945782314647,0,0,0,0
386352,0.02302665263414383,0.07808034271001815,0.09260757175568486,20.667070063925653,15,13,0,0,0,0,15,0,0.9678452213605245,0,0,0,0
153011,0.01621255185455084,0.05753835514187813,0.07056535678312985,23.028169166070725,25,25,1,1,0,1,24,1,0.9468763366989468,0,1,0,1
416330,0.0326961275190115,0.1197458565235138,0.1377540805507062,17.21791055233195,2,2,0,0,0,0,2,0,0.9554507732391357,0,0,0,0
14226,0.02340981923043728,0.08260787874460221,0.09309572262918961,20.62140545259975,5,8,0,0,0,0,5,0,0.8767483949661254,0,0,0,0
240767,0.019995692372322082,0.07400918006896973,0.07980060100833325,21.959876756038092,0,0,0,0,0,0,0,0,,0,0,0,0
303653,0.019502865523099898,0.06675555408000947,0.12268877829682384,18.22390316218984,11,7,2,0,0,1,9,0,0.974389029873742,1,0,0,1
578093,0.01841154880821705,0.06331306993961335,0.07873022778687976,22.07716984060155,12,5,2,1,1,1,9,0,0.9400407075881958,1,1,0,1
278353,0.01239688154309988,0.0425725519657135,0.05677278800951572,24.917195556598962,1,1,0,0,0,0,1,0,0.9908620119094849,0,0,0,0
553221,0.02229958027601242,0.07494409680366516,0.09705401046773411,20.259730279593665,19,20,0,0,0,0,20,1,0.9282718143965069,0,0,0,0
16010,0.014688791334629058,0.051357930153608324,0.06596395316720567,23.613866506500027,6,5,0,0,0,0,7,1,0.9606880048910776,0,0,0,0
528977,0.02311241440474987,0.0855091780424118,0.10083591666165008,19.927694986849332,0,0,0,0,0,0,0,0,,0,0,0,0
261712,0.013189221173524857,0.047710730135440825,0.061818920925771306,24.177571599842235,2,2,0,0,0,0,2,0,0.9718689322471619,0,0,0,0
454404,0.02507970705628395,0.09526612460613251,0.11073458415533938,19.1143344185348,5,5,0,0,0,0,6,1,0.967032516002655,0,0,0,0
358195,0.014092309772968293,0.04940415024757385,0.06973665906051636,23.130777252288773,2,2,0,0,0,0,2,0,0.9849866926670074,0,0,0,0
492905,0.029322612285614013,0.11137137711048126,0.1300810890101124,17.715716718348414,13,3,1,0,0,1,13,1,0.9149042119582494,0,0,0,0
214703,0.010938218794763088,0.03695700503885746,0.05196179568301805,25.686316981945243,2,4,0,0,0,0,2,0,0.9566279649734497,0,0,0,0
243495,0.02145042233169079,0.07672656327486038,0.08487753880849176,21.42414444297031,2,1,0,0,0,0,2,0,0.892484724521637,0,0,0,0
460379,0.015755517408251762,0.05481481924653053,0.06350977276165289,23.943188823328036,3,3,0,0,0,0,3,0,0.9815574685732523,0,0,0,0
565962,0.03175823241472244,0.11992530971765518,0.13934224486343627,17.118343941487627,4,2,0,0,0,0,4,0,0.9072883576154709,0,0,0,0
124277,0.01901416927576065,0.06918751150369644,0.07850713374707531,22.101817564145804,3,7,0,0,1,1,5,2,0.8389538526535034,0,0,1,1
336209,0.0189315315335989,0.06856665909290313,0.07658920863178013,22.316648357171992,1,3,0,0,0,0,1,0,0.978979766368866,0,0,0,0
332351,0.016866655461490153,0.0621055044233799,0.08391660202479505,21.523042200712858,23,21,1,0,1,1,25,3,0.9436927979642694,1,0,1,1
412286,0.027313174679875374,0.09377110749483109,0.10750549829972497,19.37138646935523,3,3,0,0,0,0,3,0,0.9891996184984843,0,0,0,0
127263,0.013669674843549728,0.048577839881181716,0.06515765387165569,23.72069123402854,5,6,0,0,0,0,5,0,0.9844675421714782,0,0,0,0
476119,0.02049572914838791,0.07312061041593551,0.08243965519305003,21.677276666839717,7,5,0,0,0,0,7,0,0.9463798914636884,0,0,0,0
97022,0.016996405273675918,0.0634849414229393,0.07597497351784908,22.386588852549473,15,6,0,0,0,0,17,2,0.9506481289863586,0,0,0,0
522638,0.03075845092535019,0.10811969637870789,0.1197568476457353,18.433992888584104,3,1,0,0,0,0,3,0,0.9441114862759908,0,0,0,0
384513,0.015578188560903072,0.056505382806062696,0.07109062273400663,22.963753629133876,4,1,1,0,0,1,3,0,0.9749589761098226,0,0,0,0
84031,0.013278628885746002,0.047137939184904096,0.057977542038878255,24.734804010589553,34,16,1,0,0,1,34,1,0.9679854728958823,0,0,0,0
264535,0.0170156117528677,0.06372553557157516,0.0797915048091594,21.96086688749642,5,5,0,0,0,0,5,0,0.9541550397872924,0,0,0,0
35326,0.024200829863548278,0.08837475627660751,0.09444589805657401,20.496337989375533,1,6,0,0,0,0,1,0,0.991649329662323,0,0,0,0
36861,0.019602062180638313,0.06744864284992218,0.07578584953941749,22.408237533966155,2,2,0,0,0,0,2,0,0.9771493375301361,0,0,0,0
384468,0.01571883149445057,0.05808799266815186,0.07039061995534097,23.04970419586459,10,6,1,0,0,1,9,0,0.957679549853007,0,0,0,0
278463,0.021605683118104936,0.0819752886891365,0.09356981377928783,20.57728469692496,29,15,2,1,0,1,31,5,0.9390437144499558,0,1,0,1
377723,0.015926583111286162,0.05667693465948105,0.06462498557014242,23.79199081739777,18,20,1,0,0,1,19,2,0.9614138322718003,0,0,0,0
433515,0.01819980554282665,0.06328959837555885,0.07632602732802207,22.346546830035482,28,26,2,0,0,1,28,2,0.9737493281181042,0,0,0,0
86220,0.016378477774560453,0.056565412878990175,0.06420825215947039,23.8481830408007,8,6,0,0,0,0,8,0,0.9688654690980911,0,0,0,0
182441,0.016194381564855576,0.058240129798650744,0.07137381892338421,22.929221305724262,65,26,4,0,0,1,63,2,0.9589089800099857,0,0,0,0
297595,0.01534998994320631,0.05267074033617973,0.06662152818238166,23.527708191358627,2,2,0,0,0,0,2,0,0.9756020903587341,0,0,0,0
330554,0.023910979554057122,0.08911548256874084,0.10451901049672092,19.616094209634408,3,0,0,0,0,0,3,0,0.8884838223457336,0,0,0,0
352900,0.019823848828673364,0.07260837852954864,0.08125890980631342,21.802580171887527,10,9,1,0,1,1,10,1,0.9755144516626993,0,0,0,0
327769,0.024896325543522835,0.08421962410211563,0.09126194432407285,20.794205657526025,9,7,0,0,0,0,9,0,0.9580812652905782,0,0,0,0
262631,0.024546542018651963,0.08947127908468247,0.09980727401844876,20.016756117949296,10,13,1,1,1,1,9,0,0.9234587103128433,0,0,0,0
389804,0.031726188212633136,0.11511336416006088,0.1276711054410003,17.878147625200207,3,2,0,0,0,0,3,0,0.9751581152280172,0,0,0,0
512564,0.01700246464461088,0.06157415434718132,0.07465358275828629,22.538986897475382,16,17,0,1,1,1,15,0,0.9707375486691793,0,1,1,1
244496,0.03146137148141861,0.11094059348106385,0.12252877371108241,18.235238259202195,4,2,0,1,0,1,4,0,0.9750005006790161,0,0,0,0
389812,0.0182093970477581,0.06523109450936318,0.07317916696396737,22.71225077236712,12,4,0,0,0,0,14,2,0.931122695406278,0,0,0,0
346703,0.023755806684494018,0.0801820546388626,0.09349582401532683,20.58415572856072,22,19,1,0,0,1,23,2,0.9369672167868841,0,0,0,0
19221,0.03118400163948536,0.1183142364025116,0.1352363223222108,17.378132962929765,4,2,0,0,0,0,5,1,0.9477992504835129,0,0,0,0
343934,0.017059054225683212,0.0620051346719265,0.06289127903066453,24.028191457214273,3,1,0,0,0,0,3,0,0.9673826893170675,0,0,0,0
361586,0.019670320302248002,0.07313052862882614,0.08540699238320529,21.37013143185772,18,18,1,1,0,1,20,4,0.9431061744689941,0,1,0,1
580418,0.01619006097316742,0.0566669724881649,0.07922487918533573,22.022768288365615,7,10,0,0,0,0,7,0,0.974551260471344,0,0,0,0
303818,0.016002989932894708,0.05484573394060135,0.06279316642104521,24.04175233134307,22,18,0,0,0,0,22,0,0.9423672313039954,0,0,0,0
334555,0.015930460207164286,0.056055419892072675,0.07170639649889496,22.888842035802405,21,20,0,0,0,0,22,1,0.9572760519527254,0,0,0,0
519611,0.017900486849248408,0.06502775102853775,0.07396540613607841,22.619427074848222,1,1,0,0,0,0,1,0,0.9919928908348083,0,0,0,0
62025,0.02087355889379978,0.0744996890425682,0.08212869218635413,21.71010185607321,5,6,0,0,0,0,5,0,0.9830053925514222,0,0,0,0
409268,0.020429621264338494,0.06996040940284728,0.07621391239450379,22.359314871198272,3,1,0,0,0,0,3,0,0.9388920664787292,0,0,0,0
461751,0.027241629362106324,0.10306861400604247,0.11885051757345944,18.49997845308573,11,6,3,0,0,1,10,2,0.8520714938640594,0,0,0,0
25386,0.020061056688427926,0.07077475041151046,0.08270448371890289,21.64941890167143,3,8,0,0,0,0,3,0,0.9357442259788513,0,0,0,0
240049,0.018721695989370346,0.06443441361188888,0.08193721719976958,21.730375797969195,10,4,0,0,0,0,13,3,0.8763885378837586,0,0,0,0
148508,0.01598019115626812,0.06134684085845947,0.09679437547341999,20.282997558754822,38,16,4,0,0,1,34,0,0.9432393908500671,1,0,0,1
189310,0.02119608148932457,0.07980506420135498,0.09105349102751978,20.814067970489837,1,1,0,0,0,0,2,1,0.9824562668800354,0,0,0,0
579091,0.025332803279161452,0.09492011219263077,0.10506650519471715,19.57071426698272,13,3,1,0,0,1,14,2,0.9466850956281027,0,0,0,0
283318,0.015593648515641689,0.05728953927755356,0.07276939074413585,22.761025223178088,10,9,0,0,0,0,10,0,0.9614177286624909,0,0,0,0
66635,0.024148961156606676,0.08183838725090027,0.09829607082244941,20.149276836487186,4,4,0,0,0,0,4,0,0.9864095151424408,0,0,0,0
318114,0.022899233177304266,0.07913545668125152,0.0946864685210638,20.474241616666244,7,6,0,0,0,0,8,1,0.9739294477871486,0,0,0,0
573258,0.027747306600213052,0.09666485041379928,0.10201670893651175,19.826573818756266,6,3,0,0,0,0,8,2,0.9564882318178812,0,0,0,0
132796,0.016846284829080106,0.06340303495526314,0.08305684994707667,21.6124908833874,11,9,2,0,1,1,9,0,0.9778028594122993,0,0,0,0
300276,0.01904682070016861,0.07019331008195877,0.08765806007024977,21.14416289588812,40,29,2,1,1,1,42,4,0.9714719073192494,0,1,0,1
361919,0.016986148804426192,0.061253008991479875,0.07521291624670029,22.474151440032063,29,21,1,0,0,1,30,2,0.9678739330598286,0,0,0,0
58384,0.018865714967250823,0.06787745058536529,0.08750691311405533,21.159152720424412,4,4,0,0,0,0,4,0,0.9874356985092163,0,0,0,0
442463,0.01744408458471298,0.06028885692358017,0.07568647448538406,22.41963447900556,2,2,0,0,0,0,2,0,0.9795514345169067,0,0,0,0
152465,0.015105723030865192,0.05410870760679245,0.0628668140171755,24.031570967903253,1,1,0,0,0,0,2,1,0.9776732325553894,0,0,0,0
466567,0.01620672792196274,0.058630169928073884,0.06405789082330288,23.868547301230695,3,1,0,0,0,0,3,0,0.9627053538958231,0,0,0,0
401244,0.013526619412004948,0.046536849439144136,0.06675286939156307,23.510601225743073,2,2,0,0,0,0,2,0,0.9452672600746155,0,0,0,0
399205,0.012366725876927376,0.04390719085931778,0.054588653226731135,25.25795240346277,24,16,1,0,1,1,24,1,0.9543668446333512,0,0,0,0
152214,0.022289553284645082,0.07513595074415207,0.08842747241955864,21.068255770629484,3,2,0,0,0,0,3,0,0.974318285783132,0,0,0,0
17899,0.016893267259001733,0.0630306988954544,0.07475158335876479,22.527592077009338,16,11,1,0,0,1,19,4,0.9433649102846782,0,0,0,0
570471,0.02274182215332985,0.07935822010040283,0.09369077892326558,20.56606300824371,21,10,1,0,0,1,22,2,0.9307572662830352,1,0,0,1
491071,0.029532473534345627,0.10677652209997177,0.1145670129218615,18.818808200297006,0,2,0,0,0,0,0,0,,0,0,0,0
458054,0.02153027318418026,0.08058259338140487,0.08877817682674963,21.033875560218988,10,10,1,1,2,1,9,1,0.8793940916657448,0,1,0,1
51314,0.02066093757748604,0.07425092607736587,0.08617713470829584,21.292158996102483,2,2,0,0,0,0,2,0,0.9836638569831848,0,0,0,0
341196,0.013870861753821373,0.04953157678246498,0.060212761152906545,24.406229141299317,4,4,0,0,0,0,4,0,0.9711814820766449,0,0,0,0
91406,0.019222071021795274,0.07148111760616302,0.08968723578952435,20.945387219524967,48,36,2,4,0,1,50,7,0.9496371561572665,0,3,0,1
31050,0.022536735609173776,0.08236119896173477,0.08828410493918964,21.082349633680302,6,1,0,0,0,0,6,0,0.9378099540869395,0,0,0,0
1675,0.02786548584699631,0.09860388040542603,0.10497062279436911,19.578644522109336,4,2,1,0,0,1,3,0,0.8145399888356527,0,0,0,0
423617,0.017858092114329337,0.06093327775597572,0.0750696153592842,22.490716187206278,15,12,0,0,0,0,15,0,0.9662945946057637,0,0,0,0
166165,0.019489895552396774,0.05942966192960739,0.0680153510844897,23.3478611167962,4,4,0,0,0,0,4,0,0.9867085814476013,0,0,0,0
410456,0.013283363357186318,0.04844993948936462,0.06319092480755452,23.986905772644683,14,11,0,0,0,0,15,1,0.9575922659465245,0,0,0,0
437205,0.027021899819374084,0.10025754570960999,0.11312301354338324,18.928980679884514,7,3,1,0,0,1,6,0,0.9436510900656382,0,0,0,0
549674,0.019724373519420624,0.06337433978915215,0.0765722556059143,22.318571192175384,14,6,1,0,0,1,13,0,0.9649300804504981,0,0,0,0
17182,0.022068604826927185,0.0834213763475418,0.08858530762036035,21.052766047252653,12,8,1,0,0,1,12,1,0.9457528645342047,0,0,0,0
63047,0.01447224710136652,0.050782492756843566,0.06318410999100346,23.987842551726374,6,7,0,0,0,0,6,0,0.9328331351280212,0,0,0,0
245320,0.02049732841551304,0.07242839932441711,0.08146964436665095,21.78008358956919,3,4,0,0,0,0,3,0,0.9583485126495361,0,0,0,0
223747,0.04139364883303642,0.1508649230003357,0.16298954553066589,15.756805024062242,3,3,1,0,0,1,2,0,0.6131116151809692,0,0,0,0
186873,0.017408195324242114,0.05943794399499893,0.07382791639979136,22.635587764651646,12,10,1,1,0,1,11,0,0.8778059482574463,0,1,0,1
9891,0.01995702236890793,0.07304674237966538,0.08967865963370365,20.94621782941163,12,13,0,0,0,0,13,1,0.9486831078926722,0,0,0,0
389315,0.024525756761431695,0.08930080384016037,0.10251059040123828,19.78462530382689,8,14,0,0,0,0,9,1,0.9225586503744125,0,0,0,0
467176,0.023560110852122305,0.084703329205513,0.10207484679848507,19.82162526451811,48,29,3,2,1,1,46,2,0.941084646901419,0,1,0,1
579970,0.033910905569791795,0.12367815971374511,0.14202093361166906,16.952952734595577,8,8,0,0,1,1,8,0,0.9140678271651268,0,0,1,1
337055,0.01922128312289715,0.06587043851613998,0.0747974838808135,22.522260223207464,4,2,0,0,0,0,4,0,0.9811815768480301,0,0,0,0
267670,0.028447334095835684,0.0966082215309143,0.10626956735517794,19.471821750359464,4,2,1,0,0,1,3,0,0.9754129449526469,0,0,0,0
59044,0.026026511564850807,0.09397481679916382,0.11442263633317483,18.829761003499264,32,19,3,0,2,1,29,0,0.9430247175282446,1,0,0,1
269866,0.02244051955640316,0.08206727057695389,0.09424932151401064,20.51443535056686,3,1,0,0,0,0,3,0,0.9328480362892151,0,0,0,0
393569,0.019626714289188385,0.07188859134912491,0.07923671544524079,22.021470706479057,11,10,0,0,0,0,14,3,0.9236957322467457,0,0,0,0
168458,0.01613945811986923,0.054120992124080655,0.061511434806826144,24.220882851357388,5,1,0,0,0,0,5,0,0.9823667883872986,0,0,0,0
219440,0.03034164048731327,0.10027372241020202,0.1169677246637948,18.638679164071466,4,5,0,0,0,0,4,0,0.8906192928552628,0,0,0,0
276434,0.026727750897407532,0.09334669262170792,0.10502706157465724,19.573975698925253,10,11,1,0,0,1,9,0,0.9748039378060235,1,0,0,1
15956,0.01821860745549202,0.06455331891775132,0.07662973395892975,22.31205364425433,6,4,0,0,0,0,6,0,0.9840580026308695,0,0,0,0
389451,0.013448761217296124,0.04817997217178345,0.06132890285804249,24.246696090877563,17,17,1,0,2,1,16,0,0.9330137223005295,0,0,2,1
330396,0.021574390307068824,0.07428891062736512,0.08639005373352687,21.270725117389272,7,6,0,0,0,0,7,0,0.9570510217121669,0,0,0,0
565607,0.01924048587679863,0.06368589028716087,0.0675850024970886,23.40299331648574,2,10,0,0,0,0,2,0,0.9948653280735016,0,0,0,0
319607,0.02013626918196678,0.07721055001020431,0.09558060328999846,20.39260465213826,17,10,4,0,1,1,15,2,0.9100519418716431,0,1,0,1
433204,0.015369660407304763,0.053271403163671495,0.06912768690936394,23.206959497186016,10,8,0,0,0,0,10,0,0.9594011306762695,0,0,0,0
300233,0.01590126398950815,0.05563792660832405,0.06527133597992396,23.70554996064428,6,4,1,0,0,1,5,0,0.9836349248886108,0,0,0,0
367228,0.022047967091202735,0.07952496856451034,0.10741873169194162,19.378399594124346,3,2,0,0,0,0,3,0,0.9729957381884257,0,0,0,0
205282,0.018527015671133996,0.06139091476798057,0.07550259853465908,22.440762024411406,6,5,0,0,0,0,6,0,0.9783992270628611,0,0,0,0
182162,0.02084454372525215,0.0745779350399971,0.0869958613466292,21.210028151552795,7,9,0,0,0,0,9,2,0.9666339329310826,0,0,0,0
186637,0.01592855453491211,0.06177208945155144,0.07081084753912101,22.99800414972944,2,1,1,0,0,1,1,0,0.9372156262397766,0,0,0,0
361147,0.015632756054401398,0.05318424701690674,0.06741196445142472,23.425260338107492,13,15,1,0,0,1,12,0,0.9584431648254395,0,0,0,0
97679,0.017083839699625968,0.05997743755578995,0.07122299720149063,22.947595086506915,7,5,0,1,0,1,7,0,0.961056669553121,0,0,0,0
437351,0.02405615746974945,0.08336225599050522,0.10301497970169515,19.741992374097567,8,4,0,0,0,0,8,0,0.9485249891877174,0,0,0,0
438269,0.0253799956291914,0.08520500361919403,0.09071172493461349,20.84673149246924,1,1,0,0,0,0,1,0,0.9796802401542664,0,0,0,0
4495,0.01915503926575184,0.06605672538280487,0.08010094122939156,21.927247613813545,3,3,0,0,0,0,3,0,0.9755312005678812,0,0,0,0
231339,0.0191825482994318,0.06682258546352386,0.07705173511863644,22.264351540218282,5,3,0,0,0,0,5,0,0.9322667479515075,0,0,0,0
12670,0.01731949355453253,0.0630912572145462,0.08209570757246323,21.713590993135476,50,28,1,1,1,1,51,2,0.9544229631622633,0,0,0,0
148719,0.014058693125844002,0.047019350528717044,0.05683983456349291,24.906943895773374,9,6,0,0,0,0,9,0,0.9735127886136373,0,0,0,0
41633,0.0210812509059906,0.07392237484455108,0.0769829376551512,22.272110406507096,7,3,2,0,0,1,5,0,0.927974283695221,1,0,0,1
546556,0.013313424587249757,0.0482714369893074,0.06660837113104254,23.52942373264259,44,4,1,0,0,1,46,3,0.9793088131172712,0,0,0,0
289417,0.023130549117922783,0.08609302639961243,0.09780545831069262,20.192738150042153,14,12,1,0,0,1,13,0,0.9567317549998944,0,0,0,0
169169,0.01638973839581013,0.05968236997723579,0.06702817730356651,23.474851804208413,20,19,0,0,0,0,20,0,0.963330426812172,0,0,0,0
366199,0.02561877518892288,0.08997002989053726,0.094559933015284,20.485856882196927,3,2,0,0,0,0,3,0,0.9078583319981893,0,0,0,0
359135,0.022545823454856874,0.07633818835020065,0.08750807160930324,21.15903772956365,2,2,0,0,0,0,2,0,0.9337708950042725,0,0,0,0
205542,0.023925578221678734,0.08119651079177856,0.09268051183903274,20.660231528661154,2,1,0,0,0,0,3,1,0.9818471074104309,0,0,0,0
123321,0.02515590488910675,0.0922925740480423,0.10501090765972991,19.575311753764,17,21,2,0,1,1,16,1,0.9406292001406352,0,0,0,0
131386,0.02308417819440365,0.08383317291736603,0.09332599113535606,20.59994778215472,18,4,2,2,1,1,14,0,0.910753880228315,0,1,1,1
185473,0.029349640011787415,0.10382251441478729,0.14682312141902126,16.664110943713013,21,16,1,0,1,1,21,1,0.9197869330644608,0,0,1,1
299887,0.016823004372417925,0.0582097552716732,0.0752694433836801,22.467625911090835,5,4,0,0,0,0,5,0,0.9783879160881043,0,0,0,0
199771,0.020222777128219606,0.0770665541291237,0.09458168378648146,20.483859174847364,21,20,1,0,0,1,20,0,0.9559170633554459,0,0,0,0
28449,0.020737810432910918,0.07565916031599045,0.09030349803399207,20.885908526966617,5,5,0,0,0,0,5,0,0.9519072651863099,0,0,0,0
206994,0.015197136998176574,0.053765834867954256,0.06194330911749088,24.160111952113358,2,2,0,0,0,0,2,0,0.9614537358283997,0,0,0,0
79188,0.017783683352172376,0.061141356080770495,0.08585002789548953,21.325191187730436,3,1,0,0,0,0,3,0,0.9861674706141154,0,0,0,0
89880,0.020740678161382677,0.0712270125746727,0.08272144674654189,21.647637572878523,2,2,0,0,0,0,3,1,0.9451878070831299,0,0,0,0
46497,0.01669977568089962,0.06055378466844559,0.07041165961775239,23.04710838296096,7,4,0,0,0,0,8,1,0.875431375844138,0,0,0,0
451714,0.020244210213422775,0.06685027405619622,0.07682824043382191,22.289582263384418,12,6,0,1,0,1,12,0,0.8713175058364868,0,0,0,0
383384,0.013850831612944602,0.05069224834442139,0.06922075342518703,23.195273559774392,9,12,0,0,0,0,9,0,0.984674314657847,0,0,0,0
503755,0.01952292900532484,0.07113712430000305,0.08239863324445777,21.68159983870645,2,2,0,0,0,0,2,0,0.9866811633110046,0,0,0,0
527220,0.021097592636942865,0.07139450609683991,0.07906483979127037,22.040332094748543,5,4,0,0,0,0,5,0,0.953932237625122,0,0,0,0
409542,0.016239201463758946,0.058724361658096316,0.07061412699708923,23.022168114054047,10,8,0,0,0,0,12,2,0.9648239970207214,0,0,0,0
211825,0.02266799844801426,0.07571122497320175,0.08791349324676673,21.1188892578234,7,6,0,0,0,0,7,0,0.9695988297462463,0,0,0,0
338901,0.02268594577908516,0.08553145676851273,0.09261927269691898,20.66597267348361,5,4,0,0,0,0,6,1,0.9666134595870972,0,0,0,0
568195,0.018752342835068703,0.06678374037146569,0.07850543142309761,22.1020059082848,10,13,1,0,0,1,9,0,0.9621175593800015,0,0,0,0
115870,0.0185840230435133,0.06517933830618858,0.07597955666658582,22.38606489680974,17,15,0,1,0,1,17,0,0.9509962573647499,0,0,0,0
210855,0.02583683505654335,0.09064486026763915,0.10070196514260482,19.939241086988797,7,5,1,0,0,1,6,0,0.9382640024026235,1,0,0,1
271728,0.02250423952937126,0.07993714213371277,0.09598857204857583,20.35560937914046,14,8,3,0,1,1,12,1,0.9500678777694702,0,1,0,1
34071,0.04717089310288429,0.18245998919010162,0.1919575567368917,14.335895729328543,2,2,1,0,0,1,4,3,0.9785004258155823,1,0,0,1
196141,0.014140518382191658,0.05132455602288246,0.06539743866996674,23.68878521494672,19,13,1,0,0,1,19,1,0.9502303269174364,1,0,0,1
359540,0.013885274156928062,0.047330982983112335,0.056940699716205856,24.89154400650696,9,9,0,0,0,0,9,0,0.9651459256807963,0,0,0,0
500565,0.02036348357796669,0.07370746731758118,0.07933111533512777,22.01112879641778,3,3,0,0,0,0,3,0,0.9153956373532613,0,0,0,0
132622,0.019699447229504584,0.06807542815804482,0.07450039099247409,22.556828959684246,1,1,0,0,0,0,1,0,0.9847315549850464,0,0,0,0
118209,0.016859053075313567,0.05956539735198021,0.11612543912867976,18.701452614187456,2,2,0,0,0,0,2,0,0.9523410499095917,0,0,0,0
270883,0.023032611608505248,0.08577654361724854,0.0949705600493813,20.448220018350117,7,3,0,0,0,0,7,0,0.9319360511643546,0,0,0,0
121586,0.021427625417709352,0.07530873566865921,0.08700844663999022,21.20877169450697,36,15,2,2,0,1,37,4,0.9119436852633953,1,1,0,1
348881,0.02528122514486313,0.09136367589235306,0.09565020693685697,20.38628172100598,7,5,0,0,0,0,8,1,0.9556372080530439,0,0,0,0
347163,0.02037021704018116,0.07052828818559646,0.07777008951557766,22.183748023186553,1,1,0,0,0,0,1,0,0.9486303925514221,0,0,0,0
7816,0.013182648830115795,0.05012537837028504,0.05930483527383727,24.538197921201338,16,11,2,1,0,1,13,0,0.954450419315925,0,0,0,0
232692,0.01898568421602249,0.06653117388486862,0.0796122902927407,21.980397641654736,9,9,0,0,0,0,9,0,0.889223595460256,0,0,0,0
332318,0.016505177319049835,0.05802900940179825,0.06364133198549393,23.925214786701346,17,17,0,0,0,0,17,0,0.962145093609305,0,0,0,0
456143,0.02004855200648308,0.0754165455698967,0.08208130027114278,21.71511544812727,16,8,0,0,0,0,16,0,0.9331471845507622,0,0,0,0
168337,0.01794026084244251,0.06153047159314155,0.07144105235407922,22.921043134964812,10,6,0,0,0,0,10,0,0.9814138293266297,0,0,0,0
297578,0.02865164875984192,0.10529623031616211,0.12062400003915008,18.371325477817617,6,10,0,0,0,0,7,1,0.9667782187461853,0,0,0,0
92939,0.017876061424613,0.06517829149961471,0.07514695091974076,22.481772723523026,12,14,0,0,0,0,12,0,0.9620261540015539,0,0,0,0
439290,0.017344505712389945,0.06384769380092621,0.0679748613374884,23.353033393213085,6,8,0,0,0,0,7,1,0.9789076546827952,0,0,0,0
76417,0.022271984443068504,0.07508292347192765,0.07697435223379731,22.27307914299898,4,5,0,0,0,0,4,0,0.9713333398103714,0,0,0,0
438226,0.020606429502367973,0.07001403272151947,0.07951661316139245,21.990842521068608,7,6,0,0,0,0,7,0,0.9081370234489441,0,0,0,0
172396,0.028437437117099763,0.10509227067232133,0.12009853195491009,18.40924602476093,2,2,0,0,0,0,2,0,0.9098331332206726,0,0,0,0
539962,0.017446811869740488,0.0641694724559784,0.07796776386795261,22.161698425176112,21,18,0,0,0,0,23,2,0.9497130030677432,0,0,0,0
110449,0.03162585347890854,0.11158939152956009,0.11940295814682073,18.45969827302298,3,4,0,0,0,0,4,1,0.9504122734069824,0,0,0,0
360325,0.025091935694217683,0.08130214065313339,0.10249547599529411,19.785906066533293,16,13,0,2,0,1,17,1,0.9098278667245593,0,1,0,1
379441,0.021765201538801193,0.07417144179344178,0.08484354477436354,21.427623897926704,44,19,3,0,2,1,43,2,0.929238035911467,0,0,1,1
377393,0.023016906902194025,0.08059966415166855,0.0868778355765887,21.22182014756617,14,15,1,0,1,1,13,0,0.9017006250528189,0,0,0,0
290771,0.017123350501060487,0.06257186233997344,0.07988234370137735,21.950984033351787,17,17,1,1,0,1,18,3,0.9429169178009034,1,0,0,1
550471,0.02879648432135582,0.10629540979862213,0.11529379977064189,18.763880948260343,6,2,1,0,0,1,5,0,0.9206426620483399,0,0,0,0
192191,0.021089623123407363,0.07581510841846466,0.08712226064475867,21.19741728102211,6,2,0,0,0,0,6,0,0.9529029925664266,0,0,0,0
559842,0.012064829468727112,0.04376195073127746,0.05894403581123925,24.591202639302328,26,17,0,0,0,0,26,0,0.980584231706766,0,0,0,0
563603,0.015877357311546804,0.057208966463804245,0.06832433666490396,23.308491520308024,3,4,0,0,0,0,3,0,0.981992224852244,0,0,0,0
218439,0.02124674804508686,0.07909718304872512,0.09078281858218246,20.839926752267473,10,13,2,0,0,1,9,1,0.9385970458388329,0,0,0,0
171740,0.02539394162595272,0.09500138163566589,0.10621293302489176,19.476451962761526,4,3,0,0,0,0,4,0,0.9399990439414978,0,0,0,0
459662,0.02079317830502987,0.07944625318050384,0.09131308464722403,20.7893397214003,6,5,0,0,0,0,7,1,0.9884157081445059,0,0,0,0
267300,0.023121200129389764,0.07534093260765076,0.08556479017910597,21.35409820568485,8,3,0,0,0,0,9,1,0.9401118531823158,0,0,0,0
369751,0.01622531432658434,0.055838724970817565,0.07256684074966861,22.78523567667753,12,10,1,0,0,1,12,1,0.9772071079774336,0,0,0,0
332901,0.02651180624961853,0.09487216025590897,0.10347810570088022,19.70303060397747,8,9,0,0,1,1,8,0,0.9384607300162315,0,0,0,0
312263,0.021686117723584176,0.07320518642663956,0.08274292040940193,21.64538309513228,1,1,0,0,0,0,1,0,0.983506977558136,0,0,0,0
370813,0.019927748665213584,0.06803759038448334,0.07631288048987099,22.348043066967268,3,2,0,0,0,0,3,0,0.942230741182963,0,0,0,0
74200,0.024317141994833945,0.08973086774349212,0.10754649629644734,19.368074674178487,12,9,0,0,0,0,13,1,0.9560994307200114,0,0,0,0
240023,0.018616440147161482,0.06441857442259788,0.07456410626094939,22.5494036661484,10,9,0,0,0,0,10,0,0.9642847418785095,0,0,0,0
356261,0.015274575538933277,0.05546683967113495,0.12405962115463028,18.12739098779712,1,2,0,0,0,0,1,0,0.9907370209693909,0,0,0,0
2153,0.013151212222874164,0.04602998942136764,0.05529551301939022,25.146202165942203,6,5,0,0,0,0,6,0,0.9202907780806223,0,0,0,0
400922,0.019922926276922225,0.07275821119546891,0.08621942830740474,21.28789722272139,2,2,0,0,0,0,2,0,0.9748789668083191,0,0,0,0
544605,0.01971235014498234,0.07379828095436096,0.07878313892351024,22.071334395391006,1,1,0,0,0,0,1,0,0.9240536689758301,0,0,0,0
374727,0.017402166686952113,0.06043786332011223,0.06901136969569169,23.221587057914626,0,0,0,0,0,0,0,0,,0,0,0,0
535156,0.016102474182844162,0.05601809322834015,0.07802499180399071,22.155325365647798,3,3,0,0,0,0,3,0,0.9575269818305969,0,0,0,0
563281,0.023203812167048456,0.07972548604011535,0.09049769662091864,20.8672494893888,4,2,2,0,0,1,2,0,0.9804429709911346,1,0,0,1
334767,0.014306318946182728,0.05048610046505928,0.06390610486831667,23.889153045288808,14,11,0,0,0,0,14,0,0.9516918701784951,0,0,0,0
90631,0.020596752315759657,0.06885201781988144,0.07719705960740994,22.24798482763663,1,1,0,0,0,0,1,0,0.995099663734436,0,0,0,0
163562,0.022141896933317185,0.07986291199922561,0.08653986420131735,21.255675812666116,2,2,0,0,0,0,2,0,0.991117000579834,0,0,0,0
153568,0.02199579030275345,0.0849966585636139,0.09244937385837897,20.68192051773743,1,1,0,0,0,0,1,0,0.952094554901123,0,0,0,0
262487,0.014830435812473296,0.054291731864213946,0.06238323804418904,24.09864173289643,8,4,0,0,0,0,8,0,0.9757568463683128,0,0,0,0
248616,0.01384331490844488,0.0475653313100338,0.06055362901487071,24.35719648430627,10,7,1,0,0,1,10,1,0.9604654775725471,0,1,0,1
254368,0.021151081100106238,0.07405173033475876,0.07754786268459238,22.208603347614616,5,2,0,0,0,0,6,1,0.9721986293792725,0,0,0,0
125936,0.02135901413857937,0.07411843836307526,0.0859086709425433,21.319259994050146,26,29,1,0,0,1,25,0,0.9595488333702087,0,0,0,0
134886,0.02042232882231474,0.07705443054437637,0.09245552768432849,20.681342366994826,8,12,0,0,0,0,9,1,0.932241253554821,0,0,0,0
447789,0.018505164235830308,0.0650763563811779,0.06598452384013055,23.611158258548915,1,0,0,0,0,0,1,0,0.9915758967399597,0,0,0,0
561335,0.019869254529476167,0.0703528180718422,0.08003457672360567,21.934446951143705,1,2,0,0,0,0,1,0,0.9834136962890625,0,0,0,0
368900,0.02257557213306427,0.08649437427520752,0.10073181798836896,19.936666558311856,4,6,1,0,0,1,5,2,0.9764249722162882,0,0,0,0
200961,0.014186918921768665,0.048704010993242265,0.06135975211945192,24.242328070285698,12,8,1,0,0,1,11,0,0.9676035154949535,0,0,0,0
5600,0.024494977295398714,0.08848958015441895,0.102480755508158,19.787153630955423,11,3,0,1,0,1,12,2,0.9297225415706635,0,1,0,1
502910,0.022931847348809244,0.08446975350379944,0.08780725100762946,21.129392382885925,0,0,0,0,0,0,0,0,,0,0,0,0
541634,0.019069419614970683,0.06460325866937637,0.07266405516606356,22.773607382121796,7,11,0,0,0,0,7,0,0.9845071860722133,0,0,0,0
128699,0.02512464188039303,0.08197484463453293,0.09980973124692212,20.016542276294796,14,13,0,0,0,0,15,1,0.9486231463296073,0,0,0,0
204186,0.014989572577178478,0.05361186265945435,0.06743632183983059,23.422122506761106,30,19,0,0,0,0,31,1,0.9603446741898854,0,0,0,0
357737,0.012703578360378743,0.04374570846557617,0.05348598223390397,25.435200485240436,13,11,0,0,0,0,14,1,0.9439535874586839,0,0,0,0
463918,0.027674738317728043,0.10828320980072022,0.12670229693557947,17.944310237863085,15,10,1,0,0,1,14,0,0.9235550250325885,0,0,0,0
287667,0.01916760504245758,0.06890366971492767,0.08318355230664365,21.599250745487627,7,5,0,0,0,0,7,0,0.9736789975847516,0,0,0,0
256941,0.027776478603482247,0.10585417449474335,0.1103148678788025,19.14731901636886,5,3,1,0,0,1,6,2,0.9651846289634705,0,0,0,0
499622,0.017400004528462888,0.06312685459852219,0.07691671994482556,22.279584883948257,2,2,0,0,0,0,2,0,0.9624427556991577,0,0,0,0
488710,0.022410215437412263,0.07730932831764221,0.08155146400844134,21.77136476235014,1,1,0,0,0,0,2,1,0.9953278303146362,0,0,0,0
236426,0.016410953365266323,0.05992781445384025,0.07299720510552789,22.733875353887697,18,19,1,0,0,1,17,0,0.9451947212219238,1,0,0,1
50943,0.02342027723789215,0.08297260105609894,0.09639021892509575,20.319340666834286,2,2,0,0,0,0,2,0,0.9566169381141663,0,0,0,0
482487,0.02505680061876774,0.09279082417488098,0.10134677237742153,19.88380155727758,3,2,0,0,0,0,3,0,0.973737100760142,0,0,0,0
75456,0.022578779980540274,0.07940765917301178,0.08715880593198154,21.193774563628914,1,1,0,0,0,0,1,0,0.9904149174690247,0,0,0,0
475191,0.027151362970471382,0.0982494205236435,0.10509934064991851,19.56800017096708,3,2,0,0,0,0,3,0,0.9003352920214335,0,0,0,0
311518,0.016834204830229283,0.05932280123233795,0.06805755529749721,23.3424731059431,1,1,0,0,0,0,1,0,0.9755429029464722,0,0,0,0
27186,0.020593655481934547,0.07857716828584671,0.10683554146590087,19.425684890954127,4,4,0,1,0,1,5,1,0.9548419316609701,0,0,0,0
81594,0.017611031606793403,0.05934243202209473,0.07183575832258773,22.873186386358277,6,3,0,0,0,0,6,0,0.9695256451765696,0,0,0,0
249550,0.02064056508243084,0.07169755101203919,0.07974053295954105,21.966417319643984,7,3,0,0,0,0,8,1,0.954673877784184,0,0,0,0
540962,0.02638947181403637,0.0958870530128479,0.10743478911383374,19.37710128638274,10,4,0,0,0,0,12,2,0.9436821043491364,0,0,0,0
493286,0.017441418953239918,0.0638969898223877,0.07303121406642077,22.72982959227449,9,8,0,1,1,1,10,2,0.9746800363063812,0,0,0,0
134096,0.02105158567428589,0.07708259224891663,0.08175230078015995,21.750000320248503,4,4,0,0,0,0,5,1,0.9767942130565643,0,0,0,0
198805,0.015263742581009866,0.05432640165090561,0.06297181388765384,24.01707593543465,14,8,0,0,0,0,14,0,0.9130973603044238,0,0,0,0
260105,0.019149184599518775,0.06834020540118217,0.07812159287113611,22.144578203717398,14,5,0,0,0,0,15,1,0.957376914364951,0,0,0,0
31217,0.017267336882650853,0.06261806711554527,0.07211412303028777,22.839593470250428,3,3,0,0,0,0,3,0,0.988828182220459,0,0,0,0
89670,0.027891008555889128,0.10525017976760864,0.11698067354888589,18.63771764787549,5,3,0,0,0,0,6,1,0.9498983979225158,0,0,0,0
290081,0.016697587817907332,0.059917137026786804,0.07408152366156162,22.605801878843295,6,4,0,0,0,0,7,1,0.9598884781201681,0,0,0,0
453302,0.02391335442662239,0.08292486667633056,0.09500612429615878,20.444967965318,17,7,1,0,0,1,16,0,0.9738653935492039,0,0,0,0
125806,0.023005647212266923,0.08075035065412521,0.10278707535585893,19.76122981858866,3,2,1,0,0,1,2,0,0.9465246200561523,0,0,0,0
368940,0.025214219465851784,0.08624272495508194,0.09427533897379228,20.512037947646988,2,1,0,0,0,0,2,0,0.9845339059829712,0,0,0,0
312552,0.03626512363553047,0.13352245688438416,0.14190782181082845,16.959873320496627,5,2,1,0,0,1,4,0,0.9279866814613342,0,0,0,0
386912,0.018581653386354445,0.06558976769447326,0.07970957081292869,21.969790585455044,60,17,3,2,2,1,61,6,0.9197270436720415,0,2,1,1
313454,0.022837802395224573,0.0803370863199234,0.09356089923778668,20.578112254544585,16,7,1,0,0,1,16,1,0.9592425505320231,1,0,0,1
468501,0.01893051080405712,0.06817776337265968,0.07818462593589645,22.137572746379686,9,11,1,0,1,1,8,0,0.9726803824305534,0,0,0,0
343315,0.01567708607763052,0.05624899864196777,0.06334705244671973,23.965471762700332,1,1,0,0,0,0,1,0,0.9915517568588257,0,0,0,0
3553,0.02389633171260357,0.08670974522829056,0.10082017527343365,19.929051037735405,4,2,0,0,0,0,4,0,0.9514903724193573,0,0,0,0
163258,0.02457667179405689,0.0875413879752159,0.09634268936362064,20.323624694274677,2,2,0,0,0,0,3,1,0.9743064641952515,0,0,0,0
559956,0.01853865422308445,0.06429346203804016,0.07604929942597041,22.37809564716683,8,9,0,0,0,0,8,0,0.9715428724884987,0,0,0,0
564091,0.024636022746562958,0.09690228998661041,0.12632806257574408,17.970003286908657,7,5,0,0,0,0,7,0,0.972028408731733,0,0,0,0
551304,0.028360755741596223,0.10592426061630249,0.12417377890442914,18.11940204121903,1,1,0,0,0,0,1,0,0.9892212152481079,0,0,0,0
269682,0.02171107567846775,0.07495232522487641,0.09116040044549716,20.80387551474598,13,10,1,0,0,1,12,0,0.9698920498291651,0,0,0,0
515077,0.02608404979109764,0.098677259683609,0.10800233896895424,19.331336780944216,15,12,2,0,0,1,15,2,0.971582985841311,0,0,0,0
372466,0.028959934785962104,0.09946164786815644,0.10803396376684463,19.32879378698639,13,7,0,0,0,0,14,1,0.9141970964578482,0,0,0,0
776,0.020873528718948365,0.0707162469625473,0.0794884278190849,21.993921854575888,5,4,0,0,0,0,6,1,0.9181398987770081,0,0,0,0
81738,0.021020065993070602,0.07177259624004365,0.08197279481506821,21.72660515283137,5,5,0,0,0,0,5,0,0.9165615320205689,0,0,0,0
202001,0.017482071928679944,0.06176546961069107,0.0837412618499601,21.541209985125576,8,3,0,0,0,0,9,1,0.9310912787914276,0,0,0,0
286182,0.01962146833539009,0.07118051201105118,0.08276889668595121,21.642656678648827,33,35,1,0,0,1,33,1,0.9558941330760717,0,1,0,1
440171,0.017876406013965607,0.06518326550722123,0.08259827960047152,21.660579965893312,4,3,0,0,0,0,4,0,0.9570324569940567,0,0,0,0
370208,0.016976344957947732,0.057357357442379,0.06514241057467553,23.722723490826823,3,4,0,0,0,0,3,0,0.9584266344706217,0,0,0,0
461275,0.017485830187797546,0.0634968675673008,0.06847400409594803,23.289485510440826,1,0,0,0,0,0,1,0,0.9515577554702759,0,0,0,0
155291,0.023327362909913062,0.08238761872053146,0.09346441132538263,20.587074500674593,1,1,0,0,0,0,1,0,0.9794979691505432,0,0,0,0
141328,0.016994244419038296,0.060997792333364484,0.06739516946597089,23.427424606223582,17,15,0,0,0,0,17,0,0.9633069213698892,0,0,0,0
295478,0.018767571449279784,0.06777922809123993,0.08364368498882456,21.551336844906764,4,3,0,0,0,0,4,0,0.9573439657688141,0,0,0,0
140420,0.015999785624444485,0.058449679613113405,0.06878600046777138,23.249998833619962,3,1,0,0,0,0,3,0,0.9461705883344015,0,0,0,0
172617,0.01919519789516926,0.06891983598470688,0.07509210196934717,22.48811477563114,9,12,0,0,0,0,10,1,0.9610631068547567,0,0,0,0
164883,0.020069275051355362,0.0730695366859436,0.08388083886671532,21.526744698763395,4,4,2,0,0,1,2,0,0.9853802919387817,0,0,0,0
74457,0.017685515433549882,0.06377921923995018,0.07826274666121372,22.12889828871787,2,2,0,0,0,0,2,0,0.9872134029865265,0,0,0,0
451308,0.025903504341840744,0.09404350519180298,0.10378772802161718,19.67707989845514,24,22,1,1,0,1,22,0,0.9322280477393757,0,1,0,1
506933,0.022513828054070473,0.0832180306315422,0.09077134549482857,20.841024540040102,7,5,0,0,0,0,7,0,0.9514421309743609,0,0,0,0
521717,0.020893537625670432,0.07484391331672668,0.08161436455017038,21.764667928882943,7,6,0,0,0,0,7,0,0.9637184398514884,0,0,0,0
277584,0.021960798278450967,0.07845729440450669,0.08846073434368125,21.064989194402944,2,2,0,0,0,0,2,0,0.8999221920967102,0,0,0,0
3501,0.019846851378679274,0.07014209032058716,0.08382240983387244,21.532797153386657,8,3,0,0,0,0,8,0,0.9733306169509888,0,0,0,0
388215,0.018572431430220603,0.06571832746267318,0.07768822279307269,22.192896268421975,3,3,0,0,0,0,3,0,0.9639549851417542,0,0,0,0
355240,0.024265540391206743,0.08999383896589279,0.09549968900975214,20.399960853470308,4,4,0,0,0,0,4,0,0.8356137722730637,0,0,0,0
402096,0.021780304610729218,0.07848494201898575,0.08414720943392488,21.499205638336672,1,0,0,0,0,0,1,0,0.9931401014328003,0,0,0,0
158956,0.029615995660424232,0.106923146545887,0.11682931514873533,18.648963382503624,5,5,0,0,0,0,5,0,0.9197031021118164,0,0,0,0
72813,0.02349834069609642,0.08294908553361893,0.09344414289867095,20.588958302290585,6,3,1,0,0,1,5,0,0.9402036905288697,0,0,0,0
427055,0.01678075361996889,0.05924646034836769,0.0727215847939084,22.766733305361562,11,9,0,0,0,0,12,1,0.947586552663283,0,0,0,0
490125,0.01801950894296169,0.0618937149643898,0.07422899011101043,22.58852896008978,13,14,0,0,0,0,14,1,0.9682116691882794,0,0,0,0
78823,0.01567006167024374,0.05523898676037788,0.0681535918596198,23.33022501706861,8,5,1,0,0,1,7,0,0.9836205584662301,1,0,0,1
456394,0.0252269946038723,0.09766919910907745,0.10345957878443839,19.70458588137779,7,3,2,0,0,1,6,1,0.8654969930648804,0,0,0,0
415727,0.021466078609228133,0.07688150256872177,0.08359409348798334,21.55648814887458,4,11,0,0,0,0,4,0,0.9575399309396744,0,0,0,0
322968,0.015861623175442218,0.05744553878903389,0.06928450066889524,23.187278172649208,4,1,0,0,0,0,4,0,0.979864314198494,0,0,0,0
251537,0.021346495300531388,0.07637741863727569,0.08213405929744555,21.70953425161985,2,2,1,0,0,1,1,0,0.9900973439216614,0,0,0,0
342367,0.023900823667645454,0.08216207474470139,0.09222743634403612,20.702797266496987,8,6,1,0,0,1,7,0,0.9425342849322728,0,0,0,0
319935,0.01959790587425232,0.07148499935865402,0.08297264456669028,21.621301350537472,17,13,0,0,0,0,18,1,0.9634199598256279,0,0,0,0
278705,0.018168435990810396,0.06389688700437546,0.06975526797223146,23.128459771157942,9,6,0,0,0,0,9,0,0.9748146202829149,0,0,0,0
118405,0.017971309833228588,0.06689909845590591,0.07464756848666282,22.539686681759257,1,2,0,0,0,0,1,0,0.9803023338317871,0,0,0,0
379533,0.017761270888149737,0.06202866733074188,0.07713593141514354,22.254865440213987,4,3,1,0,0,1,3,0,0.9726167917251587,0,0,0,0
158227,0.018733689188957216,0.06510127931833268,0.0761176150227573,22.370296556592297,4,2,0,0,0,0,4,0,0.9427497237920761,0,0,0,0
268378,0.016218831390142442,0.05808911472558975,0.07067758846430439,23.01436554281669,28,21,1,0,0,1,27,0,0.9709089464611478,0,0,0,0
562243,0.02261362262070179,0.07686865031719207,0.10144207093386884,19.875637865514395,2,2,0,0,0,0,2,0,0.9579690098762512,0,0,0,0
100283,0.020841681957244874,0.07553283125162125,0.08476074143418848,21.4361050601384,3,6,0,0,0,0,3,0,0.9871948957443237,0,0,0,0
122217,0.02913753651082516,0.10532531440258026,0.11820765584597531,18.547087899892396,5,4,0,0,0,0,5,0,0.9616568803787231,0,0,0,0
506279,0.023057449609041214,0.08191188275814057,0.0921465028717678,20.71042284803297,3,2,0,0,0,0,3,0,0.8626509706179301,0,0,0,0
182021,0.02886100821197033,0.09618264734745026,0.10430582859227919,19.63382845184565,2,5,0,0,0,0,2,0,0.978217601776123,0,0,0,0
446206,0.016389014944434167,0.05885216370224953,0.06752812205457084,23.4103065553306,4,6,1,0,0,1,3,0,0.8769676486651102,0,1,0,1
243075,0.023716536909341814,0.08080852627754212,0.0874858596999823,21.161242722532325,1,1,0,0,0,0,1,0,0.9731335043907166,0,0,0,0
249219,0.015918677486479283,0.05776199698448181,0.06619222307589791,23.583860656410145,5,1,0,0,0,0,5,0,0.9502624273300171,0,0,0,0
361180,0.02046721465885639,0.0699548989534378,0.08240687915665583,21.68073065560288,1,1,0,0,0,0,1,0,0.9905393123626709,0,0,0,0
99114,0.015675569511950017,0.06128636747598648,0.07360378403410048,22.661997152683576,23,20,0,0,0,0,24,1,0.9534860149673794,0,0,0,0
361142,0.015598292089998722,0.05572671145200729,0.07529574106989852,22.46459175942581,21,16,2,0,0,1,19,0,0.9443526613084894,0,1,0,1
325306,0.014560042880475521,0.0505033440887928,0.05693047581663645,24.893103728063423,2,2,0,0,0,0,2,0,0.9066298305988312,0,0,0,0
139872,0.013336871564388276,0.04712177813053131,0.0625643528101419,24.07346087170614,3,4,0,0,0,0,3,0,0.9423653682072958,0,0,0,0
558558,0.0316105417907238,0.11917364895343781,0.13370761262165345,17.476877310937063,11,5,2,0,0,1,10,1,0.9670492940478854,0,0,0,0
333772,0.023920708894729616,0.08010340034961701,0.09886399626954066,20.099236770336727,5,8,0,0,0,0,5,0,0.9412840485572815,0,0,0,0
276055,0.021640901640057563,0.07779965102672577,0.09206636737015843,20.71797984626075,5,8,0,0,0,0,5,0,0.9806464314460754,0,0,0,0
322864,0.021210549771785735,0.07447910457849502,0.0846467041384218,21.447798944216725,11,6,0,0,0,0,12,1,0.8948609341274608,0,0,0,0
503823,0.023998106271028517,0.08574048429727554,0.095594704951437,20.391323257837737,3,4,0,0,0,0,3,0,0.890910267829895,0,0,0,0
124442,0.017375821992754937,0.05898234024643898,0.07166056404391485,22.89439555605356,2,2,0,0,0,0,2,0,0.9768525063991547,0,0,0,0
14439,0.01171155869960785,0.04114474579691887,0.051030350631149,25.843428952128626,26,20,0,0,0,0,26,0,0.9675004826142237,0,0,0,0
469828,0.020035739243030547,0.07965759038925171,0.08541532850634177,21.36928368965104,3,2,0,0,0,0,3,0,0.9522950251897176,0,0,0,0
132116,0.015966153144836424,0.05746280699968338,0.06887769930775076,23.2384273572889,10,8,1,0,0,1,10,1,0.9408763845761617,0,1,0,1
8211,0.015043456852436066,0.05362777858972549,0.06592322470408117,23.619231136372058,11,6,1,0,0,1,11,1,0.9564826250076294,1,0,0,1
491867,0.0186208788305521,0.06440535038709641,0.0778993133063142,22.169327413581563,9,6,0,0,0,0,9,0,0.9767162866062589,0,0,0,0
503855,0.016007075645029546,0.05503725185990334,0.06530748542997455,23.7007407559318,21,17,0,0,0,0,21,0,0.9851174297786894,0,0,0,0
165518,0.02241959422826767,0.07831229269504547,0.09094351205496283,20.82456556460661,3,2,0,0,0,0,3,0,0.9702117045720419,0,0,0,0
189213,0.02118719145655632,0.08204152286052704,0.09580171351005289,20.37253446116282,3,3,0,0,0,0,3,0,0.9802161852518717,0,0,0,0
55167,0.016038024984300136,0.05582203194499016,0.06692357312595619,23.488417592250457,15,11,1,0,0,1,14,0,0.9635136340345655,0,0,0,0
343218,0.019570010155439375,0.06919687911868096,0.08923793208278082,20.98901004419675,13,22,0,0,0,0,13,0,0.9702159762382507,0,0,0,0
185802,0.022153178602457045,0.07771963328123092,0.08271233160680268,21.64859473046361,4,4,0,0,0,0,4,0,0.8397412300109863,0,0,0,0
214224,0.02644745260477066,0.09833740442991257,0.10896501989610055,19.2542579502268,8,8,0,0,0,0,8,0,0.9598926529288292,0,0,0,0
459437,0.016473063454031944,0.05849331617355347,0.06438025321888907,23.824946389805255,9,6,1,0,0,1,8,0,0.8749646171927452,0,0,0,0
325527,0.028272771462798118,0.10113870054483413,0.10978342520031581,19.189264470470313,2,1,1,0,0,1,1,0,0.996350884437561,0,0,0,0
127530,0.02173483595252037,0.07396626025438309,0.07836716458888635,22.117317324097243,4,3,0,0,0,0,4,0,0.9761684834957123,0,0,0,0
261535,0.017632844112813472,0.0625296801328659,0.07041750747037492,23.046387029514396,8,7,0,0,0,0,8,0,0.9831845462322235,0,0,0,0
270386,0.022760804370045663,0.08778339624404907,0.09320539309089683,20.611179151664324,0,0,0,0,0,0,0,0,,0,0,0,0
482978,0.02661113888025284,0.09597558230161667,0.10605924350215422,19.489029498716782,3,2,2,0,0,1,1,0,0.6859074831008911,1,1,0,1
365886,0.026305552572011948,0.09187306463718414,0.09596252868308555,20.35796633149946,3,2,0,0,0,0,3,0,0.9661006927490234,0,0,0,0
14888,0.02517121285200119,0.09141839742660522,0.100606538278392,19.9474758834237,2,1,0,0,0,0,2,0,0.9785889685153961,0,0,0,0
221708,0.01995280459523201,0.06934291198849678,0.08148084087473098,21.77888995539837,16,9,1,1,0,1,14,0,0.9378537705966404,0,0,0,0
569972,0.014072423614561558,0.04799848198890686,0.05970713918476763,24.47947474318196,3,2,0,0,0,0,3,0,0.9917425115903219,0,0,0,0
138979,0.022318693250417708,0.07592179775238037,0.09257000186897478,20.670594550047472,11,7,1,0,0,1,11,1,0.9372345089912415,0,0,0,0
427338,0.01912328340113163,0.07031411677598953,0.07927398962975248,22.01738568952286,4,4,0,0,0,0,4,0,0.9213752448558807,0,0,0,0
250137,0.023123008385300636,0.08257856070995331,0.0957620099816024,20.3761349390092,27,14,4,0,0,1,24,1,0.9200151821841365,0,1,0,1
150638,0.02344435080885887,0.08402924537658692,0.10219160144914625,19.811695898932008,18,18,1,0,0,1,17,0,0.948363770456875,0,0,0,0
6460,0.01829421576112509,0.0672883152961731,0.07469004977150905,22.534745023172306,1,2,0,0,0,0,1,0,0.9889812469482422,0,0,0,0
184762,0.025559299066662787,0.09129165709018708,0.09240854071064013,20.685757759128258,3,1,0,0,0,0,3,0,0.9821835358937582,0,0,0,0
231237,0.03287774510681629,0.11038749665021896,0.11768274111656138,18.585744487810985,3,2,1,0,0,1,3,1,0.9234144389629364,0,0,0,0
378673,0.01946360319852829,0.07129011303186417,0.08512797275135116,21.39855417659867,43,19,4,0,1,1,41,2,0.9444169845336523,0,0,0,0
130599,0.016262094676494598,0.058752112090587616,0.07455544197693237,22.550413017581377,3,1,0,0,0,0,3,0,0.9856796065966288,0,0,0,0
161925,0.020359913632273675,0.07209358364343643,0.08351735356895694,21.56446551399337,8,3,0,0,0,0,9,1,0.9648107215762138,0,0,0,0
189451,0.025707341358065607,0.09272434860467911,0.09878995106598668,20.10574459378326,4,2,0,0,0,0,4,0,0.9359076619148254,0,0,0,0
357060,0.015704452246427535,0.054777953773736954,0.06979429206195872,23.123601870561924,1,1,0,0,0,0,1,0,0.990006685256958,0,0,0,0
349152,0.023141368106007577,0.0900250107049942,0.09925998057220692,20.064516282831164,17,15,0,0,0,0,17,0,0.9602268233018763,0,0,0,0
458045,0.015072514675557614,0.05315250754356384,0.07139040583685673,22.927202983546575,9,11,0,1,0,1,11,2,0.9823079630732536,0,0,0,0
514540,0.02214748375117779,0.07329514622688293,0.07753182074267599,22.210400340418364,0,0,0,0,0,0,0,0,,0,0,0,0
237928,0.024068514257669447,0.08078820854425431,0.09410917477828623,20.527360695886884,7,4,1,0,0,1,7,1,0.9333671033382416,0,0,0,0
477118,0.01925758272409439,0.06698544174432755,0.07486889918859663,22.513971046757426,0,0,0,0,0,0,0,0,,0,0,0,0
215259,0.021467632800340652,0.07664400339126587,0.08874176710532322,21.037438549475205,14,8,1,0,0,1,14,1,0.9148868368222163,0,0,0,0
520009,0.01579273957759142,0.05664452910423279,0.07129175052878242,22.939214425993583,8,10,0,0,0,0,8,0,0.9645120054483414,0,0,0,0
560178,0.023916427791118623,0.08213051706552506,0.08749276384120597,21.16055728327658,3,4,0,0,0,0,3,0,0.8940108021100363,0,0,0,0
140929,0.02789502777159214,0.09810774028301239,0.10784199630289504,19.344241626986133,1,1,0,0,0,0,1,0,0.8981998562812805,0,0,0,0
170595,0.0210913460701704,0.07830735743045807,0.08519006336479139,21.392221174503394,3,2,0,0,0,0,3,0,0.9694839517275492,0,0,0,0
40083,0.02164459303021431,0.07627932727336884,0.08416503527804074,21.497365804098358,12,11,1,0,0,1,12,1,0.9444414268840443,0,1,0,1
232649,0.01966061778366566,0.07046623229980468,0.0855203417738322,21.358611443592494,5,3,0,0,0,0,5,0,0.8957682013511657,0,0,0,0
15335,0.0264067854732275,0.10505712181329727,0.12098587461751954,18.345306632309857,9,15,1,0,1,1,8,0,0.9552715197205544,0,0,0,0
507037,0.01829528920352459,0.0645686373114586,0.07707798176032973,22.261393312046096,22,26,0,1,1,1,22,1,0.9571861936932519,0,0,0,0
523229,0.023345667868852615,0.08393914848566056,0.09292195799506206,20.637632951716718,2,1,0,0,0,0,2,0,0.9371552765369415,0,0,0,0
295713,0.017564754001796246,0.06679059863090515,0.0786162522932954,22.089753264537812,18,12,1,0,0,1,17,0,0.9442121281343347,0,0,0,0
11197,0.01716361790895462,0.06209252402186394,0.09472141897001046,20.471036092864484,23,16,1,0,1,1,23,1,0.9636517031626268,0,0,0,0
178028,0.02554469145834446,0.09035673141479492,0.1033984835650476,19.70971661055938,9,10,0,1,0,1,9,0,0.9445845112204552,0,0,0,0
347664,0.016693884693086147,0.05541980266571045,0.06875659319123752,23.253713004708732,14,13,0,0,0,0,14,0,0.9841382716383252,0,0,0,0
350019,0.022171777114272116,0.0768369972705841,0.08691609030499836,21.217996350471058,4,2,0,0,0,0,4,0,0.9489787966012955,0,0,0,0
380706,0.018249835819005966,0.06783844530582428,0.08875393524119193,21.03624763517108,10,9,1,0,0,1,10,1,0.9574880997339884,0,0,0,0
163057,0.013367464020848274,0.05059521123766899,0.07016373341490806,23.07774620402759,33,22,1,0,1,1,36,4,0.9589299000799656,0,0,0,0
123213,0.014651552215218544,0.05004127249121666,0.06237415747400921,24.09990615221593,21,16,0,0,0,0,21,0,0.9641128040495373,0,0,0,0
16598,0.018396008387207986,0.06405839920043946,0.07033937161629529,23.056030316285554,2,3,0,0,0,0,2,0,0.9889219403266907,0,0,0,0
286523,0.021801809966564178,0.08080545216798782,0.08766395731041111,21.143578567941233,5,2,0,0,0,0,6,1,0.9080082416534424,0,0,0,0
291490,0.02735344022512436,0.10208420604467391,0.1109122978802826,19.100405938074125,4,2,1,0,0,1,4,1,0.8466026584307352,0,0,0,0
70229,0.019755095615983008,0.07237909883260726,0.09628023891015952,20.329256814713062,5,4,1,0,0,1,4,0,0.8988052308559418,1,0,0,1
336628,0.025766780227422716,0.09306892603635789,0.10072923100710393,19.936889631048516,7,8,0,0,0,0,8,1,0.9496423006057739,0,0,0,0
215072,0.018342067673802375,0.06491479352116585,0.08286717126338555,21.632349717797208,12,9,0,0,0,0,12,0,0.9552377015352249,0,0,0,0
468505,0.024430952966213226,0.09185158610343933,0.11351229276504503,18.899142083788814,13,14,1,0,0,1,12,0,0.9461187918980917,0,0,0,0
558854,0.017392094992101193,0.06048453524708748,0.07457604211713945,22.548013382835002,11,7,0,0,0,0,11,0,0.9594638564369895,0,0,0,0
48153,0.017561256140470504,0.06188439726829529,0.06770868378420047,23.387112570843627,1,2,0,0,0,0,2,1,0.9157800674438477,0,0,0,0
284445,0.01518333088606596,0.05591554045677185,0.07235997269991228,22.810032113270374,25,23,0,0,0,0,27,2,0.9585621356964111,0,0,0,0
410428,0.014250474981963634,0.05163489282131195,0.07981542100172175,21.958263824882955,16,10,1,0,0,1,16,1,0.9478625973065694,0,1,0,1
441543,0.01968432478606701,0.06806995421648025,0.07788435928374664,22.170994969467316,22,16,0,0,0,0,23,1,0.9561621167443015,0,0,0,0
569976,0.02120977230370045,0.07442581951618195,0.08867423080644261,21.044051401460138,7,7,0,0,0,0,8,1,0.9634397455624172,0,0,0,0
34205,0.021455051749944686,0.07649455517530442,0.08112435529087211,21.81697483180788,7,3,0,0,0,0,8,1,0.968486521925245,0,0,0,0
341681,0.019300053268671034,0.06696236729621888,0.0786714019373575,22.083662211252346,3,3,0,0,0,0,3,0,0.9706764419873556,0,0,0,0
80666,0.01719119418412447,0.05875536426901817,0.08345966461593983,21.570467296809063,1,2,0,0,0,0,1,0,0.9833462238311768,0,0,0,0
266206,0.019826817885041238,0.0707434058189392,0.07581976215470583,22.40435164563585,2,2,0,0,0,0,2,0,0.9851296842098236,0,0,0,0
323828,0.020754966139793395,0.07592896819114685,0.09050301251278076,20.866739289729622,1,9,0,0,0,0,2,1,0.9887163639068604,0,0,0,0
397351,0.017964180186390878,0.06281995251774788,0.06993794867163064,23.105742199945354,12,12,2,0,1,1,13,3,0.9702435851097106,0,0,0,0
508370,0.018836935237050056,0.0627331167459488,0.071930332291683,22.861758668275677,8,6,0,0,0,0,8,0,0.9596119895577431,0,0,0,0
352491,0.02479170560836792,0.08529943525791168,0.08895653809466046,21.016442535843076,7,6,1,0,1,1,6,0,0.9547846714655558,0,0,0,0
80932,0.020717686414718627,0.07544438540935516,0.08958487834758404,20.955305834533426,14,10,1,0,0,1,14,1,0.9568990423129156,0,0,0,0
557258,0.03421872146427631,0.1160303846001625,0.11229911529871907,18.992473302624433,1,1,0,0,0,0,1,0,0.9554285407066345,0,0,0,0
381360,0.018111777678132056,0.06407790929079056,0.07306136618155351,22.72624422267295,4,2,1,0,1,1,3,0,0.9153822064399719,0,0,0,0
456303,0.03203914910554886,0.12833818644285203,0.13398542738755045,17.458848681857603,3,6,0,0,0,0,3,0,0.8954606254895529,0,0,0,0
494188,0.016782731004059314,0.06105087623000145,0.07682999373309683,22.289384044732646,11,16,0,0,0,0,11,0,0.9478120045228438,0,0,0,0
84650,0.025191320478916167,0.08708852678537368,0.10810348583302727,19.323206037003995,9,7,0,0,0,0,9,0,0.916577590836419,0,0,0,0
388846,0.016223776899278165,0.060130388289690015,0.07408356436906,22.605562613840302,39,31,1,0,0,1,41,3,0.9496295875624606,0,1,0,1
393014,0.023003341257572175,0.08418432623147964,0.09318317580425896,20.613249846255215,4,4,0,0,0,0,4,0,0.9814939498901367,0,0,0,0
518213,0.013691606000065804,0.04742952063679695,0.07689984694252594,22.28149049189922,2,2,0,0,0,0,2,0,0.9526481628417969,0,0,0,0
474095,0.021761352941393853,0.08209645450115204,0.09454398847663777,20.48732160595566,1,2,0,0,0,0,1,0,0.9859988689422607,0,0,0,0
158660,0.023605284467339515,0.08826878517866135,0.10327183544691358,19.720362084180746,13,10,1,0,0,1,12,0,0.9115943113962809,0,0,0,0
34873,0.02124456949532032,0.07514607906341553,0.0855679985585116,21.353772521406068,17,9,0,0,0,0,17,0,0.9566921802128062,0,0,0,0
566758,0.014376923628151416,0.05077676475048065,0.06044168079282167,24.373269341690676,2,2,0,0,0,0,2,0,0.9859953224658966,0,0,0,0
482719,0.02682161293923855,0.09227762371301651,0.10464701530301115,19.605463078167165,4,6,1,0,1,1,3,0,0.9318292339642843,0,0,0,0
464476,0.029848418757319452,0.11515110284090042,0.13093950457606748,17.658586132231434,2,4,0,0,0,0,2,0,0.9866460263729095,0,0,0,0
398377,0.022768669575452805,0.08491382747888565,0.10191703062983967,19.83506476137176,17,14,2,1,0,1,15,1,0.8983133222375598,1,1,0,1
241677,0.01714918725192547,0.06001334339380264,0.07112269531953641,22.959835867466335,17,16,0,0,0,0,17,0,0.9690197320545421,0,0,0,0
312421,0.027299798280000686,0.10785181522369384,0.11647971857897454,18.674993746154087,16,12,2,0,0,1,15,1,0.9472013711929321,0,0,0,0
411938,0.014959741942584514,0.052575137466192245,0.06467398990125205,23.785406910129616,21,17,0,0,0,0,23,2,0.9459348122278849,0,0,0,0
293625,0.02318316139280796,0.08310212939977646,0.09734163299648099,20.234027446746104,10,8,1,0,0,1,11,2,0.9454287158118354,0,0,0,0
64574,0.017222319915890693,0.061584089696407315,0.0681578135310308,23.329686999404267,3,0,0,0,0,0,3,0,0.9279502232869467,0,0,0,0
234779,0.02198399156332016,0.08147333860397339,0.09479944384095497,20.46388421051986,6,2,0,0,0,0,7,1,0.9842547575632731,0,0,0,0
558114,0.019768114760518075,0.07084503024816513,0.09077051651395297,20.84110386539589,25,17,2,1,0,1,24,1,0.9538140567866239,0,1,0,1
554328,0.019152387976646423,0.0671752318739891,0.07682347245170089,22.290121328855736,4,6,0,0,0,0,4,0,0.9908813685178757,0,0,0,0
183675,0.01770692989230156,0.06121176704764366,0.0768976683575374,22.281736568030446,3,2,0,0,0,0,3,0,0.7842443585395813,0,0,0,0
190841,0.01637757308781147,0.05951532050967216,0.07290121272015503,22.745304941654027,3,2,0,0,0,0,3,0,0.9917450348536173,0,0,0,0
57150,0.024345564469695092,0.09066539406776428,0.10819706568746706,19.315690343372978,32,23,2,0,0,1,33,3,0.9404467046260834,0,0,0,0
529966,0.018984517827630044,0.06721508800983429,0.07509579677221039,22.487687408976704,21,12,0,0,0,0,22,1,0.9633776687440418,0,0,0,0
267933,0.01864689290523529,0.06392630860209465,0.06942248950518383,23.16999632986427,9,11,0,0,0,0,9,0,0.9846079481972588,0,0,0,0
17207,0.024114911258220673,0.08186375200748444,0.09043053854903804,20.873697655170137,6,5,0,0,0,0,6,0,0.9442936778068542,0,0,0,0
359855,0.019784656912088396,0.07544098794460297,0.08339350300956208,21.577355657989994,0,1,0,0,0,0,0,0,,0,0,0,0
217948,0.01815841570496559,0.06274283081293106,0.06916123150202556,23.20274564348213,4,3,0,0,0,0,4,0,0.9422746300697327,0,0,0,0
543300,0.015749127976596354,0.05296188145875931,0.06380032344304622,23.903542391352893,2,1,1,0,0,1,1,0,0.9883465766906738,0,0,0,0
325483,0.019287098944187165,0.06924632042646409,0.08466001353502944,21.446433328582447,18,27,2,0,1,1,17,1,0.9743635728955269,0,0,0,0
349184,0.01949705369770527,0.06708026826381683,0.07346077149129353,22.678890299381006,9,9,0,0,0,0,9,0,0.9795607129732767,0,0,0,0
556193,0.02519066259264946,0.08924655169248581,0.10442478776610999,19.623927974520118,4,6,0,0,0,0,4,0,0.9675831645727158,0,0,0,0
250758,0.012211876548826694,0.04280395805835724,0.05502021332756479,25.189554601425932,2,2,0,0,0,0,2,0,0.9934838116168976,0,0,0,0
252219,0.017518621496856214,0.06458606347441673,0.0759228574961777,22.392549096054637,11,7,1,0,0,1,10,0,0.9596679389476777,0,0,0,0
128112,0.020532012358307837,0.0733206570148468,0.07873079809390453,22.077106921871664,1,2,0,0,0,0,1,0,0.9836318492889404,0,0,0,0
423519,0.01838005892932415,0.0599306046962738,0.06966096101291833,23.140210769898868,1,1,0,0,0,0,1,0,0.9971993565559387,0,0,0,0
190923,0.017607922852039336,0.06541106849908829,0.07556329765800629,22.433781945807535,26,16,0,0,0,0,28,2,0.955007213812608,0,0,0,0
3661,0.025715624168515205,0.08877221792936325,0.10018170336658815,19.98423176747973,9,3,1,0,0,1,8,0,0.954398088157177,0,0,0,0
180751,0.021085885539650916,0.07287869900465012,0.08512797368893542,21.398554080933838,30,21,1,0,0,1,30,1,0.9416904490569542,0,0,0,0
486112,0.0215644758194685,0.07613930851221085,0.0793483714952567,22.0092396410387,3,2,0,0,0,0,4,1,0.9832729895909628,0,0,0,0
529528,0.029856763407588006,0.1136392667889595,0.1223826882997389,18.245600223486992,4,3,0,0,0,0,4,0,0.9236780554056168,0,0,0,0
459809,0.02138625457882881,0.07914470732212067,0.10025579375104102,19.977810404798955,6,8,0,0,0,0,6,0,0.9495892425378164,0,0,0,0
345385,0.019572212547063827,0.06946590393781663,0.07466844133910223,22.537258284508184,4,3,0,0,0,0,5,1,0.9316251128911972,0,0,0,0
157807,0.023711149021983145,0.08061891198158264,0.09413042633423095,20.525399486138603,3,3,0,0,0,0,3,0,0.9547954797744751,0,0,0,0
515577,0.022203081473708152,0.07879144549369813,0.08373591411922728,21.541764685175973,5,4,1,0,0,1,5,1,0.9548295885324478,0,0,0,0
465836,0.018268871679902078,0.06371259614825249,0.07683730392506224,22.288557642216816,8,7,0,0,0,0,9,1,0.9607573300600052,0,0,0,0
531707,0.019370100647211074,0.07271975427865982,0.0885020107197433,21.060937244897893,10,5,1,0,0,1,9,0,0.9722867210706075,1,0,0,1
170545,0.029689299315214156,0.12104811370372773,0.14793360905290937,16.59866294764351,11,11,0,0,0,0,11,0,0.9292393110015176,0,0,0,0
66561,0.019434170797467232,0.06507485657930374,0.08220952012994455,21.70155773666953,2,2,0,0,0,0,2,0,0.9921998083591461,0,0,0,0
204871,0.017922918871045114,0.06137582212686539,0.0752549189883018,22.469302148660873,7,11,0,0,0,0,7,0,0.9642165984426226,0,0,0,0
211069,0.016402740962803364,0.061089981347322464,0.07442729456671238,22.565355346644505,2,2,0,0,0,0,2,0,0.9815400242805481,0,0,0,0
104619,0.014946442283689975,0.056021445989608766,0.07096215933530665,22.97946355317148,1,1,0,0,0,0,1,0,0.9965140223503113,0,0,0,0
439180,0.017125742882490157,0.06299325302243233,0.11329330780332006,18.91591486008912,42,26,1,0,0,1,43,2,0.9320518854187756,0,0,0,0
424162,0.019540880247950553,0.07385650873184205,0.09342210960312955,20.591006599099238,20,13,0,0,0,0,20,0,0.9412090659141541,0,0,0,0
63552,0.022361426055431365,0.07752683907747268,0.08830810544545264,21.079988649019796,2,2,0,0,0,0,2,0,0.9309721291065216,0,0,0,0
197796,0.020912475511431695,0.07824854105710984,0.08653135925564806,21.25652948455963,14,7,0,0,0,0,14,0,0.9101540914603642,0,0,0,0
313182,0.01709694378077984,0.0632352814078331,0.0710677373211821,22.966550231060843,13,14,0,0,0,0,15,2,0.95921135865725,0,0,0,0
164885,0.022873975709080695,0.07948931157588959,0.08844061068862738,21.0669653449815,14,8,0,0,0,0,16,2,0.9582145980426243,0,0,0,0
26564,0.020417141169309615,0.07480649799108505,0.09725489992911784,20.24177017360405,25,19,0,1,0,1,26,1,0.9455413420995077,0,0,0,0
388903,0.0227118831127882,0.08462984561920166,0.09439965273830624,20.500592066181582,14,9,0,0,0,0,14,0,0.9681462134633746,0,0,0,0
486040,0.02494245320558548,0.08724171966314316,0.09334669415793473,20.59802115673818,6,6,0,0,0,0,6,0,0.9582149088382721,0,0,0,0
157138,0.027104815095663072,0.09497441053390503,0.1001487024359203,19.987093464316803,6,2,1,0,1,1,6,1,0.9388259410858154,0,0,0,0
511321,0.016259767673909666,0.05669124200940132,0.07390994687956048,22.625942197135814,12,4,0,0,0,0,12,0,0.9316757172346115,0,0,0,0
493334,0.02585965283215046,0.090037502348423,0.09297980666184293,20.63222722410016,5,2,0,0,0,0,5,0,0.9569412350654602,0,0,0,0
109441,0.01655018385499716,0.05930497571825981,0.07097681518984864,22.977669836738322,15,13,1,0,0,1,15,1,0.9774160512856075,0,0,0,0
5193,0.022319088131189345,0.0839046910405159,0.09458688580898951,20.483381461308507,12,9,0,0,0,0,13,1,0.9671911944945654,0,0,0,0
18575,0.015356386080384254,0.05543306320905685,0.06498324524474916,23.74397207813587,13,8,1,0,1,1,12,0,0.9855469713608423,0,0,0,0
500257,0.021041031181812286,0.07409714460372925,0.08702216307260499,21.207402516747223,13,30,1,0,1,1,13,1,0.9529931197563807,0,0,0,0
9914,0.019906415417790414,0.06942328289151192,0.07976086451067511,21.96420294894782,12,7,0,1,0,1,11,0,0.9501680352471091,0,0,0,0
516173,0.017721306905150412,0.06390238180756569,0.0840722457097048,21.5069470339794,5,3,0,0,0,0,5,0,0.9656518340110779,0,0,0,0
296634,0.018591269664466382,0.06993066817522049,0.08180212409389705,21.744708383717374,15,12,0,1,0,1,15,1,0.955891592161996,0,0,0,0
230993,0.023445367440581323,0.0825453206896782,0.09397185236212383,20.540044245968474,9,7,0,0,0,0,9,0,0.9195662471983168,0,0,0,0
8844,0.028183093294501305,0.10863794088363647,0.12414117583072606,18.12168290828945,11,7,1,0,0,1,10,0,0.9473362565040588,0,0,0,0
463849,0.0178952993825078,0.061780092865228654,0.07905021023349962,22.04193941453996,29,24,2,0,0,1,31,4,0.9265531566407945,0,0,0,0
71451,0.02499096989631653,0.09178460240364075,0.09656940960106364,20.303208474883814,1,1,0,0,0,0,1,0,0.9886487126350403,0,0,0,0
297427,0.024915403127670287,0.08840949386358261,0.09611572548045752,20.34411103316986,5,4,0,0,0,0,6,1,0.8493627190589905,0,0,0,0
347456,0.017662041634321213,0.05883459225296974,0.07278632591731998,22.759004044631258,2,2,0,0,0,0,2,0,0.9904801249504089,0,0,0,0
24610,0.02336074858903885,0.08137544393539428,0.09545837792471196,20.4037189930121,32,16,2,0,0,1,32,2,0.9471274197101593,0,0,0,0
255536,0.017990996316075324,0.06341019719839096,0.07654452564520459,22.321717279482833,8,8,0,0,0,0,9,1,0.9523101150989532,0,0,0,0
272049,0.017695185914635658,0.062471964955329896,0.0705183474191969,23.03395747683981,7,2,1,0,0,1,6,0,0.9567785163720449,0,0,0,0
169356,0.021734904125332834,0.07784366756677627,0.08951492963407492,20.962090507767904,8,2,1,0,0,1,9,2,0.9412236894880023,0,0,0,0
509824,0.01854257136583328,0.06681083589792251,0.07508001678915531,22.489512778702508,8,8,0,0,0,0,9,1,0.9823460578918457,0,0,0,0
147518,0.020233363658189774,0.0700964406132698,0.07692051927373737,22.279155851916727,5,4,0,0,0,0,5,0,0.9887166261672974,0,0,0,0
78748,0.016330140084028243,0.05698775351047516,0.06422746628808738,23.845584202970826,30,19,2,0,0,1,30,2,0.952592990228108,0,0,0,0
318455,0.022123323008418082,0.08569556772708893,0.09956020243913835,20.038284579936764,22,15,0,0,0,0,22,0,0.9620663550767031,0,0,0,0
164602,0.023741722106933594,0.08281614780426025,0.08956125041838174,20.957597032094107,8,6,0,0,0,0,9,1,0.9718257412314415,0,0,0,0
127092,0.0163955420255661,0.056483402103185656,0.06679865898088207,23.50464512265944,7,8,0,0,0,0,7,0,0.9833060928753444,0,0,0,0
109798,0.026011525467038155,0.09342979788780212,0.10663336072676062,19.442138061361412,4,4,0,0,0,0,4,0,0.9531747847795486,0,0,0,0
311295,0.016592465899884702,0.05746444016695022,0.07054018061208263,23.031268653866633,8,10,0,0,0,0,8,0,0.9559668749570847,0,0,0,0
311928,0.018831823021173477,0.06559858024120331,0.07420692175803892,22.591111667702823,3,3,1,0,1,1,2,0,0.976750373840332,0,0,0,0
344621,0.018507477641105653,0.06365235969424247,0.07542564623278905,22.4496192036675,13,7,2,0,0,1,11,0,0.9278539744290438,0,0,0,0
315450,0.018729381263256073,0.06677799969911576,0.08039187506207136,21.895756834487415,14,19,0,0,0,0,14,0,0.9505032343523843,0,0,0,0
207585,0.016576120629906654,0.056689053773880005,0.06717558330468464,23.45577107551971,5,6,0,0,0,0,6,1,0.9678954601287841,0,0,0,0
409358,0.026262615621089936,0.09379845559597015,0.10234428465075476,19.798728104278645,3,2,0,0,0,0,3,0,0.9213038682937622,0,0,0,0
163746,0.013416483625769615,0.046771816164255145,0.060878918849602726,24.310661376333407,13,13,0,0,0,0,13,0,0.9821552221591656,0,0,0,0
574297,0.017553342692553996,0.06296237111091614,0.16866462558188602,15.459519868730174,2,2,0,0,0,0,2,0,0.9652850329875946,0,0,0,0
456865,0.021527409180998804,0.07355159670114517,0.08630320289333711,21.279461728084993,3,1,0,0,0,0,3,0,0.9720645546913147,0,0,0,0
355169,0.024602608010172843,0.07733652740716934,0.07920134408335185,22.025348963404618,2,1,0,0,0,0,2,0,0.9897129833698273,0,0,0,0
344888,0.013317376002669334,0.047941749542951585,0.1148507107369699,18.797326257844226,10,9,0,0,0,0,10,0,0.9402225017547607,0,0,0,0
152686,0.023765932023525237,0.07987255901098252,0.08889248629357964,21.022698931134247,4,4,0,0,0,0,4,0,0.9777222871780396,0,0,0,0
15751,0.02832185700535774,0.09339044690132141,0.09197274532423184,20.726816998503548,2,4,0,0,0,0,3,1,0.9070732593536377,0,0,0,0
100274,0.01615380886942148,0.05887972488999367,0.07222363972321827,22.82641258019477,12,9,0,0,0,0,14,2,0.9547990212837855,0,0,0,0
25139,0.02003263048827648,0.0703315183520317,0.07324729333428315,22.704168378303958,3,2,1,0,0,1,2,0,0.7374927699565887,1,0,0,1
449579,0.018757504224777222,0.06773206442594529,0.07858702648121466,22.092982868693905,2,2,0,0,0,0,2,0,0.9851555228233337,0,0,0,0
181499,0.022700685262680053,0.08311553746461868,0.0915560118553253,20.766262665722714,6,3,0,0,0,0,6,0,0.9796315530935923,0,0,0,0
140556,0.015408150292932988,0.05650779828429222,0.07044683414281805,23.042770383299235,6,6,0,0,0,0,6,0,0.9661534229914347,0,0,0,0
370999,0.01825234480202198,0.06284067630767823,0.0743026267046469,22.579916660678215,4,0,0,0,0,0,4,0,0.9568676352500916,0,0,0,0
562229,0.02112459987401962,0.08009280562400818,0.09648792108156931,20.310541015188072,5,4,1,0,0,1,4,0,0.9588279575109482,0,0,0,0
495146,0.01936405263841152,0.06843357160687447,0.08192334169419477,21.73184681834404,23,16,0,1,0,1,24,1,0.9408597350120544,0,1,0,1
91495,0.020866695791482925,0.07308357954025269,0.08907850686411357,21.004541424612462,5,4,0,0,0,0,5,0,0.9345319271087646,0,0,0,0
470924,0.019738494977355005,0.07236171066761017,0.09713391556334118,20.252582081502062,52,55,3,1,1,1,51,2,0.9475156118472418,2,0,1,1
187990,0.028107355162501336,0.09579239189624786,0.10059236116849411,19.9486999538585,3,2,0,0,0,0,3,0,0.9287510712941488,0,0,0,0
287527,0.024205876886844634,0.0823975846171379,0.08734177721491894,21.17555950756085,3,3,0,0,0,0,3,0,0.9831303755442301,0,0,0,0
548524,0.017697007022798063,0.06348224356770515,0.08207049864349095,21.716258557693557,2,4,0,0,0,0,2,0,0.9548167586326599,0,0,0,0
126137,0.02111178673803806,0.07746839374303818,0.08954162418972067,20.959500644833064,18,15,1,0,0,1,17,0,0.9279740943628199,0,0,0,0
475779,0.014717086218297482,0.0486284390091896,0.0573023156247839,24.83655655096781,1,1,0,0,0,0,1,0,0.9874053001403809,0,0,0,0
402519,0.02820621095597744,0.10545266270637513,0.10669120942155794,19.43742723606189,1,1,0,0,0,0,1,0,0.8846206068992615,0,0,0,0
475223,0.01773182637989521,0.06112706139683723,0.06250167754181957,24.08216652115746,2,2,0,0,0,0,2,0,0.9302188754081726,0,0,0,0
151938,0.031162711232900618,0.11742322146892548,0.14176786853619772,16.968443803184577,9,9,0,0,0,0,9,0,0.9692187176810371,0,0,0,0
258793,0.024052806198596954,0.08875323832035065,0.10554785113119484,19.53101208300795,8,4,1,0,0,1,8,1,0.8200983149664742,0,0,0,0
226662,0.026838330179452898,0.09595026820898056,0.10298592553774974,19.744442472682678,6,4,1,0,1,1,6,1,0.9066017270088196,0,0,0,0
480122,0.01653215251863003,0.05697713494300842,0.0850512847014177,21.40638243949438,31,21,1,0,0,1,32,2,0.9350008070468903,0,0,0,0
580757,0.014729093201458454,0.05161344036459923,0.059383148337125706,24.526735619745672,1,1,0,0,0,0,1,0,0.9765679836273193,0,0,0,0
382734,0.02159980721771717,0.07769816666841507,0.08164144728361271,21.761786100257147,0,0,0,0,0,0,1,1,,0,0,0,0
232088,0.0223918866366148,0.0862303540110588,0.10173560218778446,19.85054079838628,3,7,1,0,1,1,2,0,0.9641792178153992,0,0,0,0
416758,0.01803063675761223,0.062257489562034606,0.09248929044343666,20.678171046968487,4,4,0,0,0,0,5,1,0.9772009253501892,0,0,0,0
312237,0.017714204266667366,0.06168981939554215,0.0803406200264585,21.901296418721124,28,22,1,0,0,1,28,1,0.9523812996016608,0,0,0,0
476787,0.016567383147776126,0.05835145711898804,0.06803672542882618,23.345131938348093,14,11,0,0,0,0,14,0,0.9738630439553942,0,0,0,0
308793,0.01890999935567379,0.06462050080299378,0.07146506353021223,22.918124317577,3,4,1,0,1,1,4,2,0.9920953512191772,0,0,0,0
262895,0.030406221374869348,0.1134858950972557,0.12597143705555988,17.994558325487475,2,2,0,0,0,0,3,1,0.8698762059211731,0,0,0,0
106281,0.015664556249976157,0.05682376027107239,0.06489164037930015,23.75622494565099,3,2,0,0,0,0,3,0,0.9310570359230042,0,0,0,0
455624,0.015824356488883494,0.05486912727355957,0.06562195938981687,23.659016125302056,21,14,1,0,0,1,20,0,0.9707117438316345,1,0,0,1
5477,0.017407822981476785,0.05668822303414345,0.0717313204240261,22.88582349270427,2,2,0,0,0,0,2,0,0.9591052830219269,0,0,0,0
149375,0.036154226213693616,0.12927510738372802,0.14058179615369143,17.04141824376907,5,6,0,0,0,0,6,1,0.9615026116371155,0,0,0,0
214205,0.018171045184135436,0.06480764448642731,0.07251553841455977,22.791378482469252,1,1,0,0,0,0,1,0,0.9935577511787415,0,0,0,0
229948,0.02121029272675514,0.07725024968385696,0.11556620316960022,18.743383097369495,17,18,0,0,0,0,19,2,0.9609267816824072,0,0,0,0
170613,0.01964581348001957,0.06967750787734986,0.07992263881245432,21.946603708161916,8,4,1,1,0,1,6,0,0.9555204113324484,0,0,0,0
507235,0.017590811103582384,0.06241782382130623,0.07695009743571934,22.275816518399637,10,3,1,0,0,1,9,0,0.9698530303107368,0,0,0,0
248314,0.020041463524103166,0.06952745169401169,0.07917606090596979,22.028122173261423,12,8,0,0,0,0,14,2,0.9733225007851919,0,0,0,0
10977,0.02479778453707695,0.08638055324554443,0.0939294764725803,20.54396196500125,6,2,0,0,0,0,6,0,0.9385960797468821,0,0,0,0
395701,0.022635019943118097,0.07725578844547272,0.08604312182912051,21.305676817257133,65,19,2,3,1,1,65,5,0.9636225988467534,0,1,0,1
291791,0.015852981992065907,0.058426660299301145,0.06597901411525715,23.61188356287094,6,7,0,0,0,0,6,0,0.9829837481180826,0,0,0,0
50331,0.02048082500696182,0.07555409222841263,0.0793977886807368,22.003831860054355,4,4,0,0,0,0,4,0,0.8787733763456345,0,0,0,0
574425,0.017967136204242708,0.06352218389511108,0.074777810679654,22.52454508255655,3,2,0,0,0,0,3,0,0.9458687702814738,0,0,0,0
427500,0.01858610808849335,0.0630917102098465,0.06933414941924193,23.18105615873772,3,2,0,0,0,0,3,0,0.8780776063601176,0,0,0,0
233727,0.015738275833427906,0.055903056263923646,0.0666738144029265,23.5208939643087,12,18,0,0,0,0,15,3,0.9656020551919937,0,0,0,0
297084,0.014133128523826598,0.05095402076840401,0.062270559437817806,24.114344651312855,19,13,1,0,0,1,22,4,0.9639192753367953,0,0,0,0
61418,0.018328529968857765,0.06565937995910645,0.07738164969503025,22.227240316329752,17,15,0,0,0,0,18,1,0.968190238756292,0,0,0,0
281179,0.027272337302565574,0.09667616784572601,0.10891802431037793,19.25800490060451,8,10,0,0,0,0,8,0,0.9530825540423393,0,0,0,0
289222,0.020456260815262795,0.0762326791882515,0.08730394983394621,21.17932214712972,8,5,0,0,0,0,8,0,0.9694740250706673,0,0,0,0
167572,0.025559069216251375,0.09188188463449479,0.10627134992059925,19.471676054493265,10,14,0,0,0,0,15,5,0.9172830998897552,0,0,0,0
472030,0.014800949767231942,0.05488303825259209,0.06339431557227818,23.958993651914614,2,1,0,0,0,0,2,0,0.966216504573822,0,0,0,0
360137,0.017137760110199452,0.05902641713619232,0.07450987208981089,22.555723642996348,7,3,1,0,0,1,6,0,0.9077320098876953,1,0,0,1
113354,0.016977588832378387,0.06056930273771286,0.06787682730010128,23.365569313610763,4,3,0,0,0,0,4,0,0.9805645048618317,0,0,0,0
385205,0.02057355046272278,0.0689360812306404,0.07453392102816102,22.55292062219468,3,2,1,0,0,1,3,1,0.9775063097476959,0,0,0,0
61333,0.029691078513860703,0.098505038022995,0.10884921364348289,19.26349408147561,65,14,5,1,0,1,63,4,0.9307360729928744,0,3,0,1
347544,0.01717880629003048,0.05894938036799431,0.06779030258679547,23.376648551643786,2,2,0,0,0,0,3,1,0.9904850423336029,0,0,0,0
114770,0.023412031680345537,0.08733400851488113,0.09040081015201125,20.876553549127376,6,3,2,0,1,1,4,0,0.8443415015935898,0,0,0,0
102805,0.01720158103853464,0.05907600224018097,0.07387746970521658,22.62975975025593,10,10,0,0,0,0,10,0,0.9442719101905823,0,0,0,0
459954,0.024308357015252115,0.08578625470399856,0.09203630800457911,20.720816223665924,12,10,0,0,0,0,12,0,0.9641718318065008,0,0,0,0
514586,0.02209952399134636,0.07826381772756577,0.08825190906536458,21.085517823599204,11,7,1,0,0,1,11,1,0.9535792708396912,0,0,0,0
363784,0.02875680327415466,0.09763078838586807,0.1122773581554376,18.994156294106727,5,3,0,0,0,0,5,0,0.9492430686950684,0,0,0,0
270066,0.016940553113818167,0.05849413573741913,0.06493743371380756,23.750097568267087,3,2,0,0,0,0,3,0,0.951105535030365,0,0,0,0
232684,0.033461854606866834,0.1261312410235405,0.1313740952995161,17.629805233969485,4,2,0,0,0,0,4,0,0.9641806483268738,0,0,0,0
367082,0.022280360385775567,0.08039635717868805,0.08710356798613515,21.199281096183668,2,3,0,0,0,0,3,1,0.924905389547348,0,0,0,0
435081,0.014894111268222331,0.0540469840168953,0.06366668799492503,23.92175483967638,29,62,1,0,0,1,30,2,0.9639237586941037,0,0,0,0
369675,0.017323334515094758,0.05592235699295998,0.06347874674421795,23.947433121470247,9,8,0,0,0,0,9,0,0.9397294852468703,0,0,0,0
99039,0.019398054853081704,0.06879716217517853,0.08349003481767031,21.56730715666719,17,13,0,0,0,0,17,0,0.9651151755276848,0,0,0,0
362434,0.02524619959294796,0.09424799233675003,0.10621242421609098,19.476493572267543,1,2,0,0,0,0,1,0,0.9885844588279724,0,0,0,0
63154,0.014746238850057125,0.051898202300071715,0.06526172073748687,23.706829589527622,4,2,0,0,0,0,4,0,0.9639354646205902,0,0,0,0
33221,0.017781622521579266,0.06276355534791947,0.08007950764364138,21.929572114247836,21,18,0,1,0,1,21,0,0.970416060090065,0,1,0,1
239717,0.026632580161094665,0.09056549966335296,0.10171074795638635,19.85266303957551,14,9,0,1,0,1,14,1,0.916132940695836,0,1,0,1
84674,0.021774161607027054,0.07553747296333313,0.09606386767159313,20.348798640300387,9,9,0,0,0,0,9,0,0.9649170769585503,0,0,0,0
534041,0.0206191536039114,0.07465961575508118,0.08311036663032174,21.606896037062015,12,15,0,0,0,0,13,1,0.9172265032927195,0,0,0,0
74092,0.022406578436493872,0.07856094092130661,0.08761011655908994,21.148914837343675,15,15,2,0,0,1,14,1,0.9651232866140512,0,0,0,0
185950,0.024693042784929276,0.09022249430418014,0.11002055898301501,19.17052305709023,11,2,0,1,0,1,11,0,0.9642200827598572,0,0,0,0
416104,0.017243408225476743,0.06406814381480216,0.07508877954347007,22.488499088523874,37,36,3,1,1,1,33,0,0.9535421331723531,1,0,0,1
60770,0.012884937599301339,0.044024891406297686,0.052199119659972884,25.646736426560096,2,2,0,0,0,0,2,0,0.9973002970218658,0,0,0,0
533855,0.03132948279380798,0.11157054007053376,0.12556274000933645,18.02278431532531,1,1,0,0,0,0,1,0,0.9928244948387146,0,0,0,0
10583,0.018476975336670875,0.0634401373565197,0.06948277408594494,23.1624570151586,6,4,0,0,0,0,6,0,0.9118422667185465,0,0,0,0
300039,0.02919723242521286,0.11166170090436936,0.1298113498613673,17.73374667973178,12,9,0,0,0,0,13,1,0.9095796595017115,0,0,0,0
511398,0.020046372339129447,0.06578049957752227,0.07107514453580303,22.965644969426346,2,1,0,0,0,0,2,0,0.9906211495399475,0,0,0,0
173371,0.01576484218239784,0.052740061283111574,0.06893953488809271,23.23063301914634,16,10,0,0,0,0,16,0,0.9623388461768627,0,0,0,0
157601,0.025451899319887162,0.09339296072721481,0.10177960848801015,19.846784480892094,5,5,0,0,0,0,6,1,0.9710677266120911,0,0,0,0
236690,0.016648764722049236,0.06014598533511162,0.06641501345144142,23.554674701166476,1,1,0,0,0,0,1,0,0.9795948266983032,0,0,0,0
261796,0.01630273014307022,0.056269244849681856,0.06464154420709946,23.789765546955373,0,0,0,0,0,0,0,0,,0,0,0,0
501368,0.02749342918395996,0.09775943458080291,0.10324872514846302,19.72230604077377,4,4,0,0,0,0,5,1,0.9562611430883408,0,0,0,0
383289,0.023333166167140006,0.08134733289480209,0.0902345741829753,20.89254053521945,6,6,0,0,0,0,6,0,0.9754308263460795,0,0,0,0
64462,0.023333975672721864,0.08498680591583252,0.09743251671001549,20.225921587070793,4,2,1,0,0,1,3,0,0.9031709631284078,0,0,0,0
476810,0.021492958068847656,0.07153475135564805,0.08412855778795687,21.50113112222285,11,9,1,0,0,1,10,0,0.9166279315948487,0,0,0,0
508917,0.020781953632831574,0.06940957456827164,0.09111722624591283,20.807990186926226,23,18,2,0,2,1,24,3,0.9392773906389872,0,0,1,1
138492,0.01908936761319637,0.06439223289489746,0.07925497424942338,22.01946941595007,3,2,0,0,0,0,3,0,0.9821949203809103,0,0,0,0
559547,0.022552483528852463,0.08177933841943741,0.09331295387948994,20.601161249856347,8,6,0,0,0,0,9,1,0.9512557163834572,0,0,0,0
296969,0.014731040969491006,0.053475286811590195,0.06873473429497068,23.256474836537034,7,7,0,0,0,0,7,0,0.9703304427010673,0,0,0,0
176857,0.022686636820435525,0.08368416875600815,0.0921864416334564,20.7066589665123,16,16,0,0,0,0,16,0,0.9419492222368717,0,0,0,0
113235,0.014543301798403263,0.05132451578974724,0.06440387823660836,23.821759595025654,8,4,0,1,0,1,7,0,0.9332456844193595,0,0,0,0
157365,0.027069536596536638,0.10690891444683075,0.1307625357810309,17.67033332117402,7,9,0,0,0,0,8,1,0.9447200383458819,0,0,0,0
320490,0.01946202777326107,0.07147656977176667,0.08012701008311261,21.92442125066585,9,6,0,0,0,0,9,0,0.950661751959059,0,0,0,0
476514,0.01847468689084053,0.0671033039689064,0.08658268084646692,21.251379426404906,5,5,0,0,0,0,6,1,0.9338868856430054,0,0,0,0
243989,0.019021466933190824,0.0685080774128437,0.08225239040214925,21.697029436343293,10,8,2,0,0,1,8,0,0.9741749465465546,0,0,0,0
522713,0.016678265295922756,0.05776196122169495,0.07388403540870768,22.62898784452969,10,13,0,0,0,0,10,0,0.9306495428085327,0,0,0,0
117425,0.022014348208904265,0.07927116453647613,0.09897332414611003,20.089636863050124,8,7,3,0,1,1,6,1,0.9568617582321167,1,0,0,1
427997,0.02065492980182171,0.07118573784828186,0.08204474846474724,21.7189842424365,17,17,3,0,0,1,15,1,0.9368106126785278,0,0,0,0
394611,0.019329982250928877,0.06819389611482621,0.08030784267085285,21.90484080990407,2,2,0,0,0,0,2,0,0.9853708744049072,0,0,0,0
350607,0.016806946881115437,0.06138012856245041,0.07243892181669674,22.800560447265546,1,1,0,0,0,0,2,1,0.9736568331718445,0,0,0,0
106912,0.01727235708385706,0.0627420924603939,0.07181437088032913,22.875772794953974,2,2,0,0,0,0,2,0,0.9783389270305634,0,0,0,0
135890,0.021526438370347022,0.0781185120344162,0.10490814012970016,19.583816246376045,11,12,0,0,0,0,14,3,0.9476914243264631,0,0,0,0
312213,0.023587821051478386,0.07990165203809738,0.08740460598056976,21.169313612932584,5,2,0,0,0,0,5,0,0.9305511951446533,0,0,0,0
259097,0.018328293040394784,0.06350661292672158,0.07476581889990655,22.52593811114582,2,2,0,0,0,0,2,0,0.9851387739181519,0,0,0,0
334309,0.02127930335700512,0.07181267887353897,0.07824239119826318,22.13115770726649,9,10,0,0,0,0,10,1,0.9645550383461846,0,0,0,0
340894,0.018911435455083846,0.06891210377216339,0.08005256023712135,21.932495478747803,15,11,0,0,0,0,16,1,0.9621818860371908,0,0,0,0
546964,0.018960584327578543,0.06559115722775459,0.07676640388969824,22.296576067487962,31,28,0,0,0,0,32,1,0.9332144798771027,0,0,0,0
110972,0.023660854995250703,0.08604150414466857,0.13130461296750584,17.63440032190557,1,1,0,0,0,0,1,0,0.9837278127670288,0,0,0,0
170739,0.01942712925374508,0.06794594675302505,0.07907806847360198,22.038878942326875,6,3,0,0,0,0,7,1,0.9742959141731262,0,0,0,0
267903,0.020084740594029427,0.06935657411813737,0.07638757287751421,22.339545778671027,1,2,0,0,0,0,1,0,0.9901402592658997,0,0,0,0
349860,0.02348156161606312,0.0814388558268547,0.09745928908354465,20.223535218056053,10,8,1,0,0,1,9,0,0.9215132594108582,0,0,0,0
460494,0.01968238428235054,0.06989840567111968,0.0796956356951976,21.97130921709406,15,9,1,0,1,1,14,0,0.9338667137282235,0,0,0,0
54654,0.019730470702052118,0.07176974266767502,0.08075460305837226,21.856654265169276,18,2,0,1,0,1,17,0,0.9753684506696814,0,0,0,0
131556,0.022168821841478347,0.07867612391710281,0.0877972355746155,21.13038316561163,14,6,2,0,0,1,12,0,0.9165551910797755,0,0,0,0
304984,0.019904353469610215,0.07279788255691529,0.08601101809374341,21.308918233079112,13,8,0,0,0,0,13,0,0.8907346037717966,0,0,0,0
558073,0.029738163203001024,0.11046568751335144,0.12445548883839033,18.09971890040729,1,1,0,0,0,0,1,0,0.9598488807678223,0,0,0,0
56350,0.024728721380233763,0.09169308245182037,0.1012016152462725,19.89625111614082,7,10,0,1,0,1,7,0,0.9017112652460734,0,0,0,0
20992,0.03677713871002197,0.13083218038082123,0.13430211443807877,17.438342995834752,3,2,1,0,0,1,2,0,0.925450325012207,0,0,0,0
407574,0.0189294271171093,0.072597736120224,0.08262423130623814,21.65785135884304,10,2,0,0,0,0,11,1,0.9075277745723724,0,0,0,0
200839,0.015259032323956489,0.055868127197027204,0.06470395433494988,23.781383538598142,3,7,0,0,0,0,3,0,0.9699616034825643,0,0,0,0
242724,0.01778661608695984,0.06305130124092102,0.15770393180820697,16.0431495777692,6,4,1,0,0,1,5,0,0.942253053188324,0,0,0,0
252776,0.026449337601661682,0.09860042482614517,0.10782591093208913,19.345537283420676,5,5,0,0,0,0,5,0,0.967074716091156,0,0,0,0
351589,0.02438061945140362,0.08780895471572876,0.10047035181952463,19.959241539160832,3,3,0,0,0,0,3,0,0.9478728175163269,0,0,0,0
513484,0.01814349088817835,0.06314051523804665,0.07416798665607865,22.595670201353165,1,1,0,0,0,0,1,0,0.9906558990478516,0,0,0,0
311909,0.01750795468688011,0.059751436859369275,0.07004805299582667,23.092078630810406,1,1,0,0,0,0,1,0,0.9861117601394653,0,0,0,0
532901,0.017905178666114806,0.0645146645605564,0.0718772487682478,22.868171093040782,9,4,1,0,0,1,8,0,0.9216776639223099,0,0,0,0
349302,0.013216720707714558,0.04832955226302147,0.05871540287315226,24.624959097595465,2,2,0,0,0,0,2,0,0.9868872165679932,0,0,0,0
416991,0.02277785912156105,0.07952743321657181,0.09755866942612008,20.214682630641832,24,38,1,0,0,1,24,1,0.9320250853248264,0,0,0,0
269942,0.02179160453379154,0.07492402195930481,0.08686346311707857,21.223257199071547,13,10,0,1,0,1,13,0,0.9266658872365952,0,0,0,0
205324,0.01874382868409157,0.06823162883520126,0.07946323096751681,21.99667561097517,3,3,0,0,0,0,3,0,0.9893198211987814,0,0,0,0
233139,0.032046626508235934,0.11963037997484208,0.13053374686486105,17.685543914788184,3,2,0,0,0,0,3,0,0.9682656129201254,0,0,0,0
393226,0.01454329416155815,0.047537141293287274,0.05818597226158,24.703634088340483,16,15,2,0,1,1,14,0,0.9665717354842595,0,0,0,0
164969,0.021036740392446518,0.07292235642671585,0.08333143745038474,21.58382253236109,4,1,0,0,0,0,5,1,0.9458533823490143,0,0,0,0
94871,0.014684672839939595,0.050384468585252765,0.0606634358584622,24.341459914759326,15,10,0,0,0,0,15,0,0.9669870456059774,0,0,0,0
115946,0.019755473360419273,0.06840602084994316,0.08273852210627475,21.6458448167004,15,17,1,0,1,1,16,2,0.9287524053028652,0,0,0,0
13923,0.022661104798316956,0.0838587686419487,0.09337372944630871,20.595505893241473,25,19,1,1,0,1,24,0,0.9393518929896147,0,1,0,1
218249,0.02501107268035412,0.08982664495706558,0.1009699493060088,19.916157235729983,7,2,0,0,0,0,7,0,0.9505178587777274,0,0,0,0
257865,0.03461470529437065,0.1326516255736351,0.1378698819922019,17.210611922774028,2,2,0,0,0,0,2,0,0.9684960246086121,0,0,0,0
245513,0.015695046447217465,0.05758349820971489,0.07302053088232056,22.731100278335457,2,4,0,0,0,0,2,0,0.971964418888092,0,0,0,0
439854,0.025597025454044343,0.09309999644756317,0.10223572855079452,19.80794607603976,14,14,0,0,0,0,16,2,0.9561194734913963,0,0,0,0
419096,0.022680889070034026,0.08026864230632783,0.08632679449574994,21.27708770202559,1,1,0,0,0,0,1,0,0.9861125349998474,0,0,0,0
282046,0.023579156398773192,0.08185799568891525,0.09140852445775996,20.780266030107395,1,1,0,0,0,0,1,0,0.9559504389762878,0,0,0,0
188465,0.014536824449896813,0.052242865413427354,0.07061255869198071,23.02236102554277,35,23,2,0,1,1,36,3,0.9691609649947195,0,0,0,0
270474,0.018328453972935678,0.06604076400399209,0.073693841857809,22.65137603899612,2,2,0,0,0,0,2,0,0.98477703332901,0,0,0,0
103723,0.01887628473341465,0.06587268561124801,0.07776195101064026,22.184657034031275,10,8,0,0,1,1,12,2,0.9659860908985138,0,0,1,1
412362,0.02029927596449852,0.07104459702968598,0.08659888900463564,21.249753592043646,8,7,0,0,0,0,9,1,0.9698602929711342,0,0,0,0
302165,0.019325098395347594,0.07214507460594177,0.0844696234948765,21.46598883174001,7,10,0,0,0,0,7,0,0.9349022337368557,0,0,0,0
334417,0.028750303015112878,0.09892973005771637,0.11315860487547405,18.926248311366717,3,4,0,0,0,0,4,1,0.9834732015927633,0,0,0,0
263679,0.019693966954946518,0.0676099069416523,0.09120270460138996,20.799845650966095,15,7,1,0,0,1,14,0,0.9468330442905426,0,0,0,0
125245,0.02928675673902035,0.09934435337781906,0.10501656698831467,19.574843659733855,3,1,0,0,0,0,4,1,0.8862963120142618,0,0,0,0
206831,0.02292071208357811,0.07895943820476532,0.0869696757303116,21.212642984110772,1,1,0,0,0,0,1,0,0.9420381784439087,0,0,0,0
464089,0.014472249150276183,0.05190189853310585,0.06812619988906234,23.33371671064082,14,14,0,0,0,0,16,2,0.973012387752533,0,0,0,0
234413,0.02295675575733185,0.07722433060407638,0.08399742280786972,21.514680773403146,1,1,0,0,0,0,1,0,0.9806740880012512,0,0,0,0
563653,0.0163111524656415,0.05780032202601433,0.06748788722900884,23.415483352758365,22,15,1,0,0,1,21,0,0.9467903404008775,0,0,0,0
530836,0.01886812336742878,0.06881592273712159,0.07411929761251808,22.601374098032284,12,23,2,0,1,1,10,0,0.9570151805877686,0,0,0,0
372718,0.024122626334428788,0.08538825213909149,0.08893278052469711,21.01876258106669,2,1,0,0,0,0,2,0,0.9655147790908813,0,0,0,0
404923,0.013732606358826161,0.04567912295460701,0.057760115966538544,24.76743886985657,10,5,0,0,0,0,10,0,0.9346105873584747,0,0,0,0
73533,0.018474865704774857,0.06782570481300354,0.07899139798716116,22.04840399953621,6,4,0,0,0,0,6,0,0.9479373296101888,0,0,0,0
417608,0.020776541903614998,0.07339531332254409,0.08365124977360561,21.550551323385957,8,9,2,0,1,1,6,0,0.9491057097911835,0,0,0,0
199977,0.02116091549396515,0.07182344943284988,0.08326996392348518,21.59023246997436,1,1,0,0,0,0,1,0,0.9928430318832397,0,0,0,0
392933,0.01991143524646759,0.07088986486196518,0.08537806216206094,21.373074133268414,1,1,0,0,0,0,1,0,0.9757892489433289,0,0,0,0
148739,0.015308702737092972,0.053512638062238695,0.06686032844032953,23.496629886764786,2,2,0,0,0,0,2,0,0.9862149953842163,0,0,0,0
94751,0.020640965551137924,0.07729029506444932,0.08704104877363801,21.205517694402353,17,17,0,0,0,0,17,0,0.9628330784685472,0,0,0,0
227187,0.019748958945274352,0.06653987169265747,0.06853110805273577,23.282244923757624,11,11,0,0,0,0,11,0,0.9753023494373668,0,0,0,0
78915,0.016093344241380692,0.051938227564096454,0.06573848824721276,23.64360574754075,23,12,0,0,0,0,23,0,0.9662486651669377,0,0,0,0
481390,0.014024976454675198,0.04777564853429794,0.061354860135741304,24.243020591410335,27,34,1,0,0,1,26,0,0.963145755804502,0,0,0,0
115118,0.016651867516338827,0.058132456988096236,0.06882478562029343,23.24510265399772,2,1,0,0,0,0,2,0,0.9911266565322876,0,0,0,0
417085,0.01637462303042412,0.057852843403816225,0.08101384307157275,21.828815312321822,2,2,0,0,0,0,2,0,0.9479109048843384,0,0,0,0
438862,0.011612685397267342,0.04227921441197395,0.05450277529517477,25.271627655497404,7,10,0,0,0,0,7,0,0.9912916166441781,0,0,0,0
577149,0.013122961111366748,0.04494921490550041,0.054474577294341665,25.276122621155803,4,4,0,0,0,0,4,0,0.9910583794116974,0,0,0,0
390246,0.019690357521176337,0.06884168088436127,0.08684681696526939,21.224921886249387,3,2,1,0,0,1,2,0,0.9673871994018555,1,0,0,1
43581,0.025385640561580658,0.09595917016267777,0.10822709890448184,19.313279658682266,5,4,0,1,0,1,5,0,0.9630847424268723,0,0,0,0
415882,0.022155319154262543,0.07757940292358398,0.08662775361652264,21.246858946834074,5,2,0,0,0,0,5,0,0.9509935975074768,0,0,0,0
468632,0.012693734094500541,0.04403956830501556,0.05665450892727179,24.935310409989345,5,5,1,0,0,1,4,0,0.977884516119957,0,0,0,0
489924,0.021787017211318017,0.07514968663454055,0.08841987752111997,21.069001820256048,4,2,0,0,0,0,4,0,0.89634670317173,0,0,0,0
7574,0.021322393044829368,0.07689200341701508,0.08770012098154577,21.139996150562542,19,12,0,0,0,0,19,0,0.9609409978515223,0,0,0,0
67315,0.026594534143805505,0.10039975345134736,0.1175532795443595,18.595305005276686,7,4,1,0,0,1,6,0,0.7892048954963684,0,0,0,0
289960,0.021028231456875802,0.0793869748711586,0.09167762395961158,20.754733019794052,3,2,1,0,0,1,3,1,0.9890306890010834,0,0,0,0
39951,0.023937849327921867,0.08722280412912368,0.09703019140701699,20.26186223811179,6,5,0,0,0,0,7,1,0.9546501835187277,0,0,0,0
226171,0.019649400562047958,0.06698314249515533,0.07907288165899726,22.039448677750002,10,7,0,0,0,0,10,0,0.9725295603275299,0,0,0,0
326128,0.017524420842528345,0.05840068981051445,0.0722220858177614,22.826599460786163,5,3,1,0,0,1,4,0,0.9720590710639954,0,0,0,0
458255,0.026760053634643555,0.0945661336183548,0.1151638510571273,18.773676416536347,7,5,1,0,0,1,7,1,0.9089338183403015,0,0,0,0
483999,0.01941612958908081,0.07294069826602936,0.08877942624871402,21.033753319987014,37,41,0,0,0,0,39,2,0.9551896984512741,0,0,0,0
364587,0.024393386766314508,0.08201756924390793,0.08436642534428779,21.476607036378873,1,1,0,0,0,0,1,0,0.9875488877296448,0,0,0,0
294855,0.021957903727889062,0.07863345891237258,0.09032521608702396,20.883819815726923,4,2,0,0,0,0,4,0,0.8888079077005386,0,0,0,0
286708,0.024294763430953027,0.08710920214653015,0.104955612387039,19.579886660726277,1,1,0,0,0,0,1,0,0.9700014591217041,0,0,0,0
235784,0.018415592238307,0.06955212652683258,0.0933157705255846,20.600899070738876,5,2,0,0,0,0,5,0,0.981452488899231,0,0,0,0
188906,0.026196500286459923,0.09211111068725586,0.09807380853328435,20.168939185368092,2,1,0,0,0,0,2,0,0.976617306470871,0,0,0,0
177861,0.017026918940246105,0.061967074126005176,0.08186499936305636,21.73803474439125,14,19,1,0,0,1,15,2,0.9303382772665757,0,1,0,1
327780,0.02259705327451229,0.08137541115283967,0.08390476037474134,21.524267971546784,5,2,0,0,0,0,5,0,0.9010533690452576,0,0,0,0
195754,0.0230962373316288,0.08607921749353409,0.1030776517419678,19.736709677300823,11,8,2,0,1,1,10,1,0.9661002092891269,0,0,0,0
77595,0.028437707200646402,0.08851944059133529,0.09660042691925193,20.300419084885654,5,3,0,0,0,0,5,0,0.9751327753067016,0,0,0,0
350002,0.023616688698530196,0.08681048005819321,0.0965152271780804,20.308083254841023,1,2,0,0,0,0,2,1,0.9678788185119629,0,0,0,0
179765,0.017031638696789742,0.059453900903463364,0.0689153606081537,23.23367934012067,2,1,0,0,0,0,2,0,0.9531546533107758,0,0,0,0
39914,0.013430077768862247,0.04812943637371063,0.06257296603650449,24.072265168706895,14,11,0,0,0,0,15,1,0.9588929968220847,0,0,0,0
24243,0.01682068295776844,0.059319894015789035,0.07042181723234374,23.04585544336943,16,18,2,0,1,1,15,1,0.936970693724496,1,0,0,1
239857,0.015744416415691374,0.05723685175180435,0.07207248221431758,22.84461040703728,17,19,1,0,0,1,16,0,0.9573071971535683,1,0,0,1
308391,0.018593760579824446,0.070334692299366,0.07880444154141028,22.068986086105934,0,0,0,0,0,0,0,0,,0,0,0,0
433243,0.016508729197084904,0.056183097511529924,0.06579028997001285,23.636763989004468,3,2,0,0,0,0,3,0,0.9919631679852804,0,0,0,0
305343,0.025742367282509802,0.08956447541713715,0.09953578222558011,20.040415323872413,3,2,0,0,0,0,4,1,0.948463241259257,0,0,0,0
301718,0.021982461959123612,0.07408094704151154,0.08616892235164512,21.292986768142153,16,11,0,0,0,0,16,0,0.9485519602894783,0,0,0,0
82688,0.023875970393419266,0.08806306570768356,0.10255368823389162,19.780974321548847,8,6,0,0,0,0,8,0,0.9511428400874138,0,0,0,0
98497,0.020022765174508093,0.0725503385066986,0.0831119899119214,21.606726389066164,4,0,1,0,0,1,3,0,0.9721862276395162,0,0,0,0
322574,0.026360125094652177,0.09646507650613785,0.11297898773334582,18.9400464152885,5,4,2,0,1,1,3,0,0.9790132244427999,0,0,0,0
181859,0.02274220883846283,0.08737907707691192,0.10593916495889379,19.498869092266276,4,2,0,0,0,0,5,1,0.9866368770599365,0,0,0,0
430973,0.01643489059060812,0.056816012412309644,0.0600931576776533,24.423499495721323,1,1,0,0,0,0,1,0,0.9926323294639587,0,0,0,0
540466,0.02175665944814682,0.08284286856651306,0.08947892425648443,20.965584915352835,2,2,0,0,0,0,2,0,0.9491390287876129,0,0,0,0
375469,0.014138977229595184,0.047766093909740445,0.06200930421167803,24.150862834349205,3,4,0,0,0,0,3,0,0.9695287942886353,0,0,0,0
209753,0.03123297430574894,0.11498391777276992,0.1300916672151408,17.715010409795365,4,3,1,0,1,1,4,1,0.8640941977500916,0,0,0,0
405691,0.022880479320883752,0.079639932513237,0.09349634021741132,20.584107772815035,17,13,1,0,0,1,19,3,0.9015988409519196,0,0,0,0
59598,0.01911606974899769,0.06562477126717567,0.07812100964102958,22.144643049953416,14,10,1,0,0,1,13,0,0.9321505931707529,0,0,0,0
135561,0.025635655224323272,0.09041502624750138,0.10601839762714366,19.49237528062014,11,8,1,0,0,1,10,0,0.971600604057312,0,0,0,0
513041,0.01954278238117695,0.07239754498004913,0.09327352537836954,20.604832165517394,8,10,0,0,0,0,9,1,0.9669371992349625,0,0,0,0
538364,0.018376901373267175,0.06540984958410263,0.07834265039371806,22.120034800287975,17,17,1,1,0,1,16,1,0.920858911673228,1,0,0,1
2587,0.03439120426774025,0.1312798798084259,0.13523593100787723,17.378158096103856,2,2,0,0,0,0,2,0,0.9814319908618927,0,0,0,0
331799,0.01831319257616997,0.06695223897695542,0.07346008481321048,22.678971491530255,11,19,2,0,1,1,11,2,0.9399448898103502,0,0,0,0
156924,0.02989923432469368,0.10814066380262374,0.12236908634289896,18.246565651388526,10,7,1,0,0,1,11,2,0.9147091110547384,0,0,0,0
49060,0.02505665607750416,0.08697200715541839,0.10023180163691958,19.979889265149733,10,7,1,0,1,1,10,1,0.9257688588566251,0,0,0,0
39484,0.016081047616899012,0.057730919867753985,0.07166678387828866,22.89364169022467,28,35,3,0,1,1,26,1,0.9338525390625,2,0,0,1
37777,0.02998378835618496,0.10874695628881455,0.1211050848224759,18.336752436233574,17,14,1,1,0,1,17,1,0.95193958679835,0,0,0,0
250901,0.02307463400065899,0.08785235434770584,0.09893738913343435,20.09279108903922,13,6,1,0,0,1,13,1,0.9192410757144293,0,0,0,0
320425,0.01656142473220825,0.05821530595421791,0.07261514134399069,22.779456259133248,14,10,0,0,0,0,14,0,0.9374275037220546,0,0,0,0
201934,0.021100304275751113,0.07206590920686722,0.07891533851823683,22.05677152354081,9,6,1,0,0,1,8,0,0.8862712010741234,0,0,0,0
551660,0.022753062099218367,0.07633911967277526,0.08682175640167876,21.227428652867047,13,12,1,0,0,1,12,0,0.959435815612475,0,0,0,0
239318,0.027447443827986716,0.09497026056051254,0.10652956377758685,19.450597026902855,3,4,0,0,0,0,3,0,0.9815482298533121,0,0,0,0
464144,0.01904132105410099,0.06551556512713433,0.07767591308105289,22.194272658149274,6,2,1,0,0,1,5,0,0.9524092674255371,0,1,0,1
431896,0.01960863508284092,0.0652770534157753,0.07880805929575264,22.068587343432682,1,1,0,0,0,0,1,0,0.9687846302986145,0,0,0,0
408120,0.02245457097887993,0.07884923070669174,0.08488268855370935,21.423617463013542,7,5,1,0,0,1,6,0,0.9780997733275095,0,0,0,0
50326,0.021071440353989602,0.07540578097105026,0.08248806204765864,21.67217798948016,2,3,0,0,0,0,2,0,0.9774675071239471,0,0,0,0
436315,0.021977363899350167,0.07856848984956741,0.10483692393337403,19.589714607305446,3,1,1,0,0,1,2,0,0.9502494633197784,0,0,0,0
389532,0.028582006692886353,0.10271552056074143,0.11945425562063894,18.4559674733865,4,4,0,0,0,0,4,0,0.9874164015054703,0,0,0,0
335081,0.02170776352286339,0.08111724257469177,0.09017923356884312,20.897869201444287,15,4,1,0,0,1,14,0,0.9280872941017151,0,0,0,0
269932,0.022561947256326674,0.0789934128522873,0.08925613840666083,20.987238129644616,1,2,0,0,0,0,1,0,0.9481996893882751,0,0,0,0
484404,0.024684246629476547,0.09135435968637466,0.1023563140806941,19.797707234758676,5,16,0,0,0,0,5,0,0.949577808380127,0,0,0,0
82986,0.016848502308130266,0.059464842081069946,0.07020464543903575,23.072682993361386,5,5,0,0,0,0,5,0,0.980160391330719,0,0,0,0
283113,0.023906753957271577,0.08026544898748397,0.08851778050770362,21.059389681913533,5,3,0,0,0,0,5,0,0.9667988777160644,0,0,0,0
220584,0.014815270900726318,0.05082797631621361,0.0656650480286082,23.653314674991115,3,2,0,0,0,0,3,0,0.9877986709276835,0,0,0,0
165681,0.01950437165796757,0.07039129287004471,0.07875731206312046,22.074182289498808,34,28,0,0,0,0,40,6,0.9296883853042827,0,0,0,0
52462,0.01555258985608816,0.053805483132600786,0.0636285623540321,23.926957785083548,2,2,0,0,0,0,2,0,0.9888246953487396,0,0,0,0
345252,0.02020346038043499,0.0717742308974266,0.0865851727698641,21.25112944269068,11,5,0,0,0,0,12,1,0.9540293433449485,0,0,0,0
571893,0.022922541573643686,0.08288788050413132,0.08994213694321526,20.920735964087026,20,17,2,1,0,1,18,0,0.9319083515335532,0,1,0,1
530975,0.020859678089618684,0.07492799162864686,0.0890882111404499,21.00359522911308,19,23,0,2,0,1,21,3,0.9668008159188664,0,0,0,0
221291,0.02248012199997902,0.07718904316425323,0.10199276322050313,19.828612840232196,2,2,0,0,0,0,2,0,0.9865351915359497,0,0,0,0
29393,0.022919128090143202,0.07934475988149643,0.08391401813475523,21.5233096535019,2,4,0,0,0,0,2,0,0.97998908162117,0,0,0,0
368038,0.017659906297922134,0.06116353422403335,0.07921479482412908,22.02387396658892,2,1,0,0,0,0,2,0,0.9658078551292419,0,0,0,0
46048,0.023993857949972153,0.08258107304573059,0.09292464430017024,20.637381852698308,9,4,0,0,0,0,9,0,0.9756704237725999,0,0,0,0
190756,0.02066062018275261,0.07119737714529037,0.08288670712978458,21.63030226790395,2,2,0,0,0,0,2,0,0.9893757700920105,0,0,0,0
416534,0.021493513882160187,0.078159499168396,0.09339391468554643,20.593628407857594,48,18,1,0,1,1,53,6,0.9626004683210495,0,0,0,0
184611,0.018363941460847855,0.0675021693110466,0.0790961020262575,22.03689837308056,30,22,0,0,0,0,30,0,0.951654028892517,0,0,0,0
537802,0.02078876942396164,0.07473849207162857,0.08478114182587253,21.43401477367716,7,2,0,0,0,0,7,0,0.9297808493886676,0,0,0,0
368982,0.02090567462146282,0.07275644540786744,0.08987858162182305,20.92687579641465,2,1,0,0,0,0,2,0,0.9822608828544617,0,0,0,0
465675,0.02157701663672924,0.07556248754262924,0.08970121093162915,20.944033882178413,3,3,0,0,0,0,3,0,0.9349724650382996,0,0,0,0
405249,0.01976754441857338,0.07020909488201141,0.08416936210936743,21.496919283601322,17,18,0,1,0,1,17,0,0.9418803155422211,0,0,0,0
368456,0.020588204637169837,0.07362891584634781,0.07862673883743182,22.088594739575477,1,1,0,0,0,0,1,0,0.9941266179084778,0,0,0,0
331280,0.02050994262099266,0.07708144336938857,0.09082971303987156,20.835441157693808,24,15,1,1,0,1,23,1,0.9518538632176139,0,1,0,1
421834,0.024871227145195008,0.09617482870817184,0.1009542444512742,19.917508343120765,2,1,0,0,0,0,2,0,0.9903604090213776,0,0,0,0
177015,0.01953223757445812,0.06715957075357437,0.08153777367325771,21.77282301603362,5,6,0,0,0,0,6,1,0.8267007112503052,0,0,0,0
194832,0.022957706823945045,0.08457247465848923,0.08975586797974137,20.93874297802011,6,14,0,1,2,1,6,0,0.8981047630310058,0,0,0,0
125952,0.01545374169945717,0.05610162019729614,0.08715693102455692,21.1939614112338,2,1,1,0,0,1,1,0,0.7609465718269348,0,0,0,0
298251,0.014469307288527489,0.044835644960403445,0.056880146312336746,24.900785902893947,7,9,0,0,0,0,7,0,0.9909935508455548,0,0,0,0
142472,0.0185162253677845,0.06618636101484299,0.07568847729773005,22.419404636395544,10,12,0,0,0,0,10,0,0.9547533631324768,0,0,0,0
425221,0.026604853570461273,0.10401285290718079,0.11110125267641358,19.085620886459512,8,23,1,0,1,1,7,0,0.937238301549639,1,0,1,1
142971,0.012073089182376862,0.04158463850617409,0.0577389448892081,24.770623131995293,12,6,1,0,0,1,11,0,0.9090525345368818,0,0,0,0
412894,0.016829251684248446,0.06191481053829193,0.07788097094110275,22.171372855486275,36,19,3,0,0,1,35,2,0.9566186973542878,0,0,0,0
504389,0.01698995754122734,0.06440995186567307,0.08092628658248457,21.838207747378483,4,4,0,0,0,0,7,3,0.9700874090194702,0,0,0,0
312340,0.03147821947932243,0.11246200948953629,0.11396620284693401,18.86447842822919,1,1,0,0,0,0,1,0,0.9005439281463623,0,0,0,0
161820,0.018595634773373605,0.06393866911530495,0.07096646300379152,22.978936792763417,10,1,0,1,0,1,11,1,0.9059096839692857,0,0,0,0
364126,0.015118278749287128,0.050280549377202985,0.06372406440686118,23.913930641982148,2,2,0,0,0,0,3,1,0.9892425835132599,0,0,0,0
579070,0.017435784079134466,0.06350317597389221,0.08002976819713105,21.934968820399643,40,30,2,1,0,1,38,0,0.9608163930274345,0,0,0,0
438955,0.016445288062095643,0.059704139828681946,0.06872224450932098,23.258053292589224,25,15,0,0,0,0,27,2,0.9435207343101502,0,0,0,0
411754,0.029504501819610597,0.10435908287763596,0.11621293636638867,18.69491050606878,7,8,0,0,0,0,8,1,0.9772185853549412,0,0,0,0
101068,0.021520065888762475,0.07448696941137314,0.08457453463368737,21.45520766425578,2,2,0,0,0,0,3,1,0.9783057272434235,0,0,0,0
180560,0.029566356167197227,0.10871032029390335,0.13340303666557193,17.496685688435708,3,3,0,0,0,0,4,1,0.9821279644966125,0,0,0,0
559348,0.015679574199020864,0.05501026958227158,0.07111336801638399,22.960975043059623,21,15,2,0,0,1,21,2,0.9716555538930391,0,0,0,0
135670,0.02257864736020565,0.07779553830623627,0.08291292828554163,21.627554926917142,3,1,0,0,0,0,4,1,0.944412370522817,0,0,0,0
213445,0.019554804265499114,0.06963319033384323,0.08313221288179892,21.60461317871146,15,14,2,0,0,1,13,0,0.9544073801774245,0,0,0,0
277689,0.02571355663239956,0.08873725533485413,0.09539282147525478,20.409686114091073,8,22,0,0,0,0,9,1,0.943938784301281,0,0,0,0
255824,0.01815884355455637,0.0671269178390503,0.07715495868108317,22.25272313961801,4,3,0,0,0,0,4,0,0.9869130849838257,0,0,0,0
2532,0.017192980647087096,0.057403262704610825,0.07091521549395494,22.985211461046692,2,2,0,0,0,0,3,1,0.9845038950443268,0,0,0,0
112626,0.02143465280532837,0.07651600241661072,0.08591325260283125,21.318796772654313,3,2,0,0,0,0,3,0,0.9412819544474283,0,0,0,0
546659,0.01817343942821026,0.06382013857364655,0.07639692065625005,22.338482925070068,6,4,0,0,0,0,7,1,0.9652594824632009,0,0,0,0
343524,0.018680829741060733,0.06665565073490143,0.07594675782879035,22.38981522920897,3,3,0,0,0,0,3,0,0.9699102838834127,0,0,0,0
5503,0.033591540157794954,0.1258086621761322,0.13375706198362217,17.473665584332338,3,1,1,0,0,1,3,1,0.96541428565979,1,0,0,1
373705,0.01999909579753876,0.07372353076934815,0.08209887624497623,21.713255747731996,8,7,1,0,0,1,7,0,0.9735664555004665,0,0,0,0
551350,0.01698265615850687,0.060342594236135486,0.07295543408264339,22.738847083166014,4,8,0,0,0,0,4,0,0.9722851663827896,0,0,0,0
61584,0.016851906478405,0.06255678683519364,0.07487848842524936,22.512858625997104,8,6,1,0,0,1,8,1,0.9747490286827087,0,0,0,0
7991,0.019610594585537912,0.06995765566825866,0.08778088142972325,21.132001252198876,18,3,0,0,0,0,19,1,0.9629231757587857,0,0,0,0
369757,0.02045394666492939,0.07816233932971954,0.09514998384004716,20.431825622721334,16,5,1,0,0,1,15,0,0.9585090359052022,0,0,0,0
449312,0.022509630024433135,0.08496851772069931,0.09335646021283091,20.597112474981934,6,5,0,0,0,0,7,1,0.952035109202067,0,0,0,0
502737,0.031152863800525666,0.11846109628677368,0.12245861045150584,18.240213456991047,5,4,0,0,1,1,6,1,0.9175639867782592,0,0,0,0
21879,0.01230658646672964,0.04326123669743538,0.055715325599234006,25.080506542598123,11,7,0,0,0,0,11,0,0.8653272227807478,0,0,0,0
202339,0.021213696151971818,0.07414515912532807,0.08617183288344869,21.292693389387935,10,7,1,0,0,1,10,1,0.9768900341457791,0,0,0,0
48924,0.01733403988182545,0.06157163679599762,0.073803177964575,22.63849874111015,3,3,0,0,0,0,3,0,0.9601805607477824,0,0,0,0
468954,0.022893670946359634,0.08662485629320145,0.09548722135834126,20.40109488557906,5,7,1,0,0,1,4,0,0.8760921061038971,1,0,0,1
137576,0.019350921362638475,0.06414572894573212,0.0746374807048799,22.540860561660388,8,9,0,0,0,0,8,0,0.8840727061033249,0,0,0,0
285894,0.02103925123810768,0.07091876715421677,0.08483413133692089,21.42858765557237,5,5,0,0,0,0,5,0,0.9780801177024842,0,0,0,0
421757,0.016115057840943338,0.054553684592247007,0.0687523426399319,23.25424998536864,4,3,0,0,0,0,4,0,0.987696185708046,0,0,0,0
55528,0.023565471544861792,0.08099360316991806,0.0848624613762571,21.425687519588873,5,7,1,0,1,1,5,1,0.9599069505929947,0,0,0,0
466125,0.02328975647687912,0.08645528256893158,0.09311257145753098,20.619833588525477,11,9,2,0,0,1,9,0,0.9234506951438056,0,0,0,0
532493,0.015455792285501957,0.05384106263518333,0.06392738365765285,23.886261389594452,3,2,0,0,0,0,4,1,0.9255167444547018,0,0,0,0
474786,0.02819633260369301,0.10137208104133606,0.11244646157893931,18.981084124428154,10,6,0,0,0,0,10,0,0.9701685607433319,0,0,0,0
463527,0.018170126155018805,0.06392519548535347,0.07824248760968357,22.131147004392652,8,11,0,0,0,0,8,0,0.9710255414247513,0,0,0,0
512403,0.022002622485160828,0.07704988121986389,0.10684261759252175,19.425109610306002,6,3,1,0,0,1,5,0,0.9499584555625915,0,0,0,0
205289,0.016881763003766537,0.06025005802512169,0.07050943003140148,23.035055919256674,5,2,0,0,0,0,5,0,0.9456040024757385,0,0,0,0
553990,0.016513340547680853,0.058216437697410583,0.1277333525664383,17.873913778408614,4,2,0,0,0,0,4,0,0.9399338811635971,0,0,0,0
450202,0.02206885628402233,0.0776194915175438,0.08815678167790385,21.094885458103473,13,7,1,1,0,1,12,1,0.9348657889799639,0,1,0,1
335954,0.019012175872921942,0.06300510913133621,0.0740718155228491,22.606940210547904,2,3,0,0,0,0,3,1,0.9695088565349579,0,0,0,0
284623,0.021200726553797723,0.07548262774944306,0.08279943449352511,21.639452587292784,3,5,0,0,0,0,3,0,0.9812776645024618,0,0,0,0
134322,0.01972213201224804,0.0732623890042305,0.09381038718368653,20.55498143139481,24,14,1,0,0,1,24,1,0.9680033585299617,1,0,0,1
446005,0.017772609367966652,0.06216859742999077,0.07992469674417237,21.946380057667845,6,5,1,0,0,1,5,0,0.9762059926986695,0,0,0,0
378453,0.014481146633625031,0.049318193644285205,0.0626664214060544,24.0593021034406,24,13,2,0,0,1,24,2,0.9449512958526611,1,1,0,1
361238,0.02178262174129486,0.07196600437164306,0.08486482534994012,21.425445564215458,8,10,0,0,0,0,8,0,0.9660814329981804,0,0,0,0
117719,0.029577025771141054,0.11175018846988678,0.1366173061423787,17.28988564909679,33,18,4,0,0,1,29,0,0.9484145189153736,0,1,0,1
120572,0.015787776745855808,0.05340078696608543,0.06726175746364067,23.444635786282632,1,2,0,0,0,0,1,0,0.9841832518577576,0,0,0,0
151962,0.02061748020350933,0.0724070593714714,0.08291794543510343,21.62702935038936,2,3,0,0,0,0,2,0,0.9925307333469391,0,0,0,0
133000,0.016670414432883262,0.060579974204301834,0.06738898576056891,23.42822159875766,3,3,0,0,0,0,3,0,0.9433204730351766,0,0,0,0
352618,0.029258860275149345,0.1006277084350586,0.10652590104270947,19.45089567318211,4,4,0,0,1,1,4,0,0.8480889946222305,0,0,0,0
561889,0.0167333472520113,0.057443345338106154,0.0639081438157115,23.888875923258468,12,8,0,0,1,1,12,0,0.9799897919098536,0,0,1,1
277197,0.020792593806982042,0.07205603420734405,0.08049867034204342,21.884225862924005,14,9,1,0,0,1,13,0,0.9416944613823524,1,0,0,1
263474,0.019429574161767958,0.06815304979681969,0.07895513177726816,22.05239274563563,4,1,0,1,0,1,4,0,0.8663028081258138,0,1,0,1
381587,0.015552626736462117,0.054579509794712065,0.06911344050998858,23.208749740877785,42,30,2,0,1,1,41,1,0.9771787583827972,0,0,0,0
389197,0.017306406423449515,0.06119106188416481,0.06945803810232641,23.165549756919436,13,11,0,1,0,1,13,0,0.9532268643379211,0,0,0,0
522156,0.023978172242641448,0.08571549952030182,0.0944794113411143,20.493256425609335,2,1,0,0,0,0,2,0,0.9667482674121857,0,0,0,0
196442,0.020828507840633392,0.0746398314833641,0.09258594528461851,20.669098700184627,12,5,0,0,0,0,12,0,0.9352435221274694,0,0,0,0
544811,0.013718902133405209,0.051733138412237166,0.05969108850538364,24.48181002793923,2,2,0,0,0,0,2,0,0.9843062162399292,0,0,0,0
130465,0.027147386968135834,0.09060188084840774,0.09742369226021512,20.226708302542065,2,2,0,0,0,0,2,0,0.9725638329982758,0,0,0,0
492077,0.02142101228237152,0.07564612776041031,0.10025404047966582,19.97796230479657,26,26,0,0,0,0,27,1,0.9570901668988742,0,0,0,0
268000,0.023408466950058937,0.08511655032634735,0.09260688466730672,20.667134507856645,5,3,1,0,0,1,5,1,0.9278115481138229,0,0,0,0
274687,0.02072662189602852,0.07640032768249512,0.08190599428937632,21.733686264782843,2,3,0,0,0,0,2,0,0.9362637400627136,0,0,0,0
393469,0.021415884047746657,0.07947387397289277,0.09287569982191088,20.641958015873847,5,4,0,0,0,0,5,0,0.9566800713539123,0,0,0,0
63602,0.024770376831293107,0.08722914308309555,0.09947105333030792,20.046065663057846,4,8,0,0,0,0,4,0,0.9773210287094116,0,0,0,0
157213,0.015733364410698412,0.057430537045001985,0.06394064150851872,23.884460216396977,1,1,0,0,0,0,1,0,0.9968055486679077,0,0,0,0
233567,0.018435049802064896,0.06350507289171219,0.0867699748390258,21.232610569639412,7,7,1,0,0,1,6,0,0.9654301007588705,0,0,0,0
115245,0.018924212642014028,0.07053549364209175,0.09920295261311418,20.069508031815687,20,16,0,0,0,0,20,0,0.9518028408288955,0,0,0,0
322829,0.01478528194129467,0.05211376845836639,0.06617836667931667,23.585679113699612,1,1,0,0,0,0,1,0,0.9217442870140076,0,0,0,0
289741,0.01707397624850273,0.05901617556810379,0.06998528068495474,23.09986582528402,34,38,1,0,0,1,36,3,0.9681893641298468,0,0,0,0
247806,0.01899493522942066,0.06389753594994545,0.0753337320647932,22.460210338060847,1,1,0,0,0,0,1,0,0.9875878691673279,0,0,0,0
513580,0.016373737901449203,0.059028352797031405,0.07290183369786711,22.74523095494377,3,3,0,0,0,0,3,0,0.9795854687690735,0,0,0,0
532129,0.01754546891897917,0.06209679916501045,0.06969362778217174,23.136138568757623,3,4,0,1,1,1,3,0,0.9477625489234924,0,1,1,1
81988,0.021598084643483163,0.07295717447996139,0.09229595286352577,20.69634684352808,10,9,0,0,0,0,10,0,0.9801526367664337,0,0,0,0
184384,0.021135932952165603,0.0761165514588356,0.0881774674813283,21.092847571450136,7,6,0,0,0,0,10,3,0.9463516473770142,0,0,0,0
268996,0.016324040293693543,0.060228435695171355,0.074019593345413,22.613066103901716,0,0,0,0,0,0,0,0,,0,0,0,0
578792,0.019812143221497536,0.07445511966943741,0.08204176195955029,21.719300422657287,4,2,1,0,0,1,4,1,0.984763503074646,0,0,0,0
575357,0.02062636911869049,0.07932521551847457,0.08634091852868304,21.27566670918997,2,2,0,0,0,0,2,0,0.9859142303466797,0,0,0,0
98261,0.03804776817560196,0.1297360345721245,0.13362704373231454,17.482112790031252,4,2,1,0,0,1,3,0,0.8022198677062988,0,1,0,1
422836,0.025468384847044945,0.08587583303451538,0.10104373389120934,19.90981227154342,14,22,2,1,2,1,14,3,0.9076240442015908,0,0,0,0
375078,0.028551966696977616,0.10638781636953354,0.10909761656048145,19.24369474550865,3,2,1,0,0,1,3,1,0.9599263668060303,0,0,0,0
498919,0.019002003222703935,0.06859870553016663,0.07625967009705972,22.354101556735145,44,23,0,0,0,0,48,4,0.9647985927083276,0,0,0,0
376625,0.01866423077881336,0.0668317049741745,0.07941441825330393,22.002012823150796,20,17,1,0,0,1,23,4,0.9235376025501051,0,0,0,0
535523,0.02106995917856693,0.07696914970874787,0.08614673393587757,21.295223664496415,7,17,0,0,0,0,8,1,0.9626695428575788,0,0,0,0
632,0.017538807168602944,0.06217093840241432,0.08002806808491929,21.935153341037772,31,17,4,1,0,1,31,5,0.9103901042388036,0,0,0,0
530466,0.020720720291137695,0.07436212599277496,0.08069013071509203,21.863591619830775,3,3,0,0,0,0,3,0,0.9798088073730469,0,0,0,0
255747,0.022775193303823472,0.08265965580940246,0.0894066477540316,20.97260376825233,3,3,1,0,0,1,2,0,0.9285024702548981,0,0,0,0
117908,0.02484363578259945,0.0869548961520195,0.09363934356210217,20.570832789802157,12,9,2,1,0,1,11,1,0.935498747560713,0,0,0,0
565624,0.016263393312692644,0.05490695536136627,0.06978585956560548,23.12465135692417,2,2,0,0,0,0,2,0,0.9787554740905762,0,0,0,0
265108,0.01705039292573929,0.06309158056974411,0.07085462621858596,22.992635773365727,4,2,0,0,0,0,5,1,0.9576779156923294,0,0,0,0
383386,0.02210540808737278,0.07539002746343612,0.07913457579537815,22.032674427083123,4,4,0,0,0,0,4,0,0.9817451387643814,0,0,0,0
219271,0.02638418264687061,0.0977239266037941,0.1038905771836897,19.668476818385912,18,18,1,0,0,1,19,2,0.9412055611610413,0,0,0,0
471567,0.01844629496335983,0.06085633710026741,0.07265352264622368,22.774866476946762,4,4,0,0,0,0,4,0,0.97828009724617,0,0,0,0
88485,0.02720494717359543,0.09424279928207398,0.09883069673084746,20.10216285921077,2,2,0,0,0,0,2,0,0.9911017119884491,0,0,0,0
449198,0.02327704504132271,0.08614658862352371,0.09580921430751686,20.371854425845996,0,2,0,0,0,0,0,0,,0,0,0,0
402765,0.03455129861831665,0.12337178140878677,0.12565500928562698,18.016403868170354,2,2,0,0,0,0,2,0,0.9727630019187927,0,0,0,0
516316,0.013903929479420185,0.04774542897939682,0.059571394285788816,24.49924469987373,3,11,0,0,0,0,3,0,0.9965434273084005,0,0,0,0
286660,0.01935476027429104,0.06974154561758042,0.07954266662341405,21.987997072527172,2,2,0,0,0,0,2,0,0.9869445860385895,0,0,0,0
110721,0.019932128489017487,0.06998318880796432,0.07670773666457587,22.303216626813,5,2,0,0,0,0,6,1,0.8741776585578919,0,0,0,0
284279,0.023956967145204545,0.08147287219762803,0.08990461034802573,20.924360737667293,2,1,0,0,0,0,2,0,0.9520420134067535,0,0,0,0
205647,0.016779515892267227,0.0591544434428215,0.06618802367870308,23.584411728061504,2,1,0,0,0,0,2,0,0.9899275600910187,0,0,0,0
6723,0.015968777239322662,0.054942069202661516,0.06543017844919434,23.68443790477867,11,6,1,0,0,1,10,0,0.9721884369850159,0,0,0,0
439773,0.018352567777037622,0.06213974356651306,0.07134948962504228,22.93218258240101,7,3,0,0,0,0,7,0,0.9128268957138062,0,0,0,0
426329,0.02843308970332146,0.11152505278587341,0.12791007338287233,17.861905038132196,17,15,2,0,0,1,19,4,0.942778452237447,0,0,0,0
1503,0.03074977397918701,0.10528085231781006,0.11752863635146553,18.597126056068916,7,5,1,0,0,1,7,1,0.9673490325609843,0,0,0,0
280710,0.014666120521724224,0.05260528028011322,0.06559851150182504,23.66212030208372,18,22,1,0,0,1,19,2,0.9714358168489793,0,0,0,0
190307,0.014688739366829396,0.05216461196541786,0.06182796392692125,24.176301102648246,2,2,0,0,0,0,2,0,0.9032372534275055,0,0,0,0
459195,0.017354637384414673,0.06447945833206177,0.07362519587878692,22.659470735380204,5,7,0,0,0,0,5,0,0.9824043869972229,0,0,0,0
82846,0.01533993035554886,0.05524174422025681,0.06514856553489845,23.721902846038383,2,3,0,0,0,0,2,0,0.9939557313919067,0,0,0,0
440184,0.01563054658472538,0.054298388212919234,0.06593461716186669,23.61773022251093,9,13,1,0,0,1,9,1,0.9755615442991257,0,0,0,0
337498,0.017021649703383445,0.060619381815195085,0.07274166070471472,22.76433576299742,6,6,0,0,0,0,6,0,0.9731382727622986,0,0,0,0
575372,0.01823929287493229,0.062115301936864854,0.0786433145321643,22.0867638168719,4,4,0,0,0,0,4,0,0.9462130218744278,0,0,0,0
495054,0.01710733976215124,0.05966649129986763,0.06929194709337956,23.18634469769909,14,8,1,0,0,1,13,0,0.9707776032961332,0,0,0,0
322944,0.02923378013074398,0.10660766959190368,0.1106657427591816,19.11973593530002,3,2,0,0,0,0,3,0,0.8194789290428162,0,0,0,0
430875,0.02502412870526314,0.08423542380332946,0.09385111319514707,20.551211434397196,5,3,0,0,0,0,5,0,0.9457467555999756,0,0,0,0
232563,0.024024558439850806,0.09342413395643234,0.11677000230127893,18.653374224656936,10,5,0,0,0,0,14,4,0.942286491394043,0,0,0,0
166509,0.018279332667589188,0.06394927203655243,0.07427795945505404,22.582800711887657,4,2,1,0,0,1,3,0,0.9857971469561259,0,0,0,0
409475,0.018913048133254052,0.06159028187394142,0.07479766834688306,22.522238802033073,4,2,0,0,0,0,4,0,0.9800573885440826,0,0,0,0
400161,0.019656101241707802,0.06723343431949616,0.070307390770096,23.059980383826296,21,18,2,0,0,1,19,0,0.97285826268949,0,0,0,0
175535,0.021725482121109963,0.07711625844240189,0.08531657806625731,21.379331436872423,10,7,1,0,0,1,9,0,0.8642043405108981,1,0,0,1
377000,0.024534266069531442,0.09005918055772781,0.095098159017511,20.43655780768183,2,1,0,0,0,0,2,0,0.9095617234706879,0,0,0,0
424135,0.0218428336083889,0.07773642539978028,0.08325525505155286,21.591766887877224,2,3,0,0,0,0,2,0,0.9583139717578888,0,0,0,0
148783,0.016361571475863458,0.05694388076663017,0.06559013727744344,23.663229202732655,3,2,0,0,0,0,3,0,0.9903364578882853,0,0,0,0
108495,0.018791436031460763,0.06445736810564995,0.07824616263235948,22.13073904073092,4,2,0,0,0,0,4,0,0.9712356925010681,0,0,0,0
262048,0.021802589297294617,0.07795626074075698,0.08890886030897245,21.0210991357024,17,13,1,0,0,1,17,1,0.9534676484763622,0,0,0,0
104782,0.019290873408317567,0.0659273773431778,0.07502281530921702,22.496132850542374,1,1,0,0,0,0,1,0,0.9725492000579834,0,0,0,0
176037,0.01675175279378891,0.05771600306034088,0.06918576660712823,23.199664850688258,14,15,1,0,0,1,13,0,0.9626750854345468,0,0,0,0
87244,0.019327497482299803,0.07168047428131104,0.08457369740209664,21.455293649206514,3,3,0,0,0,0,3,0,0.9598676760991415,0,0,0,0
522940,0.0239651907235384,0.08259672522544861,0.08804636525854252,21.105771358554325,2,1,0,0,0,0,2,0,0.9189917743206024,0,0,0,0
570756,0.017077635042369366,0.061614590138196944,0.07886267774141556,22.0625696153606,36,26,0,0,0,0,38,2,0.9423955629269282,0,0,0,0
352584,0.02979705445468426,0.0993051916360855,0.1044146865351403,19.62476821966796,0,1,0,0,0,0,0,0,,0,0,0,0
190676,0.016919187270104885,0.059864480048418045,0.06931790058304262,23.183091982926662,27,14,2,0,0,1,25,0,0.952343156337738,2,0,0,1
418281,0.01392022892832756,0.05110662281513214,0.06465168721109828,23.788402737587138,3,2,0,0,0,0,3,0,0.9813377261161804,0,0,0,0
303566,0.0155930045992136,0.057257584482431415,0.07237550437155076,22.808167934715208,64,53,1,0,1,1,66,3,0.9650888263233124,0,0,0,0
395903,0.015626293048262595,0.05306356325745583,0.06457836360825961,23.798259280804874,3,2,0,0,0,0,3,0,0.9620532393455505,0,0,0,0
7088,0.017344670929014684,0.061164037138223645,0.06909889795721845,23.21057758071153,5,4,0,0,0,0,5,0,0.9899680972099304,0,0,0,0
386210,0.021948983892798424,0.08001954555511474,0.09457197654014757,20.484750683584487,11,15,2,0,0,1,10,1,0.9696520898077223,0,0,0,0
356968,0.014522056467831135,0.04948122501373291,0.08044799873229475,21.889695103475965,1,1,0,0,0,0,1,0,0.9899677038192749,0,0,0,0
53529,0.025161808356642723,0.09480969607830048,0.10292832686487106,19.749301735440202,2,3,0,0,0,0,2,0,0.9585107862949371,0,0,0,0
501523,0.024339699000120164,0.08885466158390046,0.10568723748095582,19.51954907622483,5,5,1,0,0,1,4,0,0.8915875852108002,0,0,0,0
350054,0.02313138507306576,0.0878763660788536,0.10519994771779104,19.559689520352915,13,5,6,0,0,1,7,0,0.9463229434830802,1,0,0,1
422886,0.025251262262463568,0.0891243651509285,0.09770057742855082,20.202057390252534,4,3,0,0,0,0,4,0,0.9601335674524307,0,0,0,0
232646,0.019859644770622253,0.06960011422634124,0.08039837529199906,21.895054549620262,2,1,0,0,0,0,2,0,0.988631397485733,0,0,0,0
80949,0.02454477958381176,0.08430252373218536,0.09508906168107212,20.437388762149517,10,4,1,0,0,1,9,0,0.8629463844829135,1,0,0,1
336265,0.016684273071587086,0.05782772153615952,0.0749835328911317,22.50068202809517,2,2,0,0,0,0,2,0,0.9865514636039734,0,0,0,0
283520,0.01562526971101761,0.054864343255758286,0.06612013744949108,23.593325045903676,5,4,0,0,0,0,5,0,0.9873246073722839,0,0,0,0
400803,0.01368851140141487,0.047769978642463684,0.06357447388887462,23.93434450290478,5,3,0,0,0,0,5,0,0.8902157187461853,0,0,0,0
136915,0.02094789929687977,0.07565127611160279,0.08814546463627447,21.09600057236676,7,9,0,0,0,0,7,0,0.9773459349359784,0,0,0,0
395633,0.02081015706062317,0.07421235889196395,0.0925291823201431,20.674425513468822,4,3,0,0,0,0,4,0,0.9721323996782303,0,0,0,0
284743,0.03043409138917923,0.11154083460569382,0.11446592340695269,18.82647567765774,9,6,0,0,0,0,10,1,0.9548884961340163,0,0,0,0
398652,0.017961980774998665,0.06455896273255349,0.0736897043212915,22.651863721461435,27,13,2,0,1,1,26,1,0.9073396944999694,1,0,0,1
128148,0.02230169214308262,0.07991473823785782,0.09074150137960467,20.8438807862836,29,22,4,0,0,1,27,2,0.9150482964515686,0,0,0,0
68286,0.02178376130759716,0.07929423600435256,0.09071607450845175,20.846315019156382,3,1,1,0,0,1,2,0,0.981553316116333,0,0,0,0
74256,0.01833207905292511,0.06853942647576332,0.08044716171019527,21.88978547638166,13,13,2,0,0,1,11,0,0.9452089829878374,0,1,0,1
539445,0.015984837710857392,0.053573527932167055,0.06733544786262512,23.435124938930873,3,4,0,0,0,0,4,1,0.9208393692970276,0,0,0,0
17115,0.014209213852882385,0.05088176280260086,0.05721747852845561,24.84942569374212,4,2,0,0,0,0,4,0,0.914714053273201,0,0,0,0
128476,0.02039235830307007,0.0718518540263176,0.08129680551701636,21.798530385434557,16,13,1,0,0,1,15,0,0.9744433283805847,0,0,0,0
42178,0.020621330291032792,0.07271955609321594,0.07900465001325757,22.046946929718565,0,3,0,0,0,0,0,0,,0,0,0,0
398203,0.01597493402659893,0.05445945858955383,0.0660369151693244,23.604264449018103,15,13,1,0,0,1,15,1,0.9798862380640847,1,0,0,1
548267,0.017411696165800093,0.060357017815113066,0.0729938031849923,22.734280155617355,14,13,1,0,1,1,13,0,0.9516442922445444,0,0,0,0
547519,0.02139420211315155,0.07455371767282486,0.08892636798339641,21.019388903935415,1,1,0,0,0,0,1,0,0.9931844472885132,0,0,0,0
572303,0.021628588810563086,0.07459206134080887,0.09288196108898389,20.641372471519507,2,2,0,0,0,0,2,0,0.9608030021190643,0,0,0,0
223188,0.021408487856388093,0.07303070574998856,0.0820138708170872,21.72225380357506,2,3,0,0,0,0,2,0,0.9853022396564484,0,0,0,0
228942,0.020737313851714134,0.07399809509515762,0.08145106654138674,21.78206449107349,18,18,1,0,1,1,17,0,0.9437346142881057,0,0,0,0
480944,0.01572991758584976,0.0556511752307415,0.07071139448797246,23.010211960406703,13,14,0,0,0,0,14,1,0.9584523485257075,0,0,0,0
297698,0.027296145632863044,0.09305328577756881,0.10565043830667342,19.522573937443997,6,6,0,0,0,0,6,0,0.8789229989051819,0,0,0,0
210099,0.027245090901851655,0.10190806537866592,0.11170759385579403,19.038346052895058,6,2,2,0,0,1,5,1,0.8713716268539429,1,0,0,1
122166,0.01427884791046381,0.05292261764407158,0.06521923092104112,23.712486535844207,29,29,3,0,1,1,27,1,0.9449794544623449,0,0,0,0
579321,0.018127676844596863,0.06304981261491775,0.07771727101310481,22.189649154949468,7,2,1,0,0,1,6,0,0.9278572599093119,1,0,0,1
357081,0.025150915235280992,0.08693353235721588,0.11046643437185229,19.13539327786789,2,2,0,0,0,0,2,0,0.9780721962451935,0,0,0,0
151657,0.024024857580661772,0.09159738272428512,0.1092356209531963,19.23271436434473,4,3,0,0,0,0,5,1,0.9055105745792389,0,0,0,0
291634,0.015246144123375415,0.05350698530673981,0.06237842407937722,24.09931202802373,21,17,1,0,0,1,21,1,0.9596321314573288,0,0,0,0
506310,0.02190030664205551,0.07954698204994201,0.08597982849743634,21.312068509965563,9,6,0,0,0,0,9,0,0.9461594886249967,0,0,0,0
98633,0.03135230764746666,0.10939360707998276,0.11995996699228564,18.41927324822523,2,1,0,0,0,0,2,0,0.9132600724697113,0,0,0,0
558213,0.0174299955368042,0.06207921057939529,0.07595288494824856,22.38911451020175,5,6,1,0,0,1,5,1,0.9782102257013321,0,0,0,0
174004,0.013949643075466155,0.04978551641106606,0.05970936531779664,24.47915090275651,1,1,0,0,0,0,1,0,0.993266761302948,0,0,0,0
309467,0.017628654837608337,0.06072513088583946,0.0787929576979207,22.07025193691095,8,6,0,0,0,0,9,1,0.9508584439754486,0,0,0,0
521259,0.015109369531273842,0.05453744903206825,0.06834814048779535,23.30546593117704,30,19,1,0,0,1,31,2,0.9793315858676516,0,1,0,1
278006,0.0174675902351737,0.06438409090042115,0.07437847731042131,22.571054336817266,0,0,0,0,0,0,0,0,,0,0,0,0
450559,0.019198962301015855,0.06580319330096245,0.09853875910041958,20.1278582220287,3,2,0,0,0,0,3,0,0.9293405810991923,0,0,0,0
541664,0.022707875445485116,0.07758137434720994,0.08085304415127635,21.84607248158003,7,2,1,0,0,1,6,0,0.9651735325654348,0,0,0,0
344059,0.018902648240327835,0.06620537713170052,0.08287013255155229,21.63203932995315,2,2,0,0,0,0,2,0,0.989536315202713,0,0,0,0
193926,0.019670305773615837,0.06709817051887512,0.0712142059977693,22.948667270229862,15,12,0,0,0,0,15,0,0.9460891087849935,0,0,0,0
23666,0.030560051649808885,0.10038456916809083,0.10593887832534966,19.498892593213256,2,1,0,0,0,0,2,0,0.9925034046173096,0,0,0,0
571264,0.01661666836589575,0.057111989706754684,0.06494699314892652,23.748819013160812,2,2,0,0,0,0,2,0,0.9518908560276031,0,0,0,0
243148,0.023139374703168868,0.07864187210798264,0.0813605564467656,21.791721796363714,4,4,1,0,0,1,3,0,0.8949524164199829,0,0,0,0
326541,0.02429121397435665,0.08730188608169556,0.0999508170537452,20.004273027318963,9,9,0,0,0,0,9,0,0.9427395926581489,0,0,0,0
453634,0.021156730875372887,0.0745506688952446,0.08066131760280706,21.866693761382095,4,2,0,0,0,0,4,0,0.956790030002594,0,0,0,0
108864,0.01626818235963583,0.05900607109069824,0.07285205952729402,22.75116332435996,2,2,0,0,0,0,2,0,0.9966499209403992,0,0,0,0
431568,0.017842258885502817,0.06413421556353568,0.07167601350274276,22.892523147807687,1,5,0,0,0,0,1,0,0.997006356716156,0,0,0,0
177065,0.015529502369463443,0.053625619411468504,0.06644953002743113,23.55016172624292,17,11,2,0,0,1,15,0,0.9515047947565715,0,0,0,0
136633,0.021954913437366486,0.08438202887773513,0.10781115054775121,19.34672638392775,21,18,0,0,0,0,22,1,0.948532984370277,0,0,0,0
219578,0.017246030271053314,0.05966300517320633,0.06889467213291099,23.236287246243524,6,4,0,0,0,0,7,1,0.9854697485764822,0,0,0,0
20553,0.015189297683537006,0.05491266027092934,0.07222513548529229,22.82623269602086,11,11,0,0,0,0,12,1,0.9571076523173939,0,0,0,0
350023,0.02135721631348133,0.0738198459148407,0.08971321091611105,20.94287198515865,36,25,0,1,0,1,38,2,0.9129780037062508,0,1,0,1
278848,0.02491435445845127,0.08613286465406418,0.1068312863358968,19.426030846290253,13,10,1,0,1,1,12,0,0.9559459288914999,0,0,0,0
6040,0.018928182125091553,0.06327201575040817,0.0761166798946526,22.370403266049838,12,12,1,0,1,1,11,0,0.9555672678080472,0,0,0,0
120420,0.015060831792652607,0.05295270308852196,0.06424463520091034,23.843262651736822,14,26,1,0,1,1,13,0,0.9488791135641245,0,0,1,1
191013,0.018891631439328194,0.0657474085688591,0.07735107024178423,22.23067345910206,10,8,0,0,0,0,10,0,0.9765762627124787,0,0,0,0
2261,0.014459705539047718,0.05272272005677223,0.06899997772569372,23.223020989199785,2,2,0,0,0,0,2,0,0.9571339786052704,0,0,0,0
193884,0.0188857764005661,0.06940119862556457,0.07845726455039795,22.107336756497077,1,1,0,0,0,0,1,0,0.9895761013031006,0,0,0,0
138241,0.018896204605698585,0.06558933034539223,0.07329400969586625,22.69863037411868,5,2,0,0,0,0,5,0,0.9407206416130066,0,0,0,0
66038,0.014212498255074025,0.05203129425644874,0.06579204776667397,23.636531920961477,22,16,0,1,0,1,24,3,0.9310675745918637,0,1,0,1
347265,0.019228204712271692,0.07009594589471817,0.08033311350697657,21.90210801123721,2,2,0,0,0,0,2,0,0.9711295366287231,0,0,0,0
217219,0.022603973746299744,0.07879830151796341,0.08479945055836148,21.432139233225342,1,1,0,0,0,0,2,1,0.9950602650642395,0,0,0,0
7977,0.01773343812674284,0.06342684328556061,0.08308140411780963,21.60992344556408,5,6,0,0,0,0,6,1,0.9781894445419311,0,0,0,0
169076,0.02749532014131546,0.101056507229805,0.12401417774770916,18.130573237784475,6,6,0,0,0,0,7,1,0.9752976397673289,0,0,0,0
329455,0.016733011603355406,0.05876628383994102,0.07332072036249014,22.695465536521134,22,13,1,0,0,1,22,1,0.960516115029653,0,0,0,0
327617,0.021792728826403616,0.07813573330640793,0.08744204589319919,21.16559379387236,4,2,0,0,0,0,4,0,0.8724884688854218,0,0,0,0
25057,0.013936828449368477,0.04924207925796509,0.06406030807109239,23.86821954221267,3,4,0,0,0,0,3,0,0.9790919621785482,0,0,0,0
341921,0.01640036664903164,0.058419634401798246,0.07470729001399301,22.53274034431485,9,9,0,0,0,0,10,1,0.9497415026028951,0,0,0,0
118515,0.024022858962416647,0.08048673868179321,0.0900663407443287,20.908749632174644,2,2,0,0,0,0,2,0,0.9758946001529694,0,0,0,0
65798,0.015373924002051353,0.055473506450653076,0.07537051557856296,22.455970277777944,14,17,0,0,0,0,15,1,0.9635602065495082,0,0,0,0
334530,0.018266819044947626,0.06407507508993149,0.07271737787624385,22.76723579550437,3,2,0,0,0,0,3,0,0.9855669339497884,0,0,0,0
75393,0.02840159386396408,0.10634371489286423,0.10997098936492071,19.174437355095655,6,4,2,0,1,1,4,0,0.9862002730369568,1,0,0,1
236730,0.017082090862095355,0.060161887854337695,0.06547461734027661,23.67854062170239,2,1,0,0,0,0,2,0,0.9732912182807922,0,0,0,0
307598,0.01927942708134651,0.0631110705435276,0.07868723931985028,22.081913826087685,5,4,0,0,0,0,5,0,0.9616636276245117,0,0,0,0
470173,0.016924749501049517,0.06195113137364387,0.07757122312687202,22.205987212739792,2,2,0,0,0,0,3,1,0.9674972295761108,0,0,0,0
25393,0.022256337106227875,0.08624096810817719,0.10673275954564747,19.43404523732393,6,9,0,0,0,0,7,1,0.959463487068812,0,0,0,0
395801,0.020253239944577218,0.06909282356500626,0.08125227935388618,21.803288940045128,21,25,0,0,0,0,21,0,0.972562191032228,0,0,0,0
409198,0.013792330026626587,0.046943801641464236,0.061687151376043615,24.196105687754404,4,6,0,0,0,0,4,0,0.966313049197197,0,0,0,0
424551,0.017146488092839716,0.061587079614400866,0.07370190076148636,22.650426232078075,8,3,0,0,0,0,8,0,0.940341904759407,0,0,0,0
25603,0.022272000461816786,0.08397516310214996,0.09509015022015632,20.437289330352975,22,23,2,0,1,1,20,0,0.9681496322154999,0,0,0,0
151516,0.022914762422442437,0.08307285457849503,0.09044601145495866,20.872211603456616,1,1,0,0,0,0,1,0,0.9726104140281677,0,0,0,0
394199,0.014984690584242344,0.05450390875339508,0.06578324396964727,23.6376942791592,4,2,0,0,0,0,4,0,0.9092254042625427,0,0,0,0
95069,0.019678406417369843,0.06912971884012223,0.08027152944195678,21.908769243548065,2,1,0,0,0,0,2,0,0.9530487060546875,0,0,0,0
576052,0.016012372635304927,0.05549556612968445,0.11796797927558898,18.5647171947415,2,2,0,0,0,0,2,0,0.958150327205658,0,0,0,0
394328,0.024853694438934325,0.08761332780122758,0.09201315605861,20.723001454138377,2,1,0,0,0,0,2,0,0.9892466068267822,0,0,0,0
534270,0.022421049326658248,0.07856681793928147,0.09272588800553527,20.65597997766141,10,10,3,0,2,1,7,0,0.9288268600191388,0,0,0,0
80659,0.02140406109392643,0.07503623813390732,0.10530373691822725,19.551124334282918,9,7,0,0,0,0,9,0,0.8604855802324083,0,0,0,0
400794,0.02150356024503708,0.07823676764965057,0.08846993957304257,21.064085387226633,7,5,0,0,0,0,7,0,0.9533792648996625,0,0,0,0
404484,0.027398045733571054,0.10558910816907882,0.12594678032896164,17.996258604323806,8,5,0,0,0,0,8,0,0.9463516399264336,0,0,0,0
140439,0.02249404601752758,0.08419072926044464,0.08975969612535428,20.93837252712931,11,9,1,0,2,1,11,1,0.9541639506816864,0,0,1,1
109976,0.024619536101818086,0.08607578873634339,0.09497603538726183,20.447719265172992,4,7,0,0,0,0,4,0,0.9713917374610901,0,0,0,0
289659,0.014473420381546021,0.050161265581846234,0.0640418841798722,23.87071798324844,2,1,0,0,0,0,2,0,0.9731392562389374,0,0,0,0
479596,0.01793081350624561,0.06420070752501487,0.07262441463392477,22.77834710161047,50,14,0,0,0,0,51,1,0.9764210832118988,0,0,0,0
398438,0.03185810707509518,0.12517967820167542,0.14223546142375929,16.939842280185918,4,3,0,0,0,0,4,0,0.9497235268354416,0,0,0,0
495732,0.01843210346996784,0.062326541543006896,0.07346082185310951,22.6788843446787,8,6,0,0,0,0,9,1,0.9432547762989998,0,0,0,0
529148,0.02228981740772724,0.0799026608467102,0.10114062889842065,19.901487004525368,24,17,1,0,0,1,25,2,0.957684892675151,0,0,0,0
89296,0.017079481855034828,0.061480513215065,0.06677931125796509,23.507161288863784,7,6,0,0,0,0,7,0,0.9847533787999835,0,0,0,0
216296,0.018098701909184455,0.06185262203216553,0.07669424667701806,22.304744280379083,5,5,0,0,0,0,5,0,0.9673279404640198,0,0,0,0
203095,0.022534098103642465,0.0842794954776764,0.08857256943529364,21.05401513051904,12,5,1,0,0,1,12,1,0.9415153373371471,0,0,0,0
492282,0.017347413301467895,0.06059681326150894,0.09470731431385132,20.47232957653915,10,9,0,0,0,0,10,0,0.9592978954315186,0,0,0,0
566524,0.01617725733667612,0.05723192095756531,0.07229730555286888,22.817557762360096,6,7,0,0,0,0,8,2,0.9705446064472198,0,0,0,0
239843,0.01916709206998348,0.07165789008140563,0.07829787665118934,22.125000307034096,1,1,0,0,0,0,1,0,0.9947803616523743,0,0,0,0
460929,0.022742827981710435,0.07705708891153336,0.08291019394090199,21.627841379318422,4,2,1,0,0,1,3,0,0.9625752965609232,0,0,0,0
35062,0.04300111308693886,0.16711312234401704,0.16952140645238534,15.415509062238753,1,2,0,0,0,0,2,1,0.9637899994850159,0,0,0,0
39956,0.0209161676466465,0.07574125826358795,0.09063987199076566,20.853614329826847,8,2,1,0,0,1,7,0,0.9525330747876849,1,0,0,1
70774,0.020921367406845092,0.07594764679670334,0.08458096175212856,21.454547617816964,8,12,1,1,0,1,7,0,0.9392366806666056,0,0,0,0
338624,0.019328397139906882,0.06691461056470871,0.0750153321937113,22.496999263738843,28,18,2,1,0,1,27,1,0.9506555652618408,0,1,0,1
433192,0.032968128100037575,0.1160079687833786,0.12395462515046272,18.134745273066667,3,3,1,0,0,1,2,0,0.9400699734687805,1,0,0,1
552371,0.02036053128540516,0.06783747673034668,0.10347059161666411,19.703661354565483,4,2,0,0,0,0,4,0,0.9657879173755646,0,0,0,0
352582,0.017752661556005477,0.06471779420971871,0.08072394419166512,21.859952530361543,6,3,0,0,0,0,7,1,0.9853007992108663,0,0,0,0
422706,0.013972415216267109,0.05216913521289825,0.06408428613315116,23.864968982881614,12,6,2,0,0,1,10,0,0.9499204337596894,0,0,0,0
370677,0.016234052553772926,0.05977819263935089,0.07252069062839568,22.790761373749795,24,15,1,0,1,1,23,0,0.9785236534865006,0,0,0,0
33114,0.022200771793723106,0.07402015924453735,0.08745018258671054,21.164785588470394,3,8,0,0,0,0,4,1,0.9351293245951334,0,0,0,0
179174,0.015255754441022873,0.057812654227018354,0.06837128696658511,23.30252490420023,47,22,3,1,1,1,44,1,0.9640142751294513,1,2,1,1
538458,0.017168589867651463,0.06205593645572662,0.07884684721597009,22.064313355282856,9,9,0,0,0,0,9,0,0.9712229635980394,0,0,0,0
118594,0.018357862532138825,0.06486003026366234,0.08669221879044633,21.24039763248877,4,2,0,0,0,0,4,0,0.9689380824565887,0,0,0,0
279541,0.024951769411563872,0.0886287346482277,0.10805627707509802,19.32699999071977,17,11,0,0,0,0,17,0,0.9457591526648578,0,0,0,0
367195,0.03235971741378307,0.11202087551355362,0.12140817209583572,18.315041590309477,6,3,1,0,0,1,5,0,0.8432801127433777,0,0,0,0
124636,0.018553072959184645,0.06387325674295426,0.08304184986602592,21.614059698183297,4,3,0,0,0,0,4,0,0.9661893397569656,0,0,0,0
281759,0.016345945931971074,0.05636829510331154,0.06962430885947629,23.144782058268913,14,12,0,0,0,0,14,0,0.9863835019724709,0,0,0,0
542625,0.01755413431674242,0.06480832025408745,0.07849024261533394,22.10368656998696,15,15,1,0,0,1,17,3,0.9328942980085101,0,0,0,0
320664,0.017057168856263162,0.06326130703091622,0.07431913731556453,22.57798680409465,9,5,1,0,0,1,11,3,0.9358234703540802,0,0,0,0
445675,0.019432156533002853,0.06627418994903564,0.07732400495810883,22.23371319991515,1,1,0,0,0,0,1,0,0.9694958329200745,0,0,0,0
55299,0.019100804068148135,0.07077505737543106,0.08848422927982723,21.06268255148486,8,3,0,0,0,0,9,1,0.9099106416106224,0,0,0,0
107094,0.028628138080239295,0.11003736704587937,0.11710651943203419,18.628378533301834,2,3,0,0,0,0,2,0,0.9837979674339294,0,0,0,0
464251,0.023280208557844163,0.08326726555824279,0.08666189900178897,21.24343597209289,4,3,0,0,0,0,4,0,0.9410440772771835,0,0,0,0
363461,0.017568167485296726,0.06160042509436607,0.07216584390467763,22.83336610777286,17,6,1,0,0,1,16,0,0.9773912131786346,0,0,0,0
183648,0.018364715948700906,0.06682408601045609,0.0772641857090864,22.240435361794816,8,4,0,0,0,0,8,0,0.9848014041781425,0,0,0,0
328430,0.017550630494952202,0.0643216498196125,0.07436141804998808,22.573046739107458,9,17,0,0,0,0,10,1,0.9632660150527954,0,0,0,0
521509,0.02949957735836506,0.1002494975924492,0.11387302317991814,18.871582984924263,16,8,2,0,0,1,15,1,0.9038738310337067,1,0,0,1
101022,0.017714883387088775,0.06577940657734871,0.07614262241920934,22.367443395565886,1,0,0,0,0,0,1,0,0.8639205098152161,0,0,0,0
306733,0.021443920955061913,0.0740425243973732,0.08785855355570618,21.124319018897726,8,7,0,0,0,0,8,0,0.9144938439130783,0,0,0,0
128675,0.015285443514585495,0.05254155620932579,0.06311729257995267,23.997032769738492,9,7,0,0,0,0,9,0,0.9571525719430711,0,0,0,0
27982,0.022493967786431313,0.0824352815747261,0.09137583878014985,20.783372468606444,6,2,1,0,0,1,5,0,0.9802916765213012,0,0,0,0
16958,0.019171423837542535,0.07282706499099731,0.08504036905972774,21.407497274432856,9,8,2,0,1,1,7,0,0.9687990120479039,0,0,0,0
523811,0.024876705929636957,0.0839559093117714,0.09619738443119859,20.33673472193398,1,1,0,0,0,0,1,0,0.9296143651008606,0,0,0,0
448410,0.01978340744972229,0.06976939365267754,0.0838269161021815,21.532330215043743,30,20,1,0,0,1,31,2,0.9302640290095888,0,0,0,0
564280,0.023373568803071974,0.08187778443098068,0.09422710857695249,20.516482705990818,5,4,1,0,0,1,5,1,0.92209292948246,0,0,0,0
42889,0.027379899099469186,0.1009499967098236,0.11087853062775235,19.103050760072378,5,2,0,0,0,0,5,0,0.9313121318817139,0,0,0,0
437110,0.015614037215709687,0.053650811314582825,0.0668213825544677,23.501690858434067,1,1,0,0,0,0,1,0,0.9968119859695435,0,0,0,0
366178,0.02773105204105377,0.0976387232542038,0.10899154491103515,19.252143828509833,8,3,1,0,0,1,7,0,0.9549041390419006,0,0,0,0
444142,0.022764356434345247,0.08302167505025863,0.10568771627814395,19.519509726439427,18,13,0,0,0,0,20,2,0.932374484009213,0,0,0,0
31248,0.02012903355062008,0.07177650183439255,0.08230898949314577,21.691054602178582,59,21,7,0,1,1,59,7,0.9445691475501428,1,1,0,1
389381,0.01078619621694088,0.03935375288128853,0.05319122821369557,25.483199629470246,8,6,0,0,0,0,9,1,0.9728721529245377,0,0,0,0
334719,0.016523852571845056,0.06285903751850128,0.0736870350173553,22.652178361064763,11,9,0,0,1,1,11,0,0.9538281559944153,0,0,0,0
146667,0.01733277291059494,0.06498295664787293,0.08246308276090987,21.67480867543081,25,24,0,0,0,0,27,2,0.9390286612510681,0,0,0,0
78959,0.02511858530342579,0.09117020964622498,0.09552699408598987,20.397477756590522,5,13,0,0,0,0,7,2,0.8292984247207642,0,0,0,0
465585,0.01974511966109276,0.07257668972015381,0.08569005784325166,21.341391280157104,54,17,0,0,0,0,55,1,0.9664230777157677,0,0,0,0
135872,0.019258118979632855,0.07298765629529953,0.08557337039463513,21.35322725083796,13,12,1,0,0,1,12,0,0.9623643706242243,0,0,0,0
396526,0.02062966525554657,0.07411730289459229,0.08783315120460118,21.12683071425732,11,11,0,0,0,0,12,1,0.9639405445619063,0,0,0,0
457848,0.029120611399412154,0.10724918842315674,0.11352739289748413,18.897986707946067,16,8,2,1,1,1,13,0,0.8949769047590402,0,0,0,0
31749,0.022382276877760888,0.0795117124915123,0.09039603410267678,20.877012453569055,2,1,0,0,0,0,3,1,0.9768330454826355,0,0,0,0
51326,0.02107383944094181,0.07514586299657822,0.08445791930605082,21.467192439996193,10,1,1,0,0,1,9,0,0.9334297378857931,1,0,0,1
315257,0.02292938679456711,0.08422394543886184,0.09363206973482001,20.571507528780614,2,1,0,0,0,0,2,0,0.9514972865581512,0,0,0,0
272148,0.014957305043935776,0.053413236141204835,0.07165801498359785,22.894704530043487,24,21,3,0,0,1,28,7,0.8870236816860381,1,0,0,1
225670,0.021283278614282607,0.07322512865066529,0.0841065941029907,21.503399068518267,6,15,1,0,0,1,7,2,0.9488200783729553,0,0,0,0
124798,0.014946625009179116,0.0542073555290699,0.06632564580392072,23.566370253158055,23,16,1,1,0,1,23,2,0.960522126583826,0,1,0,1
157390,0.016738759726285933,0.0611651100218296,0.07343707579491039,22.68169249436573,37,22,0,2,1,1,36,0,0.937366076878139,0,0,1,1
577864,0.019357755780220032,0.0685059204697609,0.08390287910430372,21.52446272438941,4,4,0,0,0,0,4,0,0.9912062436342239,0,0,0,0
363840,0.021925025433301926,0.07584767788648605,0.08970360762438094,20.943801810276362,10,12,0,0,0,0,11,1,0.9477470636367797,0,0,0,0
364166,0.017636891268193722,0.05805711671710014,0.06401628204772578,23.874191050274725,3,2,0,0,0,0,3,0,0.8809199929237366,0,0,0,0
385190,0.01759815774857998,0.06644727140665055,0.07191397145045009,22.863734533266516,8,5,1,0,0,1,8,1,0.9494384271757943,0,0,0,0
287874,0.01707639843225479,0.05822935923933983,0.06949374005849926,23.161086291073815,13,15,0,0,0,0,13,0,0.9497293463120093,0,0,0,0
246522,0.02467759735882282,0.08309364467859268,0.10045005293497888,19.960996601039746,1,1,0,0,0,0,1,0,0.9831457138061523,0,0,0,0
466602,0.022930585965514182,0.08655764609575271,0.10632065874267851,19.46764682501153,1,3,0,0,0,0,1,0,0.9803099036216736,0,0,0,0
60932,0.022187215462327003,0.07732348889112473,0.09385279787046978,20.551055519649907,24,17,1,0,0,1,23,0,0.9589698288751685,0,0,0,0
573626,0.021766753867268562,0.08171398788690568,0.09084834699569497,20.83365940722445,2,2,0,0,0,0,2,0,0.9626075029373169,0,0,0,0
239041,0.026687250286340714,0.0932080864906311,0.09901960095204061,20.08557656406484,4,4,0,0,0,0,4,0,0.9269855618476868,0,0,0,0
479248,0.018297623097896575,0.06643807142972946,0.08590852830467358,21.319274415619116,21,26,2,0,0,1,19,0,0.9631862075705278,0,0,0,0
551815,0.029256512969732286,0.10154379755258561,0.10931600946366261,19.22632460865875,4,3,0,1,0,1,3,0,0.8882821599642435,0,1,0,1
172856,0.017325598932802676,0.06224290952086449,0.07053790743787171,23.031548563250134,1,1,0,0,0,0,1,0,0.9966038465499878,0,0,0,0
285,0.015825195237994194,0.05469764247536659,0.06367624075217586,23.92045167826504,1,1,0,0,0,0,1,0,0.9816363453865051,0,0,0,0
17031,0.022323129698634148,0.08010713011026382,0.09166015983080605,20.75638779594278,2,1,0,0,0,0,3,1,0.9680522978305817,0,0,0,0
221017,0.013210538029670715,0.04769743904471398,0.0665097030957659,23.54229981768425,1,1,0,0,0,0,1,0,0.9860184192657471,0,0,0,0
560880,0.018827611580491066,0.06770783513784409,0.10965686334793855,19.199283618834553,5,4,0,0,0,0,5,0,0.9485044121742249,0,0,0,0
458325,0.015833763033151628,0.05690573379397392,0.07456830482544816,22.548914593818402,37,34,3,1,0,1,34,1,0.9403177987445485,2,1,0,1
396518,0.021904703602194785,0.07890834212303162,0.08603682555795637,21.30631243712241,1,2,0,0,0,0,1,0,0.9712164998054504,0,0,0,0
508312,0.025531217455863953,0.09245908111333848,0.10551305963235798,19.533875665097916,3,4,0,0,0,0,3,0,0.9562011162439982,0,0,0,0
274460,0.013155624456703662,0.047264207154512405,0.05845537154410196,24.663511495080996,35,20,1,0,1,1,37,3,0.9556232112295487,1,0,1,1
192670,0.013005341589450835,0.04567715078592301,0.06015967584422078,24.413890250005636,18,21,1,1,0,1,18,1,0.9402417279779911,0,1,0,1
404601,0.020147158950567245,0.0701867014169693,0.0733851945697119,22.687830999294153,1,0,1,0,0,1,0,0,,0,0,0,0
72795,0.015084462985396386,0.057527835667133334,0.07536948616375408,22.456088910965132,23,14,0,0,0,0,23,0,0.9655185600985652,0,0,0,0
491008,0.018515321612358093,0.0672315627336502,0.07870936385859308,22.079471952512296,32,25,0,1,1,1,33,2,0.9396286683697854,0,1,1,1
86956,0.020135002583265303,0.06890394017100335,0.08578804690119458,21.331464389059953,9,6,1,0,0,1,8,0,0.9552571177482605,1,0,0,1
29640,0.01781699564307928,0.06278256922960282,0.07523437234902605,22.471673956524477,35,14,0,0,0,0,35,0,0.9544387255396162,0,0,0,0
475365,0.020462526008486748,0.07393701374530792,0.08192101631553508,21.732093369188412,2,1,0,0,0,0,3,1,0.9891277849674225,0,0,0,0
502347,0.01923723891377449,0.06828842163085938,0.08146545731823092,21.780530003388158,1,10,0,0,0,0,1,0,0.9830716848373413,0,0,0,0
361730,0.01721039805561304,0.05962100699543953,0.08588092952523237,21.322065273189335,58,29,4,1,0,1,56,3,0.9665494707395446,1,1,0,1
477441,0.0241397425532341,0.084717558324337,0.09477993433395437,20.465671930544367,3,4,0,0,0,0,3,0,0.9616086483001709,0,0,0,0
351823,0.015199005603790283,0.05318852365016937,0.06639055368442218,23.557874188113992,4,2,0,0,0,0,4,0,0.9639296978712082,0,0,0,0
438907,0.01732947900891304,0.06322834566235543,0.08281020979005295,21.63832230243534,6,4,1,0,1,1,5,0,0.9412829041481018,0,0,0,0
144003,0.023634675517678262,0.08712959736585617,0.0965876650243587,20.30156665469352,17,13,3,1,1,1,14,0,0.940193616426908,0,0,0,0
154705,0.020041946694254874,0.07136540561914444,0.08192635960074336,21.731526851899005,11,8,0,0,0,0,11,0,0.9682129621505737,0,0,0,0
312278,0.017406553030014038,0.06627665013074875,0.06878141622082792,23.250577724523023,0,2,0,0,0,0,0,0,,0,0,0,0
538236,0.022959861159324645,0.08101445585489273,0.09030181232037388,20.88607066973441,15,14,1,1,0,1,15,1,0.9438422184724075,0,0,0,0
13004,0.02484397478401661,0.09093834161758423,0.10013563116263827,19.98822720888162,3,2,0,0,0,0,3,0,0.9798177480697632,0,0,0,0
286422,0.02274232655763626,0.08191337138414383,0.09363433547871312,20.571297346912893,8,6,0,0,0,0,9,1,0.9663371220231056,0,0,0,0
35770,0.02599628232419491,0.09758390933275223,0.10474733769893849,19.5971401285419,6,4,2,0,0,1,4,0,0.9404596388339996,0,0,0,0
553669,0.01907943785190582,0.0722270980477333,0.08863772120992057,21.04762835526383,20,23,1,0,0,1,20,1,0.944876187726071,0,0,0,0
212166,0.02467100918292999,0.08691933453083038,0.0933554725290988,20.597204369610935,2,1,0,0,0,0,2,0,0.9699832499027252,0,0,0,0
531036,0.016309392638504505,0.054911788552999496,0.06102757383307085,24.289477903785954,4,4,0,0,0,0,4,0,0.9899509251117706,0,0,0,0
563470,0.014547456987202168,0.05199576243758201,0.06490002660554457,23.755102503241048,5,4,0,0,0,0,5,0,0.881973671913147,0,0,0,0
489305,0.026826225593686102,0.09570411592721939,0.10921921793161381,19.23401875143171,14,8,0,0,0,0,16,2,0.9607857848916735,0,0,0,0
575970,0.016358358226716517,0.05788275673985481,0.06979984346103253,23.122911027217583,30,29,1,1,0,1,29,1,0.9678863201822553,0,0,0,0
61471,0.019747887551784516,0.07295425087213517,0.08268923645687253,21.651020365566353,3,3,0,0,0,0,3,0,0.9666697780291239,0,0,0,0
448076,0.019193627312779425,0.06436351537704468,0.07689274225807803,22.282293007877296,11,17,0,0,0,0,11,0,0.9800377217206088,0,0,0,0
279887,0.023538729175925255,0.08535455167293549,0.09118624476617737,20.801413380951942,10,10,0,0,0,0,14,4,0.9079641044139862,0,0,0,0
359219,0.021770159900188445,0.07745179831981659,0.08574988618397648,21.33532895449772,5,5,0,0,0,0,6,1,0.9771966457366943,0,0,0,0
151051,0.024335813522338868,0.09448124915361404,0.1050026054572132,19.57599849066755,2,2,0,0,0,0,2,0,0.9854857921600342,0,0,0,0
241668,0.0282180480659008,0.10270665138959885,0.11133412325289402,19.06743413124771,6,5,1,0,0,1,6,1,0.8849110960960388,0,0,0,0
533958,0.024352968856692313,0.08780433386564254,0.09286016079403474,20.643411373142413,2,1,0,0,0,0,3,1,0.9935559034347534,0,0,0,0
497867,0.01573848556727171,0.05570140853524208,0.06745150171409098,23.420167538408464,7,4,0,0,0,0,7,0,0.9554824658802578,0,0,0,0
31296,0.014822137169539928,0.05291892141103745,0.06687450411809868,23.49478850601524,54,52,3,0,1,1,52,1,0.9508213856640984,1,0,0,1
304396,0.01914343424141407,0.06475010141730309,0.07137819250631006,22.928689075624686,2,2,0,0,0,0,3,1,0.9826063513755798,0,0,0,0
300913,0.023452835530042647,0.08182175755500794,0.08855155879927161,21.05607578784888,3,3,0,0,0,0,3,0,0.9180952509244283,0,0,0,0
322895,0.02462412230670452,0.08495398610830307,0.0962777367338007,20.329482550651928,11,9,0,0,0,0,11,0,0.9600686539303173,0,0,0,0
7818,0.03248499743640423,0.1220710188150406,0.13413170274640712,17.449371243775097,10,11,1,0,0,1,9,0,0.9503730336825053,0,0,0,0
567432,0.019862021133303643,0.06737329214811325,0.07124212572217947,22.945262610779082,1,1,0,0,0,0,1,0,0.899546205997467,0,0,0,0
515266,0.014875110052525998,0.05280630141496658,0.061616853796752614,24.206009617166004,6,4,0,0,0,0,7,1,0.9615097641944885,0,0,0,0
189226,0.019611480087041853,0.06848458796739579,0.076721136524998,22.301699445507182,1,1,0,0,0,0,1,0,0.9525669813156128,0,0,0,0
472298,0.01727815717458725,0.062263096868991855,0.07220308267089091,22.828885201411193,4,3,0,0,0,0,4,0,0.9882030487060547,0,0,0,0
472046,0.02339658625423908,0.08247495293617249,0.09030534066695978,20.885731294149924,25,19,3,0,0,1,24,2,0.9493838846683502,0,0,0,0
304817,0.01732994578778744,0.06312514394521714,0.08011612154754301,21.925601664671255,1,1,0,0,0,0,1,0,0.9774954319000244,0,0,0,0
468925,0.019033805653452873,0.07126307785511017,0.07973522653218644,21.966995351597408,13,7,1,1,0,1,12,0,0.9658751921220259,0,0,0,0
493019,0.012972177937626839,0.04693155735731125,0.05664205888293578,24.93721937711195,11,8,0,0,0,0,11,0,0.9253273226998069,0,0,0,0
402118,0.03332434743642807,0.11788983643054962,0.12070700077825935,18.365350818235843,3,2,1,0,0,1,2,0,0.9817874729633331,0,0,0,0
383838,0.026061147451400757,0.09030835032463073,0.10142203210462072,19.877353842439682,3,4,0,0,0,0,3,0,0.9462782740592957,0,0,0,0
143572,0.015495502948760986,0.05612864643335343,0.07547439765257717,22.44400688632407,54,14,5,0,0,1,53,4,0.9695524451683979,0,0,0,0
462728,0.013419376127421856,0.047219333797693254,0.06290126544454884,24.026812347038494,4,3,0,0,0,0,4,0,0.9841163158416748,0,0,0,0
100510,0.017259689792990685,0.06394815817475319,0.10070479505690606,19.938997000610733,9,6,1,0,0,1,8,0,0.9704139232635498,0,0,0,0
146498,0.01621861234307289,0.05942535549402237,0.068403152679523,23.298477626484587,2,6,0,0,0,0,3,1,0.9771245718002319,0,0,0,0
519522,0.025277969613671302,0.09400165975093841,0.1126395514559944,18.96618175220943,2,3,0,0,0,0,2,0,0.9825709760189056,0,0,0,0
343803,0.01802939288318157,0.06408766955137253,0.07731549712101062,22.234668947097145,2,2,0,0,0,0,2,0,0.964588463306427,0,0,0,0
357903,0.018776904419064523,0.07113394886255264,0.08213691528038429,21.709232229273173,8,2,0,0,0,0,8,0,0.9621274918317795,0,0,0,0
436551,0.027207721769809724,0.09447723180055619,0.10635473779100042,19.46486317575024,6,2,0,0,0,0,6,0,0.9661656022071838,0,0,0,0
186042,0.019192156568169593,0.06798471957445144,0.0885863638100667,21.052662487274336,4,2,0,0,0,0,5,1,0.9528869688510895,0,0,0,0
100489,0.019261379167437552,0.06608043536543846,0.07442334313206936,22.565816503220788,2,1,0,0,0,0,3,1,0.9905444383621216,0,0,0,0
567640,0.01483719889074564,0.05089619904756546,0.06322478297807047,23.982253054329345,14,11,0,0,0,0,14,0,0.9405970105103084,0,0,0,0
202445,0.028288739547133446,0.10059156119823456,0.10747720837461194,19.373672450145225,2,2,0,0,0,0,2,0,0.9534138441085815,0,0,0,0
548555,0.02558911219239235,0.08481119275093078,0.09141173112243048,20.77996132934709,3,2,1,0,0,1,2,0,0.979451447725296,0,0,0,0
193348,0.029254809394478797,0.10012408345937729,0.10286339887077219,19.75478259146452,2,2,0,0,0,0,2,0,0.9447786808013916,0,0,0,0
550714,0.018099340423941613,0.061000486463308336,0.06673525694896651,23.512893260813637,7,2,1,0,0,1,6,0,0.9553936918576559,0,0,0,0
376365,0.026978038623929022,0.10214564800262452,0.12121529543609452,18.32885151356401,4,7,1,0,1,1,4,1,0.9655720790227255,0,0,0,0
470952,0.01752581391483545,0.06457686722278595,0.07978019603012797,21.962098018157512,15,12,3,0,0,1,12,0,0.9220430304606756,1,0,0,1
551822,0.02218725308775902,0.08369694650173187,0.09846662023394842,20.134219370774037,11,7,0,0,0,0,12,1,0.9068454178896818,0,0,0,0
189078,0.023448161780834198,0.08550655245780944,0.10392886180103908,19.665276579115528,12,7,1,0,0,1,11,0,0.9375008182092146,0,0,0,0
429011,0.018997881934046744,0.066861791908741,0.07601964577639671,22.381483167616647,4,4,0,0,0,0,4,0,0.9745838940143585,0,0,0,0
498807,0.017045635171234606,0.06049572601914406,0.09602246699963612,20.352542807460885,3,2,0,0,0,0,3,0,0.9646107951800028,0,0,0,0
23272,0.021230551600456237,0.0765980526804924,0.08105808591695665,21.82407311564134,3,2,0,0,0,0,4,1,0.9865723252296448,0,0,0,0
555412,0.022626913711428644,0.07662581205368042,0.0820011664794721,21.723599393302557,13,1,1,1,0,1,12,0,0.951745634729212,0,0,0,0
550349,0.01864169239997864,0.0649891547858715,0.07363416782074074,22.6584123402359,9,9,0,0,0,0,10,1,0.9790453116099039,0,0,0,0
341058,0.022276682406663896,0.08011699467897415,0.08689183579961203,21.220420543234884,11,7,0,0,0,0,11,0,0.9638644456863403,0,0,0,0
181421,0.018600784987211228,0.06544890776276588,0.07776774059561717,22.18401037041787,6,5,0,0,0,0,6,0,0.8960893948872884,0,0,0,0
409211,0.018902673199772835,0.06433508023619652,0.07865532556751993,22.08543733969861,19,15,1,0,0,1,20,2,0.9677548011144003,0,0,0,0
556873,0.020179202780127525,0.07527673691511154,0.08853742173492987,21.057462581996873,1,1,0,0,0,0,1,0,0.9935928583145142,0,0,0,0
245448,0.012429112195968628,0.044160666316747664,0.057086971023036906,24.869259992162355,10,11,0,0,0,0,10,0,0.9525172710418701,0,0,0,0
206838,0.020319005846977232,0.06966040730476379,0.08962162342724085,20.95174386877936,5,4,0,0,0,0,5,0,0.947100818157196,0,0,0,0
349678,0.017763000912964344,0.0648510366678238,0.07696504150438752,22.27412984179983,2,1,0,0,0,0,2,0,0.9713989496231079,0,0,0,0
80274,0.015409020148217678,0.05427596941590309,0.06243675873360247,24.091193009260973,4,2,0,0,0,0,4,0,0.9331135302782059,0,0,0,0
401991,0.020918262377381324,0.07335998862981796,0.07901255708508881,22.046077657889192,4,4,0,0,0,0,4,0,0.9633846580982208,0,0,0,0
203931,0.012863869778811932,0.04419113397598266,0.058066804835627234,24.721441413011192,21,16,3,0,0,1,18,0,0.9822657108306885,0,0,0,0
463283,0.02023194432258606,0.07204103320837021,0.08439502747715091,21.473662821717436,8,4,0,1,0,1,8,0,0.9797781109809875,0,0,0,0
426241,0.022080760821700095,0.07554095387458801,0.08464554350982777,21.447918041127764,9,7,0,0,0,0,9,0,0.970540828175015,0,0,0,0
274708,0.028663916140794755,0.1018295630812645,0.10720329907213794,19.39583698936149,9,7,0,0,0,0,9,0,0.9802257551087273,0,0,0,0
491470,0.021794840693473816,0.07479943633079529,0.08859509308412604,21.05180662444884,4,3,1,0,0,1,3,0,0.967244029045105,0,0,0,0
528980,0.01892721503973007,0.06740690469741821,0.08099260608199788,21.831092532145014,8,9,0,0,0,0,9,1,0.9635847583413124,0,0,0,0
372307,0.014544135145843028,0.05215269178152084,0.06453236683888142,23.804448121624617,3,1,0,0,0,0,3,0,0.9809983372688293,0,0,0,0
94157,0.020100174099206926,0.07282335013151169,0.09336232091201027,20.59656721235775,12,14,0,0,0,0,12,0,0.974660336971283,0,0,0,0
6763,0.03369340226054192,0.1257554844021797,0.13549445293973866,17.36156968353679,7,7,0,0,0,0,7,0,0.8933263846806118,0,0,0,0
364636,0.019228258356451988,0.06969847232103348,0.0776367856977147,22.198649069651538,2,2,1,0,0,1,2,1,0.9337906837463379,0,0,0,0
563648,0.017278270795941353,0.06274989321827888,0.06903391377914435,23.218750084166984,21,21,0,0,0,0,21,0,0.9550418569928124,0,0,0,0
208208,0.020767299085855485,0.07457407712936401,0.0747253939002429,22.530635739691057,2,1,1,0,0,1,1,0,0.9873829483985901,0,0,0,0
186282,0.02446332760155201,0.08173252940177918,0.09197788323506287,20.726331788675132,5,3,0,0,0,0,5,0,0.9781260371208191,0,0,0,0
81061,0.015289434790611267,0.053360161185264585,0.062172876068904426,24.12798084084212,3,3,0,0,0,0,3,0,0.9741128087043762,0,0,0,0
61171,0.017251249216496945,0.06112848743796349,0.07500295203637192,22.498432858065666,12,7,1,0,0,1,12,1,0.9427534179254011,0,0,0,0
83531,0.023659860715270042,0.08469215333461762,0.09599799112222843,20.35475710038768,24,19,2,0,2,1,24,2,0.9239212437109514,0,0,1,1
547816,0.02202327884733677,0.07872916162014007,0.0895481322376564,20.95886936153377,2,4,0,0,0,0,3,1,0.9837756752967834,0,0,0,0
536947,0.02069147676229477,0.07770040035247802,0.08679142663914702,21.230463456655162,4,6,0,1,0,1,4,0,0.9442687431971232,0,0,0,0
160556,0.029507679492235185,0.10476596206426621,0.1199085273136168,18.422998617662156,7,9,1,0,0,1,6,0,0.9710299472014109,0,0,0,0
150930,0.025752487778663635,0.08803525269031524,0.09403220724411768,20.53446738913651,2,1,0,0,0,0,2,0,0.9625633955001831,0,0,0,0
317433,0.01761897634714842,0.06362758502364159,0.12555044068800977,18.023635171082507,5,3,0,0,0,0,5,0,0.9762179732322693,0,0,0,0
287291,0.019208408147096633,0.07240495830774307,0.09293150605141105,20.636740492012468,17,18,0,0,0,0,18,1,0.9464182468021617,0,0,0,0
33005,0.020372585207223893,0.07434184849262238,0.08967068830010118,20.946989932848666,2,2,0,0,0,0,2,0,0.981212705373764,0,0,0,0
404805,0.014297809079289436,0.04926515519618988,0.06369693070720601,23.917629880463664,2,2,0,0,0,0,2,0,0.9750335216522217,0,0,0,0
471756,0.015069470554590226,0.05364804193377495,0.06818158430527592,23.326658229627178,4,2,1,0,0,1,3,0,0.8893083333969116,0,0,0,0
565778,0.016779065504670142,0.060384225100278854,0.07336094802593078,22.69070130036754,8,7,0,0,0,0,8,0,0.9403225556015968,0,0,0,0
455555,0.018317928537726402,0.06365238502621651,0.07628054724162524,22.35172399915787,4,3,0,0,0,0,4,0,0.9571434408426285,0,0,0,0
121497,0.023862510919570923,0.09238072782754898,0.11077913656209686,19.110840483331415,10,6,0,0,0,0,11,1,0.9045067548751831,0,0,0,0
325991,0.015660416148602963,0.05604493543505669,0.0686680305883148,23.264908161448208,2,2,0,0,0,0,2,0,0.9944788813591003,0,0,0,0
320232,0.019295565038919448,0.07155520468950272,0.08073561126163555,21.8586972453206,11,10,0,0,0,0,11,0,0.9545307213609869,0,0,0,0
451144,0.0188795056194067,0.06699298545718194,0.08512677164373607,21.398676730460245,7,4,0,0,0,0,7,0,0.9064768041883197,0,0,0,0
457262,0.020701806992292404,0.0709282711148262,0.079844553585101,21.955094058539615,2,3,0,0,0,0,3,1,0.9584020972251892,0,0,0,0
532761,0.024045756831765176,0.0816374585032463,0.09479794148685675,20.464021863071054,8,6,0,0,0,0,8,0,0.959385447204113,0,0,0,0
95707,0.030647625401616096,0.11225305795669556,0.12011641270128462,18.40795293127614,9,9,1,0,0,1,8,0,0.9405102431774139,0,0,0,0
104803,0.03324010223150253,0.12032309025526047,0.12893513658251787,17.79257430700738,2,1,0,0,0,0,2,0,0.9104853570461273,0,0,0,0
393282,0.015201290510594845,0.05267040133476257,0.06764553196683352,23.39521767126996,2,2,0,0,0,0,2,0,0.9870747327804565,0,0,0,0
284725,0.016556034237146376,0.05966363847255707,0.06793879501396595,23.357643203905102,8,13,0,0,0,0,9,1,0.9799176454544067,0,0,0,0
311081,0.022426685318350792,0.07941353619098664,0.08616873452507967,21.29300570121631,1,1,0,0,0,0,1,0,0.9932275414466858,0,0,0,0
380913,0.01954198218882084,0.0686759114265442,0.08237303406792924,21.684298744744947,16,14,1,0,1,1,15,0,0.9438104391098022,0,0,0,0
287714,0.023473868891596795,0.08530252277851105,0.09761131514781896,20.209996716046085,7,5,0,0,0,0,7,0,0.9754622238022941,0,0,0,0
66523,0.025597304105758667,0.08742926567792893,0.08801459390575858,21.10890620989489,2,1,0,0,0,0,2,0,0.9774205684661865,0,0,0,0
494863,0.020731624588370322,0.07060283422470093,0.08089842586622661,21.841198577461025,5,2,1,0,0,1,4,0,0.986281156539917,1,0,0,1
170893,0.024933642148971556,0.08517826199531556,0.09955682891667147,20.038578899751016,4,2,0,0,0,0,6,2,0.934907004237175,0,0,0,0
291664,0.013103869184851647,0.041107404977083206,0.053738308547948276,25.39432014840059,3,2,0,0,0,0,3,0,0.9886037707328796,0,0,0,0
44590,0.013861197419464589,0.04896426051855087,0.06406161850082663,23.868041863834666,28,25,1,0,0,1,29,2,0.959373844994439,0,0,0,0
226147,0.020343178510665895,0.07210851907730102,0.08378358062547757,21.536821666161657,19,21,2,0,0,1,18,1,0.9428691899075228,0,0,0,0
454978,0.01714115608483553,0.06070589870214462,0.0725794882308835,22.783721968034925,1,1,0,0,0,0,1,0,0.9896553158760071,0,0,0,0
110999,0.03409822657704353,0.1295531064271927,0.13680985352319516,17.27765244169801,12,11,0,0,0,0,13,1,0.9565590520699819,0,0,0,0
278973,0.016340169310569762,0.05564365461468697,0.06785806669070509,23.36797035550949,2,2,0,0,0,0,2,0,0.9880023896694183,0,0,0,0
126216,0.015583418495953082,0.05649098604917526,0.06618987373571006,23.584168947487075,5,4,0,0,0,0,5,0,0.9674344897270203,0,0,0,0
553776,0.017331735603511332,0.05955051854252815,0.06848742706967047,23.28778298049866,2,2,0,0,0,0,2,0,0.9746383428573608,0,0,0,0
373353,0.01406840980052948,0.04645137414336205,0.05857150086526564,24.64627294503355,40,34,1,0,0,1,40,1,0.9396524658569922,0,0,0,0
343453,0.019490361213684082,0.07006907686591149,0.08799058964503571,21.11127543967061,2,2,0,0,0,0,2,0,0.979972243309021,0,0,0,0
274411,0.025507346168160437,0.09142286330461502,0.10440148703953628,19.625866308578267,7,5,1,0,1,1,6,0,0.9665827055772146,0,0,0,0
144784,0.025865466520190238,0.09560527950525284,0.10052584245200916,19.95444557251381,4,1,1,0,0,1,3,0,0.9561590154965719,0,0,0,0
157418,0.018499157950282098,0.06861781477928161,0.08601739379467717,21.30827440181783,12,8,1,0,0,1,11,0,0.9494194442575629,0,0,0,0
255483,0.01894158199429512,0.071071095764637,0.07831101286845851,22.12354317731331,5,3,0,0,1,1,5,0,0.9049057841300965,0,0,0,0
36678,0.01685298178344965,0.05965744405984878,0.07400691080475184,22.614554474506896,13,6,0,0,0,0,13,0,0.8635070690741906,0,0,0,0
31620,0.02398313544690609,0.08694234192371368,0.09117723823254927,20.80227133514203,14,10,1,0,0,1,13,0,0.9575834641089807,0,0,0,0
320743,0.015836563147604465,0.0581954225897789,0.07569051910106676,22.419170325442657,23,18,1,0,1,1,22,0,0.9534408395940607,0,0,0,0
89648,0.0231547012925148,0.08196650743484497,0.09677147845015592,20.28505247716123,24,37,1,1,0,1,27,4,0.9253473363139413,0,1,0,1
348481,0.02247678264975548,0.07790133357048035,0.08716643292776853,21.193014521719306,6,6,0,0,0,0,6,0,0.9897169272104899,0,0,0,0
320554,0.020363334193825723,0.07039301693439484,0.07706766508625806,22.262555972093722,2,2,0,0,0,0,2,0,0.9861904084682465,0,0,0,0
314709,0.019935040548443795,0.06598582491278648,0.07670009600678226,22.30408184874146,2,2,0,0,0,0,2,0,0.9607253074645996,0,0,0,0
256868,0.015545598231256008,0.05499742552638054,0.06424173243470276,23.843655115270387,9,12,0,0,1,1,10,1,0.9439773758252462,0,0,1,1
146457,0.01949082687497139,0.0694470763206482,0.08520596820200142,21.390599685319067,18,13,1,0,0,1,18,1,0.9458087437293109,0,0,0,0
133567,0.01680632196366787,0.05589460805058479,0.06643203233236543,23.55244922266365,3,2,0,0,0,0,3,0,0.9752669930458069,0,0,0,0
7281,0.017052518762648107,0.05904254764318466,0.08571149021747888,21.339219079960596,16,12,2,0,0,1,14,0,0.9398025146552494,0,0,0,0
574315,0.022355365753173827,0.07548960149288178,0.08658704588200945,21.250941541357527,6,5,0,1,1,1,5,0,0.9514729499816894,0,0,0,0
356427,0.013516145385801792,0.04833889976143837,0.05762821869906985,24.78729608698494,9,8,1,0,0,1,8,0,0.9684329256415367,0,0,0,0
193743,0.026550931856036186,0.08721153736114502,0.09476665860831819,20.466888639176688,5,5,1,0,1,1,5,1,0.9206573963165283,1,0,1,1
169996,0.015127768740057945,0.054318105429410936,0.06722619020586602,23.449230001427036,13,16,0,0,0,0,14,1,0.9234879658772395,0,0,0,0
510095,0.0134110102429986,0.04858323484659195,0.05882300773275418,24.609055459094364,2,3,0,0,0,0,2,0,0.9909328818321228,0,0,0,0
353096,0.019250684604048728,0.06403853371739388,0.07007428939281876,23.08882595250726,4,3,0,0,0,0,4,0,0.9678391367197037,0,0,0,0
413395,0.023080718889832496,0.07952135503292083,0.0899980271066753,20.91534021700808,5,5,1,0,0,1,8,4,0.9752519577741623,0,0,0,0
436738,0.019047437235713005,0.0650546170771122,0.07319993292505479,22.70978633792832,11,10,0,0,0,0,11,0,0.967389312657443,0,0,0,0
468124,0.01520893331617117,0.05131740868091583,0.06031050593774813,24.39214056536769,2,3,0,0,0,0,2,0,0.9891319274902344,0,0,0,0
37751,0.01762860342860222,0.06128130853176117,0.07354059107976312,22.66945767654795,6,4,0,0,0,0,6,0,0.9474996328353882,0,0,0,0
556158,0.02031545266509056,0.07090868949890136,0.08421236731989253,21.492482477756994,2,2,0,0,0,0,2,0,0.9716374576091766,0,0,0,0
348045,0.014910967834293843,0.052231038361787795,0.058676615797456325,24.630698845066426,3,3,0,0,0,0,3,0,0.9778615236282349,0,0,0,0
297147,0.015364978834986687,0.05270648822188377,0.06634895470867763,23.563318296331307,4,4,0,0,0,0,4,0,0.9609590470790863,0,0,0,0
530470,0.027211007848381995,0.09814289063215256,0.11424221521439226,18.843467685927457,5,7,2,0,1,1,3,0,0.9472877780596415,0,0,0,0
244411,0.012657090835273267,0.04388437718153,0.06850782356501978,23.28519658851652,7,10,0,0,0,0,9,2,0.9658507875033787,0,0,0,0
192047,0.02701362147927284,0.0950910285115242,0.10313166323185641,19.73215956421647,2,1,0,0,0,0,2,0,0.9505783915519714,0,0,0,0
35963,0.017830374464392663,0.06144800186157227,0.07030276169148247,23.060552286569784,4,2,0,0,0,0,4,0,0.9412972033023834,0,0,0,0
37988,0.02057483047246933,0.07115368992090225,0.08323517616921632,21.593861938693028,5,5,0,0,0,0,5,0,0.9780452728271485,0,0,0,0
15517,0.017545539513230325,0.06154659166932106,0.07282673354686367,22.754183375097178,9,13,0,0,1,1,11,2,0.9752912587589688,0,0,1,1
263425,0.02016952782869339,0.07342215478420258,0.08243524414259693,21.677741430094613,3,2,0,0,0,0,4,1,0.9734127720197042,0,0,0,0
149406,0.020055072754621504,0.07053903639316558,0.07308914350899978,22.72294254683132,2,1,0,0,0,0,2,0,0.9724479019641876,0,0,0,0
111036,0.02557191364467144,0.09118495285511016,0.10304843742109683,19.739171785514927,2,2,0,0,0,0,2,0,0.9766517579555511,0,0,0,0
329041,0.019769237190485,0.06735552474856377,0.0760016544744255,22.383539069833493,14,10,0,1,0,1,13,0,0.9480357720301702,0,0,0,0
492937,0.023752785846590997,0.08339842259883881,0.09405249531870989,20.532593552772795,3,3,0,0,0,0,3,0,0.8944660226504008,0,0,0,0
129113,0.01907646022737026,0.06208013221621513,0.0629520408927904,24.01980371172309,0,2,0,0,0,0,0,0,,0,0,0,0
241319,0.02027524672448635,0.06923902034759521,0.07800659755287798,22.157373289873128,5,10,0,0,1,1,5,0,0.9595271348953247,0,0,1,1
112110,0.01930951587855816,0.07045524418354035,0.08774695156779191,21.135359250013906,4,2,0,1,0,1,4,0,0.9356444875399271,0,1,0,1
430073,0.015795506723225116,0.05669113844633102,0.0718649999545459,22.86965140721723,24,27,0,0,0,0,25,1,0.9597527186075846,0,0,0,0
260261,0.017409233935177328,0.06581225395202636,0.08435682869503568,21.477595109266197,20,4,0,0,0,0,20,0,0.971799173951149,0,0,0,0
17959,0.02139478698372841,0.07473993599414826,0.083153881276896,21.602349498270055,25,24,1,3,0,1,24,2,0.9360008835792542,1,2,0,1
78843,0.020623558014631272,0.07628686130046844,0.08074690323167727,21.85748249081859,5,3,2,0,0,1,3,0,0.9839352965354919,0,0,0,0
375493,0.02677219547331333,0.10531824976205825,0.1285409801721652,17.819167855162497,4,7,0,0,0,0,4,0,0.9295148551464081,0,0,0,0
452784,0.026120570302009583,0.09821441322565079,0.1137807819266726,18.87862171980715,6,6,1,0,0,1,6,1,0.9427932143211365,0,0,0,0
96427,0.022252413257956506,0.07821504473686218,0.08800990744811296,21.10936871430308,4,4,0,0,0,0,5,1,0.9729348123073578,0,0,0,0
172935,0.03569938242435455,0.12373701483011246,0.13863201208015682,17.162729468873582,1,5,0,0,0,0,1,0,0.893366813659668,0,0,0,0
264968,0.0175744891166687,0.06041899174451828,0.0740229429856098,22.612673046530464,7,8,1,0,0,1,6,0,0.9361537794272105,1,0,0,1
287649,0.01831461563706398,0.06205846220254898,0.07203292788594182,22.849378646333346,2,3,0,0,0,0,2,0,0.954517126083374,0,0,0,0
186449,0.028180262073874474,0.09165640771389008,0.10977045650204416,19.190290593818208,17,15,2,1,1,1,15,0,0.8784998059272766,1,0,0,1
116206,0.020825037360191347,0.07300661355257035,0.08175152776703809,21.75008245051695,6,3,0,0,0,0,7,1,0.93313600619634,0,0,0,0
180101,0.01916256919503212,0.06780222952365875,0.07924063070296695,22.021041528462796,13,11,0,0,0,0,13,0,0.9665967638675983,0,0,0,0
93717,0.016656367108225822,0.05949023962020874,0.07283607170051036,22.75306970476834,18,22,2,0,0,1,16,0,0.9777365811169147,1,0,0,1
500663,0.018560434691607952,0.0645731084048748,0.07894807219283333,22.05316940842385,4,3,0,0,0,0,4,0,0.9234441220760345,0,0,0,0
1761,0.02513444609940052,0.08564981520175934,0.09384377473848035,20.551890632700946,2,7,0,0,0,0,2,0,0.9752638638019562,0,0,0,0
12062,0.020590998232364655,0.07202233970165253,0.0798800323676933,21.951235356470434,6,4,0,0,0,0,6,0,0.9100840091705322,0,0,0,0
200152,0.041351772099733355,0.15569514632225037,0.1656994881321848,15.613576663443196,0,0,0,0,0,0,0,0,,0,0,0,0
2299,0.01640701349824667,0.05966946035623551,0.0762975583458341,22.34978719998445,50,22,0,1,0,1,50,0,0.9602583184534189,0,1,0,1
578500,0.021239831671118738,0.07047748565673828,0.08137981038944997,21.789666527283455,28,14,2,1,0,1,26,1,0.9587945079803467,0,0,0,0
396274,0.020435190945863723,0.07259157299995422,0.07570742508738051,22.417230490225727,2,1,0,0,0,0,2,0,0.9776619672775269,0,0,0,0
378873,0.01469525508582592,0.0544384703040123,0.0640355707276699,23.871574308027043,22,23,1,0,0,1,22,1,0.9607937563033331,0,0,0,0
12576,0.01802172213792801,0.060569613426923755,0.07104817942718525,22.968940923303755,21,15,2,0,0,1,19,0,0.9719984562773454,0,0,0,0
127270,0.018182330206036566,0.05868582203984261,0.06932950064765793,23.18163855674797,8,9,0,0,0,0,8,0,0.9693505316972733,0,0,0,0
80153,0.02176983207464218,0.0719521850347519,0.08044500469383088,21.89001837281793,4,3,0,0,0,0,6,2,0.9593742340803146,0,0,0,0
521141,0.014934789761900902,0.05491122007369995,0.06847477071944731,23.289388265217312,21,14,1,0,1,1,21,1,0.9517702728509903,0,0,0,0
177934,0.015527275018393993,0.05495214164257049,0.06983618472181803,23.118389899085745,23,18,2,0,1,1,21,0,0.9630867838859558,0,0,0,0
393838,0.025731327757239342,0.09411918520927429,0.10577099955350745,19.512667829447263,29,15,0,0,0,0,30,1,0.9395630277436355,0,0,0,0
46252,0.010481888800859452,0.038229043036699294,0.0519902743856654,25.68155781025669,5,5,0,0,0,0,5,0,0.9877622485160827,0,0,0,0
445439,0.01615472845733166,0.056228961795568466,0.05916758731864578,24.558322792442468,1,1,0,0,0,0,1,0,0.9913410544395447,0,0,0,0
294831,0.026465592533349992,0.0924490287899971,0.10051511821211336,19.955372245008483,9,5,0,0,0,0,10,1,0.9702616863780551,0,0,0,0
308587,0.017033783346414567,0.06190742924809456,0.08487875884731026,21.42401959196121,15,17,1,0,0,1,15,1,0.9540048837661743,0,0,0,0
468233,0.03438344337046147,0.13252330869436263,0.13942097115764013,17.11343792891532,4,1,0,0,0,0,4,0,0.9647488296031952,0,0,0,0
33854,0.01732243299484253,0.06097101494669914,0.07825311702290977,22.129967087415956,19,22,1,0,0,1,20,2,0.9567778872119056,0,0,0,0
139,0.020456738770008087,0.07915243208408355,0.09249182091965026,20.67793340716881,25,20,1,0,0,1,24,0,0.9492594450712204,0,0,0,0
533493,0.02301368713378906,0.08157940953969955,0.09704877720243205,20.260198645508623,4,4,0,0,0,0,4,0,0.9514505118131638,0,0,0,0
462371,0.026460867002606393,0.10013323426246643,0.11998739780568882,18.41728730419004,13,11,2,0,0,1,12,1,0.8794369914314963,0,0,0,0
500270,0.025873640924692153,0.09411430358886719,0.10034674848424566,19.96993390612641,6,12,0,0,0,0,6,0,0.9522780080636343,0,0,0,0
424349,0.023010766506195067,0.08314701020717621,0.09558126585878769,20.39254444139219,11,6,3,0,0,1,9,1,0.9449078664183617,0,0,0,0
152740,0.014409810304641724,0.048353429138660434,0.06364806296886698,23.924296177907433,17,14,0,0,0,0,18,1,0.9719133727690753,0,0,0,0
244019,0.016262248530983923,0.0559749111533165,0.06652440184914683,23.54038043392538,1,1,0,0,0,0,1,0,0.9885601997375488,0,0,0,0
59920,0.026981356739997863,0.09361328184604645,0.09400112537840087,20.537338940196683,3,2,0,0,0,0,3,0,0.9816418687502543,0,0,0,0
423506,0.019164127856492998,0.06556160897016525,0.08287976558368744,21.63102971902679,5,5,0,0,0,0,5,0,0.9710156798362732,0,0,0,0
159311,0.014172121323645115,0.051081594079732895,0.05622988627157895,25.000655897542924,4,2,0,1,0,1,4,0,0.9789565801620483,0,1,0,1
42628,0.025959279388189316,0.09016039371490478,0.09749185202456562,20.220633587288248,9,8,1,0,0,1,9,1,0.9853429719805717,0,0,0,0
396729,0.027489742264151573,0.0913341224193573,0.09690224156378184,20.27332353276764,5,5,0,0,0,0,5,0,0.939210844039917,0,0,0,0
540502,0.018362755328416823,0.065385240316391,0.07642629687277383,22.335143660500485,17,20,0,0,1,1,17,0,0.9511285704724929,0,0,1,1
379476,0.032837020233273506,0.13530942499637605,0.15419307970725304,16.238702345726576,9,23,1,0,0,1,8,0,0.8968710973858833,1,0,0,1
26941,0.01735851392149925,0.05949824452400208,0.06873976955307584,23.25583856297363,13,10,0,1,0,1,12,0,0.9539935439825058,0,1,0,1
558421,0.02684233635663986,0.09189133495092391,0.10271833844646869,19.767040285770456,2,14,0,0,0,0,2,0,0.9765079319477081,0,0,0,0
541291,0.024438449740409852,0.08685496300458909,0.10073767958793212,19.93616113979903,2,2,0,0,0,0,2,0,0.9832764565944672,0,0,0,0
358525,0.02335870936512947,0.08007713407278061,0.08733990491593163,21.17574570432945,6,4,1,0,0,1,6,1,0.9709795236587524,0,0,0,0
425925,0.01831909380853176,0.06528361588716507,0.07655565199330432,22.320454808944525,12,12,0,0,0,0,14,2,0.9429691930611929,0,0,0,0
210273,0.019748472794890403,0.06860990896821022,0.08175794363715295,21.749400807560125,53,41,0,0,0,0,54,1,0.9600711521112694,0,0,0,0
226111,0.020376431941986083,0.07517285197973252,0.07804243655135357,22.153383600443036,0,0,0,0,0,0,0,0,,0,0,0,0
154339,0.03639407232403755,0.13353855311870574,0.14821252136735566,16.582302090286895,1,2,0,0,0,0,1,0,0.9528042078018188,0,0,0,0
316015,0.02258449010550976,0.08184834271669388,0.09341845011720387,20.591346845252794,7,9,0,0,0,0,8,1,0.9652749300003052,0,0,0,0
181666,0.01670270934700966,0.05722396522760391,0.07707992582305347,22.261174239089883,26,16,1,0,0,1,28,3,0.937280204296112,0,0,0,0
1353,0.02744605578482151,0.0953313246369362,0.1099878287908193,19.173107420733984,7,7,2,0,0,1,7,2,0.9677337646484375,0,0,0,0
78420,0.024281267449259757,0.07758120447397232,0.08640714640812241,21.269006743648045,6,3,0,0,0,0,6,0,0.9430863857269287,0,0,0,0
393093,0.01650359220802784,0.06111341342329979,0.06875438947561308,23.253991400373394,11,9,1,0,1,1,10,0,0.9343552350997925,0,0,0,0
367569,0.020931782945990563,0.07702191323041915,0.09199415828717719,20.724794997478845,14,5,1,0,0,1,13,0,0.9160885856701777,0,0,0,0
293200,0.0135094640776515,0.04940669760107994,0.06178537135276161,24.182286774216053,35,19,0,2,1,1,35,2,0.9535242084300879,0,0,0,0
128598,0.02029769942164421,0.0720440149307251,0.08307573778065626,21.6105158628219,17,11,0,1,1,1,17,1,0.9490082338452339,0,0,0,0
341828,0.021633831039071082,0.07866642326116562,0.08547833426238308,21.362878992607662,2,3,0,0,0,0,2,0,0.9845440685749054,0,0,0,0
273232,0.019504407420754433,0.06883174926042557,0.08644935109010908,21.26476524596024,12,16,0,0,0,0,14,2,0.9267201920350393,0,0,0,0
334483,0.01701475977897644,0.06175157427787781,0.07780518867248949,22.17982879627533,18,20,2,0,0,1,17,1,0.9643808864057064,0,0,0,0
458109,0.024031941220164298,0.08459805250167847,0.08964476508044224,20.949501330749346,3,5,0,0,0,0,4,1,0.9849792321523031,0,0,0,0
226417,0.016193095408380032,0.05783209577202797,0.0677497246488192,23.381849310544617,26,25,0,0,0,0,26,0,0.957474912588413,0,0,0,0
130586,0.01509284544736147,0.054865841567516324,0.0659980632422678,23.60937617871942,2,2,0,0,0,0,2,0,0.9826616048812866,0,0,0,0
266400,0.023846680670976637,0.08769767135381698,0.09799654929118906,20.17578433312564,13,12,1,0,0,1,14,2,0.9086185346047083,0,0,0,0
516677,0.015275509096682072,0.05538404881954193,0.07074417941989018,23.00618573086112,29,22,1,2,0,1,27,1,0.9092102784376878,0,1,0,1
41888,0.015912548638880253,0.055627913773059846,0.06775583941367656,23.381065399225292,3,3,0,0,0,0,3,0,0.9882441361745199,0,0,0,0
318908,0.03232074454426766,0.12356163710355758,0.13611793293580324,17.32169309299248,1,1,0,0,0,0,1,0,0.9358383417129517,0,0,0,0
76261,0.03120657131075859,0.1049962192773819,0.11902637861883207,18.487135592476044,2,2,0,0,0,0,2,0,0.9478560388088226,0,0,0,0
435208,0.023963849619030954,0.08161303550004959,0.09400958215691564,20.53655755230782,14,11,0,1,0,1,14,0,0.9545866663639362,0,0,0,0
10092,0.01893167570233345,0.07193294912576675,0.08198027783771988,21.725812283165617,4,5,0,0,0,0,4,0,0.919944241642952,0,0,0,0
532575,0.02732606269419193,0.09554570764303208,0.10185813172169732,19.840085878020815,1,2,0,0,0,0,1,0,0.9394444823265076,0,0,0,0
148707,0.01993810199201107,0.07018631547689438,0.0684776285955496,23.289025756834082,3,2,0,0,0,0,3,0,0.9819297194480896,0,0,0,0
235252,0.01804752480238676,0.06592423021793366,0.08215909340702725,21.706887233030002,5,3,0,0,0,0,5,0,0.9742663025856018,0,0,0,0
368294,0.021259841322898865,0.07658606469631195,0.08046365406562128,21.88800497730317,2,2,0,0,0,0,2,0,0.9632639288902283,0,0,0,0
338986,0.017889276146888733,0.05910752788186073,0.07179390648049959,22.878248300167158,6,4,0,0,0,0,6,0,0.9604304532210032,0,0,0,0
294162,0.030326956510543825,0.10767518132925033,0.11459537469051158,18.816658221007128,3,2,1,0,0,1,2,0,0.9906628727912903,0,0,0,0
481159,0.01884215772151947,0.06791980862617493,0.08514883227166692,21.39642607122052,5,1,1,0,0,1,4,0,0.8858610391616821,1,0,0,1
542423,0.015334265120327473,0.05738312602043152,0.07216942426400443,22.832935185983914,11,14,0,0,0,0,12,1,0.9637049653313376,0,0,0,0
387916,0.01749712713062763,0.06271116435527802,0.07717935580302379,22.24997701396039,25,20,2,0,0,1,25,2,0.973014411718949,1,1,0,1
449406,0.016324442252516745,0.05876438319683075,0.06686473398852841,23.49605757661186,2,1,0,0,0,0,2,0,0.9916495084762573,0,0,0,0
11051,0.023431135341525078,0.08715370148420334,0.11367995555549572,18.886322097460912,3,3,0,0,0,0,3,0,0.9834334850311279,0,0,0,0
166521,0.024298206716775895,0.08192607462406158,0.09466622932712675,20.476098420478053,16,16,2,0,0,1,15,1,0.9547826562608991,0,0,0,0
419379,0.023055224865674972,0.08585088700056076,0.09679511658305362,20.282931055181525,7,5,0,0,0,0,7,0,0.9840557745524815,0,0,0,0
113720,0.017602748051285744,0.06442271247506141,0.08285254970682387,21.633882440954327,24,21,0,0,1,1,25,1,0.9609000061949095,0,0,1,1
235064,0.014837305061519146,0.05423122569918633,0.060789015360670516,24.32349782219132,1,1,0,0,0,0,1,0,0.9631874561309814,0,0,0,0
502168,0.01635495461523533,0.0612408459186554,0.08860207189390706,21.0511224467804,12,14,0,0,0,0,15,3,0.951181635260582,0,0,0,0
324614,0.024384061247110365,0.08951357454061508,0.09289922145530763,20.639758512178965,6,2,1,0,0,1,5,0,0.9170253872871399,0,0,0,0
155451,0.02945637293159962,0.1097267746925354,0.11885306289879699,18.499792436409567,11,10,0,0,0,0,12,1,0.9581566290421919,0,0,0,0
153229,0.014969194121658803,0.05667491853237152,0.07710458922321176,22.258395444168265,11,9,1,0,0,1,11,1,0.9806689202785492,0,0,0,0
53626,0.013471145369112491,0.04740219786763191,0.060530502304666715,24.3605144427006,12,9,0,1,0,1,12,0,0.9451825239441611,0,0,0,0
190140,0.020415610820055007,0.07145353853702545,0.08619275561790683,21.290584689858605,5,4,0,0,0,0,5,0,0.9313988208770752,0,0,0,0
162366,0.025537878274917603,0.09156889170408249,0.09392038010126288,20.544803169555493,2,1,0,0,0,0,2,0,0.9149216115474701,0,0,0,0
543047,0.01960402578115463,0.06783339604735375,0.0823401926883887,21.68776242046363,16,16,0,0,0,0,17,1,0.9456500820815563,0,0,0,0
447917,0.013207326456904412,0.04357029944658279,0.0535909415811956,25.418172248594026,7,6,0,0,0,0,7,0,0.9806488156318665,0,0,0,0
341094,0.01915774345397949,0.07375969737768173,0.09221633659401626,20.703842692994865,2,2,0,0,0,0,2,0,0.7885420918464661,0,0,0,0
244833,0.02655039355158806,0.09312166869640351,0.10108274168432767,19.906459742991267,15,20,1,0,1,1,15,1,0.9637359508446285,0,0,0,0
186980,0.02139058746397495,0.07414124011993409,0.0838109343127255,21.53398635725161,14,14,1,0,0,1,15,2,0.9342124187029325,0,0,0,0
570736,0.020410800725221633,0.06829239130020141,0.07790742397603477,22.168423108884912,4,2,0,0,0,0,4,0,0.9838541448116302,0,0,0,0
97230,0.0168925728648901,0.05875059738755226,0.07885431224504896,22.06349103515542,3,2,0,0,0,0,3,0,0.9560147523880005,0,0,0,0
34257,0.024070515111088753,0.08687137514352798,0.0941120812412083,20.52709244545955,30,6,1,1,0,1,29,1,0.9538171610661915,0,0,0,0
445658,0.018970944732427598,0.06617496386170388,0.08339944081770424,21.57673722479908,15,12,0,0,0,0,15,0,0.9635209043820699,0,0,0,0
476258,0.022545622661709785,0.08436587154865265,0.09367595484589451,20.567437428320417,2,2,0,0,0,0,2,0,0.9607047736644745,0,0,0,0
565153,0.016860147938132286,0.05897447019815445,0.07124828507879238,22.944511690187106,4,2,0,0,0,0,4,0,0.9833996593952179,0,0,0,0
171611,0.018271474167704582,0.06563103348016738,0.07712250786302677,22.25637713050564,9,5,0,0,0,0,9,0,0.9750882585843405,0,0,0,0
414133,0.016754137724637984,0.05710374861955643,0.0667323290835512,23.5132743438411,8,7,0,0,0,0,8,0,0.9816577434539795,0,0,0,0
332455,0.022519670054316522,0.07910553216934205,0.08484775807568704,21.42719257033713,3,1,1,0,0,1,2,0,0.9138292670249939,0,0,0,0
286553,0.020894858986139297,0.07331607937812805,0.08803537444059474,21.106855684867924,13,18,0,0,0,0,13,0,0.9558282494544983,0,0,0,0
67180,0.018189426884055136,0.06199486926198006,0.06909639036158048,23.210892796942645,3,2,0,0,0,0,3,0,0.9638100663820902,0,0,0,0
207844,0.018848784640431403,0.0670792818069458,0.08318121639104928,21.599494661374585,34,33,0,0,0,0,38,4,0.9495363901643192,0,0,0,0
65455,0.016114949993789197,0.056297361850738525,0.08219731861383067,21.702846989882918,14,15,0,1,0,1,16,2,0.9764767839358404,0,0,0,0
244592,0.017113769985735418,0.06193109229207039,0.07152322576361869,22.911058133754132,9,3,2,0,0,1,9,2,0.9216632757868085,0,0,0,0
97924,0.018776390329003335,0.06575691625475884,0.08268764718866581,21.6511873079823,10,6,0,0,0,0,10,0,0.9767580389976501,0,0,0,0
404191,0.0246732160449028,0.07806530594825745,0.07909164759490152,22.0373875474858,5,1,0,0,0,0,5,0,0.9823236703872681,0,0,0,0
516601,0.020087539032101632,0.06945288330316543,0.07984099719228023,21.955480949343517,18,19,1,0,0,1,18,1,0.9101711160996381,0,0,0,0
18770,0.03995203450322151,0.13939141482114792,0.14147227401178472,16.986573312128424,4,2,0,0,0,0,4,0,0.8874594867229462,0,0,0,0
57027,0.019227508455514908,0.0696421816945076,0.08274140484020921,21.645542192578247,6,4,0,0,0,0,6,0,0.9137338499228159,0,0,0,0
196843,0.0158497616648674,0.054195956140756604,0.06283335948154367,24.036194388908388,8,4,0,0,0,0,8,0,0.9659576416015625,0,0,0,0
455597,0.025471065193414688,0.09090186804533004,0.10137449498818779,19.881425925532326,24,15,4,0,1,1,22,2,0.924053019285202,0,0,0,0
121031,0.013299940153956413,0.0472336545586586,0.14858534100157997,16.560480693898526,7,8,0,0,0,0,7,0,0.942572798047747,0,0,0,0
175387,0.025928517803549767,0.09082783609628678,0.09712021182569704,20.253807580847724,1,1,0,0,0,0,1,0,0.9785611629486084,0,0,0,0
183391,0.018054654821753502,0.061979442834854126,0.08277855720345771,21.641642948905098,26,27,1,0,0,1,27,2,0.9617900109291077,0,0,0,0
17905,0.016472536139190197,0.060241425037384035,0.07075508733410633,23.004846572836858,2,3,0,0,0,0,2,0,0.9866185188293457,0,0,0,0
32285,0.022680367901921274,0.07976301610469819,0.08924166311751952,20.98864689505419,1,1,0,0,0,0,1,0,0.9870707988739014,0,0,0,0
112378,0.01684277839958668,0.05920344665646553,0.06569427837563203,23.64944907093434,9,9,0,0,0,0,10,1,0.9558118581771851,0,0,0,0
350833,0.01973295509815216,0.06606646850705147,0.07706828405468075,22.262486211710907,5,2,0,0,0,0,5,0,0.9681083559989929,0,0,0,0
87875,0.01530925054103136,0.05584099218249321,0.06125601162219057,24.257025670295956,1,1,0,0,0,0,1,0,0.9596180319786072,0,0,0,0
369812,0.013229956105351447,0.04627630785107613,0.05820041073127984,24.701479008823895,18,18,0,1,0,1,18,0,0.9211992060436922,0,0,0,0
116825,0.025065402314066888,0.09197678416967392,0.10007120381845941,19.99381751573185,7,3,0,0,0,0,7,0,0.9477318951061794,0,0,0,0
549220,0.022114362195134164,0.07344539165496826,0.08454981786913036,21.457746471795957,11,8,1,0,0,1,13,3,0.8981630146503449,0,0,0,0
178618,0.020818058773875235,0.07721098214387893,0.09035188445425038,20.88125570001393,3,3,0,0,0,0,3,0,0.8622146844863892,0,0,0,0
121506,0.021399269998073577,0.0841170683503151,0.09782496900716632,20.191005620402287,5,9,0,0,0,0,5,0,0.9449671030044555,0,0,0,0
22755,0.030267417058348657,0.10985692292451858,0.12064727778315258,18.369649456387457,5,4,1,0,0,1,4,0,0.9474736005067825,0,0,0,0
69106,0.020202645286917686,0.0681025080382824,0.07880229674296002,22.069222490752573,3,4,0,0,0,0,3,0,0.9925654133160909,0,0,0,0
507081,0.027289526909589766,0.10748346745967866,0.13169048799471944,17.60891186000397,4,6,0,1,0,1,5,1,0.9061065713564554,0,1,0,1
547336,0.02486794888973236,0.08110582679510117,0.08852491111156807,21.058690012950233,5,7,0,0,0,0,6,1,0.9299659132957458,0,0,0,0
41488,0.02573286518454552,0.0943799540400505,0.09645842319774424,20.313196835036997,0,0,0,0,0,0,1,1,,0,0,0,0
205776,0.0252504613250494,0.08873429745435715,0.09078903429126264,20.839332067989492,1,1,1,0,0,1,2,2,,0,0,0,0
140840,0.018046565353870392,0.0613497294485569,0.07299178649546854,22.734520134682093,18,19,1,0,0,1,19,2,0.940333811675801,1,0,0,1
578871,0.01817362681031227,0.06547086536884308,0.07703505020725346,22.266232600935506,12,11,0,0,0,0,13,1,0.9722622533639272,0,0,0,0
57760,0.018830576539039613,0.06815230250358581,0.08210692180109667,21.71240458640363,19,18,1,0,1,1,18,0,0.979093031750785,0,0,0,0
404534,0.017716551572084425,0.06512138918042183,0.07601228421252997,22.382324329487908,6,1,0,0,0,0,6,0,0.938457578420639,0,0,0,0
314034,0.013129033334553241,0.04444000497460365,0.05747917695168856,24.809789183720447,31,25,1,0,0,1,33,3,0.9589321136474609,0,0,0,0
163155,0.030170431733131407,0.10214622765779495,0.1131691917415189,18.92543571696585,1,1,0,0,0,0,1,0,0.8689190149307251,0,0,0,0
352760,0.01854469794780016,0.06115726605057716,0.07120682225407386,22.949567901038375,3,2,0,0,0,0,3,0,0.9864662289619446,0,0,0,0
207538,0.023755960166454315,0.08369417488574982,0.09415137623797043,20.52346654785063,1,1,0,0,0,0,1,0,0.9674776792526245,0,0,0,0
113589,0.017582306638360023,0.061779323220252993,0.06890345695865653,23.235179770728116,13,7,0,0,0,0,13,0,0.94389441380134,0,0,0,0
256407,0.028804195672273637,0.09722240567207337,0.10570114004456374,19.51840657127946,4,13,0,0,0,0,6,2,0.9758251458406448,0,0,0,0
13659,0.021385473757982255,0.07467125356197357,0.09491024261816076,20.453738328375092,26,18,2,0,0,1,25,1,0.9480749468008677,0,0,0,0
228981,0.023093807324767113,0.08505707234144211,0.08872996466728246,21.038593828385363,3,2,0,0,0,0,3,0,0.9936186869939169,0,0,0,0
180011,0.018911101296544074,0.06505338773131371,0.07224556084984832,22.82377666212563,11,6,2,0,0,1,11,2,0.9620550804668002,0,1,0,1
318080,0.02242674380540848,0.07542225867509841,0.08280225359400745,21.639156860891042,2,2,0,0,0,0,2,0,0.9679027795791626,0,0,0,0
560371,0.01608911473304033,0.05916931703686714,0.0671915166369755,23.453711119376376,0,0,0,0,0,0,0,0,,0,0,0,0
461009,0.028145750239491462,0.10756683051586151,0.1281850390152387,17.84325320184853,9,10,0,0,0,0,9,0,0.9573206040594313,0,0,0,0
111179,0.018598371744155885,0.06138110756874084,0.06892880144646642,23.23198546151374,2,2,0,0,0,0,2,0,0.9584111571311951,0,0,0,0
307145,0.027437784895300864,0.10218110680580139,0.11381484206824855,18.876021998179805,3,2,1,0,0,1,3,1,0.9262781143188477,0,0,0,0
79229,0.012881739996373653,0.04207490533590317,0.07492518712248113,22.507443274977813,3,3,0,0,0,0,4,1,0.9560344417889913,0,0,0,0
339823,0.019361215457320214,0.07329615652561187,0.0798181748369736,21.957964144744132,1,2,0,0,0,0,1,0,0.8574622273445129,0,0,0,0
466085,0.022282853722572327,0.08215485215187072,0.09091699822829305,20.827098232898468,2,1,0,0,0,0,2,0,0.9786965847015381,0,0,0,0
427655,0.018583153188228608,0.06727182343602181,0.08341770696192531,21.57483504968623,14,14,1,0,0,1,14,1,0.9678383240332971,0,0,0,0
260925,0.027400217950344086,0.09673010259866714,0.10923193372965939,19.23300755952204,4,3,0,0,1,1,4,0,0.931654617190361,0,0,1,1
552902,0.012709438800811768,0.04411904811859131,0.05310115980131037,25.497919864695113,1,1,0,0,0,0,1,0,0.9926880598068237,0,0,0,0
397639,0.016148429363965988,0.05535779222846031,0.07556773219962867,22.43327221674429,2,2,0,0,0,0,2,0,0.9854331612586975,0,0,0,0
562581,0.020834317058324815,0.072127366065979,0.08211360151378197,21.71169798474314,6,4,0,0,0,0,6,0,0.9717703859011332,0,0,0,0
201676,0.010804369114339352,0.03945187553763389,0.050896741818390115,25.866200367246968,7,7,0,0,0,0,7,0,0.9604089856147766,0,0,0,0
222458,0.015744518861174582,0.05679944157600403,0.06503645206840232,23.73686317642957,9,9,0,0,0,0,9,0,0.9774931603007846,0,0,0,0
493566,0.016624241694808008,0.053845294564962384,0.06506483223911062,23.733073712921907,2,2,0,0,0,0,2,0,0.9805847406387329,0,0,0,0
261097,0.016953122057020664,0.05933621898293495,0.07995128199969163,21.943491361074617,30,25,1,0,0,1,29,0,0.9671037176559711,0,0,0,0
497344,0.027847331017255783,0.10265959054231644,0.11240040849165901,18.984642208550714,7,4,0,1,0,1,6,0,0.949821283419927,0,1,0,1
370042,0.017648500949144365,0.06480782926082611,0.07508755231092507,22.488641049727942,18,13,2,0,0,1,16,0,0.9310126304626465,0,0,0,0
512985,0.021169887110590934,0.07339072525501251,0.08402756685214136,21.511564238831387,4,2,0,0,0,0,4,0,0.9159284979104996,0,0,0,0
78032,0.019021035730838777,0.0652672953903675,0.07361139289920086,22.66109928652645,4,3,0,0,0,0,4,0,0.9315131902694702,0,0,0,0
33707,0.015824613720178606,0.055665988475084305,0.0666000491446512,23.530509007211712,2,2,0,0,0,0,2,0,0.9888079762458801,0,0,0,0
144798,0.029477567598223686,0.10570471584796906,0.11397514444041817,18.863796974906606,8,4,0,0,0,0,8,0,0.975804477930069,0,0,0,0
127135,0.01956026293337345,0.0683701604604721,0.07401338588561268,22.613794553887253,1,0,0,0,0,0,1,0,0.974273145198822,0,0,0,0
85772,0.019970572739839553,0.07294640392065048,0.08167732522990119,21.757969859391274,4,4,0,0,0,0,4,0,0.9882609993219376,0,0,0,0
64523,0.020940977334976196,0.07995239943265915,0.09247814372539874,20.679217924904126,22,23,0,1,1,1,23,1,0.9361636525108701,0,0,0,0
453341,0.020002490654587746,0.07620920687913894,0.0880887201270609,21.10159399979731,18,7,0,0,0,0,19,1,0.9547872874471877,0,0,0,0
244750,0.02782961130142212,0.09876088798046112,0.11948947523193494,18.453406923604035,17,9,0,0,0,0,18,1,0.9492263268021977,0,0,0,0
28993,0.014706339314579963,0.05339294299483299,0.06707559071331275,23.468709878926667,9,15,1,0,1,1,8,0,0.9661441966891289,0,0,0,0
176901,0.0207872424274683,0.07474695891141891,0.08755938362226019,21.153946086530123,9,6,0,0,0,0,9,0,0.9677531056933932,0,0,0,0
179265,0.01618169993162155,0.05923545584082603,0.06985522516766116,23.116022062546506,7,8,0,0,0,0,7,0,0.97710120677948,0,0,0,0
173830,0.024383826181292534,0.08590676933526993,0.09876738082379687,20.10772925951794,2,2,0,0,0,0,2,0,0.9501692652702332,0,0,0,0
275727,0.016304429434239865,0.05607874318957329,0.07728595604679854,22.23798832745562,2,2,0,0,0,0,2,0,0.9771559834480286,0,0,0,0
227898,0.01643673349171877,0.05811776667833328,0.07799825622831376,22.158302130520234,10,8,0,0,0,0,12,2,0.9493512868881225,0,0,0,0
549055,0.019336773827672005,0.06781951487064361,0.07596273557873062,22.387988075815926,2,2,0,0,0,0,2,0,0.9856534898281097,0,0,0,0
299609,0.019394340552389623,0.07257222384214401,0.092294512534505,20.696482392662645,1,1,0,0,0,0,1,0,0.9849926233291626,0,0,0,0
364884,0.026001589372754097,0.09923292547464371,0.11517984249285623,18.772470393970863,18,14,1,0,0,1,17,0,0.971215917783625,0,0,0,0
568439,0.014194038510322571,0.04814625903964043,0.061617619956998416,24.205901615189976,17,24,0,0,0,0,18,1,0.9769038347636952,0,0,0,0
88040,0.01577129531651735,0.05840905532240868,0.06870623185524792,23.260077387600674,22,13,3,0,1,1,19,0,0.9435598003236871,0,0,0,0
423104,0.01854075901210308,0.06508565694093704,0.08578065110415471,21.332213232848595,3,2,0,0,0,0,3,0,0.9887317220369974,0,0,0,0
273132,0.025624501705169677,0.10017726123332978,0.1098946367164166,19.180470046216687,5,3,0,1,1,1,5,0,0.8351130783557892,0,0,1,1
561009,0.0373927466571331,0.13706015050411224,0.14066836823972367,17.03607100701005,3,1,0,2,0,1,2,0,0.969480574131012,0,1,0,1
520077,0.025985771790146828,0.09223738759756088,0.11051495807541789,19.13157873460606,18,16,0,0,0,0,22,4,0.9098110132747226,0,0,0,0
189828,0.026478689908981324,0.08436403721570969,0.09120197483481784,20.79991515216449,1,1,0,0,0,0,1,0,0.9682711958885193,0,0,0,0
512836,0.02032097727060318,0.07017469331622124,0.08105295906480565,21.824622507843387,7,7,0,0,0,0,8,1,0.9701774886676243,0,0,0,0
314177,0.020283221453428268,0.07605080157518387,0.08924703173905996,20.98812438292242,3,2,0,0,0,0,3,0,0.989473839600881,0,0,0,0
520301,0.021271781250834464,0.07447151094675064,0.08701462698338772,21.208154744356843,2,1,0,0,0,0,2,0,0.9721073508262634,0,0,0,0
121673,0.016260881535708906,0.051864505559206006,0.06302579287177705,24.00963364284494,2,2,0,0,0,0,2,0,0.9890540540218353,0,0,0,0
276284,0.017063416726887225,0.05898231714963913,0.0728743045478052,22.748511535222377,9,5,1,0,0,1,9,1,0.9485107064247131,0,0,0,0
523175,0.024052701890468597,0.08394097536802292,0.09192255017360912,20.731558713600965,5,6,2,0,1,1,4,1,0.8999103506406149,0,0,0,0
286849,0.02449425421655178,0.08211216628551483,0.09193796426832611,20.730102336452205,6,4,1,0,0,1,6,1,0.9237208127975464,0,0,0,0
105264,0.016914825513958932,0.06263519003987313,0.07933454581902633,22.0107532040642,9,9,0,0,0,0,9,0,0.9864794744385613,0,0,0,0
463690,0.021748387441039085,0.08022332042455674,0.09656634322941197,20.303484282603176,6,6,0,0,0,0,6,0,0.9553257723649343,0,0,0,0
480275,0.018109940364956854,0.06630570739507675,0.07492197777297677,22.507815334811294,12,12,2,0,0,1,12,2,0.9844108819961548,0,0,0,0
302760,0.024066537991166113,0.08261667490005493,0.09163802107558558,20.758485959542146,4,3,0,0,0,0,4,0,0.9853546321392059,0,0,0,0
78266,0.02395687736570835,0.08621657788753509,0.10060005468973539,19.948035663644802,12,15,3,0,0,1,9,0,0.949132137828403,1,0,0,1
87476,0.021851896494626998,0.07711061835289001,0.08958410627579716,20.955380692694256,19,13,1,0,0,1,18,0,0.9569992621739706,1,0,0,1
425702,0.018566692247986794,0.06131076887249946,0.0732627345524389,22.702337504073586,3,2,0,0,0,0,3,0,0.9501229325930277,0,0,0,0
515445,0.018014639616012573,0.06707897707819939,0.08611765224015343,21.298156370525266,18,7,1,0,0,1,18,1,0.9498660143683938,0,0,0,0
137246,0.02163269743323326,0.07785064727067947,0.09252315366776499,20.67499145292548,16,17,2,0,0,1,14,0,0.9333435339587075,0,0,0,0
225184,0.010233708191663027,0.034083162993192674,0.04474758159760233,26.98460862693803,4,4,0,0,0,0,4,0,0.9927954822778702,0,0,0,0
209530,0.022379518672823905,0.08630718141794205,0.10640633379331296,19.46065040141798,23,23,0,1,0,1,23,0,0.923831660639156,0,0,0,0
540928,0.024757249653339385,0.08941792398691177,0.09521388304796431,20.425994458458426,3,2,1,0,0,1,2,0,0.8165702819824219,0,0,0,0
180487,0.019878467172384263,0.0721556454896927,0.0803142145075508,21.904151675779513,11,6,1,0,0,1,11,1,0.9765548586845398,0,0,0,0
58539,0.021390574052929878,0.08044627606868744,0.09591799875779704,20.36199781951702,17,11,0,0,0,0,19,2,0.9231535161242765,0,0,0,0
308394,0.027596494182944298,0.09728338867425919,0.1118341723871566,19.028509436767816,6,4,0,0,0,0,6,0,0.9661533534526825,0,0,0,0
229659,0.019253532961010934,0.0699989415705204,0.08178331019474497,21.746706305514355,21,29,1,1,0,1,21,1,0.9803317502925271,0,0,0,0
314294,0.017943083122372628,0.06518234014511108,0.07308837329603833,22.723034079167167,2,2,0,0,0,0,2,0,0.8730323016643524,0,0,0,0
466835,0.01510092280805111,0.05384472981095314,0.06140318747155356,24.23618167640257,4,1,0,0,0,0,5,1,0.9083278477191925,0,0,0,0
1000,0.014834102988243104,0.05263676792383194,0.0685537700444626,23.279373132738172,18,17,2,0,0,1,17,1,0.9549397304654121,0,0,0,0
377113,0.01924690268933773,0.07466611713171005,0.08258622702132022,21.661847486373155,10,10,0,0,0,0,11,1,0.976465368270874,0,0,0,0
89271,0.020502202585339545,0.07515685409307479,0.08327320799939697,21.589894087019054,1,1,0,0,0,0,1,0,0.9842782020568848,0,0,0,0
11760,0.015309167839586735,0.05512870103120804,0.06272594644490785,24.051055541614215,3,3,0,0,0,0,3,0,0.970498522122701,0,0,0,0
521231,0.015680847689509392,0.05779529735445976,0.06890167335488137,23.23540461265548,1,1,0,0,0,0,1,0,0.938710629940033,0,0,0,0
58029,0.028451893478631973,0.09667956233024597,0.10273750793933462,19.765419459662432,5,2,0,0,0,0,6,1,0.9405513763427734,0,0,0,0
245102,0.026607630774378777,0.09359069764614106,0.09945571267114335,20.047405324637037,2,1,0,0,0,0,2,0,0.9653986096382141,0,0,0,0
493284,0.020910153910517693,0.07356305569410324,0.08479015488492704,21.4330914283016,8,6,0,0,0,0,8,0,0.918646365404129,0,0,0,0
419653,0.01832219436764717,0.06488568410277366,0.07634316121848794,22.344597214874767,27,19,1,1,0,1,25,0,0.9696658754348755,0,0,0,0
453722,0.021681172773241997,0.0776383101940155,0.07857444391923267,22.09437367707327,3,4,0,0,0,0,3,0,0.951502799987793,0,0,0,0
524742,0.021580635756254195,0.07572017908096314,0.08210193137873566,21.71293252697503,1,1,0,0,0,0,1,0,0.9353715777397156,0,0,0,0
190853,0.024159950017929078,0.0905545249581337,0.10294335302956961,19.74803380379896,7,2,0,2,1,1,6,1,0.9530253410339355,0,0,0,0
298396,0.017635376751422883,0.06209336072206497,0.07377896149700795,22.64134924276796,14,27,1,0,0,1,13,0,0.9798229703536401,0,0,0,0
411774,0.03469967618584633,0.12584997117519378,0.1384426494000869,17.174601962648023,5,2,0,0,0,0,5,0,0.913538682460785,0,0,0,0
335658,0.024241731315851212,0.08267853111028671,0.0857269650768768,21.337651019620473,2,2,0,0,0,0,3,1,0.9355853497982025,0,0,0,0
96960,0.026600956544280054,0.09197253584861756,0.09674408431277104,20.287511632923664,1,1,0,0,0,0,1,0,0.9318991303443909,0,0,0,0
531771,0.026938582584261895,0.10267227590084076,0.11424208156772653,18.843477847152585,2,1,0,0,0,0,2,0,0.9587884545326233,0,0,0,0
449661,0.02098950669169426,0.08228850811719894,0.09751761091529096,20.218338940864754,6,6,0,0,0,0,7,1,0.9448267817497253,0,0,0,0
312192,0.024281297251582144,0.08480286300182342,0.09529158034105371,20.418909410729455,16,11,2,0,1,1,16,2,0.9083448393004281,1,0,1,1
68833,0.019529442861676218,0.07111116200685501,0.08415838220369593,21.49805243309398,9,9,0,0,0,0,9,0,0.9439898729324341,0,0,0,0
94852,0.014079481922090053,0.04908238500356674,0.06062035508547611,24.347630481370164,2,2,0,0,0,0,2,0,0.9815961420536041,0,0,0,0
293071,0.01594035476446152,0.052837494760751724,0.06429795390601163,23.836056940105642,5,4,0,0,0,0,5,0,0.9803184747695923,0,0,0,0
141671,0.02209811508655548,0.07727118134498596,0.09082572888626034,20.83582216382505,30,25,3,1,0,1,27,1,0.9507256860916431,0,1,0,1
573094,0.026693889126181602,0.09245217144489289,0.10288200627385832,19.75321150558793,14,14,0,2,0,1,14,1,0.9261691470940908,0,0,0,0
505638,0.017577136307954787,0.06042842492461205,0.06788927267395031,23.36397688156652,2,5,0,0,0,0,2,0,0.949063628911972,0,0,0,0
235057,0.02274474985897541,0.08135259598493576,0.08531061382048603,21.379938664594945,2,1,0,0,0,0,2,0,0.9663567841053009,0,0,0,0
90208,0.0141475023701787,0.0488743782043457,0.05966861680812505,24.485080590381752,4,3,1,0,0,1,3,0,0.986102561155955,0,0,0,0
134689,0.01717374734580517,0.0566707693040371,0.06686430087331816,23.49611383950078,1,1,0,0,0,0,1,0,0.9945148229598999,0,0,0,0
267351,0.02165961153805256,0.07886141836643219,0.08820474544060024,21.090160981439144,3,2,0,0,0,0,3,0,0.9650171001752218,0,0,0,0
134034,0.01551240012049675,0.05472881719470024,0.06216612222848545,24.12892444041061,3,2,0,0,0,0,3,0,0.9906279842058817,0,0,0,0
477227,0.018570393323898315,0.06655049547553063,0.07460635788347635,22.544483215679637,9,8,0,0,0,0,11,2,0.9695664710468717,0,0,0,0
205514,0.019704235717654228,0.07104886770248413,0.08214404592059851,21.708478204539745,34,26,1,1,1,1,35,3,0.9482536818832159,0,0,0,0
556498,0.016593726724386214,0.058043379336595535,0.06612340096851148,23.592896343429622,0,0,0,0,0,0,0,0,,0,0,0,0
340697,0.020402955636382104,0.07508921772241592,0.08673449364323757,21.236163051691722,20,13,0,0,0,0,21,1,0.972826024889946,0,0,0,0
453584,0.01765109449625015,0.06127893328666687,0.06886806989642641,23.23964176851419,3,7,0,0,0,0,3,0,0.9556214213371277,0,0,0,0
288391,0.02356734350323677,0.08980563282966614,0.09364880744448864,20.56995497411991,1,1,0,0,0,0,1,0,0.897666871547699,0,0,0,0
383337,0.022931793332099916,0.07809209525585174,0.08406543803968808,21.507650394096792,9,11,0,0,0,0,9,0,0.9316415985425314,0,0,0,0
460841,0.027247481420636176,0.11008011251688003,0.11459205357864391,18.816909952189576,4,4,1,0,0,1,3,0,0.9685940742492676,0,0,0,0
483050,0.02003047689795494,0.07198382765054703,0.08224874201840829,21.69741471586168,3,3,0,0,0,0,4,1,0.9604204893112183,0,0,0,0
243867,0.025794170796871185,0.09080805480480195,0.09747839456660276,20.221832641984065,4,4,0,0,0,0,4,0,0.973349004983902,0,0,0,0
35682,0.022574564442038536,0.08493119329214097,0.10044140695918466,19.961744248467344,20,18,0,0,0,0,22,2,0.958454829454422,0,0,0,0
398905,0.032581839710474014,0.11843217611312866,0.12605947609202547,17.988490043020573,2,1,1,0,0,1,1,0,0.9408667087554932,0,0,0,0
365098,0.021576689556241035,0.07307716906070709,0.09592737428084937,20.361148857070788,2,1,0,0,0,0,2,0,0.9715870916843414,0,0,0,0
