image,mre_proj,mre_elem,rel_l2,sqnr_db,n_fp32,n_gt,vanished,shifted,missed_gt,error,n_quant,appeared,mean_matched_iou,vanished_tol,shifted_tol,missed_gt_tol,error_tol
323496,0.05680306379993757,0.18634680410226187,0.26854425380739644,11.419682720652425,8,16,1,0,1,1,8,1,0.9730427605765206,1,0,1,1
479155,0.04373258724808693,0.12200261900822322,0.20468787762957016,13.77815754191149,7,19,1,0,1,1,6,0,0.9912321269512177,0,0,0,0
68078,0.06489458431800206,0.21493285397688547,0.33656180258289964,9.458703499158613,3,4,0,0,0,0,3,0,0.9929259419441223,0,0,0,0
340451,0.05913489684462547,0.18716458479563394,0.26908966074384155,11.402059777029685,2,2,0,0,0,0,2,0,0.9829943478107452,0,0,0,0
378605,0.053273929903904595,0.15067850550015768,0.31227116284989176,10.109362389902163,3,4,2,0,2,1,1,0,0.9893247485160828,0,0,0,0
156071,0.051200912023584046,0.14273994167645773,0.1856306493170972,14.627006324157882,6,16,1,0,1,1,5,0,0.9876765727996826,0,0,0,0
555050,0.06207682564854622,0.20021945238113403,0.30866583853418306,10.21022866445977,6,18,2,0,2,1,4,0,0.9821573048830032,0,0,0,0
228144,0.05754665409525236,0.16546735167503357,0.2403358112999264,12.383630244248511,3,4,0,0,0,0,3,0,0.9875577489535013,0,0,0,0
410878,0.05739321559667587,0.20647841691970825,0.3252823544603318,9.75478990364426,1,3,0,0,0,0,1,0,0.9896331429481506,0,0,0,0
173091,0.045865446949998535,0.10394880423943202,0.179623240302323,14.912749468954981,2,4,2,0,2,1,0,0,,1,0,1,1
382111,0.05757243062059084,0.16930078466733298,0.262801348987691,11.607448196521643,7,14,1,0,1,1,7,1,0.9863781034946442,0,0,0,0
563349,0.1021511120100816,0.32501348853111267,0.43544791459518795,7.22127569977138,2,2,0,0,0,0,2,0,0.9844155609607697,0,0,0,0
111207,0.05671419886251291,0.1645742580294609,0.2492338061647035,12.0678610030972,4,6,1,0,1,1,3,0,0.9853195150693258,0,0,0,0
550939,0.06748305944104989,0.2153142442305883,0.3509500165658401,9.095094655036629,1,0,1,0,0,1,0,0,,1,0,0,1
166277,0.04699239693582058,0.1211892341574033,0.2246028378223522,12.971695215916668,3,4,0,1,1,1,2,0,0.9909872710704803,0,1,1,1
17714,0.049122678115963936,0.13305381933848062,0.18957532108158515,14.444363995622133,5,17,0,0,0,0,6,1,0.9772351384162903,0,0,0,0
519208,0.05041450882951418,0.14754848927259445,0.23498356095992334,12.579250383000737,2,2,0,0,0,0,2,0,0.9284454584121704,0,0,0,0
140583,0.06195534331103166,0.22093351185321808,0.2763990217295404,11.169269968229887,10,21,0,1,1,1,9,0,0.9733931554688348,0,0,0,0
98392,0.06858053182562192,0.210579181710879,0.37534062947264607,8.511488439917338,5,11,0,0,0,0,5,0,0.9851630330085754,0,0,0,0
531135,0.06030756235122681,0.20212002595265707,0.26324007316297615,11.592959943349326,7,17,1,0,0,1,6,0,0.9820975760618845,0,0,0,0
274219,0.06184146429101626,0.1878055532773336,0.34747387665280144,9.181556808642688,2,2,0,0,0,0,2,0,0.9941753149032593,0,0,0,0
60507,0.062012950579325356,0.20560395220915476,0.28859626084556,10.794186001555971,5,19,1,0,1,1,4,0,0.9840546101331711,0,0,0,0
524108,0.039762224381168686,0.11153790354728699,0.19265546384028814,14.30437339177506,1,12,1,0,2,1,0,0,,0,0,0,0
485844,0.05733627825975418,0.1589564085006714,0.2356418127726426,12.554952898645569,2,11,0,0,0,0,2,0,0.9869337975978851,0,0,0,0
546823,0.055626399194200836,0.180217112104098,0.2625929487228987,11.61433879964905,8,25,1,0,1,1,7,0,0.973444538457053,0,0,0,0
280891,0.04601733386516571,0.12486778199672699,0.2789065874298265,11.090824562248883,12,23,1,0,1,1,12,1,0.9895506826314059,0,0,0,0
133631,0.05537200470765432,0.16293516010046005,0.30249646066601443,10.385594048145085,1,1,0,0,0,0,1,0,0.9935259819030762,0,0,0,0
344611,0.06921172762910525,0.2444889893134435,0.32728127491021447,9.701576834616006,0,0,0,0,0,0,0,0,,0,0,0,0
571313,0.06756815935174625,0.18794366717338562,0.3266615440257441,9.718039789857388,5,8,2,0,1,1,3,0,0.9919847249984741,0,0,0,0
91500,0.048236231009165444,0.13320879638195038,0.21785525179214865,13.23663932306963,8,18,0,0,0,0,8,0,0.9818066507577896,0,0,0,0
397133,0.05397109438975652,0.1458596313993136,0.2234743810693158,13.015445137258455,7,19,0,0,0,0,9,2,0.9863698993410382,0,0,0,0
412531,0.05739987703661124,0.1818308581908544,0.23267842837420524,12.664877566092565,4,4,0,0,0,0,4,0,0.9851550608873367,0,0,0,0
98853,0.06195455541213354,0.182713250319163,0.2879525540632462,10.81358130078846,6,24,1,0,1,1,5,0,0.9911336302757263,0,0,0,0
212800,0.055559239039818444,0.17497911055882773,0.24300557336174372,12.287675313836742,17,27,2,0,1,1,16,1,0.9631495316823323,0,0,0,0
229311,0.05746938350299994,0.1549400140841802,0.22187724530231312,13.077744694103746,1,6,1,0,1,1,0,0,,0,0,0,0
55150,0.049155051509539284,0.13903368016084036,0.21915148695799197,13.185111565638731,7,15,0,0,0,0,8,1,0.9830564260482788,0,0,0,0
127517,0.046286441385746,0.11132924755414327,0.22310787196795956,13.029702122612486,8,11,1,0,1,1,7,0,0.9875744751521519,0,0,0,0
99242,0.09058938051263492,0.31018199523289997,0.4186686883903808,7.56259036267545,2,2,0,0,0,0,2,0,0.9744710624217987,0,0,0,0
513688,0.04727452745040258,0.12887737154960632,0.19955655549233725,13.99868001884846,3,4,0,0,0,0,3,0,0.9864701231320699,0,0,0,0
133969,0.05792199323574702,0.16723180810610452,0.24702432368516355,12.14520562127266,11,16,2,0,2,1,9,0,0.9708149896727668,0,0,0,0
298904,0.05853028719623884,0.15034569054841995,0.28893273582503193,10.784065003700666,1,1,1,0,1,1,0,0,,0,0,0,0
567197,0.058442335575819016,0.18282130360603333,0.316271006344812,9.998812390683765,5,9,1,0,0,1,4,0,0.9897649735212326,0,0,0,0
356248,0.04359495391448339,0.11067952464024226,0.20828685762736318,13.626762641369705,11,22,0,0,0,0,11,0,0.9818713719194586,0,0,0,0
107851,0.07747189824779828,0.2556891143321991,0.32356589601521324,9.800745189460347,5,17,0,0,0,0,5,0,0.9775185823440552,0,0,0,0
534639,0.0433251845339934,0.13527709245681763,0.22270298811261952,13.04547911579738,3,5,0,0,0,0,3,0,0.9816747109095255,0,0,0,0
411530,0.062180894116560616,0.19901943703492483,0.2743934339116649,11.23252570551929,3,21,0,0,0,0,5,2,0.9829099774360657,0,0,0,0
545730,0.0601077638566494,0.22614391644795737,0.3104118891320074,10.16123306235286,8,9,0,0,0,0,8,0,0.9859801977872849,0,0,0,0
154431,0.056566075111428894,0.15809680769840875,0.23542729358987474,12.56286379770647,4,12,0,0,0,0,4,0,0.9892930686473846,0,0,0,0
82085,0.0516957255701224,0.16759405533472696,0.2759957038970383,11.181953560748621,4,12,0,0,0,0,5,1,0.9863197058439255,0,0,0,0
76468,0.060166181375583015,0.17287246882915497,0.2518476214571408,11.97724292851902,4,25,0,0,0,0,4,0,0.9919565171003342,0,0,0,0
251065,0.05772193272908529,0.18200711657603583,0.3218112957422851,9.847974320187486,1,1,0,0,0,0,1,0,0.9968367218971252,0,0,0,0
254016,0.055168728033701576,0.15341832488775253,0.25793411696533836,11.769824197967715,13,15,2,0,1,1,12,1,0.9904491413723339,0,0,0,0
411665,0.05801190808415413,0.16065905491511026,0.25972929685213303,11.709581204287005,1,2,0,0,0,0,1,0,0.9667311310768127,0,0,0,0
376310,0.06419676666458447,0.18446229894955954,0.24479490621665376,12.223952467867377,3,4,0,0,0,0,3,0,0.9889270464579264,0,0,0,0
380203,0.06325434582928817,0.20106245577335358,0.3367097815952471,9.454885338936489,1,1,1,0,1,1,0,0,,0,0,0,0
421455,0.060744186863303185,0.16508143146832785,0.23598548174926426,12.54229429569371,1,5,1,0,1,1,0,0,,0,0,0,0
106757,0.047774833937486015,0.16130353013674417,0.3203941381139594,9.886308766116143,2,3,0,0,0,0,2,0,0.9959236085414886,0,0,0,0
66135,0.049014157305161156,0.14252568036317825,0.25563539565753574,11.84758026579095,1,1,0,0,0,0,1,0,0.9877951145172119,0,0,0,0
397303,0.04524594793717066,0.11872227489948273,0.18317079827113553,14.742875237879796,10,38,1,0,1,1,10,1,0.9849824375576444,0,1,1,1
206027,0.04270732154448827,0.10710861533880234,0.1885863074294826,14.489796860149248,6,6,4,0,1,1,2,0,0.9941322207450867,0,1,0,1
200421,0.044697835420568786,0.12124582380056381,0.200309039386108,13.965989035403963,1,3,0,0,0,0,1,0,0.9952821731567383,0,0,0,0
427649,0.11761010065674782,0.38021044433116913,0.4960124834852679,6.090147863722551,1,1,0,0,0,0,1,0,0.9796102643013,0,0,0,0
343937,0.0867598404486974,0.31679663558801013,0.4304324888397169,7.321899115267291,1,2,0,0,0,0,1,0,0.9963582754135132,0,0,0,0
73153,0.062456036607424416,0.19794772068659464,0.3336522557702847,9.534118692135598,1,2,0,0,0,0,1,0,0.9896852374076843,0,0,0,0
321214,0.04710692663987478,0.13000880430142084,0.19854370771994265,14.04287744229254,2,3,0,0,0,0,2,0,0.9914119243621826,0,0,0,0
15338,0.06465157493948936,0.2056878705819448,0.28354676210114066,10.947506153568217,3,5,0,0,0,0,3,0,0.9873866041501363,0,0,0,0
577584,0.07874924565354983,0.23990148802598318,0.372034935307394,8.588325530381288,0,2,0,0,0,0,0,0,,0,0,0,0
468245,0.06034050633509954,0.20091545085112253,0.2990920930091758,10.483901362100099,1,1,0,0,0,0,1,0,0.9982518553733826,0,0,0,0
382743,0.07786402975519498,0.2788382867972056,0.3806905702880952,8.388557610682225,4,8,0,0,0,0,4,0,0.9915113747119904,0,0,0,0
378244,0.08834771315256755,0.3078652272621791,0.40862029769263236,7.773601282854554,1,3,0,0,0,0,1,0,0.9839738011360168,0,0,0,0
288062,0.055867924665411316,0.15754146873950958,0.23194989073908923,12.692116554426036,0,1,0,0,0,0,0,0,,0,0,0,0
154425,0.0625666690369447,0.1949584186077118,0.2825834887538227,10.977064348163355,2,2,0,0,0,0,2,0,0.9933738112449646,0,0,0,0
403353,0.062174053862690926,0.16317927340666452,0.23955942372071298,12.41173480633125,2,2,0,0,0,0,2,0,0.9923429191112518,0,0,0,0
88250,0.051427373041709266,0.1629080722729365,0.2627229190704864,11.610040783207456,2,2,0,0,0,0,2,0,0.9899221062660217,0,0,0,0
318138,0.046616953487197556,0.13400508711735407,0.26567135914577955,11.513105248670186,5,5,0,0,0,0,5,0,0.9754920363426208,0,0,0,0
273715,0.06065373929838339,0.18455541133880615,0.30707385697422734,10.255143121163155,5,5,0,0,0,0,5,0,0.9805474519729614,0,0,0,0
309655,0.0683176467816035,0.22407719492912292,0.3212750829172679,9.86245911306922,10,19,0,0,0,0,10,0,0.9821601152420044,0,0,0,0
484760,0.059256840497255325,0.1923532783985138,0.31513953239184933,10.029942274651674,1,1,0,0,0,0,1,0,0.9855058193206787,0,0,0,0
217872,0.09803858399391174,0.3306289066871007,0.44095562063295335,7.112102345975398,2,2,1,0,1,1,1,0,0.987253725528717,0,0,0,0
338428,0.059401399145523705,0.18570452431837717,0.2937668170559764,10.639945245344894,2,4,1,0,1,1,1,0,0.9752914905548096,0,0,0,0
68093,0.043619588017463684,0.115733136733373,0.1949825694442829,14.200084217110245,5,5,0,0,0,0,5,0,0.9939305067062378,0,0,0,0
383842,0.05115451663732529,0.14814683546622595,0.22459953510838568,12.97182294012628,10,16,0,0,0,0,11,1,0.9726037561893464,0,0,0,0
231879,0.04461334024866422,0.1306314542889595,0.2199426157515431,13.153812284762264,6,9,0,0,0,0,6,0,0.9886065622170767,0,0,0,0
542856,0.05100690945982933,0.16245792557795843,0.26980677002168824,11.378943143232362,4,6,1,0,1,1,3,0,0.9817468523979187,0,0,0,0
177213,0.05728816365202268,0.17026843627293906,0.2832780340270474,10.955742005581204,5,7,0,0,0,0,5,0,0.9914026618003845,0,0,0,0
157098,0.05308461065093676,0.17308158675829569,0.26279428501095337,11.607681672290404,3,3,0,0,0,0,3,0,0.9940100113550822,0,0,0,0
177935,0.060666248202323914,0.15494053065776825,0.29275116307242877,10.670027416832944,1,13,0,0,0,0,1,0,0.9980649948120117,0,0,0,0
163118,0.05924522876739502,0.19574017822742462,0.27870687390006926,11.097046398245222,3,3,0,0,0,0,3,0,0.9915820956230164,0,0,0,0
179487,0.05204983179767927,0.1536124348640442,0.23537782797792295,12.564688981113324,10,15,0,1,1,1,10,1,0.9827356802092658,0,0,0,0
131131,0.04966978604594866,0.13991994162400564,0.22719339488117443,12.872085977561598,3,2,1,0,0,1,2,0,0.9630643427371979,0,0,0,0
326082,0.05644269411762556,0.17146538694699606,0.2448407444105107,12.222326174954667,8,17,2,0,1,1,6,0,0.9909869432449341,0,0,0,0
39477,0.05266306673487028,0.1660822033882141,0.24234595511586188,12.31128448977727,4,15,0,0,0,0,4,0,0.9878586977720261,0,0,0,0
182417,0.04586183776458105,0.11383409798145294,0.1921537151637419,14.327024286494378,1,8,1,0,1,1,0,0,,1,0,1,1
171050,0.054298012827833496,0.18039804697036743,0.29926611963248134,10.478848950167574,1,1,0,0,0,0,1,0,0.9967818260192871,0,0,0,0
514914,0.06329505393902461,0.2064429223537445,0.30231556587208963,10.39078981871194,2,3,0,0,0,0,2,0,0.9914119839668274,0,0,0,0
206135,0.06822941948970158,0.2287932833035787,0.35007891112267053,9.116681010001395,5,5,0,0,0,0,5,0,0.987489128112793,0,0,0,0
232244,0.05286300741136074,0.14990895241498947,0.23272464982465277,12.663152289928203,2,1,1,0,0,1,1,0,0.6278042793273926,1,0,0,1
391648,0.061989786103367805,0.19916857033967972,0.36530773740498007,8.746822582222094,1,1,0,0,0,0,1,0,0.9820569753646851,0,0,0,0
130613,0.05266749610503515,0.13873320072889328,0.21701472838105057,13.270215808047377,5,5,2,0,0,1,3,0,0.9882020354270935,2,0,0,1
455157,0.04505015971759955,0.10716927548249562,0.16771089431160882,15.508774503901988,5,8,1,0,1,1,4,0,0.9873782396316528,0,0,0,0
417249,0.05449089966714382,0.1504708006978035,0.24286352246451895,12.292754206328716,5,9,1,0,1,1,5,1,0.9921977072954178,0,0,0,0
356612,0.05935856203238169,0.16767705976963043,0.247970686110281,12.111993126460245,10,21,0,0,0,0,12,2,0.9808177769184112,0,0,0,0
550426,0.059788008530934654,0.1703979124625524,0.31724044275772084,9.972229053387306,2,1,0,0,0,0,2,0,0.9941911399364471,0,0,0,0
90284,0.05209165376921495,0.15113556136687598,0.2076400140005814,13.65377901019867,2,2,0,0,0,0,2,0,0.9943871796131134,0,0,0,0
267434,0.0554352638622125,0.17684867978096008,0.24240463054414813,12.3091817659761,8,7,0,0,0,0,8,0,0.9858116656541824,0,0,0,0
493864,0.06846881409486134,0.21816816429297128,0.3446677955849947,9.251985869590822,4,6,1,0,0,1,3,0,0.9813962578773499,1,0,0,1
38048,0.08703187356392543,0.2752546618382136,0.3841351628495303,8.310318733938857,2,4,1,0,1,1,1,0,0.9828023910522461,0,0,0,0
305695,0.058966084072987236,0.18260865906874338,0.2576762725691403,11.778511409091923,3,7,0,0,0,0,4,1,0.9923101862271627,0,0,0,0
329219,0.06220028176903725,0.18219254414240518,0.281857852951112,10.999397212559836,4,21,0,1,0,1,3,0,0.9889340798060099,0,0,0,0
221155,0.06826049896577994,0.1985222746928533,0.28305312395843046,10.962640951929652,3,2,0,0,0,0,3,0,0.990105668703715,0,0,0,0
474039,0.05142838011185328,0.15852495034535727,0.26160503144367775,11.647078149829117,3,3,0,0,0,0,3,0,0.9912814100583395,0,0,0,0
146831,0.06442979102333386,0.21440927684307098,0.3282624470474302,9.6755759471747,4,5,1,0,1,1,3,0,0.9796803792317709,0,0,0,0
407646,0.051277248188853264,0.1539416511853536,0.21519597332827026,13.34331718591907,4,3,1,0,0,1,3,0,0.9913031061490377,1,0,0,1
56545,0.04200038127601147,0.12916410466035208,0.20455456989163703,13.783816272317168,1,1,0,0,0,0,1,0,0.9924642443656921,0,0,0,0
23230,0.08594356228907903,0.3003113120794296,0.3660301372646921,8.729663105832067,3,4,1,0,1,1,2,0,0.9797236621379852,0,0,0,0
293324,0.07001712421576183,0.2459341585636139,0.3270440616617985,9.707874644196444,3,10,1,0,0,1,2,0,0.9879889786243439,0,0,0,0
314914,0.05669655712942282,0.1717411850889524,0.29244216638469095,10.679200150842547,1,1,0,0,0,0,1,0,0.9687528014183044,0,0,0,0
51309,0.06436353921890259,0.20910916229089102,0.28371561290505193,10.942335285356235,4,4,0,0,0,0,4,0,0.9914150238037109,0,0,0,0
116479,0.067932544897,0.1914491355419159,0.35799639532753796,8.922426925068924,1,3,0,0,0,0,1,0,0.9906380772590637,0,0,0,0
378116,0.07989722987016042,0.28112710018952686,0.3616293205128716,8.834727292876297,2,2,0,0,0,0,2,0,0.9836568236351013,0,0,0,0
416837,0.08724695195754369,0.3214488923549652,0.4409804409364868,7.111613452445069,1,1,0,0,0,0,1,0,0.9934709668159485,0,0,0,0
9448,0.04422443360090256,0.12300801525513332,0.22026379601604185,13.141137608738426,2,2,0,0,0,0,2,0,0.9901079535484314,0,0,0,0
430961,0.05664082740743955,0.16579913596312204,0.26316037432588896,11.595590090461904,4,4,1,0,0,1,3,0,0.989815910657247,0,0,0,0
383606,0.07049311076601346,0.23036798338095346,0.3060573733947736,10.283943064280061,4,4,1,0,1,1,3,0,0.9907264709472656,0,0,0,0
446117,0.05591839924454689,0.16780498623847961,0.25045079943730697,12.025551554142409,2,2,0,0,0,0,2,0,0.9954596757888794,0,0,0,0
340930,0.04686974734067917,0.12278132637341817,0.19398037181791583,14.244844251130715,1,2,1,0,1,1,0,0,,0,0,0,0
66706,0.03858716723819574,0.09376604358355205,0.15117373702228534,16.41047302021431,2,8,0,0,0,0,2,0,0.9903974831104279,0,0,0,0
414673,0.05869621286789576,0.1751106083393097,0.22474385212837245,12.966243591293269,8,24,2,0,2,1,6,0,0.9894601205984751,0,0,0,0
305609,0.04291736148297787,0.10089828570683797,0.16388382068466065,15.709278394631372,5,12,1,0,0,1,5,1,0.9827411323785782,0,0,0,0
230166,0.07501747831702232,0.23608808716138205,0.28740622645232833,10.830076548350654,8,13,1,0,1,1,7,0,0.9868269733020237,0,0,0,0
577976,0.06800170242786407,0.2226127634445826,0.31901549102479454,9.923764551819339,4,4,2,0,0,1,3,1,0.8902070820331573,0,0,0,0
296222,0.04913837090134621,0.14577379326025644,0.2339725711857493,12.616701046744566,4,8,1,0,1,1,4,1,0.993238111337026,0,0,0,0
455981,0.05014325367907683,0.14739329119523367,0.30774195653727215,10.236265788379978,1,1,0,0,0,0,1,0,0.993876039981842,0,0,0,0
426376,0.0942347136636575,0.3176439454158147,0.42847550577494753,7.361479998074961,1,2,0,0,0,0,1,0,0.993153989315033,0,0,0,0
350679,0.05029554292559624,0.147650346159935,0.21818217606614743,13.22361462145171,11,26,0,0,0,0,12,1,0.9700420119545676,0,0,0,0
165351,0.0453585951278607,0.1103752925992012,0.17527287298975397,15.125705890616462,1,6,0,0,0,0,1,0,0.9984732866287231,0,0,0,0
14007,0.06748473644256592,0.21011445919672647,0.2898660975467548,10.75605152659205,2,2,0,0,0,0,2,0,0.9962327182292938,0,0,0,0
384661,0.04296209601064523,0.11177631467580795,0.1869039186316235,14.567631861963202,5,7,0,0,0,0,5,0,0.9836280107498169,0,0,0,0
516708,0.05717585297922293,0.17326156049966812,0.2567482646617676,11.809849661555493,1,1,0,0,0,0,1,0,0.9879171848297119,0,0,0,0
5037,0.04622142078975836,0.14933458964029947,0.2366197632958182,12.518979688509742,3,10,0,0,0,0,3,0,0.9891694188117981,0,0,0,0
368961,0.05995491395394007,0.18302815655867258,0.31066954917149664,10.15402625610327,4,5,0,0,0,0,4,0,0.9897782057523727,0,0,0,0
156278,0.05574153860410055,0.17022173603375754,0.2524846381073462,11.955300809375009,4,28,1,0,1,1,6,3,0.9826539158821106,0,0,0,0
309495,0.07235841701428096,0.2320565034945806,0.37519874583758406,8.514772439800135,1,1,0,0,0,0,2,1,0.9851843118667603,0,0,0,0
140203,0.049987814078728356,0.1454590236147245,0.23323242836536348,12.644221318310628,3,8,0,0,0,0,3,0,0.984840989112854,0,0,0,0
481582,0.05384086941679319,0.17626339197158813,0.2698537075729963,11.377432214014835,3,4,0,0,0,0,4,1,0.9838631749153137,0,0,0,0
297353,0.05505356999735037,0.1634352207183838,0.2630790179683606,11.5982757592234,3,4,0,0,0,0,3,0,0.9713041186332703,0,0,0,0
502336,0.05967667077978452,0.17755253861347833,0.24306129426859893,12.285683877341771,4,10,0,0,0,0,4,0,0.9621447175741196,0,0,0,0
481413,0.07899585490425427,0.2870839635531108,0.3805919639843703,8.39080771741134,2,2,0,0,0,0,2,0,0.989639937877655,0,0,0,0
266768,0.04907537686328093,0.11920301119486491,0.17509217491754778,15.134665252639177,9,21,0,0,0,0,9,0,0.9788444505797492,0,0,0,0
326542,0.0791720524430275,0.2902769347031911,0.4069407025024369,7.809377390540498,3,4,0,0,0,0,3,0,0.9722076455752054,0,0,0,0
224664,0.08109804739554723,0.26530779898166656,0.3538638514508958,9.023275998859754,4,15,1,0,1,1,3,0,0.975545863310496,0,0,0,0
82180,0.04229256262381872,0.12819703916708627,0.2137886812111111,13.400305834526257,3,3,0,0,0,0,3,0,0.9943401217460632,0,0,0,0
159977,0.07125293960173924,0.24984394510587057,0.34218763212606085,9.314713829064495,2,4,0,0,0,0,2,0,0.9938402473926544,0,0,0,0
292082,0.05194649162391821,0.130547896027565,0.1869446595090719,14.565738738450813,3,5,1,0,1,1,2,0,0.9722039103507996,0,0,0,0
74646,0.1033411535123984,0.3324505190054576,0.4216536955058324,7.500881780530624,4,13,0,0,0,0,4,0,0.9796619862318039,0,0,0,0
25394,0.045220134779810905,0.12386356790860494,0.21553163145044707,13.329779674214805,16,24,1,0,1,1,15,0,0.9830187360445658,0,0,0,0
361571,0.06466166799267133,0.2185693879922231,0.3228489016538213,9.820013734891562,1,1,1,0,1,1,0,0,,0,0,0,0
391722,0.035668290530641876,0.08709701399008433,0.13389551127702526,17.464679641282558,6,9,1,0,1,1,5,0,0.9827287197113037,1,0,1,1
311190,0.054717566817998886,0.1306324303150177,0.2617840140467397,11.641137547092683,1,2,0,0,0,0,1,0,0.9780098795890808,0,0,0,0
482319,0.05202895402908325,0.12725518147150675,0.20569838767557605,13.73538224839474,2,12,0,0,0,0,2,0,0.9818738400936127,0,0,0,0
292446,0.04535556957125664,0.09895261128743489,0.15644522805209968,16.112753586405326,10,13,2,0,1,1,9,1,0.9800936430692673,0,0,0,0
43737,0.06723426220317681,0.1988996167977651,0.3274121668099739,9.698103720213062,2,6,0,0,0,0,2,0,0.988387793302536,0,0,0,0
472623,0.07571892688671748,0.2484920769929886,0.3674092823372377,8.69699751493641,4,4,0,0,0,0,4,0,0.9877293109893799,0,0,0,0
377635,0.06477064577241738,0.22397096951802573,0.3418132813868148,9.324221329617293,2,6,0,0,0,0,2,0,0.9629568755626678,0,0,0,0
167540,0.08051994442939758,0.2835411876440048,0.3927805280763422,8.11700100622559,1,1,0,0,0,0,1,0,0.9944369196891785,0,0,0,0
161781,0.05695412183801333,0.19547320902347565,0.30361409132230693,10.35356151709222,2,2,0,0,0,0,2,0,0.9913111925125122,0,0,0,0
441491,0.05624813586473465,0.15496873607238135,0.2295790832549707,12.781353653072905,3,5,1,0,1,1,2,0,0.9892345070838928,0,0,0,0
520871,0.04962499191363653,0.12619863202174506,0.21710172963244598,13.2667343308347,5,5,0,0,0,0,5,0,0.9857409477233887,0,0,0,0
219283,0.05388681342204412,0.14989890406529108,0.20651801547722515,13.70084113864305,1,5,0,0,0,0,1,0,0.985041618347168,0,0,0,0
112298,0.07907796899477641,0.25303179522355396,0.33080224800498015,9.608630956220479,5,9,2,0,2,1,3,0,0.9831743439038595,0,1,1,1
50896,0.040565243611733116,0.08709639807542165,0.13518841518561395,17.381210463232023,11,14,0,1,1,1,11,1,0.9911042749881744,0,0,0,0
504589,0.08000011866291364,0.24913751085599264,0.3686304003894293,8.668177040670006,3,3,0,0,0,0,3,0,0.987157384554545,0,0,0,0
210030,0.05596149961153666,0.14019412795702615,0.20877895806100055,13.606265482982728,2,3,1,0,1,1,1,0,0.9965152740478516,1,0,1,1
122046,0.07281420876582463,0.2079534480969111,0.3499438617412769,9.120032398220461,2,3,0,0,0,0,2,0,0.9943094551563263,0,0,0,0
442480,0.0727553553879261,0.22185816864172617,0.3095845399173836,10.184414706308441,1,4,0,0,0,0,1,0,0.942776620388031,0,0,0,0
508602,0.04754995244244734,0.14039023717244467,0.21169480033905577,13.485796180357008,2,3,0,0,0,0,2,0,0.9936530888080597,0,0,0,0
531134,0.050648090740044914,0.15145626415808996,0.2186662089878674,13.204366486842087,5,14,1,0,1,1,4,0,0.9876818358898163,1,0,1,1
402774,0.07607218250632286,0.231277863184611,0.35212430594277705,9.066079920493678,2,3,0,0,0,0,2,0,0.9839449822902679,0,0,0,0
492758,0.05214628453056017,0.1599233870704969,0.22801157329877703,12.840862174707159,8,15,0,0,0,0,8,0,0.9825242906808853,0,0,0,0
555705,0.05972352251410484,0.16953503588835397,0.2618961996542645,11.637416070529877,2,2,0,0,0,0,2,0,0.9967136681079865,0,0,0,0
2473,0.06973402450482051,0.23756792147954306,0.32211047741304705,9.839902969693366,5,5,0,0,0,0,5,0,0.9867576003074646,0,0,0,0
460229,0.07045698290069898,0.19910151759783426,0.33813339103997064,9.418238801285682,4,4,1,0,1,1,3,0,0.987964391708374,1,0,1,1
369771,0.04314173758029938,0.1129777729511261,0.19513548119085236,14.193275126267501,5,10,1,0,1,1,4,0,0.9879794716835022,0,1,1,1
509656,0.05508573539555073,0.19482037921746573,0.27775222949646233,11.126848926472771,1,2,0,0,0,0,1,0,0.9940052032470703,0,0,0,0
431140,0.04876947278777758,0.12908523281415304,0.20578829365142284,13.731586677690405,3,2,0,0,0,0,3,0,0.994444727897644,0,0,0,0
38825,0.04758350426952044,0.15596679349740347,0.26642178786520654,11.488605232474104,2,2,0,0,0,0,2,0,0.9795303344726562,0,0,0,0
142620,0.044615027184287705,0.13940942784150442,0.2206128846047524,13.127382535166142,8,15,2,0,0,1,9,3,0.9858393867810568,0,0,0,0
248980,0.046281800915797554,0.12381470700105031,0.19673556321279434,14.122342541213694,2,10,0,0,0,0,2,0,0.9909924864768982,0,0,0,0
395575,0.07155116399129231,0.2458856999874115,0.32044121765272765,9.885032532915186,0,2,0,0,0,0,0,0,,0,0,0,0
407650,0.07895812019705772,0.29183009763558704,0.42904454759057925,7.349952255683113,2,2,0,0,0,0,2,0,0.9792291522026062,0,0,0,0
15272,0.07195884734392166,0.2460575799147288,0.35648069527940834,8.95927967588516,1,1,1,0,1,1,0,0,,0,0,0,0
498032,0.07864562173684438,0.26906680564085644,0.37999379272572,8.404469952241978,2,2,0,0,0,0,2,0,0.9904479384422302,0,0,0,0
79969,0.06432803596059482,0.19581555823485056,0.3179047560979953,9.954059493188431,2,18,0,0,0,0,3,1,0.9942446053028107,0,0,0,0
507473,0.05576444913943609,0.17792943120002747,0.27135655322762375,11.329193715983099,3,3,0,0,0,0,3,0,0.9914917747179667,0,0,0,0
257896,0.056529020269711815,0.15947852532068887,0.2752621740018064,11.205069288367495,2,2,0,0,0,0,2,0,0.9858594238758087,0,0,0,0
344795,0.06939930841326714,0.2052507996559143,0.2906062806514908,10.733900077235536,1,2,0,0,0,0,1,0,0.9815534949302673,0,0,0,0
263403,0.0800343689819177,0.29638047019640607,0.3625839121538192,8.81182938913581,1,2,0,0,0,0,1,0,0.9920951724052429,0,0,0,0
145591,0.06432657564679782,0.2098278800646464,0.3117192571240556,10.124727348471534,1,1,1,0,0,1,0,0,,0,0,0,0
69213,0.04674734423557917,0.1338892032702764,0.22402669442842105,12.994004584011092,5,8,1,0,0,1,5,1,0.9873939603567123,0,0,0,0
343496,0.06819344311952591,0.22999738653500876,0.3053344416246032,10.304484093269256,4,6,0,0,0,0,4,0,0.9887093156576157,0,0,0,0
505169,0.06812717703481515,0.1967289795478185,0.32410739188446763,9.78622127889132,1,1,0,0,0,0,1,0,0.996216356754303,0,0,0,0
60052,0.06968592666089535,0.2060303936402003,0.2805020686718295,11.041278630441775,0,2,0,0,0,0,0,0,,0,0,0,0
67896,0.05285817136367162,0.14484130591154099,0.21065290217276322,13.528651064098066,1,1,0,0,0,0,1,0,0.9956029057502747,0,0,0,0
424975,0.05418017568687598,0.17092847327391306,0.26608854201382964,11.499476522298362,4,4,0,0,0,0,5,1,0.9870313555002213,0,0,0,0
253835,0.05668735628326734,0.17453998823960623,0.2813200600519159,11.015985971041182,4,9,0,0,0,0,4,0,0.9770377427339554,0,0,0,0
539143,0.054305870085954666,0.1729996601740519,0.30276826672923934,10.377792907520256,1,1,0,0,0,0,1,0,0.9899553060531616,0,0,0,0
32570,0.08312437931696574,0.29595990975697833,0.4043917700204103,7.863953830715303,1,2,0,0,0,0,1,0,0.9918375015258789,0,0,0,0
2592,0.058233439922332764,0.1808731903632482,0.26621817676074877,11.495245904545309,2,3,1,0,0,1,1,0,0.9974221587181091,1,0,0,1
292908,0.09948627650737762,0.33067373434702557,0.4224080040546735,7.485357222181687,1,2,0,0,0,0,1,0,0.9892849326133728,0,0,0,0
379842,0.06257666026552518,0.16624702016512552,0.24944669487498225,12.060444920249973,3,4,3,0,3,1,0,0,,2,0,2,1
460967,0.04011286795139313,0.136228213707606,0.19559945616544766,14.172647140730463,1,2,0,0,0,0,1,0,0.9961980581283569,0,0,0,0
51976,0.10265920435388882,0.37803054849306744,0.4712814260542233,6.534393522698814,1,2,0,0,0,0,1,0,0.9761421084403992,0,0,0,0
504000,0.06638116265336673,0.2456700255473455,0.34856283982716224,9.15437829507917,2,15,0,0,0,0,2,0,0.9928122162818909,0,0,0,0
308631,0.04618194575111071,0.13915593177080154,0.22569187597251114,12.929681470975513,10,13,0,0,0,0,10,0,0.9870456278324127,0,0,0,0
22705,0.05644563212990761,0.1417148063580195,0.28245783371496586,10.980927519845032,5,5,0,0,0,0,5,0,0.9732697010040283,0,0,0,0
242287,0.06096923351287842,0.1963250289360682,0.3528677988717904,9.047759431857958,1,1,0,0,0,0,1,0,0.9911856651306152,0,0,0,0
236166,0.062750988950332,0.1738648091753324,0.32455068864919234,9.77434930044751,2,2,0,0,0,0,2,0,0.9626699984073639,0,0,0,0
44699,0.07496778046091397,0.2474593222141266,0.3277013110823016,9.690436421380872,4,4,0,0,0,0,4,0,0.9636596441268921,0,0,0,0
25181,0.05172860684494177,0.1783431718746821,0.26267932258940585,11.611482247267244,3,9,0,0,0,0,3,0,0.9799518386522929,0,0,0,0
449190,0.07269030809402466,0.205637589097023,0.31055561523430564,10.15721227519029,2,5,0,0,0,0,2,0,0.9970486760139465,0,0,0,0
286908,0.0347786545753479,0.07227494815985362,0.12246492649371965,18.23976547680658,15,19,0,0,0,0,17,2,0.9946963071823121,0,0,0,0
185157,0.06342973560094833,0.2045497645934423,0.34485731210942094,9.247211222115805,1,6,0,0,0,0,1,0,0.9760831594467163,0,0,0,0
467511,0.06437079111735027,0.15974203745524088,0.3217290998591518,9.850193122234291,3,6,0,0,0,0,3,0,0.9928596615791321,0,0,0,0
437898,0.05515859772761663,0.16783583660920462,0.2528546653288129,11.94258057898207,6,13,1,0,0,1,5,0,0.9887219429016113,1,0,0,1
39670,0.04678104321161906,0.14907336483399072,0.23026873581977758,12.755300466304671,1,1,0,0,0,0,1,0,0.9932290315628052,0,0,0,0
314251,0.06530868386228879,0.21129644413789114,0.2873487718184436,10.83181309561786,11,21,1,1,1,1,9,0,0.9718356397416856,0,0,0,0
420069,0.06720962996284167,0.233902245759964,0.3222175812349423,9.837015335132431,7,16,0,0,0,0,8,1,0.9576834525380816,0,0,0,0
377497,0.06569624568025272,0.20704046885172525,0.34357821565797697,9.279487602255635,1,1,0,0,0,0,1,0,0.9882795214653015,0,0,0,0
434459,0.04338282408813635,0.11721895635128021,0.1901665090688869,14.417319317612645,14,33,1,0,1,1,13,0,0.987900394659776,0,0,0,0
365095,0.08763214449087779,0.3165372461080551,0.3891436372088211,8.197801323972175,1,2,0,0,0,0,1,0,0.9969593286514282,0,0,0,0
281687,0.05600311358769735,0.18111011385917664,0.3020908021002831,10.397249953846156,5,16,1,0,0,1,4,0,0.9673983305692673,0,1,0,1
143998,0.04969784120718638,0.11225157231092453,0.1754705336963098,15.115916060034056,3,7,3,0,3,1,0,0,,3,0,3,1
216516,0.06634384766221046,0.2144829829533895,0.3533847125905093,9.035044839719724,2,2,0,0,0,0,2,0,0.9852851033210754,0,0,0,0
260106,0.07421740268667538,0.20830945670604706,0.3216566971956869,9.852148034978377,4,6,0,0,0,0,4,0,0.9908720999956131,0,0,0,0
376856,0.06918805403014024,0.2219958653052648,0.3668597442673923,8.709998820302282,1,1,0,0,0,0,1,0,0.9906612634658813,0,0,0,0
516804,0.06609730298320453,0.19693091263373694,0.3268251280954929,9.71369119862614,2,2,0,0,0,0,2,0,0.9835174679756165,0,0,0,0
565853,0.07028330738345782,0.19492870072523752,0.27346663569706015,11.261913044128057,7,12,2,0,2,1,5,0,0.9650085687637329,2,0,2,1
478286,0.07325877125064532,0.24113299945990244,0.4039325011561825,7.873824025735771,1,1,0,0,0,0,1,0,0.9948189854621887,0,0,0,0
426268,0.057945934434731804,0.18714759747187296,0.3066439049062076,10.26731326534148,3,4,0,0,0,0,3,0,0.9867143829663595,0,0,0,0
25424,0.07524891446034114,0.24389258523782095,0.367498921595114,8.694878619812238,2,3,1,0,1,1,2,1,0.9975562691688538,1,0,1,1
255749,0.05873498817284902,0.2155329237381617,0.29419017014542614,10.627436851266989,4,5,0,0,0,0,4,0,0.9637487679719925,0,0,0,0
5586,0.06352588410178821,0.200771763920784,0.28200344412309664,10.994911751731793,5,14,0,0,0,0,6,1,0.9737435221672058,0,0,0,0
325114,0.06429886072874069,0.21531801422437033,0.3418070243015384,9.324380331190875,2,1,0,0,0,0,2,0,0.9968213140964508,0,0,0,0
157847,0.08146735032399495,0.30738865832487744,0.3954311420430194,8.058582619270737,1,1,0,0,0,0,1,0,0.9908093214035034,0,0,0,0
52413,0.054041026160120964,0.13521992415189743,0.22613289194182207,12.912725263495997,3,5,2,0,1,1,1,0,0.9871779680252075,1,0,0,1
226984,0.05747780203819275,0.1724772502978643,0.2557313487276992,11.844320617811077,6,24,0,0,0,0,6,0,0.9766795635223389,0,0,0,0
357888,0.05673948551217715,0.15328281621138254,0.2292278596321621,12.794652014264717,4,35,0,0,0,0,4,0,0.9871722906827927,0,0,0,0
292456,0.05242224782705307,0.14905870209137598,0.2188315441154723,13.197801503457143,3,8,0,0,0,0,3,0,0.9778520067532858,0,0,0,0
336232,0.04958158234755198,0.14041099697351456,0.21545242567696682,13.33297224063816,18,25,0,0,0,0,18,0,0.9849355651272668,0,0,0,0
117197,0.06516368811329205,0.20694365600744882,0.332179400057352,9.572546072178843,1,2,0,0,0,0,1,0,0.9929379820823669,0,0,0,0
183709,0.04545417924722036,0.13395199676354727,0.2585974705819645,11.747514547942169,16,24,0,0,0,0,16,0,0.9807585813105106,0,0,0,0
129054,0.08317347864309947,0.27602080007394153,0.3518211123958891,9.073562051299508,9,13,2,0,2,1,7,0,0.990122744015285,0,0,0,0
500716,0.05805093857149283,0.15806733320156732,0.22686530315108175,12.884638403347369,1,2,0,0,0,0,1,0,0.9858207702636719,0,0,0,0
493772,0.06983875669538975,0.26262998580932617,0.3226216238132232,9.826130545014752,2,2,0,0,0,0,2,0,0.9871844947338104,0,0,0,0
174482,0.05314294372995695,0.16966219246387482,0.2512516840286609,11.997820373566109,6,12,0,0,0,0,7,1,0.9891223510106405,0,0,0,0
452793,0.05553269758820534,0.16721956928571066,0.2766944093728855,11.159992314328395,2,2,0,0,0,0,2,0,0.9836215376853943,0,0,0,0
70158,0.051101524382829666,0.16626491645971933,0.33410615711789143,9.522310416738396,3,3,0,0,0,0,3,0,0.9926790396372477,0,0,0,0
574810,0.05922823150952657,0.16856350501378378,0.3054986093917536,10.299815245899076,1,1,0,0,0,0,1,0,0.9979075789451599,0,0,0,0
263594,0.05622239038348198,0.1809337685505549,0.2768974440649791,11.15362106086307,5,11,1,0,1,1,4,0,0.986537978053093,0,0,0,0
507223,0.041348774606982865,0.11584080755710602,0.22744606433920167,12.862431473497873,6,9,0,0,0,0,6,0,0.9794058402379354,0,0,0,0
556000,0.04800790796677271,0.12950042138497034,0.19001723550368366,14.424140092032241,6,11,0,0,0,0,6,0,0.98676731189092,0,0,0,0
563882,0.06535272921125095,0.19096133609612784,0.2853441210397766,10.892621416306842,3,13,0,0,0,0,4,1,0.969985842704773,0,0,0,0
16502,0.08423059309522311,0.3053554892539978,0.45957582997319985,6.752856396249845,1,1,0,0,0,0,1,0,0.9964932203292847,0,0,0,0
50380,0.055133153994878135,0.15552102526028952,0.24466006905274373,12.228738120536718,5,5,0,0,0,0,5,0,0.9875753998756409,0,0,0,0
147223,0.05441745494802793,0.1772723396619161,0.26489425479199624,11.538549217535266,4,5,0,0,0,0,4,0,0.9930219352245331,0,0,0,0
407524,0.04997164631883303,0.11706087489922841,0.1978189306942094,14.074643000718687,4,3,2,0,0,1,2,0,0.9831408262252808,0,1,0,1
343466,0.05668162678678831,0.19644106924533844,0.27816048365673357,11.114091343730074,2,2,0,0,0,0,2,0,0.9835416078567505,0,0,0,0
39769,0.044353727251291275,0.11556664357582729,0.21178584789629398,13.482061279839277,4,6,0,0,0,0,4,0,0.9911371320486069,0,0,0,0
267169,0.05472671861449877,0.1712387055158615,0.30520241851520186,10.308240584484366,3,5,0,0,0,0,3,0,0.9947777390480042,0,0,0,0
177714,0.05719665313760439,0.15936783452828726,0.24979566545522316,12.048302038630037,3,11,0,0,0,0,3,0,0.9840644399325053,0,0,0,0
512194,0.050292218724886574,0.14198911438385645,0.20638343843453263,13.706503125884614,2,1,0,0,0,0,2,0,0.9942343831062317,0,0,0,0
258541,0.0559250017007192,0.16582344472408295,0.31914094493817735,9.920349467996827,2,2,1,0,1,1,1,0,0.9933484792709351,0,0,0,0
137950,0.061865489929914474,0.2127960373957952,0.28604447106276487,10.871328845408181,1,1,0,0,0,0,1,0,0.9862709641456604,0,0,0,0
438774,0.05564170082410177,0.1513280967871348,0.23539162025435031,12.564180034785606,10,17,1,0,1,1,9,0,0.9755540357695686,0,0,0,0
160666,0.054251350462436676,0.1612707624832789,0.24175143158478643,12.332618909322605,1,1,1,0,1,1,0,0,,1,0,1,1
185250,0.07606824859976768,0.24154784778753915,0.35742598962148525,8.93627743398718,2,5,0,0,0,0,2,0,0.9922100603580475,0,0,0,0
303499,0.06225722407301267,0.16751320411761603,0.31759396913028637,9.962555061819835,5,8,0,0,0,0,5,0,0.9715589284896851,0,0,0,0
453841,0.060592821488777794,0.18612407644589743,0.26151456356752567,11.650082411200223,9,15,1,0,1,1,8,0,0.975593090057373,0,0,0,0
459887,0.045103090504805245,0.10578479121128719,0.2366091871663775,12.51936792804177,1,3,0,0,0,0,1,0,0.9894983172416687,0,0,0,0
474854,0.07238884270191193,0.20387854178746542,0.3370239307903573,9.44678520861436,1,4,0,0,0,0,1,0,0.9913234114646912,0,0,0,0
416269,0.05683692047993342,0.19469866653283438,0.31587688732691455,10.009643004125762,1,1,0,0,0,0,1,0,0.9977912902832031,0,0,0,0
308430,0.04205360325674216,0.09807983040809631,0.16881861239716847,15.451593474613006,1,17,0,0,0,0,1,0,0.9945294857025146,0,0,0,0
54592,0.06926001360019048,0.21049935619036356,0.310388627714814,10.161883983533427,2,5,1,0,1,1,1,0,0.985506534576416,0,0,0,0
122745,0.09918686995903651,0.34071407715479535,0.44364453959594863,7.059297188702321,1,1,1,0,1,1,0,0,,1,0,1,1
271471,0.0517876831193765,0.13572167853514353,0.21912427505408844,13.186190154120862,4,7,1,0,0,1,3,0,0.9911698301633199,0,0,0,0
273551,0.04707956686615944,0.1453490729133288,0.25349084273709094,11.920754495495176,4,3,1,0,0,1,3,0,0.9938943187395731,0,0,0,0
459153,0.06148900898794333,0.18965288996696472,0.3331687128770816,9.546715779327757,3,4,0,0,0,0,3,0,0.9896145661671957,0,0,0,0
397681,0.03326716460287571,0.0739043156305949,0.12396280513240539,18.134172094969912,11,28,5,1,3,1,5,0,0.9858376622200012,1,1,2,1
80057,0.06182251622279485,0.16275771955649057,0.3078388811863204,10.233530560899824,1,1,0,0,0,0,1,0,0.9974662065505981,0,0,0,0
388056,0.04958341270685196,0.14746339122454324,0.23220018822224525,12.682748651135,11,12,0,0,0,0,11,0,0.9886905442584645,0,0,0,0
520324,0.07802872235576312,0.25391460955142975,0.3768747625122333,8.476058883730214,1,3,0,0,0,0,1,0,0.9224535822868347,0,0,0,0
398028,0.05006398136417071,0.15244193871816,0.3033338088639483,10.361583631257519,5,12,1,0,0,1,4,0,0.9897021800279617,1,0,0,1
44068,0.060023573537667595,0.13978124409914017,0.27597095026383894,11.182732619862552,2,2,0,0,0,0,2,0,0.9728798270225525,0,0,0,0
292488,0.06593045095602672,0.2135487993558248,0.2906505319838188,10.732577556169716,2,2,0,0,0,0,2,0,0.9913613796234131,0,0,0,0
348216,0.05798596516251564,0.18744832774003348,0.3291073900721599,9.6532473111757,3,8,0,0,0,0,3,0,0.9948266545931498,0,0,0,0
415716,0.06402925898631413,0.1753208041191101,0.25702697991050544,11.800425734832519,4,7,0,0,0,0,4,0,0.9930190891027451,0,0,0,0
572620,0.062288290510574974,0.19663316011428833,0.2903938546235944,10.740251570134603,8,16,0,1,0,1,7,0,0.9808173094476972,0,0,0,0
269121,0.06951836248238881,0.2194221168756485,0.34513321084895193,9.240264964012749,2,2,0,0,0,0,2,0,0.9906486868858337,0,0,0,0
319617,0.04626439884305,0.12499255935351054,0.209206609498764,13.58849197702287,4,4,1,0,1,1,3,0,0.9949478109677633,0,0,0,0
555005,0.06267128760615985,0.1645155300696691,0.23358975685842093,12.630924107682501,2,11,1,0,0,1,1,0,0.9844830632209778,0,0,0,0
220310,0.05907348419229189,0.1694167678554853,0.32472923578174834,9.769572190700815,1,1,0,0,0,0,1,0,0.9887216687202454,0,0,0,0
225532,0.062288183718919754,0.1909035493930181,0.26852687676300535,11.420244788063156,2,8,0,0,0,0,2,0,0.9772262871265411,0,0,0,0
569030,0.05653576304515203,0.16052560259898505,0.2422805012974229,12.313630728366949,9,24,0,0,0,0,9,0,0.9787426590919495,0,0,0,0
45472,0.05659554029504458,0.14407656093438467,0.21931146399522958,13.178773319961605,6,6,0,0,0,0,6,0,0.9948549966017405,0,0,0,0
559099,0.07286503911018372,0.257765457034111,0.34508197727447526,9.241554443532012,12,17,1,0,0,1,11,0,0.977639295838096,0,0,0,0
540932,0.07861163839697838,0.26822830239931744,0.3363900909075659,9.463136115243987,5,11,0,0,0,0,6,1,0.983966588973999,0,0,0,0
214869,0.045642027631402016,0.13129921505848566,0.19775534424318955,14.07743542143856,1,2,1,0,1,1,0,0,,0,1,1,1
15746,0.07788773626089096,0.22698916494846344,0.3764806848915505,8.48514600202499,1,1,1,0,1,1,0,0,,0,0,0,0
388258,0.06529361754655838,0.21120442946751913,0.2832611607790718,10.956259389625021,3,4,0,0,0,0,3,0,0.9893024762471517,0,0,0,0
451693,0.04845315714677175,0.11582351475954056,0.19797092092045274,14.067971933278614,2,1,0,0,0,0,2,0,0.9744767248630524,0,0,0,0
104424,0.0742044635117054,0.23408745229244232,0.36429697077745044,8.77088880025679,2,4,0,0,0,0,2,0,0.9736433923244476,0,0,0,0
93154,0.06891558567682902,0.23368468383948007,0.3692421058406582,8.653775617083403,8,18,1,0,1,1,7,0,0.9806252803121295,0,0,0,0
451435,0.07819256807367007,0.29006147384643555,0.36277392118746976,8.807278814347995,3,4,1,0,1,1,2,0,0.9147822558879852,0,0,0,0
398237,0.06392020918428898,0.20003986358642578,0.28771456970780385,10.820762902375073,3,5,0,0,0,0,3,0,0.9939933816591898,0,0,0,0
527784,0.04564023079971472,0.11302896837393443,0.1801826485910423,14.885740669357578,6,8,1,0,1,1,6,1,0.992637324333191,0,0,0,0
163640,0.05302019541462263,0.15681985517342886,0.22478372083316803,12.964702884152688,4,6,0,0,0,0,4,0,0.9920764118432999,0,0,0,0
341973,0.05446956244607767,0.16992231706778207,0.260577560150448,11.681259732748355,4,5,0,0,0,0,4,0,0.992224931716919,0,0,0,0
560266,0.05674217393000921,0.18496562043825784,0.26363255415864656,11.580019254965732,2,2,2,0,2,1,0,0,,0,0,0,0
194716,0.05947393427292506,0.17685147126515707,0.24988030614801007,12.04535941274747,2,4,0,0,0,0,2,0,0.9868158400058746,0,0,0,0
177489,0.04742078731457392,0.137396901845932,0.22843271452983463,12.824833987300472,7,21,0,0,0,0,7,0,0.9898974214281354,0,0,0,0
289415,0.05356410890817642,0.13933898011843363,0.207833228654492,13.64570031290118,10,9,1,0,0,1,11,2,0.9889524910185072,0,0,0,0
133819,0.04930038253466288,0.16221235195795694,0.27312650575025094,11.272723028146853,8,21,1,0,1,1,7,0,0.9855201755251203,0,0,0,0
273420,0.05594674373666445,0.16226025422414145,0.22531725060883548,12.944111136013728,1,6,0,0,0,0,1,0,0.9888817667961121,0,0,0,0
494869,0.056148660679658256,0.16015128046274185,0.3066608760105708,10.266832560986451,8,9,0,0,0,0,8,0,0.9795603305101395,0,0,0,0
187243,0.05605296976864338,0.1491521696249644,0.2902251423130908,10.745299343488872,2,3,0,0,0,0,2,0,0.9909822344779968,0,0,0,0
221281,0.0735112043718497,0.24644814928372702,0.367396047351666,8.697310407669777,3,3,0,0,0,0,3,0,0.9842854142189026,0,0,0,0
334006,0.063202948619922,0.21169168750445047,0.33977955878780797,9.376055038632542,2,5,0,0,0,0,2,0,0.9928843080997467,0,0,0,0
231747,0.06761967639128368,0.17605059842268625,0.24989655552850146,12.044794599381714,4,15,1,0,2,1,3,0,0.9840563535690308,0,0,0,0
216277,0.06608132397135098,0.2256361941496531,0.34410320904674707,9.266225544105906,3,3,2,0,2,1,1,0,0.9976229071617126,2,0,2,1
562207,0.05762993668516477,0.201638529698054,0.29285831040893473,10.666848950662455,5,5,1,0,0,1,4,0,0.9893175512552261,0,0,0,0
475484,0.06688607732454936,0.19831163684527078,0.33612811145776345,9.469903291791848,5,12,1,0,1,1,4,0,0.9811147153377533,0,0,0,0
397279,0.08957383036613464,0.30656034747759503,0.4102101432926868,7.739872100143971,2,3,0,0,0,0,2,0,0.9903659820556641,0,0,0,0
246454,0.04297341903050741,0.115846852461497,0.16730199546441923,15.529977580749975,3,5,2,0,2,1,1,0,0.9896181225776672,1,0,1,1
557672,0.05129442736506462,0.14554297924041748,0.22778267476716985,12.849586231930052,2,4,0,0,0,0,3,1,0.9927393198013306,0,0,0,0
60835,0.05132921598851681,0.1527694116036097,0.2169859435008288,13.27136798273012,0,3,0,0,0,0,0,0,,0,0,0,0
566282,0.05651227881511053,0.17276909947395325,0.2464750489238016,12.164540770182967,10,10,1,0,0,1,9,0,0.9815166195233663,0,0,0,0
410487,0.06485475475589435,0.18025782207647958,0.3317137654988993,9.58473011400787,1,1,0,0,0,0,1,0,0.9974467754364014,0,0,0,0
491497,0.0561030941704909,0.15230712046225867,0.2726578034623989,11.28764136594976,1,12,0,0,0,0,1,0,0.9955422878265381,0,0,0,0
217400,0.05647588148713112,0.18919630845387778,0.3186110832218525,9.934782417629823,1,3,0,0,0,0,1,0,0.9957308173179626,0,0,0,0
61268,0.056467184176047645,0.1752021312713623,0.27470294176103494,11.222733794934685,2,7,0,0,0,0,2,0,0.9881443679332733,0,0,0,0
338325,0.09166203066706657,0.3216965893904368,0.41527865948152193,7.633207720568999,1,1,0,0,0,0,1,0,0.9965301156044006,0,0,0,0
204329,0.0820697657763958,0.27497119704882306,0.38739529225885966,8.236913225173595,5,9,1,0,1,1,4,0,0.9807701855897903,0,0,0,0
455716,0.046968746930360794,0.1400449126958847,0.24701740402099095,12.145448934482737,3,4,0,1,0,1,3,0,0.9945062100887299,0,0,0,0
50844,0.04948005639016628,0.13111422707637152,0.2819770349392461,10.99572520987455,2,2,0,0,0,0,2,0,0.9960035085678101,0,0,0,0
216419,0.06117953546345234,0.18872022132078806,0.29989185765359033,10.460706511693106,1,2,1,0,1,1,0,0,,0,0,0,0
342128,0.04627803526818752,0.14442010720570883,0.23275209014971013,12.662128205951976,11,22,0,0,0,0,11,0,0.9837873632257635,0,0,0,0
119995,0.044894544407725334,0.13347111642360687,0.2088563002779669,13.603048388854784,3,6,1,0,1,1,3,1,0.9905860722064972,1,0,1,1
255664,0.07371860121687253,0.25434549152851105,0.38543173466416236,8.281050608238491,2,2,0,0,0,0,2,0,0.9951504766941071,0,0,0,0
94944,0.07633510356148084,0.2626264989376068,0.3598499532519261,8.877570987912804,4,9,0,0,0,0,4,0,0.967310830950737,0,0,0,0
543528,0.08615684012571971,0.31944094101587933,0.42827464505574325,7.365552723524505,1,1,0,0,0,0,1,0,0.9955705404281616,0,0,0,0
414638,0.039790766313672066,0.08856372038523357,0.14355826594825905,16.859435923695813,6,6,2,0,2,1,4,0,0.9881136119365692,2,0,2,1
236412,0.05671724180380503,0.1278508653243383,0.21499085395029185,13.351600305260686,2,2,1,0,0,1,1,0,0.9884684681892395,0,0,0,0
384616,0.06767670934398969,0.22958442568778992,0.29473967204617435,10.611228081023249,1,1,0,0,0,0,1,0,0.9839991927146912,0,0,0,0
347254,0.04807154337565104,0.12716286132733026,0.243441133655396,12.272120764498238,6,9,1,1,2,1,5,0,0.9830799400806427,1,0,1,1
296284,0.067471153413256,0.19556138664484024,0.34815752667358696,9.164484231082264,0,10,0,0,0,0,0,0,,0,0,0,0
148662,0.04757005721330643,0.12412238866090775,0.19583497155975435,14.162195014780522,3,4,0,0,0,0,3,0,0.9919496973355612,0,0,0,0
88218,0.07948872571190198,0.24221405883630118,0.3843468495505678,8.305533488897606,2,1,1,0,1,1,1,0,0.9952176213264465,0,0,0,0
127476,0.05030512064695358,0.1120334838827451,0.2583880073987611,11.754552943678942,3,1,0,0,0,0,3,0,0.989300270875295,0,0,0,0
275198,0.04533515311777592,0.10620288799206416,0.17912908098200792,14.93667804463141,16,40,1,0,1,1,15,0,0.9855891466140747,0,0,0,0
211042,0.059234711031119026,0.1565715049703916,0.30636024482886043,10.275351841600662,2,2,0,0,0,0,2,0,0.9926135540008545,0,0,0,0
184338,0.05320356537898382,0.17689743638038635,0.29947367306273015,10.472827014484164,1,1,0,0,0,0,1,0,0.9972465634346008,0,0,0,0
459272,0.05031722535689672,0.14876864850521088,0.2652434188124704,11.527107659098807,8,11,0,1,0,1,8,0,0.9758061000279018,0,0,0,0
8277,0.044628397872050606,0.09873107820749283,0.16884347474669445,15.450314375580348,1,13,1,0,1,1,0,0,,0,0,0,0
246308,0.05798522507150968,0.15339778363704681,0.2506347670857747,12.019173710236636,3,5,0,0,0,0,3,0,0.990557869275411,0,0,0,0
301061,0.051763163258632026,0.15174338469902673,0.26006446301963526,11.698379774144689,1,3,0,0,0,0,1,0,0.9903296828269958,0,0,0,0
93965,0.05112900771200657,0.17615739007790884,0.25756964006064753,11.782106578664813,2,2,0,0,0,0,2,0,0.9919079840183258,0,0,0,0
234807,0.067006666213274,0.2192702442407608,0.3029270156604399,10.373239873120841,3,3,0,0,0,0,3,0,0.9895477692286173,0,0,0,0
389566,0.05162950294713179,0.17451906700929007,0.23141525127797158,12.712160450675887,10,14,2,0,2,1,8,0,0.962769441306591,0,0,0,0
179112,0.05785023793578148,0.19583619634310404,0.29707197609617025,10.542766297540103,1,2,0,0,0,0,1,0,0.997697114944458,0,0,0,0
572388,0.06304704025387764,0.16549301147460938,0.3293183839321928,9.647680489469614,2,5,2,0,2,1,0,0,,1,0,1,1
255917,0.06048188048104445,0.19987277189890543,0.3010769254215354,10.426450552056421,6,16,0,0,0,0,6,0,0.9910697738329569,0,0,0,0
463542,0.05872950702905655,0.17878302186727524,0.23535151350947017,12.565660089344568,10,25,2,0,1,1,8,0,0.9808691516518593,0,0,0,0
105912,0.058194861436883606,0.1819899082183838,0.241936129802794,12.325985418846507,12,16,1,0,1,1,11,0,0.9763077009807933,0,0,0,0
536073,0.0579285454005003,0.14139833052953085,0.27336708252051095,11.265075643234043,4,3,3,0,3,1,1,0,0.9870314002037048,2,0,2,1
328238,0.06769883011778195,0.22473554809888205,0.3179575178261605,9.952618040950103,4,13,0,0,0,0,4,0,0.9934733808040619,0,0,0,0
500613,0.06647474567095439,0.2345566302537918,0.3663846053681863,8.721255653364675,5,6,0,0,0,0,5,0,0.9890238761901855,0,0,0,0
189806,0.05077726890643438,0.13371184219916663,0.20544501838115467,13.746087700435028,2,4,1,0,1,1,1,0,0.9942582845687866,0,0,0,0
343706,0.050919304912288986,0.15371042490005493,0.22216214758859673,13.06659870032262,1,2,0,0,0,0,1,0,0.9963999390602112,0,0,0,0
236599,0.06208661198616028,0.19763222833474478,0.28779582841865,10.818310108467164,12,15,2,0,2,1,10,0,0.9849790036678314,0,0,0,0
565563,0.049488604068756104,0.1598240757981936,0.23059870549721204,12.742862700322979,6,12,2,0,2,1,4,0,0.9890363961458206,0,0,0,0
425226,0.05204722657799721,0.14179963121811548,0.2779771301936738,11.119818660001926,2,13,0,0,0,0,2,0,0.9943070709705353,0,0,0,0
361621,0.05653937285145124,0.16660544772942862,0.24020881724529092,12.38822110346703,2,2,1,0,1,1,1,0,0.9506911039352417,0,0,0,0
266892,0.06292150790492694,0.20639968911806741,0.2743501475902878,11.233896036667655,2,16,0,0,0,0,3,1,0.9907002747058868,0,0,0,0
20571,0.05608996128042539,0.15097973744074503,0.22738874864127487,12.864620566395551,1,12,0,0,0,0,1,0,0.9754149317741394,0,0,0,0
153797,0.08034218475222588,0.27868126332759857,0.3846147473836125,8.299481350232881,3,3,0,0,0,0,3,0,0.985476553440094,0,0,0,0
357430,0.05246653035283089,0.14248390744129816,0.23259107879017374,12.668138939744004,1,1,0,0,0,0,1,0,0.9671730399131775,0,0,0,0
333237,0.0644212228556474,0.19657293458779654,0.29503812136882024,10.602437319047217,3,3,0,0,0,0,3,0,0.9814517498016357,0,0,0,0
310200,0.050693186620871224,0.13309876869122186,0.21101073885866792,13.513908836379553,3,3,1,0,0,1,2,0,0.990699052810669,0,0,0,0
80273,0.07886609931786855,0.27161577343940735,0.4016172719972733,7.92375236288785,2,2,0,0,0,0,2,0,0.9809818863868713,0,0,0,0
122969,0.04929832307000955,0.1501257543762525,0.22694422075824933,12.881617445887672,1,2,0,0,0,0,1,0,0.9322735667228699,0,0,0,0
324715,0.051461235930522285,0.14918971061706543,0.24668954655953515,12.156985065957018,2,2,1,0,1,1,1,0,0.9979485869407654,0,0,0,0
414795,0.0431858878582716,0.10772070288658142,0.15276124687163087,16.319736109501633,21,20,0,0,0,0,22,1,0.9867661765643528,0,0,0,0
302536,0.052361570919553437,0.14991094172000885,0.2128544998951286,13.438343281927082,3,10,0,0,0,0,3,0,0.9884262084960938,0,0,0,0
402720,0.044316129138072334,0.11839201052983601,0.16872326019632036,15.4565008285302,15,15,1,0,1,1,14,0,0.9800995928900582,0,0,0,0
446703,0.07465211674571037,0.17656421661376953,0.2537980611402203,11.910233999382609,1,1,0,0,0,0,1,0,0.9943846464157104,0,0,0,0
16228,0.06426488111416499,0.20314449071884155,0.29871065250519685,10.494985789515468,8,20,1,0,1,1,8,1,0.9659132446561541,0,0,0,0
465129,0.062279156098763146,0.1647214169303576,0.22474453451678683,12.966217218418537,6,15,0,0,0,0,7,1,0.9822458922863007,0,0,0,0
555972,0.05680062249302864,0.15083243946234384,0.28903243434974885,10.78106838578649,5,10,0,0,0,0,6,1,0.9869187355041504,0,0,0,0
453166,0.05289939418435097,0.153146763642629,0.25277404548677357,11.945350417962917,7,8,1,0,1,1,6,0,0.9884668191274008,0,0,0,0
541123,0.05414335057139397,0.17034893482923508,0.22921168429538757,12.795264950875447,8,23,0,0,0,0,8,0,0.9885075762867928,0,0,0,0
13348,0.06497161587079366,0.2037248214085897,0.2745091209619338,11.228864418257476,1,12,0,0,0,0,1,0,0.9975478649139404,0,0,0,0
456292,0.06308519653975964,0.1989080309867859,0.3021737223133478,10.394866111026111,1,2,0,0,0,0,1,0,0.9894509315490723,0,0,0,0
72281,0.06327266866962115,0.18038799365361533,0.313954626299319,10.062662259663998,2,2,1,0,1,1,1,0,0.992046058177948,0,0,0,0
534605,0.05185640292863051,0.1624770164489746,0.26657601690548693,11.483578508355324,6,7,0,0,0,0,6,0,0.9879580934842428,0,0,0,0
131273,0.04920973380406698,0.12569050242503485,0.2644823397124118,11.552066436395148,1,1,0,0,0,0,1,0,0.998530924320221,0,0,0,0
19402,0.04975295066833496,0.14317578077316284,0.22864480475510227,12.81677324335891,2,3,0,0,0,0,2,0,0.9886044561862946,0,0,0,0
82715,0.08576388408740361,0.3139664481083552,0.3950991833437971,8.065877359782823,2,2,0,0,0,0,2,0,0.9896751344203949,0,0,0,0
284764,0.05056720909972986,0.15647345532973608,0.23219139578676293,12.683077555132785,1,7,0,0,0,0,1,0,0.9872217178344727,0,0,0,0
485972,0.05927897244691849,0.15669070680936178,0.30015245633799015,10.453161963725382,2,6,1,0,1,1,1,0,0.9964708685874939,1,0,1,1
288430,0.08465996632973354,0.269736185669899,0.3877807069453106,8.228276039010217,4,15,0,0,0,0,4,0,0.9867201298475266,0,0,0,0
295809,0.06284524810810883,0.1995401382446289,0.25486655390553703,11.873743063648092,7,20,1,0,1,1,6,0,0.9761037329832712,0,0,0,0
509131,0.06225396196047465,0.1783233086268107,0.24652168316151155,12.162897514489979,7,9,0,0,0,0,8,1,0.9917044809886387,0,0,0,0
82696,0.05508884166677793,0.16019563873608908,0.28299759296030635,10.96434516714687,6,12,0,0,1,1,6,0,0.9704325497150421,0,0,1,1
513524,0.06593017155925433,0.23242526253064474,0.3101338805115325,10.169015735204912,2,2,0,0,0,0,2,0,0.9884626269340515,0,0,0,0
241326,0.04664085805416107,0.1268548717101415,0.20273689331835798,13.861344255875427,4,3,0,0,0,0,4,0,0.9903788566589355,0,0,0,0
151000,0.05204020937283834,0.15863425532976785,0.24777537461504964,12.118837171485698,4,13,0,0,0,0,5,1,0.9819487631320953,0,0,0,0
136466,0.05097643658518791,0.14418043196201324,0.31610828919978323,10.00328231310245,1,2,0,0,0,0,1,0,0.9767244458198547,0,0,0,0
292330,0.06310383106271426,0.2164059579372406,0.31382978892859903,10.066116705530352,1,2,0,0,0,0,1,0,0.9972655773162842,0,0,0,0
32735,0.08761031677325566,0.3260411471128464,0.4350910964475444,7.228396077343298,3,4,0,0,0,0,3,0,0.9911417166392008,0,0,0,0
308799,0.06331207975745201,0.17107155670722327,0.29548050398211706,10.58942337804432,2,8,0,0,0,0,2,0,0.9709128439426422,0,0,0,0
285349,0.04808234547575315,0.14004560063282648,0.21557145588625765,13.328174904193466,1,1,1,0,0,1,0,0,,0,0,0,0
540280,0.05594101051489512,0.16807952523231506,0.31552992804592744,10.019188831802971,1,3,0,0,0,0,1,0,0.9951369762420654,0,0,0,0
292997,0.06119132414460182,0.2002028375864029,0.284420411836658,10.920784781213722,6,13,1,0,0,1,5,0,0.9840587019920349,0,0,0,0
433134,0.05097434110939503,0.16339031606912613,0.23518128614748637,12.571944778297832,1,1,0,0,0,0,1,0,0.9974325299263,0,0,0,0
47769,0.060936727871497474,0.18267536163330078,0.27817457960168335,11.113651192352643,2,6,0,0,0,0,2,0,0.9950435161590576,0,0,0,0
428867,0.06684354568521182,0.20379292964935303,0.2842667268191793,10.925479422757737,5,7,0,0,0,0,5,0,0.9906992793083191,0,0,0,0
195918,0.051189313332239784,0.15088912099599838,0.2260320054332425,12.916601234846802,7,6,0,0,0,0,7,0,0.9889094829559326,0,0,0,0
412240,0.05062311515212059,0.13799114525318146,0.21132176094663838,13.501115579783212,2,1,1,0,0,1,1,0,0.9823613166809082,0,0,0,0
367095,0.05225741614898046,0.1466971536477407,0.207207721564339,13.671881294144129,11,25,2,0,1,1,11,2,0.9866855012045966,0,0,0,0
167128,0.05151710410912832,0.15939829250176749,0.24966037391907983,12.053007667506277,2,3,0,0,0,0,2,0,0.9973764717578888,0,0,0,0
249180,0.0633878322939078,0.20364296933015189,0.28564038789057794,10.883607716775007,2,4,0,0,0,0,2,0,0.9842320382595062,0,0,0,0
81766,0.054229158287247024,0.15156316757202148,0.24011010461456345,12.391791260666471,2,3,0,0,0,0,2,0,0.9919328987598419,0,0,0,0
392722,0.06552594527602196,0.22385321060816446,0.32823851498886525,9.676209217288893,12,15,3,0,2,1,9,0,0.9787291487058004,0,0,0,0
221872,0.04512466614445051,0.11992369592189789,0.20521095824787303,13.755989033045326,4,7,0,0,0,0,4,0,0.9943230450153351,0,0,0,0
254814,0.045995609213908516,0.12805663545926413,0.18631249430039412,14.595160398181537,5,41,1,0,1,1,4,0,0.9889719635248184,0,0,0,0
489611,0.046097539365291595,0.11492351194222768,0.1841097282884551,14.698465258668183,4,4,2,0,1,1,2,0,0.980726808309555,0,0,0,0
7888,0.07544708251953125,0.26541219651699066,0.402959574059612,7.894770424248609,2,2,1,0,1,1,1,0,0.9962196350097656,0,0,0,0
511384,0.08711935828129451,0.2762145549058914,0.3976506943900972,8.00996509663873,2,3,0,0,0,0,2,0,0.9889812469482422,0,0,0,0
199055,0.06659172599514325,0.2055436372756958,0.34317657437468274,9.289647304988437,2,2,1,0,1,1,1,0,0.9903845191001892,0,0,0,0
342397,0.0743136890232563,0.252593457698822,0.35764141046337156,8.931044020424356,5,9,0,0,0,0,5,0,0.9836970686912536,0,0,0,0
551215,0.08596272021532059,0.28338952362537384,0.4236664609685469,7.459518300476581,1,2,0,0,0,0,1,0,0.9971925020217896,0,0,0,0
502136,0.0558036882430315,0.1760603959361712,0.23704708481785222,12.503307624475294,4,4,0,0,0,0,4,0,0.9718756973743439,0,0,0,0
92177,0.04320354697604974,0.10043021043141682,0.15136068217671794,16.399738471790066,1,3,0,0,0,0,1,0,0.990374743938446,0,0,0,0
1425,0.050732901940743126,0.14196867495775223,0.2107052657649193,13.52649221483646,2,2,2,0,0,1,0,0,,1,0,0,1
51938,0.08859283849596977,0.30416399240493774,0.42742225998506594,7.382857273905056,4,13,0,0,0,0,5,1,0.9879041612148285,0,0,0,0
22371,0.05751797929406166,0.1912684142589569,0.27625101997837315,11.173922195898733,3,4,0,0,0,0,3,0,0.9942406217257181,0,0,0,0
312406,0.05580225338538488,0.1561389515797297,0.22626194014965226,12.907769864176231,3,2,1,0,0,1,2,0,0.9938426911830902,0,0,0,0
311180,0.05742780491709709,0.1648897429307302,0.2903853687799607,10.740505391546675,1,2,1,0,1,1,0,0,,1,0,1,1
489339,0.07441340014338493,0.19223122795422873,0.33734020502642953,9.438637909060905,2,2,0,0,0,0,2,0,0.9841710925102234,0,0,0,0
335529,0.06857057039936383,0.20648278295993805,0.35157564203636127,9.079624429396633,1,12,0,0,0,0,1,0,0.9931873083114624,0,0,0,0
443303,0.05497750515739123,0.13504853347937265,0.22278765491857994,13.042177558052284,3,3,0,0,0,0,3,0,0.9839610457420349,0,0,0,0
413247,0.05148891359567642,0.14861935873826346,0.23111133771751988,12.723574972946828,3,5,0,0,0,0,3,0,0.9904547532399496,0,0,0,0
25593,0.05786970133582751,0.1927433262268702,0.2821294393729806,10.991031882695168,0,0,0,0,0,0,0,0,,0,0,0,0
327306,0.07104318837324779,0.24577701091766357,0.3113924731496789,10.133837784559457,2,2,0,0,0,0,2,0,0.9733773171901703,0,0,0,0
33104,0.04278683662414551,0.09388245642185211,0.152877814693667,16.313110678305357,4,9,0,0,0,0,4,0,0.9687848538160324,0,0,0,0
565877,0.0574299655854702,0.16794580717881522,0.3434129005962283,9.283667884578366,3,5,0,0,0,0,3,0,0.9909813404083252,0,0,0,0
326248,0.058457267781098686,0.15233636647462845,0.24170736002366855,12.334202501238822,7,19,0,0,0,0,7,0,0.9855962140219552,0,0,0,0
179392,0.0600297749042511,0.16405307253201803,0.2838268012260948,10.938931946772438,1,6,0,0,0,0,1,0,0.9962774515151978,0,0,0,0
436617,0.05260152990619341,0.14323557168245316,0.2181383522033074,13.22535943615906,16,33,0,0,0,0,16,0,0.9715062417089939,0,0,0,0
171788,0.0667259053637584,0.2065739631652832,0.3522781491345301,9.06228588202391,3,3,0,0,0,0,3,0,0.9867895046869913,0,0,0,0
414261,0.0670578380425771,0.18931967516740164,0.2737516892919391,11.25286384318965,1,2,0,0,0,0,1,0,0.9667001962661743,0,0,0,0
351530,0.06405409177144368,0.20170251031716666,0.26320253559315193,11.594198624200395,3,23,0,0,0,0,3,0,0.9833252429962158,0,0,0,0
212072,0.05888457720478376,0.1897914707660675,0.2564365679269163,11.820400884430606,1,1,1,0,1,1,0,0,,1,0,1,1
210520,0.038720850522319473,0.08369490504264832,0.1427650435867851,16.907562354812526,9,17,3,0,3,1,6,0,0.9131585657596588,0,0,0,0
536038,0.06866494566202164,0.1944438765446345,0.3100565231045697,10.171182546878015,3,4,0,0,0,0,3,0,0.8262957334518433,0,0,0,0
328286,0.060510234286387764,0.19404993454615274,0.2738118438415276,11.250955404261784,3,6,0,0,0,0,3,0,0.9901982545852661,0,0,0,0
451043,0.08466606711347897,0.30766593913237256,0.3861749182004261,8.264318735466315,1,2,0,0,0,0,1,0,0.9975613951683044,0,0,0,0
96493,0.052122620244820915,0.1369241401553154,0.30236971702847104,10.38923413021526,3,3,0,0,0,0,3,0,0.9845479329427084,0,0,0,0
455085,0.0534324049949646,0.17517477770646414,0.3325098906069709,9.56390863896821,1,2,0,0,0,0,1,0,0.9952429533004761,0,0,0,0
125778,0.048866294945279755,0.1427976737419764,0.2092283404664966,13.587589792405456,4,15,1,0,1,1,3,0,0.993286649386088,0,0,0,0
15254,0.04806943113605181,0.12752432624499002,0.211555055331569,13.49153184566366,6,8,1,0,0,1,5,0,0.9912106156349182,1,0,0,1
257478,0.08483536665638287,0.29875441392262775,0.4519329158949208,6.8985205258462745,2,2,0,0,0,0,2,0,0.9861788153648376,0,0,0,0
371529,0.04724424829085668,0.11317616452773412,0.16935027802111677,15.42428172081362,4,4,1,0,0,1,3,0,0.9861226479212443,0,0,0,0
47740,0.05687185128529867,0.1837108681599299,0.2668056395879418,11.47609989570664,2,6,0,0,0,0,2,0,0.9965835213661194,0,0,0,0
464689,0.04756810205678145,0.1372637078166008,0.18415983567804015,14.696101624519407,1,13,0,0,0,0,2,1,0.9657295346260071,0,0,0,0
498747,0.04904287432630857,0.12722166130940119,0.216015055707705,13.310319571156406,6,11,0,0,0,0,7,1,0.9829426606496176,0,0,0,0
162858,0.06957980990409851,0.21646170814832053,0.3342218552284248,9.51930308796899,12,17,2,0,3,1,11,1,0.9832062244415283,0,0,1,1
38829,0.04878579576810201,0.1354516645272573,0.21041232257881373,13.53857659537811,9,12,1,0,1,1,8,0,0.9840336665511131,1,0,1,1
523807,0.06233036890625954,0.1486394703388214,0.2289764132731634,12.804185035550368,4,6,2,0,2,1,2,0,0.9944117069244385,0,0,0,0
185890,0.04348800517618656,0.11705426375071208,0.17872534552117308,14.956277093205117,5,15,1,0,1,1,4,0,0.9769487529993057,0,0,0,0
233033,0.04785897148152193,0.13762303193410239,0.20127279015202001,13.924298658765872,7,8,0,0,0,0,7,0,0.9858608160700116,0,0,0,0
42296,0.06286614139874776,0.1952038953701655,0.29094461270848326,10.723793600663464,4,4,1,0,1,1,3,0,0.9916963577270508,0,0,0,0
93437,0.05333722879489263,0.1754341423511505,0.25666600073147655,11.81263312697116,5,13,0,0,1,1,5,0,0.974295699596405,0,0,1,1
17379,0.06764808545509975,0.21181170642375946,0.34058486004235994,9.355493231179468,3,5,0,0,0,0,3,0,0.9867626825968424,0,0,0,0
498709,0.05496920893589655,0.16104425489902496,0.24621864006173494,12.173581435119367,3,4,0,0,0,0,3,0,0.9897407293319702,0,0,0,0
368752,0.04236395781238874,0.10741082082192104,0.19452735403508858,14.220386409006323,6,9,0,0,0,0,6,0,0.9864710768063863,0,0,0,0
108026,0.05205108349521955,0.15439406037330627,0.26509077002274645,11.532107866912884,1,3,0,0,0,0,1,0,0.970278799533844,0,0,0,0
188592,0.0566847367833058,0.1642099271217982,0.321553113386244,9.854945621489303,2,2,0,0,0,0,2,0,0.9632574915885925,0,0,0,0
374982,0.04508201281229655,0.11473199476798375,0.2415256388246156,12.340735210544835,7,13,1,0,1,1,6,0,0.990199605623881,0,0,0,0
238410,0.04772335849702358,0.11930733919143677,0.16712586495439638,15.5391266409478,10,37,0,0,0,0,11,1,0.9711823523044586,0,0,0,0
304812,0.09120344246427219,0.2992996374766032,0.3973755889913917,8.015976307279974,0,9,0,0,0,0,0,0,,0,0,0,0
261036,0.06599382807811101,0.22854673862457275,0.3581814648442096,8.917937835075064,5,6,0,0,0,0,5,0,0.986265766620636,0,0,0,0
47112,0.04737786203622818,0.11453653126955032,0.19229933587434567,14.320444312797227,8,25,2,0,1,1,6,0,0.9894289175669352,0,0,0,0
537053,0.07456803197662036,0.24496510128180185,0.36165852060176984,8.83402597111942,1,1,0,0,0,0,1,0,0.9602628350257874,0,0,0,0
418062,0.05313060929377874,0.15900840858618417,0.3098645774841324,10.1765613556565,5,5,0,0,0,0,5,0,0.984426748752594,0,0,0,0
398810,0.047781387344002724,0.13323782136042914,0.18807075052172448,14.513574846542985,1,2,0,0,0,0,1,0,0.997388482093811,0,0,0,0
110884,0.055391715839505196,0.13129836320877075,0.18670113994188933,14.577060607385778,2,3,0,0,0,0,2,0,0.9645565748214722,0,0,0,0
139260,0.06239213173588117,0.1862379014492035,0.2838846497154657,10.937161802466527,0,6,0,0,0,0,0,0,,0,0,0,0
31118,0.06126488000154495,0.19569944341977438,0.2778728391593382,11.123078030245889,10,17,0,0,0,0,10,0,0.9754022061824799,0,0,0,0
473219,0.04788883402943611,0.13503558188676834,0.22195131048582525,13.07484572779078,6,22,0,0,0,0,6,0,0.9900421996911367,0,0,0,0
362716,0.053089290857315063,0.1633089780807495,0.25017656330090465,12.035067554389713,3,3,0,0,0,0,3,0,0.9836756984392802,0,0,0,0
173033,0.0624958419551452,0.17960941791534424,0.3208622201887707,9.873628314958587,1,2,0,0,0,0,2,1,0.9673224687576294,0,0,0,0
542127,0.06999697412053744,0.22911072274049124,0.29741463763363124,10.532753218831616,10,16,1,0,1,1,9,0,0.9658184581332736,0,0,0,0
111951,0.05566460142532984,0.18026522298653921,0.25849539147895306,11.750943904251956,3,4,0,0,0,0,3,0,0.9947242935498556,0,0,0,0
346638,0.04774439334869385,0.123858076830705,0.19249874382047558,14.311442004004755,3,4,2,0,2,1,1,0,0.9966767430305481,0,0,0,0
369323,0.05239664763212204,0.16266453514496484,0.2786944724186842,11.097432898562772,3,5,1,0,1,1,2,0,0.994081437587738,0,0,0,0
95786,0.05610311900575956,0.146024356285731,0.22949019483818395,12.784717306555306,3,4,2,0,2,1,1,0,0.9960194826126099,1,0,1,1
284296,0.0656663787861665,0.22385059793790182,0.2986162492443002,10.497731275479845,3,3,0,0,0,0,3,0,0.9801188309987386,0,0,0,0
549930,0.05289184798796972,0.14807814608017603,0.27657516232587864,11.16373648085765,2,21,0,0,0,0,3,1,0.9942981004714966,0,0,0,0
25986,0.04453871274987856,0.11434955646594365,0.18589651544754107,14.614575016405817,5,18,0,0,0,0,5,0,0.987170135974884,0,0,0,0
222863,0.055274201557040215,0.17941259841124216,0.24857238242410348,12.090942503999704,1,1,0,0,0,0,1,0,0.9977846741676331,0,0,0,0
248810,0.05651246756315231,0.18257243186235428,0.302883004568225,10.374501904047161,2,2,1,0,1,1,1,0,0.996189296245575,0,0,0,0
137294,0.05216098204255104,0.1630291889111201,0.2621077741273357,11.630401953404274,1,3,0,0,0,0,1,0,0.996979296207428,0,0,0,0
294695,0.061690349131822586,0.17916504542032877,0.2621135704896801,11.630209872085402,6,9,1,0,0,1,5,0,0.9790962100028991,0,0,0,0
13177,0.042812818040450416,0.12034463385740916,0.20067900062895938,13.949961408059036,3,3,0,0,0,0,3,0,0.9900319377581278,0,0,0,0
356432,0.05712400873502096,0.16550965110460916,0.25929195313037523,11.724219218434914,3,5,0,0,0,0,3,0,0.9924130042394003,0,0,0,0
428111,0.07004681105415027,0.2482112099726995,0.3488125577340127,9.148157765132618,1,7,0,0,0,0,1,0,0.9970172643661499,0,0,0,0
213035,0.05216625208655993,0.16113889714082083,0.27233905194950714,11.297801574219374,6,6,0,0,0,0,6,0,0.9882997274398804,0,0,0,0
50679,0.0799572505056858,0.2783530503511429,0.41090809471461726,7.7251060647473,8,13,2,0,1,1,8,2,0.9717033306757609,1,0,0,1
460147,0.055034043888250984,0.16362818578879038,0.25090584652370607,12.009784375668664,13,26,1,0,0,1,12,0,0.9860154887040457,0,0,0,0
85195,0.04953491066892942,0.1609367479880651,0.23526183343097978,12.568970455610181,2,3,1,0,1,1,1,0,0.9913467764854431,1,0,1,1
416256,0.051509459813435875,0.14539431780576706,0.2251870364297952,12.94913229142775,2,3,0,0,0,0,2,0,0.9719313383102417,0,0,0,0
70254,0.06002978856364886,0.18274879455566406,0.26520369846890185,11.528408473110334,9,16,0,0,0,0,9,0,0.9752674698829651,0,0,0,0
467315,0.05976866806546847,0.1744803637266159,0.24114998126618278,12.354255349608195,6,7,0,0,0,0,6,0,0.9876019755999247,0,0,0,0
323571,0.06774123633901279,0.20102045933405557,0.3396859693217055,9.378447824566079,3,5,0,0,0,0,3,0,0.9872185190518697,0,0,0,0
215245,0.06440508241454761,0.20411217212677002,0.2799145473678767,11.059490606781024,6,7,0,1,1,1,5,0,0.980422043800354,0,0,0,0
134722,0.06488293409347534,0.2210235297679901,0.34360384028162855,9.278839818597044,1,2,0,0,0,0,1,0,0.9979342818260193,0,0,0,0
69795,0.06253056476513545,0.16603556523720422,0.2543774038371903,11.890429387568833,2,2,0,0,0,0,2,0,0.991655558347702,0,0,0,0
119365,0.047467888643344246,0.13268021990855536,0.27448440702587024,11.22964644030463,3,5,0,0,0,0,3,0,0.9923231403032938,0,0,0,0
183246,0.05761613013843695,0.1704317256808281,0.2536786748675391,11.914320791680113,9,18,1,0,1,1,8,0,0.9703636467456818,0,0,0,0
431848,0.0731094628572464,0.22814428309599558,0.3438701257513904,9.272111050869041,3,3,1,0,1,1,2,0,0.9886859953403473,1,0,1,1
85682,0.07810673365990321,0.2694580505291621,0.35167382646549294,9.077199062128393,8,15,1,0,1,1,7,0,0.9820424744061061,0,0,0,0
479732,0.0495647502442201,0.1342452069123586,0.22449720814787227,12.975781110452589,5,3,1,0,0,1,4,0,0.9827602058649063,0,0,0,0
437331,0.08219106371204059,0.2681375543276469,0.3393400701788042,9.38729709356681,1,2,0,0,0,0,1,0,0.9922860860824585,0,0,0,0
98287,0.07778478662172954,0.26254454255104065,0.36718528256132,8.702294688332033,7,16,0,0,0,0,7,0,0.9842070255960736,0,0,0,0
61108,0.04785336119433244,0.1322730009754499,0.20592721500829325,13.725725078627168,3,9,1,0,0,1,2,0,0.9851757884025574,0,0,0,0
105249,0.06522095327576001,0.23845987021923065,0.3076699337817454,10.238298838825155,2,3,0,0,0,0,2,0,0.7707637250423431,0,0,0,0
537672,0.059794588635365166,0.18014123539129892,0.31536138191666324,10.02382979955581,1,2,0,0,0,0,1,0,0.976509690284729,0,0,0,0
534664,0.04981168732047081,0.1272633671760559,0.2002057591766076,13.97046867273382,7,7,0,0,0,0,7,0,0.9900017040116447,0,0,0,0
131379,0.04918931983411312,0.15947706500689188,0.23741692389126723,12.489766525605084,1,1,0,0,0,0,1,0,0.9973043203353882,0,0,0,0
192964,0.07714678719639778,0.2395359923442205,0.3640128966041192,8.7776645893933,2,3,0,0,0,0,2,0,0.9878534078598022,0,0,0,0
183500,0.07507079715530078,0.25134310126304626,0.381720173025329,8.365097759777289,2,2,0,0,0,0,2,0,0.9905614256858826,0,0,0,0
493613,0.06848260139425595,0.23958698411782584,0.3263330654787617,9.726778387716204,1,1,1,0,1,1,0,0,,0,0,0,0
303908,0.051523045326272644,0.15251883367697397,0.25661016647482787,11.81452283167273,1,6,0,0,0,0,1,0,0.9942330718040466,0,0,0,0
205105,0.0650090587635835,0.21312401195367178,0.29104553186806975,10.720781272363789,5,14,0,0,0,0,5,0,0.9702179789543152,0,0,0,0
451571,0.04979324899613857,0.13607277472813925,0.21310356649368942,13.428185637760283,1,3,0,0,0,0,1,0,0.9928826689720154,0,0,0,0
333956,0.0748012624680996,0.24422118067741394,0.3763402221502063,8.488387261326695,1,2,1,0,1,1,0,0,,1,0,1,1
369442,0.0563039363672336,0.16768365104993185,0.22565252363887323,12.931196101612958,13,24,2,0,2,1,11,0,0.9704369523308494,0,0,0,0
104455,0.0462511188040177,0.1411253586411476,0.20994069578162408,13.558067356004312,1,2,0,0,0,0,2,1,0.9973772168159485,0,0,0,0
85665,0.09587313234806061,0.3303927729527156,0.42895420319328037,7.351781445915705,1,1,0,0,0,0,1,0,0.9929191470146179,0,0,0,0
98716,0.06923828646540642,0.23542955021063486,0.30509825558642006,10.311205508991105,5,5,0,0,0,0,5,0,0.9886817336082458,0,0,0,0
176778,0.057275883853435516,0.17578472942113876,0.32964091534006446,9.63917777180438,2,2,1,0,1,1,1,0,0.9963703751564026,1,0,1,1
420281,0.04557521206637224,0.13109551121791205,0.29397023270259126,10.633932876621754,4,4,0,0,0,0,4,0,0.9884524196386337,0,0,0,0
576955,0.06413053100307782,0.21033914387226105,0.27027829660099045,11.36377653662554,2,3,0,0,0,0,2,0,0.9833662211894989,0,0,0,0
142324,0.047478826716542244,0.137970432639122,0.2002549495204549,13.96833482094369,10,19,0,0,0,0,10,0,0.9762420296669007,0,0,0,0
405205,0.051132540528972946,0.15765764812628427,0.2666366018251294,11.4816046843702,1,3,0,0,0,0,1,0,0.99467933177948,0,0,0,0
180792,0.07230956355730693,0.2180427461862564,0.3497670089181902,9.124423137883472,1,1,0,0,0,0,1,0,0.9946486353874207,0,0,0,0
453001,0.05313166230916977,0.15586322794357935,0.24374537356536824,12.26127237446335,4,10,0,0,0,0,4,0,0.9912117421627045,0,0,0,0
327592,0.06814017767707507,0.20259619255860647,0.2949160847467553,10.606030806932175,3,4,1,0,0,1,2,0,0.9893084466457367,0,0,0,0
201072,0.05883132852613926,0.17021466046571732,0.3117882795124708,10.122804289597179,7,5,2,0,1,1,5,0,0.9788313627243042,0,0,0,0
105335,0.04100597587724527,0.10257714241743088,0.1655580359257267,15.620994688633882,3,11,0,0,0,0,3,0,0.9773947795232137,0,0,0,0
18837,0.04557028040289879,0.13400057951609293,0.2137728356968429,13.400949636097785,4,8,1,0,1,1,3,0,0.9939395189285278,0,0,0,0
566923,0.05164297794302305,0.13685148706038794,0.20740103173131155,13.663781750250942,8,12,1,0,1,1,8,1,0.9869016919817243,0,0,0,0
405195,0.050692817817131676,0.1410044183333715,0.20655062057252266,13.699469917324048,3,17,1,0,1,1,2,0,0.9891603291034698,0,0,0,0
334977,0.08095091208815575,0.2866312613089879,0.3773439932756963,8.465251178085683,1,3,1,0,1,1,0,0,,1,0,1,1
360564,0.0589991689970096,0.19083496928215027,0.27483204970617575,11.218652462896014,2,2,0,0,0,0,2,0,0.9846350252628326,0,0,0,0
408696,0.05411450440684954,0.14508554836114249,0.21466235925196758,13.364882036501687,4,5,1,0,0,1,4,1,0.9870450099309286,0,0,0,0
577862,0.053016120567917824,0.1728744109471639,0.26275989478350786,11.60881841416072,2,2,0,0,0,0,2,0,0.990365594625473,0,0,0,0
91619,0.07171479426324368,0.23744279642899832,0.37523077548338396,8.51403098184618,1,1,0,0,0,0,1,0,0.9929704666137695,0,0,0,0
291551,0.07751396298408508,0.21880797545115152,0.35878640017861485,8.90328054551994,4,7,1,0,1,1,3,0,0.982613762219747,0,0,0,0
490936,0.04950358346104622,0.13150977343320847,0.26866080226784966,11.415913854110986,7,34,1,0,1,1,7,1,0.9818897644678751,0,0,0,0
293804,0.05380625898639361,0.16727328797181448,0.24364303366826173,12.264920032272641,4,6,0,0,0,0,4,0,0.9901686310768127,0,0,0,0
473869,0.05150787780682246,0.1579137643178304,0.23449703567193123,12.597252858505454,2,11,0,0,0,0,2,0,0.9948937296867371,0,0,0,0
445365,0.057420829931894936,0.1982365002234777,0.36442044967339865,8.767945206367028,2,2,0,0,0,0,2,0,0.991845428943634,0,0,0,0
416745,0.04837748656670252,0.15647132446368536,0.19005362991224348,14.422476624263862,1,2,0,0,0,0,1,0,0.9947361350059509,0,0,0,0
129416,0.07076305771867435,0.2597353557745616,0.32153482675593614,9.85543959950641,8,9,1,0,1,1,7,0,0.9875851954732623,0,0,0,0
55022,0.05453175803025564,0.16945408781369528,0.27027869379953406,11.363763771929957,3,9,0,0,0,0,3,0,0.9872719049453735,0,0,0,0
372203,0.07680320615569751,0.2434674153725306,0.33246870050131827,9.564984681767543,2,2,0,0,0,0,2,0,0.9746701419353485,0,0,0,0
150265,0.05084734968841076,0.1616829658548037,0.2811507890377071,11.021213866478272,4,8,0,0,0,0,4,0,0.9861191064119339,0,0,0,0
440336,0.06645292416214943,0.23265440265337625,0.32907694432930873,9.654050880476033,6,7,0,0,0,0,6,0,0.9800881842772166,0,0,0,0
88951,0.06520841519037883,0.2135233630736669,0.2910606856965794,10.72032903709096,3,3,0,0,0,0,3,0,0.9749606649080912,0,0,0,0
32861,0.06353776218990485,0.1778069039185842,0.3242568991936095,9.782215493785088,2,2,0,0,0,0,2,0,0.9911371469497681,0,0,0,0
532855,0.06408351535598437,0.21056001385053,0.3146524114531556,10.043378710601596,2,2,0,0,0,0,2,0,0.9837439060211182,0,0,0,0
523033,0.09034179896116257,0.3239191124836604,0.4457715837421931,7.0177523921851765,1,5,0,0,0,0,1,0,0.9556702971458435,0,0,0,0
373382,0.06162926803032557,0.1814593275388082,0.27876486711969023,11.095239229665594,8,15,2,0,1,1,6,0,0.9758508404095968,0,0,0,0
68628,0.0674569271504879,0.2245438943306605,0.31165622050451836,10.126484007634344,2,2,0,0,0,0,2,0,0.9950872659683228,0,0,0,0
110282,0.09186296785871188,0.3400407135486603,0.4105676859189583,7.732304702783544,1,1,0,0,0,0,1,0,0.9481725096702576,0,0,0,0
376307,0.04621191322803497,0.11838483313719432,0.21598253404296328,13.311627354338665,6,27,1,0,1,1,5,0,0.9823869347572327,0,0,0,0
565597,0.04722847727437814,0.1152236411968867,0.23875353385429016,12.441003831779817,2,4,0,0,0,0,2,0,0.9939352869987488,0,0,0,0
36936,0.05126879240075747,0.144786203900973,0.21764360976367378,13.245081592885263,11,22,1,0,1,1,10,0,0.9810459733009338,0,0,0,0
509735,0.06122081478436788,0.18437268336613974,0.27835900819803305,11.107894391585342,5,5,0,0,0,0,5,0,0.9869251847267151,0,0,0,0
309678,0.05832086379329363,0.15442641824483871,0.25282818157226994,11.943490378427132,2,3,0,0,0,0,2,0,0.9917140603065491,0,0,0,0
501243,0.06251778205235799,0.18660769363244376,0.2771845850915266,11.144618511207312,2,3,0,0,0,0,2,0,0.9892828464508057,0,0,0,0
82812,0.05809190000096957,0.177609254916509,0.25006720595743054,12.038865166234308,11,24,0,0,0,0,11,0,0.9813786149024963,0,0,0,0
308476,0.05051225423812866,0.16339671115080515,0.24217978703580856,12.317242140881163,2,2,2,0,2,1,0,0,,0,0,0,0
210032,0.05305140217145284,0.1449142744143804,0.21676533245005492,13.280203476762917,4,15,0,0,0,0,4,0,0.8911906033754349,0,0,0,0
382009,0.0580951323111852,0.17149696250756583,0.2764231532017893,11.168511665417896,3,4,0,0,0,0,3,0,0.9941335320472717,0,0,0,0
360393,0.04688735802968343,0.1273458699385325,0.21535182294010627,13.337028952187996,1,3,0,0,0,0,1,0,0.9912472367286682,0,0,0,0
88848,0.048798916240533195,0.1359141319990158,0.17955438137192653,14.916079860612225,8,11,1,0,1,1,7,0,0.9889251249177116,0,0,0,0
566042,0.056308052192131676,0.1903309573729833,0.29952336658650797,10.471385830519369,7,6,1,1,1,1,5,0,0.9852324724197388,1,0,0,1
85157,0.046560113007823624,0.12000385423501332,0.19181000884758007,14.342574692643673,12,21,1,0,1,1,11,0,0.9878988374363292,0,0,0,0
32610,0.0479017769296964,0.13381720085938772,0.2062317830580688,13.712888066883814,4,7,1,0,1,1,3,0,0.9769793351491293,1,0,1,1
289343,0.06378460923830669,0.17561720808347067,0.2260000576709789,12.91782900057546,3,4,0,0,0,0,3,0,0.9684522747993469,0,0,0,0
475387,0.05036044244964918,0.15123990923166275,0.24334910812193652,12.275404822264544,5,16,1,0,2,1,4,0,0.9749449044466019,0,0,0,0
213422,0.05264324819048246,0.15538502236207327,0.24635699763174457,12.168701946475036,2,2,1,0,1,1,1,0,0.9960908889770508,0,0,0,0
119677,0.06258180116613705,0.16870395839214325,0.2757095512415015,11.190963772579533,2,2,1,0,0,1,1,0,0.9933457970619202,1,0,0,1
259597,0.05955133338769277,0.19141464432080588,0.26611690993832315,11.498550561616291,6,18,3,0,2,1,3,0,0.9852731426556905,0,0,0,0
288882,0.06439692402879398,0.21073255936304727,0.29812882457886997,10.511920643697707,2,2,1,0,1,1,1,0,0.9975383877754211,1,0,1,1
490515,0.08770812799533208,0.2948789795239766,0.3995196066688226,7.969238051198362,2,3,1,0,1,1,1,0,0.9766477942466736,0,0,0,0
448263,0.049393736446897187,0.13272809237241745,0.21437357312533928,13.376575065520587,3,15,0,0,0,0,3,0,0.9838426113128662,0,0,0,0
261732,0.06062364454070727,0.18587778011957803,0.2760166614983594,11.181294026927812,1,4,0,0,0,0,1,0,0.9941222667694092,0,0,0,0
488075,0.060749790320793785,0.1677413135766983,0.2447854940609649,12.224286439347992,5,14,1,0,0,1,4,0,0.99213045835495,0,0,0,0
553511,0.06313204392790794,0.19031807283560434,0.2651102436479351,11.53146982302026,9,15,2,0,2,1,7,0,0.9852322680609567,1,0,1,1
504580,0.07313455392916997,0.26944208641846973,0.35730067344421174,8.939323304676115,2,3,0,0,0,0,2,0,0.9719008505344391,0,0,0,0
511999,0.050985608249902725,0.16349598268667856,0.2597506467031225,11.708867250064563,6,6,0,0,0,0,6,0,0.9911375939846039,0,0,0,0
175364,0.054959973941246666,0.13961647699276605,0.22636922485087246,12.903652325817593,2,18,0,0,0,0,2,0,0.988409161567688,0,0,0,0
3845,0.05048889915148417,0.11670810729265213,0.20449931022651402,13.786163050474983,8,12,1,0,1,1,7,0,0.9791870542934963,0,0,0,0
45229,0.05947332953413328,0.16599661111831665,0.21853920952150635,13.209412642874154,2,22,1,0,1,1,1,0,0.9952334761619568,0,0,0,0
22479,0.05574537875751654,0.15499109774827957,0.23572977279195037,12.551711247886232,2,4,1,0,1,1,1,0,0.9812875390052795,0,0,0,0
48564,0.059006468703349434,0.16760854423046112,0.3280766841355359,9.6804926620801,1,2,0,0,0,0,1,0,0.9957260489463806,0,0,0,0
357748,0.04868012107908726,0.1559267813960711,0.2706116031140431,11.353071718672787,4,5,1,0,1,1,3,0,0.9858068823814392,0,0,0,0
344100,0.04551062981287638,0.14020575334628424,0.2267015017156933,12.890912060224052,5,5,1,0,1,1,4,0,0.9966264516115189,1,0,1,1
189752,0.04630066889027754,0.1114668274919192,0.17857109847300887,14.963776596450131,8,13,2,0,2,1,6,0,0.9891903102397919,1,0,1,1
40471,0.06207850078741709,0.1742747277021408,0.30560917012507754,10.296672368748363,2,20,0,0,0,0,2,0,0.9845859706401825,0,0,0,0
460927,0.06806070730090141,0.2521267533302307,0.35313624442453384,9.041154119666142,1,1,0,0,0,0,1,0,0.9962924122810364,0,0,0,0
135410,0.05250356470545133,0.14724463472763696,0.2788599787743294,11.092276200490751,4,10,1,0,1,1,3,0,0.9875152905782064,1,0,1,1
129135,0.0467092494169871,0.12603494028250375,0.23508490229452883,12.575505227855889,2,2,0,0,0,0,2,0,0.9956301748752594,0,0,0,0
282912,0.05124756072958311,0.17266148825486502,0.2823367284074443,10.984652440098813,1,1,0,0,0,0,1,0,0.9987297058105469,0,0,0,0
311303,0.04353173077106476,0.11456487824519475,0.20146304544074756,13.916092105398477,5,8,0,0,0,0,5,0,0.9902537822723388,0,0,0,0
145620,0.06239049509167671,0.22111988067626953,0.31607524194422937,10.004190419058084,4,5,0,0,0,0,4,0,0.9775713086128235,0,0,0,0
117744,0.07408273965120316,0.2362967679897944,0.3639935562760971,8.778126090672963,2,2,1,0,1,1,1,0,0.9907390475273132,1,0,1,1
5992,0.0520997146765391,0.15329407900571823,0.23560110527869288,12.556453529370085,5,5,0,0,0,0,5,0,0.9904053211212158,0,0,0,0
575187,0.05388873318831126,0.16942749420801798,0.23069219435204566,12.739341998367413,2,3,0,0,0,0,2,0,0.9935154914855957,0,0,0,0
530052,0.05164536150793234,0.13750439137220383,0.20195679031644317,13.894830802602357,4,13,0,0,0,0,4,0,0.9899540096521378,0,0,0,0
552842,0.08689734091361363,0.3138611416021983,0.4238378195384212,7.4560058659532835,1,2,0,0,0,0,1,0,0.992673397064209,0,0,0,0
546626,0.05567708363135656,0.16962524255116782,0.3027458470604593,10.378436112242985,4,4,3,0,2,1,1,0,0.9908750057220459,0,0,0,0
404922,0.05842158322532972,0.16169385860363641,0.30548787273210776,10.30012051432482,4,5,0,0,0,0,4,0,0.9847198575735092,0,0,0,0
442009,0.060343182335297264,0.17917731404304504,0.25982946595720385,11.70623198620101,1,4,1,0,0,1,0,0,,0,0,0,0
333402,0.05176616211732229,0.16272076467672983,0.26575496208337496,11.51037235469654,2,5,0,0,0,0,2,0,0.98520228266716,0,0,0,0
492878,0.053601241980989776,0.1254477302233378,0.18623290434991138,14.598871674923723,6,8,1,0,0,1,5,0,0.9872528791427613,0,0,0,0
554291,0.06056821594635645,0.170327827334404,0.2580495096450179,11.76593923710556,1,8,0,0,0,0,1,0,0.992562472820282,0,0,0,0
288685,0.06242038433750471,0.18787729740142822,0.26217203383114557,11.628272736563229,9,22,0,1,1,1,8,0,0.9851528778672218,0,1,1,1
326174,0.06236449504892031,0.21115065117677054,0.2822922280369142,10.986021570405244,8,12,1,0,1,1,8,1,0.9810477239745004,1,0,1,1
557884,0.09522840194404125,0.2834419111410777,0.41274821323914035,7.686295961887816,1,1,1,0,1,1,0,0,,1,0,1,1
36844,0.05415848456323147,0.1497863456606865,0.2156937126796911,13.323250281844556,8,14,3,0,3,1,5,0,0.9842526316642761,0,0,0,0
488166,0.06648911287387212,0.2021108716726303,0.31444845692815215,10.049010642288444,6,6,0,0,0,0,6,0,0.9885474244753519,0,0,0,0
233370,0.07589265952507655,0.22640911738077799,0.34629163861777673,9.211159891563488,2,2,1,0,1,1,1,0,0.9945464134216309,0,0,0,0
389933,0.049335163086652756,0.12766584008932114,0.19536940574367015,14.182868889826299,2,2,1,0,1,1,1,0,0.9985749125480652,0,0,0,0
417779,0.0676999365290006,0.21097821493943533,0.2915504515992305,10.705725630775255,3,6,0,0,0,0,3,0,0.9909624656041464,0,0,0,0
131138,0.05493516847491264,0.1344707782069842,0.19764217700171494,14.082407421231771,7,11,0,0,0,0,7,0,0.9842203855514526,0,0,0,0
535858,0.08921012158195178,0.30458476146062213,0.37590657433137886,8.49840157453076,1,2,0,0,0,0,1,0,0.9939690828323364,0,0,0,0
233771,0.040686413645744324,0.11236883203188579,0.15964721447015665,15.936773092856384,10,17,0,0,0,0,10,0,0.9723062932491302,0,0,0,0
307172,0.04833522314826647,0.13615851600964865,0.2197976450230953,13.159539300939713,3,5,0,0,0,0,3,0,0.9952151775360107,0,0,0,0
302107,0.06406242152055104,0.19931283593177795,0.34994246199936024,9.120067141016248,5,5,0,0,0,0,5,0,0.9817734360694885,0,0,0,0
268831,0.07289370025197665,0.2198488861322403,0.27778115611442755,11.125944378094644,2,3,0,0,0,0,2,0,0.9831052422523499,0,0,0,0
364557,0.07516400267680486,0.2515958497921626,0.33682467581618963,9.451921990820125,4,4,0,0,0,0,4,0,0.9849855601787567,0,0,0,0
535306,0.06148744747042656,0.19016684591770172,0.28475059739116954,10.910707122437026,2,2,1,0,1,1,1,0,0.9950866103172302,0,0,0,0
499181,0.051620581497748695,0.1452110856771469,0.19507339537946872,14.196039135713207,7,13,0,0,0,0,7,0,0.9755277293069022,0,0,0,0
546475,0.0550340103606383,0.16823622087637582,0.3172660390912006,9.971528266447455,3,3,0,0,0,0,3,0,0.9814167618751526,0,0,0,0
494634,0.053381926069657006,0.1389758214354515,0.21605834259792292,13.30857919485025,2,8,0,0,0,0,2,0,0.9858779609203339,0,0,0,0
522889,0.064994631956021,0.19193486869335175,0.32571818396135016,9.743159905544418,5,6,0,0,0,0,5,0,0.9863222718238831,0,0,0,0
182202,0.05363433932264646,0.15056694547335306,0.2680985968286335,11.434109180333182,2,4,0,0,0,0,2,0,0.9971296489238739,0,0,0,0
505451,0.10238370299339294,0.36833520730336505,0.4413782506605856,7.103781418539828,1,2,0,0,0,0,1,0,0.9338281750679016,0,0,0,0
502229,0.058312114949027695,0.15324247628450394,0.2591475811686907,11.729056808454486,0,4,0,0,0,0,1,1,,0,0,0,0
64359,0.0571335069835186,0.1707786669333776,0.24553937710780369,12.197577004482493,7,7,0,0,0,0,7,0,0.9907573291233608,0,0,0,0
468577,0.0414410475641489,0.11595592399438222,0.16228428246617344,15.794470807265451,3,2,1,0,1,1,2,0,0.9491289258003235,0,0,0,0
20333,0.06378096404174964,0.18157735963662466,0.32979429926336296,9.635137114512967,3,3,1,0,1,1,2,0,0.9901231527328491,0,0,0,0
91615,0.06083431839942932,0.16877374549706778,0.2719814982375098,11.309212763922627,6,12,2,0,1,1,4,0,0.9890295267105103,0,0,0,0
368684,0.05065157264471054,0.1329800859093666,0.22737265436840762,12.865235363856648,3,11,0,0,0,0,3,0,0.9922160307566324,0,0,0,0
424521,0.07885086412231128,0.2586124489704768,0.3722699613178718,8.582840116900364,2,2,0,0,0,0,2,0,0.9937199056148529,0,0,0,0
324818,0.05592667621870836,0.17869732280572256,0.2403697574892006,12.382403493932713,2,2,0,0,0,0,2,0,0.9899345636367798,0,0,0,0
329080,0.05372673148910204,0.15958475569883981,0.2716728316252335,11.319075812076576,2,3,0,0,0,0,2,0,0.9898073971271515,0,0,0,0
293300,0.06291752184430759,0.19400598605473837,0.27089626752661194,11.343939574771367,3,3,0,0,0,0,3,0,0.991982897122701,0,0,0,0
336053,0.044384609907865524,0.11061579982439677,0.18611969825926392,14.604153204490736,13,25,2,0,2,1,11,0,0.9816675619645552,0,0,0,0
186938,0.05781552568078041,0.19178733229637146,0.2645794658153156,11.548877294365008,1,1,0,0,0,0,1,0,0.9952688217163086,0,0,0,0
403385,0.05278694008787473,0.1618773266673088,0.22548641740269057,12.937592270817698,2,2,0,0,0,0,2,0,0.9863882064819336,0,0,0,0
404568,0.08639711886644363,0.3016047676404317,0.4173296799921283,7.590414553624068,1,1,0,0,0,0,1,0,0.9961239099502563,0,0,0,0
563267,0.05306145300467809,0.16292003790537515,0.22032708048769728,13.138642405275544,6,9,0,0,0,0,7,1,0.9838969806830088,0,0,0,0
405970,0.06460115810235341,0.18100108206272125,0.26513027679764595,11.530813495482606,3,8,0,0,0,0,3,0,0.9834318359692892,0,0,0,0
290843,0.0680096484720707,0.1871498078107834,0.321344609200361,9.860579626238502,2,4,0,0,0,0,2,0,0.9250999391078949,0,0,0,0
317024,0.048866057147582374,0.1528121680021286,0.23493466973390623,12.581057777424911,1,1,0,0,0,0,1,0,0.9918858408927917,0,0,0,0
302882,0.06117626031239828,0.16852442423502603,0.24785937063193828,12.115893148102701,1,2,0,0,0,0,1,0,0.9922983646392822,0,0,0,0
511647,0.07028748095035553,0.2148826320966085,0.2944360760539851,10.620179574782497,2,2,1,0,1,1,1,0,0.9908298254013062,0,0,0,0
335427,0.04983358830213547,0.13098050405581793,0.21538387269083925,13.335736370211942,4,10,2,0,2,1,2,0,0.9947900176048279,2,0,2,1
459500,0.07614990199605624,0.2208156237999598,0.34822825329851126,9.162719911136783,2,4,0,0,0,0,2,0,0.9780384302139282,0,0,0,0
476415,0.06377502903342247,0.17756839096546173,0.32321440502157117,9.81018583654007,1,2,1,0,1,1,0,0,,1,0,1,1
14038,0.057696498930454254,0.16036384801069895,0.22484269989072314,12.962424167581743,3,24,0,0,0,0,3,0,0.9805500706036886,0,0,0,0
404678,0.05533837899565697,0.14638043691714606,0.2217038503062247,13.084535289516573,12,24,3,0,1,1,10,1,0.9875772529178195,0,0,0,0
415748,0.06601426626245181,0.19871566692988077,0.3358417571564436,9.47730612970283,1,2,0,0,0,0,1,0,0.9906024932861328,0,0,0,0
23781,0.04494280616442362,0.134781447549661,0.19484886430053586,14.206042424005009,6,7,1,0,1,1,7,2,0.9919563174247742,0,0,0,0
147745,0.053290415555238724,0.1602706660827001,0.2589167302661738,11.736797722277604,2,2,0,0,0,0,2,0,0.9953493475914001,0,0,0,0
242678,0.0621511929978927,0.18782338500022888,0.24404793228882912,12.250497351573566,2,2,0,0,0,0,2,0,0.9579494893550873,0,0,0,0
50638,0.06977708637714386,0.25696461896101636,0.33938776672152116,9.386076318804626,1,2,0,0,0,0,1,0,0.9912796020507812,0,0,0,0
470121,0.046138149996598564,0.11036984870831172,0.181780282585965,14.809064515626716,2,13,1,0,1,1,1,0,0.9973558783531189,0,0,0,0
384651,0.06263887137174606,0.19384450217088064,0.27249785551222694,11.292738223186852,1,2,0,0,0,0,1,0,0.9766516089439392,0,0,0,0
365655,0.06906405960520108,0.2555023928483327,0.39383800612164976,8.09364751853077,2,2,0,0,0,0,2,0,0.9810158312320709,0,0,0,0
480842,0.05706827528774738,0.17591225107510886,0.25778576050792107,11.77482151495336,2,2,1,0,1,1,1,0,0.9858128428459167,0,0,0,0
23899,0.06013535832365354,0.17453635235627493,0.26202391914453665,11.633181236327854,4,9,1,0,1,1,3,0,0.9850468834241232,0,0,0,0
371472,0.05164340138435364,0.13302864134311676,0.24246601232924467,12.306982600397319,1,11,0,0,0,0,1,0,0.9824029803276062,0,0,0,0
182155,0.054082935055096946,0.16267837087313333,0.2482362155823763,12.102697165833543,6,7,1,0,0,1,5,0,0.9803709268569947,0,0,0,0
222735,0.06283614163597424,0.16900416711966196,0.2982847124464968,10.50738008664829,2,5,1,0,1,1,1,0,0.9898268580436707,1,0,1,1
475064,0.055265601724386215,0.16330555826425552,0.23273599492368982,12.662728871625063,3,4,0,0,0,0,3,0,0.9816564718882242,0,0,0,0
429718,0.050238389521837234,0.16273283710082373,0.29593751084192726,10.575999668117548,1,2,0,0,0,0,1,0,0.9933054447174072,0,0,0,0
272136,0.055127820620934166,0.17492321133613586,0.2638307968121594,11.573490217875753,2,2,0,0,0,0,2,0,0.9813545644283295,0,0,0,0
382122,0.09884441395600636,0.29729501406351727,0.46512194595182343,6.64866337184571,1,1,0,0,0,0,1,0,0.9759784936904907,0,0,0,0
529762,0.04811063036322594,0.1308316762248675,0.2039498448404366,13.809532414926732,3,7,1,0,1,1,3,1,0.9924827516078949,0,0,0,0
149622,0.04892122186720371,0.15561102827390036,0.21892610097307136,13.19404915120646,1,2,0,0,0,0,1,0,0.9924279451370239,0,0,0,0
385029,0.04505547136068344,0.11633421729008357,0.18558336347386198,14.629219169599343,9,10,0,0,0,0,10,1,0.9832459754414029,0,0,0,0
323263,0.05744239191214243,0.17956241965293884,0.27141189588462955,11.3274224258004,4,7,0,0,0,0,4,0,0.9877668619155884,0,0,0,0
250205,0.05551493167877197,0.1999699870745341,0.2659050020012499,11.505469859528198,2,2,0,0,0,0,2,0,0.9888668656349182,0,0,0,0
485480,0.08029004683097203,0.27550091842810315,0.36006989594870237,8.872263735855633,4,5,0,0,0,0,4,0,0.9854156523942947,0,0,0,0
351362,0.08066287140051524,0.2530934264262517,0.3723910455198052,8.580015411391365,2,4,1,0,1,1,1,0,0.9834739565849304,0,0,0,0
315187,0.07257446398337682,0.23137623071670532,0.39913033849447727,7.977705191752742,2,11,0,0,0,0,2,0,0.993950217962265,0,0,0,0
308545,0.06464112301667531,0.1881480465332667,0.2797693434558331,11.06399752650482,5,4,0,0,0,0,5,0,0.9501453399658203,0,0,0,0
214192,0.07449175789952278,0.23018922905127207,0.3344285977417198,9.51393184293887,3,4,0,0,0,0,3,0,0.9368776082992554,0,0,0,0
166664,0.0658008021612962,0.2427247166633606,0.3424577977158417,9.307858810345733,2,2,0,0,0,0,2,0,0.9944950044155121,0,0,0,0
313130,0.04696587473154068,0.12875676651795706,0.20647976821136416,13.702449919824433,3,4,0,0,0,0,3,0,0.9920227328936259,0,0,0,0
133778,0.05508096143603325,0.1767466813325882,0.2844434399769288,10.920081555355958,2,2,0,0,0,0,2,0,0.9894179999828339,0,0,0,0
192904,0.0501978633304437,0.14570089677969614,0.23116785948481242,12.721450967201946,6,7,0,0,0,0,6,0,0.9894657135009766,0,0,0,0
416885,0.0493578277528286,0.11614004522562027,0.18097415771595682,14.84766871948147,5,10,2,0,2,1,3,0,0.9915298819541931,0,0,0,0
142790,0.07458403830726941,0.2570860981941223,0.37069720656133825,8.619613732851798,3,4,0,0,0,0,3,0,0.9672660430272421,0,0,0,0
252216,0.053792900095383324,0.17195368806521097,0.2832453196527755,10.956745153793804,2,1,0,0,0,0,2,0,0.9948432147502899,0,0,0,0
521956,0.05892525985836983,0.18123314281304678,0.2613230616873019,11.65644524429082,2,2,1,0,1,1,1,0,0.9947742223739624,1,0,1,1
74733,0.03693072063227495,0.07523955404758453,0.1318184922783564,17.600473201350507,13,19,1,1,2,1,11,0,0.9896609024568037,0,0,0,0
542776,0.055967435240745544,0.15298061072826385,0.23445844178428013,12.598682513411784,3,4,1,0,1,1,3,1,0.988595575094223,0,0,0,0
125072,0.0933599832157294,0.37592243154843646,0.45751666698124976,6.791861605889854,4,6,1,0,1,1,3,0,0.9837057789166769,0,0,0,0
186345,0.09725132087866466,0.33313096066315967,0.42212226315569956,7.491234842214119,6,8,0,0,0,0,7,1,0.9648031691710154,0,0,0,0
297830,0.04777253419160843,0.1373314931988716,0.24198811291148897,12.324119343510533,2,2,0,0,0,0,2,0,0.9947879016399384,0,0,0,0
530820,0.06901603564620018,0.2268848866224289,0.33458338985608327,9.50991246131008,2,2,0,0,0,0,2,0,0.9884006679058075,0,0,0,0
205333,0.10948023075858752,0.3985457420349121,0.4739546014879491,6.485265118734342,2,3,0,0,0,0,2,0,0.9830558598041534,0,0,0,0
432085,0.055626336485147476,0.14924017091592154,0.2428325207907843,12.293863036103057,4,5,0,0,0,0,4,0,0.9885545521974564,0,0,0,0
322429,0.04886704434951147,0.13339310884475708,0.26119963742506597,11.660548604937928,9,21,1,0,1,1,8,0,0.9920343086123466,0,0,0,0
23023,0.06041042506694794,0.18427510062853494,0.29887187364935175,10.490299075837816,1,2,0,0,0,0,1,0,0.9877546429634094,0,0,0,0
10363,0.0640976515909036,0.1945449858903885,0.294313963969825,10.623782639001924,5,4,2,0,2,1,3,0,0.9861892263094584,0,0,0,0
98839,0.04930454989274343,0.1358433167139689,0.2094682921533597,13.577634163740889,2,3,1,0,1,1,1,0,0.9913026690483093,0,0,0,0
172649,0.08857184772690137,0.31552834312121075,0.3949849721549738,8.068388549968216,1,2,0,0,0,0,1,0,0.9839317798614502,0,0,0,0
348012,0.058183786769708,0.1736946403980255,0.2538092005114758,11.909852778085405,1,1,0,0,0,0,1,0,0.9956181645393372,0,0,0,0
557916,0.05738051235675812,0.16793551544348398,0.26216680597566183,11.628445939737704,3,4,0,0,0,0,4,1,0.9923702677090963,0,0,0,0
9590,0.0545098843673865,0.1623829628030459,0.22678750303238177,12.887617612303073,13,29,0,0,0,0,13,0,0.9612714969194852,0,0,0,0
116068,0.06729096546769142,0.22176340719064078,0.36410485023097633,8.7754707160468,4,4,0,0,0,0,4,0,0.9925924688577652,0,0,0,0
226130,0.05380060399572054,0.13916358600060144,0.2314492758995868,12.710883471812712,4,3,1,0,1,1,3,0,0.9899818897247314,0,0,0,0
562197,0.0407676137983799,0.08417517691850662,0.13559691044834885,17.355004113585537,1,1,0,0,0,0,1,0,0.9944968223571777,0,0,0,0
292024,0.04942293278872967,0.11838304499785106,0.19213819321402448,14.327725950720698,3,5,0,0,0,0,5,2,0.9745066165924072,0,0,0,0
522393,0.06166262303789457,0.21241004765033722,0.3714991067021674,8.60084452392469,3,4,0,0,0,0,3,0,0.9858234723409017,0,0,0,0
357941,0.06498308603962262,0.17443607250849405,0.2715561157975719,11.322808237671689,2,3,0,0,0,0,2,0,0.9829428195953369,0,0,0,0
197004,0.044925360629955925,0.12176626920700073,0.21851871357690092,13.210227296967318,2,2,0,0,0,0,2,0,0.9807325601577759,0,0,0,0
136772,0.05773634339372317,0.1645319014787674,0.25349548493536905,11.920595431553123,2,2,1,0,0,1,1,0,0.9805641174316406,0,0,0,0
84664,0.03800816461443901,0.08111456781625748,0.1367538922251284,17.28120608265625,3,4,1,0,0,1,2,0,0.9943624138832092,0,0,0,0
15079,0.0694001776476701,0.17177721361319223,0.25800602446613574,11.767403061987148,1,3,1,0,1,1,0,0,,1,0,1,1
330790,0.055272177482644715,0.15403453509012857,0.23968634423752758,12.407134170493281,4,3,1,0,0,1,3,0,0.9458826382954916,1,0,0,1
56288,0.0454240832477808,0.11427937944730122,0.18664901689855312,14.579485864194513,3,3,0,0,0,0,3,0,0.9817191958427429,0,0,0,0
455219,0.07009004056453705,0.2480326145887375,0.3288828533472162,9.659175366516223,4,4,0,0,0,0,4,0,0.9906438291072845,0,0,0,0
357459,0.05750033011039098,0.19582397739092508,0.26084242411966113,11.672435447247372,3,3,0,0,0,0,3,0,0.9939723213513693,0,0,0,0
8899,0.054253578186035156,0.1640057141582171,0.21985853990351256,13.157133210761325,2,2,0,0,0,0,2,0,0.989825427532196,0,0,0,0
425361,0.0482188972334067,0.12003161013126373,0.1849010588715015,14.661212035255328,6,9,0,0,0,0,6,0,0.9778110384941101,0,0,0,0
491366,0.050794352466861405,0.1500126471122106,0.2120492028534682,13.471267116477863,5,10,1,0,0,1,4,0,0.9854736924171448,0,0,0,0
376478,0.04973410132030646,0.14317802091439566,0.28783531884152025,10.817118340242033,2,1,1,0,1,1,1,0,0.9925933480262756,0,0,0,0
269196,0.06173386424779892,0.1690566043059031,0.2551902311365842,11.86271909468201,7,5,1,0,0,1,6,0,0.9822161197662354,0,0,0,0
469174,0.08745018889506657,0.3049332449833552,0.40613980501240715,7.826488880473844,1,1,0,0,0,0,1,0,0.9875195026397705,0,0,0,0
528578,0.07862770681579907,0.26843423147996265,0.37271217027911024,8.57252851740694,2,13,0,0,0,0,2,0,0.965751051902771,0,0,0,0
226903,0.05425818326572577,0.15417037904262543,0.22467034886420748,12.969084806567984,3,21,1,0,1,1,2,0,0.9640711545944214,0,0,0,0
514508,0.04272684082388878,0.11687650283177693,0.18533233823281095,14.640975899567856,5,5,0,0,0,0,5,0,0.9890295505523682,0,0,0,0
515828,0.07057467103004456,0.229993999004364,0.31647085266287306,9.99332565672975,5,10,1,0,0,1,4,0,0.9850913733243942,0,0,0,0
229358,0.060919212798277535,0.17693075040976206,0.2621557500287822,11.628812243774618,3,10,0,0,0,0,3,0,0.9887921611467997,0,0,0,0
328683,0.060926241179307304,0.18318608899911246,0.29045504420566665,10.738421538400305,1,2,1,0,1,1,0,0,,1,0,1,1
432468,0.05135032534599304,0.14737490067879358,0.29150740301515493,10.70700823162893,2,2,0,0,0,0,2,0,0.9971958696842194,0,0,0,0
221502,0.06734275693694751,0.22985134025414786,0.30576398877627803,10.292273295195962,2,2,0,0,0,0,2,0,0.9903116524219513,0,0,0,0
406997,0.05036850770314535,0.13557916631301245,0.23209576384984393,12.686655721982586,5,7,0,0,0,0,5,0,0.9897312998771668,0,0,0,0
296317,0.07997061188022296,0.2616238047679265,0.3301497615801617,9.625780240389917,2,3,0,0,0,0,2,0,0.9863539636135101,0,0,0,0
446207,0.05228763818740845,0.14082484443982443,0.2331625564846694,12.646823831068128,1,1,1,0,1,1,0,0,,1,0,1,1
104603,0.0790312650303046,0.2858502169450124,0.3657822809033999,8.735546725812124,1,2,0,0,0,0,1,0,0.9880966544151306,0,0,0,0
311789,0.06198412552475929,0.1578779568274816,0.24678307302576474,12.153692641853253,2,2,1,0,1,1,1,0,0.98650062084198,1,0,1,1
215644,0.06203541780511538,0.18185682594776154,0.2523520663343947,11.95986269564563,1,9,1,0,1,1,0,0,,1,0,1,1
407868,0.07233083620667458,0.2149385909239451,0.2980891279837942,10.513077268528818,4,8,0,0,0,0,4,0,0.9850233793258667,0,0,0,0
417465,0.06047860036293665,0.1756145010391871,0.2664219479429067,11.48860001361858,1,1,0,0,0,0,1,0,0.9174394607543945,0,0,0,0
187585,0.06008062387506167,0.18572772045930228,0.29513212513451353,10.599670299374107,2,2,1,0,1,1,1,0,0.9855084419250488,1,0,1,1
449603,0.08191886047522227,0.30283039808273315,0.3850127531003401,8.290497695057311,1,2,0,0,0,0,1,0,0.986812174320221,0,0,0,0
474078,0.06318626242379348,0.2101394534111023,0.3022312999698107,10.39321121686498,6,8,1,0,1,1,5,0,0.9902586579322815,0,0,0,0
43435,0.07705802967151006,0.2730814019838969,0.39804934970748695,8.001261625007967,2,5,1,0,1,1,2,1,0.9878290295600891,0,0,0,0
466416,0.06525276477138202,0.20966519912083945,0.3018993961559163,10.402755112603018,1,14,0,0,0,0,1,0,0.9716894626617432,0,0,0,0
12280,0.062215094765027366,0.20616619288921356,0.32739680861827225,9.698511165935987,1,5,0,0,0,0,1,0,0.9844616055488586,0,0,0,0
350148,0.04312734678387642,0.11125550667444865,0.22604041432808927,12.916278106385818,9,20,1,0,1,1,8,0,0.9936349987983704,0,0,0,0
216497,0.06283453355232875,0.1784873108069102,0.2450353184350207,12.215426272222595,4,8,0,0,0,0,4,0,0.9786938279867172,0,0,0,0
286458,0.05067898581425349,0.1373791421453158,0.20862434449835063,13.612700297441133,2,5,1,0,1,1,1,0,0.9958847165107727,1,0,1,1
431693,0.06321419527133305,0.21043528119723,0.297646799361713,10.5259756623467,4,5,1,0,1,1,3,0,0.9877273042996725,0,0,0,0
217753,0.048586914936701454,0.11463672171036403,0.1748055364911218,15.14889632768616,3,18,3,0,3,1,0,0,,2,0,2,1
521601,0.0757284586628278,0.2405460625886917,0.32262262416549936,9.826103612734464,0,2,0,0,0,0,0,0,,0,0,0,0
518770,0.05626428623994192,0.177706907192866,0.2521593187192506,11.966499551202094,14,22,1,0,1,1,13,0,0.9762974885793833,0,0,0,0
467848,0.05914628878235817,0.18949457506338754,0.2926855856802266,10.671973307640158,4,3,0,0,0,0,4,0,0.9825751483440399,0,0,0,0
465822,0.05604836096366247,0.14859197040398917,0.20513170861913962,13.759344051146904,14,25,2,0,1,1,15,3,0.9849335551261902,0,0,0,0
420230,0.05423359324534734,0.1655439411600431,0.33194467325591415,9.578685922424322,1,1,0,0,0,0,1,0,0.9950001239776611,0,0,0,0
132375,0.05181717500090599,0.13375761856635413,0.224134724233516,12.989817097343222,2,7,1,0,1,1,2,1,0.9982945322990417,0,0,0,0
501005,0.06496141354242961,0.21716205279032388,0.33425212668002136,9.518516417148442,5,5,0,0,0,0,5,0,0.9882615327835083,0,0,0,0
520264,0.05964169278740883,0.1646845986445745,0.23516764829674872,12.572448476117755,10,18,0,0,0,0,10,0,0.9817429125308991,0,0,0,0
576566,0.07216352721055348,0.2174015591541926,0.35636917816890934,8.961997289673224,2,4,1,0,0,1,1,0,0.9943697452545166,1,0,0,1
578922,0.0394438145061334,0.09850721806287766,0.1441629848244132,16.82292468832238,3,7,1,0,1,1,2,0,0.9936815798282623,0,0,0,0
309964,0.05119982361793518,0.14462128529946008,0.22300165084220608,13.033838438677428,4,5,0,0,0,0,4,0,0.9861458092927933,0,0,0,0
167353,0.05767749374111494,0.18384487926959991,0.3477116633237257,9.17561482986773,1,1,1,0,0,1,0,0,,0,0,0,0
160864,0.054976763824621834,0.16349279383818308,0.2585990028844967,11.747463080419205,9,18,0,0,0,0,10,1,0.98931974834866,0,0,0,0
504635,0.06344718486070633,0.21294736862182617,0.29591238522981367,10.576737146642044,3,4,0,0,0,0,3,0,0.9953394333521525,0,0,0,0
167122,0.07239275922377904,0.23296740154425302,0.30659756381816566,10.26862600623633,1,6,0,0,0,0,1,0,0.9513745307922363,0,0,0,0
84492,0.06537981952230136,0.2028259883324305,0.3507098323565403,9.10104116492877,4,7,1,0,0,1,3,0,0.9889427423477173,0,0,0,0
297085,0.0623455544312795,0.1690749873717626,0.25571641045494836,11.844828009567927,1,6,0,0,0,0,1,0,0.9842593669891357,0,0,0,0
308753,0.05469567204515139,0.1950140744447708,0.23752169582940888,12.485934293527759,1,1,0,0,0,0,1,0,0.9827967286109924,0,0,0,0
136715,0.0483710045615832,0.13458079348007837,0.22261639223926113,13.048857195628488,7,20,2,0,2,1,5,0,0.9812738060951233,1,0,1,1
159282,0.06126509482661883,0.1634735365708669,0.24339077174624554,12.273917844687725,1,2,1,0,1,1,0,0,,0,0,0,0
38576,0.05854350576798121,0.16501250118017197,0.31230954613800194,10.108294816087945,3,4,0,0,0,0,3,0,0.9949587186177572,0,0,0,0
474170,0.0896960807343324,0.30146180589993793,0.36827358707696484,8.676588560619372,2,2,0,1,0,1,1,0,0.9497920274734497,0,1,0,1
387148,0.07831127569079399,0.2711771676937739,0.3527228064331093,9.051329174224128,8,14,0,0,0,0,8,0,0.9750327467918396,0,0,0,0
415990,0.07768218343456586,0.24929004410902658,0.34324959099907854,9.287799431537131,10,16,0,0,0,0,10,0,0.9792641401290894,0,0,0,0
351096,0.05810749903321266,0.15102987239758173,0.22221142708549602,13.064672229903874,1,2,1,0,1,1,0,0,,0,0,0,0
53909,0.05694000174601873,0.12893740087747574,0.2536485016848973,11.915353974789074,2,2,1,0,1,1,1,0,0.9742047786712646,1,0,1,1
208423,0.07453257218003273,0.18950129548708597,0.2494855815655237,12.059090966941817,12,19,4,0,2,1,8,0,0.9866507947444916,0,0,0,0
7386,0.0597303273777167,0.18376773595809937,0.2961473323754723,10.569843500530318,1,5,1,0,1,1,0,0,,1,0,1,1
273642,0.053492690126101174,0.13845203320185342,0.27048772489210227,11.35704877991624,2,2,1,0,1,1,1,0,0.9941457509994507,1,0,1,1
166478,0.052889435241619744,0.158163716395696,0.27049815250328324,11.35671393538997,5,8,0,0,0,0,5,0,0.9871865272521972,0,0,0,0
272416,0.05193737025062243,0.1480625495314598,0.21590196417506752,13.314868132795414,1,1,0,0,0,0,1,0,0.9965091943740845,0,0,0,0
301376,0.06506102035442989,0.19488327701886496,0.3237405834090594,9.796057099632192,10,21,2,0,1,1,8,0,0.9743551313877106,0,0,0,0
499031,0.050262508913874626,0.158423513174057,0.337988276592772,9.42196726659881,4,4,0,0,0,0,4,0,0.9945244640111923,0,0,0,0
229553,0.06713039303819339,0.21956530710061392,0.35750348581498403,8.934394385631046,2,2,1,0,1,1,1,0,0.9964228272438049,0,0,0,0
544306,0.08295653015375137,0.2903154641389847,0.39383166875919867,8.093787286843815,2,2,0,0,0,0,2,0,0.9936225712299347,0,0,0,0
532530,0.05502486042678356,0.1811621238787969,0.2629603085133449,11.602195987962418,2,6,0,0,0,0,2,0,0.9547685086727142,0,0,0,0
103585,0.07667415589094162,0.22052620351314545,0.34706619481877216,9.191753714393592,4,4,0,0,0,0,4,0,0.9883341789245605,0,0,0,0
129322,0.06225155976911386,0.2125705381234487,0.3480222563152288,9.167859633377754,1,1,0,0,0,0,1,0,0.9953184127807617,0,0,0,0
196009,0.04653015608588854,0.12298774719238281,0.1871791461014363,14.55485076554433,3,3,3,0,3,1,0,0,,1,0,1,1
248752,0.07220259805520375,0.23092788457870483,0.3117106554913211,10.12496703165366,3,2,2,0,1,1,1,0,0.9834949374198914,2,0,1,1
353970,0.059648990631103516,0.15284529079993567,0.24610948729731863,12.177432886329477,1,2,0,0,0,0,1,0,0.929283618927002,0,0,0,0
509014,0.0809252733985583,0.2777967005968094,0.34171536937764446,9.32670974882477,5,21,0,0,0,0,5,0,0.9836199760437012,0,0,0,0
482275,0.04826814619203409,0.1422478953997294,0.2067755513508595,13.690016249773254,12,19,1,0,0,1,12,1,0.9851242195476185,0,0,0,0
158548,0.07785394911964734,0.26866986850897473,0.3797728187029427,8.409522440729813,4,19,0,0,0,0,4,0,0.9876445531845093,0,0,0,0
328601,0.060964918384949364,0.1721493328611056,0.30689131835693656,10.26030794286606,2,3,1,0,1,1,1,0,0.9866589903831482,1,0,1,1
120584,0.059648154924313225,0.1843880588809649,0.32294878626489154,9.817326866445159,1,1,0,0,0,0,1,0,0.9912326335906982,0,0,0,0
477288,0.04885546614726385,0.1164658044775327,0.21797779958775174,13.231754715751858,11,15,3,0,2,1,8,0,0.9898448884487152,0,0,0,0
98018,0.05866232328116894,0.18413731952508292,0.25047936178944696,12.024561039064805,1,5,0,0,0,0,1,0,0.9844238758087158,0,0,0,0
47010,0.06020690004030863,0.2000047912200292,0.25464054767362604,11.881448806357318,4,4,0,0,0,0,4,0,0.9925053864717484,0,0,0,0
462031,0.061982875068982445,0.19861142337322235,0.34094261232449397,9.346374311541489,2,3,1,0,1,1,1,0,0.9970835447311401,1,0,1,1
163314,0.05902092903852463,0.18558486302693686,0.26422245393748856,11.56060556586175,7,21,0,0,0,0,7,0,0.972250623362405,0,0,0,0
281693,0.06167988975842794,0.1930651217699051,0.26975119547319076,11.3807324390171,3,6,0,0,0,0,3,0,0.9875757495562235,0,0,0,0
872,0.052363586301604904,0.17182995875676474,0.2668395896581808,11.474994717406386,2,4,1,0,1,1,1,0,0.9919109344482422,0,0,0,0
230362,0.07048174987236659,0.22537334263324738,0.3315283937407138,9.589585410533005,2,13,0,0,0,0,2,0,0.9782332181930542,0,0,0,0
455872,0.06485254007081191,0.21825972199440002,0.3169702088277697,9.979631080547207,1,2,0,0,0,0,1,0,0.8463312387466431,0,0,0,0
562059,0.043616061409314476,0.12312781314055125,0.276537258347723,11.164926943263893,5,6,1,0,1,1,4,0,0.9963889867067337,1,0,1,1
67534,0.07769742111365001,0.22290617724259695,0.3641914015473009,8.773406239720504,2,3,1,0,1,1,1,0,0.956784725189209,1,0,1,1
119445,0.06940540547172229,0.20812601844469705,0.29532461455295006,10.594007083792388,5,6,0,0,0,0,5,0,0.9820342659950256,0,0,0,0
193494,0.05885468112925688,0.18429752935965857,0.33120800227206254,9.597983576594872,1,1,0,0,0,0,1,0,0.9944261908531189,0,0,0,0
274272,0.050244765977064766,0.15069138507048288,0.2217973467729437,13.080873067142205,4,9,0,0,0,0,4,0,0.9962262213230133,0,0,0,0
11511,0.05556943267583847,0.16025189558664957,0.23327662862055484,12.64257539725522,7,10,0,0,0,0,7,0,0.977807377065931,0,0,0,0
144706,0.058612837766607605,0.19057057797908783,0.2594666030641234,11.718370678342296,2,7,1,0,1,1,1,0,0.9848363995552063,0,0,0,0
427077,0.07898047938942909,0.2304680347442627,0.3571685399747034,8.942536030221662,1,2,0,0,0,0,1,0,0.9920470714569092,0,0,0,0
377882,0.055748808508117996,0.17079420387744904,0.24172198640451403,12.333676909936573,0,14,0,0,0,0,0,0,,0,0,0,0
473118,0.06591001028815906,0.19691881040732065,0.3331100870595985,9.54824432077906,3,3,0,0,0,0,3,0,0.9875695904095968,0,0,0,0
507893,0.07429572567343712,0.2352720002333323,0.3492705310822348,9.13676110879113,2,2,1,0,1,1,1,0,0.9935632348060608,0,0,0,0
516143,0.06147259846329689,0.1981902668873469,0.3414335294652521,9.333876650557842,2,2,0,0,0,0,2,0,0.9842557907104492,0,0,0,0
42276,0.05315721407532692,0.14515758802493414,0.2489107253768154,12.079127791282412,1,2,0,0,0,0,1,0,0.9911006689071655,0,0,0,0
172946,0.053056115905443825,0.1369690795739492,0.28890207478965224,10.784986783991,5,21,0,1,0,1,5,0,0.9835497885942459,0,0,0,0
135902,0.04567393660545349,0.14826967815558115,0.22448719744364373,12.976168437366663,3,3,0,0,0,0,3,0,0.9892349044481913,0,0,0,0
252332,0.0473212276895841,0.14133201787869135,0.23394960071526077,12.617553833740951,1,1,1,0,1,1,0,0,,1,0,1,1
541952,0.08555475994944572,0.26936912536621094,0.3873217632386537,8.238561994752347,1,1,0,0,0,0,1,0,0.9925627708435059,0,0,0,0
369370,0.05047859624028206,0.12464670340220134,0.1996913274881737,13.992815918992193,4,7,0,0,0,0,4,0,0.9926490783691406,0,0,0,0
236592,0.058693169305721916,0.1722229371468226,0.2536890759044189,11.913964670273758,2,2,2,0,2,1,0,0,,1,0,1,1
127624,0.06416492785016696,0.2071158935626348,0.31608015839104475,10.004055313941752,0,1,0,0,0,0,0,0,,0,0,0,0
140076,0.05719641099373499,0.1625594695409139,0.2477197527867545,12.120787241374787,8,21,0,0,0,0,9,1,0.9893931373953819,0,0,0,0
565469,0.08389345246056716,0.24622620145479837,0.37325951662893647,8.559782213693287,2,1,2,0,1,1,0,0,,1,0,1,1
483531,0.05615677249928316,0.1605057269334793,0.258472869546246,11.751700712887232,1,1,0,0,0,0,1,0,0.9957815408706665,0,0,0,0
134882,0.04314503073692322,0.11758941411972046,0.19643804610834267,14.135487885492564,3,17,0,0,0,0,3,0,0.9881804982821146,0,0,0,0
201148,0.07054581741491954,0.2511896888415019,0.3606717497721353,8.857757464059882,2,4,0,0,0,0,2,0,0.9872405230998993,0,0,0,0
462629,0.06419731428225835,0.17326855659484863,0.26079728395664703,11.673938716531108,7,9,0,0,0,0,7,0,0.9890127778053284,0,0,0,0
231831,0.05288040762146314,0.12630847841501236,0.24659819723407095,12.160202053115313,1,9,0,0,0,0,1,0,0.995150625705719,0,0,0,0
66886,0.05161503702402115,0.15503216783205667,0.2403514419128229,12.383065362289464,2,1,1,0,0,1,1,0,0.9957022666931152,1,0,0,1
349480,0.05048835898439089,0.1257544830441475,0.1958462368771913,14.161695377310487,4,17,0,0,0,0,5,1,0.9880648702383041,0,0,0,0
54605,0.04475128588577112,0.09570350001255672,0.17988795484259204,14.899958314026021,8,15,2,0,1,1,8,2,0.9883576035499573,2,0,1,1
57149,0.06291233624021213,0.19830683867136636,0.3051838874096855,10.308767985364344,4,6,2,0,2,1,2,0,0.9870676696300507,0,0,0,0
553094,0.07987605780363083,0.288667693734169,0.3955052202792853,8.056955597382956,1,1,0,0,0,0,1,0,0.9936715960502625,0,0,0,0
105014,0.05199061085780462,0.13822365552186966,0.3034207348790648,10.359094882596532,3,6,1,0,0,1,3,1,0.9848024547100067,1,0,0,1
203629,0.05222433308760325,0.16073734313249588,0.22319276423510084,13.026397781042728,11,14,4,0,1,1,7,0,0.9699027708598545,0,0,1,1
322724,0.0782818632821242,0.2753161241610845,0.3771954374836947,8.468671381665489,2,3,0,0,0,0,2,0,0.986376166343689,0,0,0,0
414510,0.059962029258410134,0.17285194247961044,0.30544079907657923,10.301459055455586,8,13,0,0,0,0,8,0,0.9756713956594467,0,0,0,0
555597,0.05703784835835298,0.15911397337913513,0.25089000042576687,12.010332955170771,8,16,1,0,1,1,7,0,0.9879832693508693,0,0,0,0
290248,0.04714351147413254,0.14969618618488312,0.2018906152216224,13.897677370725185,10,26,4,0,3,1,6,0,0.9833832780520121,0,0,0,0
58636,0.056041104098161064,0.2126536120971044,0.340455661620122,9.358788786186075,0,0,0,0,0,0,0,0,,0,0,0,0
568584,0.06286223853627841,0.176376610994339,0.26346223685466974,11.585632504735997,3,4,0,0,0,0,3,0,0.9868629773457845,0,0,0,0
33368,0.08335334186752637,0.2896389067173004,0.41587986594267834,7.620642093862891,2,3,0,0,0,0,2,0,0.9876689910888672,0,0,0,0
350405,0.07977363715569179,0.27235231300195056,0.39622672253866176,8.041124757689776,3,3,0,0,0,0,3,0,0.9931634267171224,0,0,0,0
193162,0.06565152605374654,0.22578993936379751,0.2937953697616883,10.639101060145638,3,5,0,0,0,0,3,0,0.9859945774078369,0,0,0,0
435205,0.0547751858830452,0.17706643541653952,0.27254653856523553,11.291186585810532,2,2,0,0,0,0,2,0,0.9958272874355316,0,0,0,0
140286,0.0559729915112257,0.16345528761545816,0.2414494963178165,12.343473924686329,2,3,0,0,0,0,2,0,0.9934442937374115,0,0,0,0
300842,0.06253268073002498,0.1888598452011744,0.25830042753956517,11.757497499613773,1,1,0,0,0,0,1,0,0.990614116191864,0,0,0,0
341469,0.05155107378959656,0.14136569698651633,0.2773168640022639,11.140474392039435,5,13,0,0,0,0,5,0,0.9880539417266846,0,0,0,0
351559,0.07913424571355183,0.2812882363796234,0.3542183928927759,9.014577833870469,1,1,0,0,0,0,1,0,0.9789128303527832,0,0,0,0
59635,0.0569699884702762,0.16884165505568186,0.2451128607722932,12.212678024986284,11,25,1,0,0,1,11,1,0.9814615488052368,0,0,0,0
40757,0.06614542007446289,0.18242518603801727,0.3213934932301979,9.859258399793578,1,3,0,0,0,0,1,0,0.8393411636352539,0,0,0,0
178469,0.04693698758880297,0.12353295832872391,0.2074239137021356,13.66282351340589,2,7,0,0,0,0,2,0,0.9877122640609741,0,0,0,0
92416,0.053897989292939506,0.15766044706106186,0.28185379219060214,10.999522352134086,6,8,1,1,2,1,5,1,0.9764753878116608,0,1,1,1
500826,0.06994008397062619,0.22724915544191995,0.3117768895634397,10.123121599944788,1,1,1,0,1,1,0,0,,0,0,0,0
260470,0.04994472364584605,0.13464801013469696,0.19780067695186312,14.075444528188761,7,22,2,0,2,1,5,0,0.9868401765823365,0,0,0,0
329614,0.07443853591879208,0.24886263410250345,0.3024742436079754,10.386232012638018,8,11,0,0,0,0,8,0,0.9778190031647682,0,0,0,0
527029,0.042351224149266876,0.10306739558776219,0.1534947602259536,16.27812890455608,1,15,0,0,0,0,1,0,0.9973649978637695,0,0,0,0
85089,0.051160357892513275,0.14263954758644104,0.22319127158545657,13.026455869993221,5,7,3,0,2,1,2,0,0.9670291841030121,3,0,2,1
306139,0.05402053023378054,0.14179427673419318,0.2104114303795573,13.538613425733917,18,26,0,0,0,0,18,0,0.984674506717258,0,0,0,0
194940,0.04808012768626213,0.13373496383428574,0.21548397334571656,13.331700500445363,5,12,0,0,0,0,6,1,0.9866960883140564,0,0,0,0
355905,0.061189815402030945,0.19456168015797934,0.2604190280029786,11.686545728130334,1,1,0,0,0,0,1,0,0.9960931539535522,0,0,0,0
209829,0.08069784318407376,0.29184989631175995,0.3915247433086398,8.144815729957601,3,4,0,0,0,0,3,0,0.9851358532905579,0,0,0,0
255718,0.05336257380743822,0.17242664595444998,0.31631416633118503,9.997627149880817,1,1,1,0,1,1,0,0,,0,0,0,0
540414,0.05194743908941746,0.14548918108145395,0.1948528734629685,14.2058637071092,11,23,1,0,1,1,10,0,0.9800701260566711,0,0,0,0
460682,0.09507525836428006,0.34977294504642487,0.4502118598628003,6.931661372621659,1,1,0,0,0,0,1,0,0.9927955269813538,0,0,0,0
265816,0.05907383685310682,0.17792043586572012,0.27059354250002104,11.353651434152287,3,5,0,0,0,0,3,0,0.9905592997868856,0,0,0,0
104198,0.053487157449126244,0.1706815386811892,0.2518343760357508,11.977699757506366,1,1,1,0,1,1,0,0,,1,0,1,1
139871,0.06536865234375,0.21750970681508383,0.33481427616355924,9.503920647573622,1,1,0,0,0,0,1,0,0.9954136610031128,0,0,0,0
419098,0.04360996062556902,0.12544556458791098,0.1684231163547034,15.471966022012166,1,3,1,0,0,1,0,0,,1,0,0,1
147338,0.050308194011449814,0.1521007070938746,0.2912442812927758,10.714851868837753,4,6,1,0,1,1,3,0,0.9947208166122437,0,0,0,0
567825,0.05387114609281222,0.14196061342954636,0.30210134941298233,10.396946696699027,4,3,2,0,2,1,2,0,0.9901075661182404,0,0,0,0
217285,0.04973747208714485,0.14233500262101492,0.2227288721086905,13.044469643626236,7,24,0,0,0,0,7,0,0.9837121793201992,0,0,0,0
231169,0.057029628505309425,0.20452878872553507,0.3096179128419198,10.183478425974249,1,1,0,0,0,0,1,0,0.9739069938659668,0,0,0,0
199236,0.0634769747654597,0.1944306194782257,0.28503549645882775,10.902021048513486,4,14,0,0,0,0,4,0,0.9829218536615372,0,0,0,0
71711,0.05581212850908438,0.16060663014650345,0.23895168563157362,12.433798029969092,6,15,0,0,0,0,6,0,0.9744481643040975,0,0,0,0
127955,0.0623239241540432,0.17957553267478943,0.29165090261084553,10.702733503259605,2,2,2,0,2,1,0,0,,0,0,0,0
158945,0.05211680009961128,0.1647167975703875,0.30364282534853354,10.352739523718423,4,4,0,0,0,0,4,0,0.9930843114852905,0,0,0,0
242411,0.08083837355176608,0.22339809437592825,0.35054261201603215,9.105183631631252,5,10,0,0,0,0,5,0,0.9865414500236511,0,0,0,0
253002,0.045924097299575806,0.15969671308994293,0.2579849115177097,11.768113868039256,0,1,0,0,0,0,0,0,,0,0,0,0
6954,0.053236244867245354,0.1622239649295807,0.24081471607733562,12.36633954131589,7,7,0,0,0,0,7,0,0.9855457884924752,0,0,0,0
376442,0.05519683659076691,0.1667709449927012,0.3003188917276678,10.448346948093793,1,2,0,0,0,0,1,0,0.9934582114219666,0,0,0,0
147725,0.0672835260629654,0.21605904400348663,0.31396888474310963,10.062267793564166,6,10,1,0,1,1,5,0,0.9909179329872131,0,0,0,0
22589,0.06291852270563443,0.19051193197568259,0.2577518982707274,11.775962551502587,1,2,0,0,0,0,2,1,0.9933559894561768,0,0,0,0
416170,0.0663630049675703,0.22594461341698965,0.35299942775325577,9.044519972912374,1,2,0,0,0,0,1,0,0.992451548576355,0,0,0,0
441553,0.056964547683795295,0.17125344773133597,0.24700424471450275,12.145911668390006,10,17,0,0,0,0,10,0,0.9808805406093597,0,0,0,0
2157,0.051627784967422485,0.1378487373391787,0.20833164685779548,13.624895060790257,9,16,0,1,1,1,9,0,0.983684167265892,0,1,1,1
90003,0.07004320497314136,0.2473103553056717,0.3449752852055135,9.244240352641388,3,3,0,0,0,0,3,0,0.9903238415718079,0,0,0,0
438876,0.057690720384319626,0.18964608013629913,0.2749833522122302,11.213871960574178,3,3,0,0,0,0,3,0,0.9851482113202413,0,0,0,0
435299,0.057171943287054695,0.1713340828816096,0.25278656445316006,11.944920248530016,2,2,0,0,0,0,2,0,0.9746770560741425,0,0,0,0
119233,0.05558281019330025,0.14848868548870087,0.23338583799210388,12.63851001538331,3,9,0,0,0,0,4,1,0.9886906743049622,0,0,0,0
267191,0.04444168135523796,0.12362362444400787,0.20604754325782723,13.720651185605599,4,5,0,0,0,0,4,0,0.9915604293346405,0,0,0,0
166166,0.06231523181001345,0.15139595170815787,0.22695665175754434,12.881141684352357,6,9,1,0,0,1,6,1,0.9871884942054748,0,0,0,0
182923,0.052408323933680855,0.15123037000497183,0.25103684510503643,12.005250634008553,4,15,0,0,0,0,4,0,0.9882973581552505,0,0,0,0
84477,0.061981516579786934,0.19752600292364755,0.284048879778642,10.932138382753893,3,3,0,0,0,0,3,0,0.9860326250394186,0,0,0,0
518326,0.050726174687345825,0.15776134530703226,0.2501485372458342,12.036040646570463,1,5,0,0,0,0,1,0,0.9910566806793213,0,0,0,0
133233,0.06993050500750542,0.23926697671413422,0.3211546037534125,9.86571695981857,1,13,0,0,0,0,1,0,0.9844529628753662,0,0,0,0
64898,0.07601551463206609,0.2872972935438156,0.36231137972863436,8.81836050254209,2,4,0,0,0,0,3,1,0.930527001619339,0,0,0,0
210299,0.08521609132488568,0.29174597561359406,0.42211982424358196,7.4912850271594245,2,2,0,0,0,0,2,0,0.9910077750682831,0,0,0,0
360097,0.053526906917492546,0.1745779017607371,0.2514456931083147,11.991115975990297,6,14,0,0,0,0,6,0,0.974902351697286,0,0,0,0
54628,0.0504945752521356,0.12391607215007146,0.25067401703595954,12.017813587505497,4,23,1,0,1,1,3,0,0.9883135557174683,0,0,0,0
508586,0.07575422897934914,0.2503579060236613,0.3178746100019216,9.954883192973837,6,10,1,0,1,1,5,0,0.9886228680610657,0,0,0,0
258883,0.0586981326341629,0.15051245937744775,0.29474511631835504,10.61106764143853,4,6,0,0,0,0,4,0,0.9894344657659531,0,0,0,0
180798,0.04577641747891903,0.12993993858496347,0.2625350111249138,11.616255435678784,1,1,1,0,1,1,0,0,,1,0,1,1
246963,0.0732421763241291,0.24497957527637482,0.3313342749481858,9.594672722087621,10,11,1,0,1,1,9,0,0.9848962161276076,0,0,0,0
146825,0.06983853504061699,0.22949563463528952,0.3674941989228113,8.694990241565622,5,10,0,0,0,0,5,0,0.9812004089355468,0,0,0,0
121591,0.06923862484594186,0.24315951267878214,0.3392334752553732,9.39002597020736,2,2,0,0,0,0,2,0,0.9860088229179382,0,0,0,0
57238,0.05736753965417544,0.1546791965762774,0.2764083928008552,11.168975485597784,2,4,0,0,0,0,2,0,0.9900785982608795,0,0,0,0
122672,0.07143316293756168,0.24173791706562042,0.32449398666967844,9.775866937541839,2,2,0,0,0,0,3,1,0.9807466864585876,0,0,0,0
181969,0.05181300019224485,0.11592578639586766,0.17695411808086575,15.042786519926295,1,2,0,0,0,0,1,0,0.9929085969924927,0,0,0,0
415238,0.07066051599880059,0.20770126084486643,0.27832004005821587,11.109110435061256,2,3,0,0,0,0,2,0,0.9815056324005127,0,0,0,0
85329,0.05840363043049971,0.19546262919902802,0.2702156769511966,11.36578916727947,1,2,0,0,0,0,1,0,0.9973810911178589,0,0,0,0
218997,0.04597248695790768,0.11171132326126099,0.14772409148523688,16.610973445705014,8,27,0,0,0,0,8,0,0.9841941297054291,0,0,0,0
128654,0.07880678400397301,0.2386276125907898,0.3766751830269985,8.480659840663638,2,2,0,0,0,0,2,0,0.9929154217243195,0,0,0,0
125572,0.0674058956404527,0.22047600150108337,0.2890342416377604,10.78101407404404,13,28,1,0,0,1,12,0,0.9794554859399796,0,0,0,0
222991,0.07916370903452237,0.2224608212709427,0.34109361156211093,9.342528290791071,0,1,0,0,0,0,0,0,,0,0,0,0
248400,0.04918768505255381,0.15034051487843195,0.22846465303392455,12.823619647530204,4,4,1,0,1,1,3,0,0.9915382464726766,0,0,0,0
2006,0.044594155003627144,0.13236950089534125,0.224232489078061,12.98602924382295,4,8,1,0,1,1,3,0,0.9823302030563354,0,0,0,0
434247,0.08526584381858508,0.2949548214673996,0.438099585860665,7.168543147279357,5,26,1,0,1,1,4,0,0.9782524406909943,0,0,0,0
284282,0.062241505831480026,0.18399277329444885,0.2832310323950594,10.9571832922733,0,1,0,0,0,0,0,0,,0,0,0,0
537991,0.047366928309202194,0.11610537022352219,0.18297967261451079,14.751943075521545,6,7,1,0,1,1,5,0,0.9945068120956421,0,0,0,0
90891,0.04839069520433744,0.1340471530954043,0.2133714831022753,13.417272481632086,9,18,0,0,0,0,9,0,0.9822097884284126,0,0,0,0
79034,0.07120591153701146,0.2342980553706487,0.32345154979408564,9.80381527257485,1,6,0,0,0,0,1,0,0.9928433895111084,0,0,0,0
283717,0.05165346215168635,0.1280605892340342,0.18582977309134804,14.617694068053119,2,3,2,0,1,1,0,0,,2,0,1,1
191672,0.08072169373432796,0.30881763497988385,0.39104159543109773,8.15554087738256,1,2,0,0,0,0,2,1,0.9916245937347412,0,0,0,0
383339,0.09387702991565068,0.3264775474866231,0.4206978578665643,7.52059398685756,1,2,0,0,0,0,1,0,0.9846634864807129,0,0,0,0
21604,0.06602631385127704,0.19464266300201416,0.3385699533839186,9.407031725402364,2,2,1,0,1,1,1,0,0.9932162165641785,1,0,1,1
129062,0.05422071491678556,0.15050213287274042,0.20773521320483274,13.649797598972969,3,7,1,0,1,1,2,0,0.9822619259357452,1,0,1,1
578967,0.05433126538991928,0.17367030680179596,0.2821694002791005,10.989801697564223,1,1,0,0,0,0,1,0,0.9960809946060181,0,0,0,0
295316,0.09198365236322086,0.30725888907909393,0.3905921353817824,8.165530110603857,4,8,2,0,2,1,2,0,0.9898814857006073,1,0,1,1
402473,0.06671962638696034,0.202861358722051,0.31096242046496053,10.145841838165794,2,2,0,0,0,0,2,0,0.9942263960838318,0,0,0,0
170099,0.049654378866155945,0.13738904893398285,0.20272034359135532,13.86205332745822,3,3,1,0,1,1,2,0,0.9973092377185822,0,0,0,0
378454,0.09893644725282986,0.32660970091819763,0.4323315093127184,7.283662218683537,2,2,0,0,0,0,2,0,0.9893838167190552,0,0,0,0
171757,0.07099282555282116,0.21856684486071268,0.28898449820671857,10.782509063474421,3,9,1,0,1,1,2,0,0.9926156401634216,0,0,0,0
562843,0.048047926276922226,0.11749780674775441,0.1896683829542511,14.440101168510646,3,3,3,0,3,1,0,0,,1,0,1,1
42888,0.05488791813453039,0.2078724354505539,0.2769738129585202,11.151225804648305,0,0,0,0,0,0,0,0,,0,0,0,0
31322,0.06049091120560964,0.18387734393278757,0.23299715132994694,12.652987774264828,11,26,3,0,2,1,8,0,0.9618934318423271,0,0,0,0
86483,0.06330976200600465,0.17102730770905814,0.23865823799175556,12.444471401725705,0,3,0,0,0,0,0,0,,0,0,0,0
491725,0.0632360198845466,0.19721905887126923,0.255551518644131,11.850430677128799,2,11,2,0,1,1,0,0,,0,0,0,0
27932,0.046386021499832474,0.13957704355319342,0.20226767856322195,13.881470198573588,1,1,1,0,0,1,0,0,,1,0,0,1
471789,0.06748681763807933,0.21950479845205942,0.3125182295839117,10.102492892683482,7,15,1,0,0,1,7,1,0.9797258873780569,0,0,0,0
529568,0.05402200172344843,0.15243234982093176,0.266984576402309,11.470276538764384,4,35,1,0,0,1,4,1,0.9784515102704366,0,0,0,0
303893,0.05703567651410898,0.1682200680176417,0.24894381955380554,12.077973026814155,3,6,0,0,0,0,3,0,0.9923472007115682,0,0,0,0
139883,0.08060041069984436,0.27907108267148334,0.3660927375177492,8.728177729785443,1,4,1,0,1,1,0,0,,0,0,0,0
192871,0.05289869010448456,0.1504945456981659,0.21796130588714846,13.232411974811358,3,10,0,0,0,0,4,1,0.9912596344947815,0,0,0,0
463842,0.053973099837700524,0.17287574708461761,0.22738886862156293,12.864615983340002,12,14,0,0,0,0,12,0,0.9832012057304382,0,0,0,0
355325,0.04674705366293589,0.11503353466590245,0.2319370878776813,12.692595999835781,6,11,2,0,2,1,4,0,0.9690603017807007,0,0,0,0
505565,0.08666915446519852,0.26952187220255536,0.3677061990792114,8.689980967855254,3,4,0,0,0,0,3,0,0.9942897359530131,0,0,0,0
442306,0.04236887829999129,0.131850096086661,0.16841259042434398,15.472508880549011,2,2,0,0,0,0,2,0,0.9959110021591187,0,0,0,0
172571,0.05478030319015185,0.15073134501775107,0.24045420596166203,12.379352439180032,4,8,2,0,2,1,3,1,0.9958581030368805,0,0,0,0
350488,0.06571542595823605,0.22071143488089243,0.3107357281779836,10.152176179929706,1,1,0,0,0,0,1,0,0.9895268082618713,0,0,0,0
372260,0.058743204921483994,0.17523099978764853,0.3148148995733623,10.038894430365794,5,12,0,0,0,0,5,0,0.9866081595420837,0,0,0,0
571943,0.0539660689731439,0.15991284201542535,0.2233070199247227,13.021952482892786,1,1,1,0,1,1,0,0,,1,0,1,1
440507,0.05309747407833735,0.14822220553954443,0.23494214609974187,12.580781369284058,1,3,0,0,0,0,1,0,0.9934250116348267,0,0,0,0
243034,0.08400617788235347,0.26718325912952423,0.3904300085995838,8.16913619365446,2,11,0,0,0,0,2,0,0.9744393527507782,0,0,0,0
291619,0.08320948481559753,0.27984340985616046,0.36255790130490073,8.812452515147859,3,3,0,0,0,0,3,0,0.9843892256418864,0,0,0,0
191845,0.05448927854498228,0.15713438640038171,0.20561939954500444,13.738718268448393,15,37,5,0,2,1,10,0,0.9900460541248322,1,0,0,1
249129,0.05756310994426409,0.16608167936404547,0.2433543023786813,12.275219424998507,9,17,1,0,1,1,8,0,0.9819582551717758,0,0,0,0
458992,0.048963759715358414,0.11645389099915822,0.2256009985659631,12.933179647787398,3,4,0,0,0,0,3,0,0.9821999669075012,0,0,0,0
263463,0.06209757551550865,0.16350286702315012,0.26032827797611796,11.689573087914598,2,4,0,0,0,0,2,0,0.7714114189147949,0,0,0,0
198489,0.05764054258664449,0.18420607348283133,0.3409607594426626,9.345912005964994,5,4,1,0,0,1,4,0,0.9926818162202835,0,0,0,0
347930,0.04515959322452545,0.12450668215751648,0.21009036364073475,13.551877344420845,2,3,0,0,0,0,2,0,0.9907813668251038,0,0,0,0
110211,0.0710137312610944,0.23910070955753326,0.3232650032217023,9.808826194214213,4,5,0,0,0,0,4,0,0.9932111650705338,0,0,0,0
32941,0.06927585850159328,0.22321321566899618,0.35602161199659177,8.970472754813665,4,13,0,0,0,0,4,0,0.9766076952219009,0,0,0,0
486438,0.04782905926307043,0.1265565330783526,0.20055475989399874,13.955340523443063,8,9,1,4,5,1,3,0,0.9787245392799377,0,3,3,1
484351,0.05435796082019806,0.13295254359642664,0.2011094401666291,13.931350858970157,19,32,2,0,2,1,17,0,0.9875277280807495,0,0,0,0
109992,0.08067218214273453,0.2686810592810313,0.36847463068833913,8.671848155085781,1,2,0,0,0,0,2,1,0.9797743558883667,0,0,0,0
549167,0.0625407521923383,0.19131671885649362,0.3344206842213966,9.514137377925698,2,7,0,0,0,0,2,0,0.9942507743835449,0,0,0,0
572408,0.08060889566938083,0.2507675389448802,0.36446283360533904,8.766935052439447,3,5,0,0,0,0,3,0,0.983569065729777,0,0,0,0
84270,0.04929457108179728,0.1444121872385343,0.20846020848647728,13.619536644403196,15,26,0,0,0,0,16,1,0.9764760613441468,0,0,0,0
525322,0.0852000614007314,0.29926931858062744,0.4105177770313868,7.733360629625511,2,2,0,0,0,0,2,0,0.987999677658081,0,0,0,0
223789,0.05994921177625656,0.17529510955015817,0.334013603386464,9.524716905962139,2,3,0,0,0,0,2,0,0.96534463763237,0,0,0,0
227765,0.047723885625600815,0.10952911774317424,0.1812239791122694,14.835686761535998,8,8,5,0,1,1,4,1,0.9844805002212524,1,0,1,1
480936,0.05211402475833893,0.13050839056571326,0.24065858960583708,12.371972656724534,1,5,0,0,0,0,1,0,0.9810943007469177,0,0,0,0
190236,0.06807009503245354,0.19019746283690134,0.27203553568966937,11.307487217411936,11,28,2,0,2,1,9,0,0.9797223077880012,0,0,0,0
85911,0.08286227285861969,0.29425091048081714,0.3670068930439997,8.70651557692771,1,1,0,0,0,0,1,0,0.9875317811965942,0,0,0,0
88269,0.04313192702829838,0.10465688010056813,0.18287924021920746,14.756711824856348,4,4,1,0,1,1,3,0,0.9953756332397461,1,0,1,1
166259,0.05477765575051308,0.19307134052117667,0.27075382377185786,11.348508025074706,4,4,0,0,0,0,4,0,0.9913598448038101,0,0,0,0
351331,0.048216128100951515,0.12182501951853435,0.20578801005247702,13.731598647811731,3,3,1,0,1,1,2,0,0.9930782914161682,1,0,1,1
155145,0.0775155524412791,0.24827922880649567,0.3222915932452286,9.835020452261812,4,7,0,0,0,0,4,0,0.9873713105916977,0,0,0,0
43816,0.05923498670260111,0.194032222032547,0.270225577936563,11.36547091301804,6,5,0,0,0,0,6,0,0.9805368979771932,0,0,0,0
50149,0.052169871206084885,0.12613230695327124,0.1960530314503277,14.152528761540118,3,14,3,0,2,1,0,0,,1,0,1,1
428562,0.045693280175328255,0.11699354896942775,0.18887633108496252,14.476449240000292,6,15,2,0,2,1,5,1,0.9915495663881302,0,0,0,0
136033,0.06500937417149544,0.1978303144375483,0.2809895392935929,11.026196955039504,1,2,0,0,0,0,1,0,0.9916183352470398,0,0,0,0
248112,0.07060358052452405,0.24239519238471985,0.35207565137856944,9.067280170994616,4,4,0,0,0,0,4,0,0.9781179428100586,0,0,0,0
257084,0.06020590911308924,0.1713639199733734,0.2572789139263289,11.791916125050598,9,11,4,0,3,1,5,0,0.9869558572769165,0,0,0,0
99053,0.043684336667259537,0.0981585681438446,0.15594365627493692,16.140645749438566,3,8,1,0,0,1,2,0,0.9863928854465485,1,0,0,1
345466,0.06037873402237892,0.17380871872107187,0.2686300677982997,11.41690756617929,6,11,1,0,1,1,5,0,0.9917952418327332,0,0,0,0
187362,0.08713594079017639,0.3110477278629939,0.3847743323149795,8.295878135271284,2,2,0,0,0,0,2,0,0.9896012842655182,0,0,0,0
359833,0.06354058533906937,0.1559916834036509,0.2896206410778453,10.763409789638631,5,10,2,1,2,1,2,0,0.9853672981262207,0,0,0,0
172083,0.07026563833157222,0.2054958939552307,0.277104393200369,11.147131777566923,0,4,0,0,0,0,0,0,,0,0,0,0
322352,0.04720492598911127,0.12220792472362518,0.1816681929630741,14.814422073522094,10,14,0,0,0,0,10,0,0.9850867688655853,0,0,0,0
307658,0.04146795719861984,0.1152780254681905,0.1531207142790406,16.299321073225205,1,1,1,0,1,1,0,0,,0,0,0,0
222235,0.057968864838282265,0.1806744486093521,0.25028856325595916,12.031179893836798,1,2,0,0,0,0,1,0,0.9903141260147095,0,0,0,0
87144,0.05032385389010111,0.1345634932319323,0.2016526049430836,13.907923268307048,4,10,0,0,0,0,4,0,0.993197500705719,0,0,0,0
346905,0.052146448443333306,0.15326514840126038,0.27533048854965464,11.202913892312708,3,3,0,0,0,0,3,0,0.9905065496762594,0,0,0,0
2923,0.09797556822498639,0.33672332763671875,0.4889424552564693,6.214845019374849,2,7,0,0,0,0,2,0,0.9732557833194733,0,0,0,0
327701,0.0644775206844012,0.2104781667391459,0.2891675897334527,10.77700769841421,3,8,0,0,0,0,4,1,0.9954036672910055,0,0,0,0
396200,0.06212923303246498,0.187902569770813,0.26343945317682116,11.586383675268221,9,14,1,0,1,1,8,0,0.9853911176323891,0,0,0,0
500478,0.07420114055275917,0.23197192947069803,0.3455181392867693,9.23058295506578,8,25,4,0,3,1,4,0,0.9918207228183746,0,0,0,0
564336,0.07337902734676997,0.20061606168746948,0.2682829868753053,11.428137343463698,6,15,1,0,0,1,6,1,0.9865917086601257,0,0,0,0
341719,0.07407268136739731,0.25061703224976856,0.3355152838413755,9.48575382961454,6,10,1,0,1,1,5,0,0.9831247448921203,0,0,0,0
194506,0.061367484430472054,0.19592725237210593,0.24325658943490291,12.278707731041612,2,2,0,1,1,1,1,0,0.9884682893753052,0,0,0,0
128748,0.045396712298194565,0.12260942161083221,0.25285845548683694,11.942450383054961,4,5,0,0,0,0,4,0,0.9892918169498444,0,0,0,0
421923,0.054021003345648445,0.15810105701287588,0.2969748792919936,10.54560571037479,3,13,2,0,2,1,2,1,0.9851900935173035,0,0,0,0
206487,0.04793043496708075,0.134097749988238,0.2038125783334282,13.815380338659551,4,8,0,0,0,0,4,0,0.9892527312040329,0,0,0,0
54164,0.08499616632858913,0.2790854771931966,0.35619518160175595,8.966239194250715,2,2,0,0,0,0,2,0,0.9832267165184021,0,0,0,0
97337,0.056094128638505936,0.15071307122707367,0.25100035352984346,12.006513336438832,4,9,0,0,0,0,4,0,0.9919690936803818,0,0,0,0
492968,0.07529376695553462,0.27798518538475037,0.35670623365107723,8.953786020880269,2,2,0,0,0,0,2,0,0.9963594973087311,0,0,0,0
569565,0.06762823835015297,0.22715375820795694,0.3285462004113693,9.668071019928462,1,2,0,0,0,0,1,0,0.9797959327697754,0,0,0,0
34452,0.06965611005822818,0.2409656842549642,0.3268249997940787,9.713694608437832,2,3,0,0,0,0,2,0,0.9870733618736267,0,0,0,0
184400,0.0561789944767952,0.18097576995690665,0.2688221959869153,11.410697510231216,1,2,0,0,0,0,1,0,0.9773040413856506,0,0,0,0
508639,0.06527833640575409,0.22027048965295157,0.30340536776008753,10.359534801377016,1,1,0,0,0,0,1,0,0.986406147480011,0,0,0,0
537506,0.047374757627646126,0.1282700076699257,0.20957651828149537,13.573147578046784,6,13,0,0,0,0,7,1,0.9882484475771586,0,0,0,0
138639,0.0650368978579839,0.19624429941177368,0.29000294892797024,10.75195171811512,8,19,1,0,1,1,7,0,0.9795927831104824,0,0,0,0
172977,0.04864399383465449,0.15014016379912695,0.22288289298498368,13.03846527618574,1,1,0,0,0,0,1,0,0.9968085885047913,0,0,0,0
321118,0.05051145454247793,0.14294954389333725,0.24990812288393555,12.044392551233457,2,2,0,0,0,0,2,0,0.9839341938495636,0,0,0,0
15497,0.05548596133788427,0.15547924240430197,0.23670088193529754,12.516002478180528,2,3,0,0,0,0,2,0,0.9954225420951843,0,0,0,0
554002,0.05770523101091385,0.16044453531503677,0.2471197664638298,12.141850302574813,8,14,0,0,0,0,9,1,0.9649161398410797,0,0,0,0
484978,0.045747569451729454,0.12488657732804616,0.18441677423626,14.683991575959926,12,20,1,0,0,1,12,1,0.9879497777331959,0,0,0,0
300659,0.08741543938716252,0.29259560505549115,0.3728986945093477,8.568182741375567,9,7,0,0,0,0,11,2,0.9722512827979194,0,0,0,0
344268,0.055043683076898255,0.14546615133682886,0.20441450710312417,13.789765719546415,3,2,0,0,0,0,3,0,0.9722989598910013,0,0,0,0
88432,0.060412343591451645,0.16577831159035364,0.2882467805365108,10.804710693885479,3,5,1,0,1,1,2,0,0.8156130909919739,0,0,0,0
382125,0.04968214531739553,0.13233029594024023,0.22599636787662003,12.917970812080053,15,27,4,0,3,1,12,1,0.9876866069707003,0,0,0,0
487583,0.058648629734913506,0.17601593335469565,0.3347973089696435,9.504360828649109,2,2,0,0,0,0,2,0,0.9916391670703888,0,0,0,0
525155,0.06909614677230518,0.2236239661773046,0.340320185313413,9.362245819127184,2,2,0,0,0,0,2,0,0.9514820873737335,0,0,0,0
283268,0.056766229371229805,0.14815211792786917,0.22757268940724298,12.857597161128302,3,3,1,0,0,1,2,0,0.9879379272460938,0,0,0,0
357501,0.04942405099670092,0.131409652531147,0.19153723301611023,14.354935815454608,0,1,0,0,0,0,0,0,,0,0,0,0
100238,0.04103285074234009,0.12346533685922623,0.2158381013049812,13.317437761560207,7,10,0,0,0,0,7,0,0.9932288697787693,0,0,0,0
229753,0.07109817489981651,0.24212575455506644,0.37277389501912594,8.571090169177788,2,2,0,0,0,0,2,0,0.978964626789093,0,0,0,0
334399,0.0587178822606802,0.1616286039352417,0.22959569966896437,12.780725010806126,3,6,0,0,0,0,3,0,0.986156682173411,0,0,0,0
472375,0.04902846738696098,0.10963187863429387,0.16676315944130585,15.557997709278082,3,4,0,0,0,0,3,0,0.9630289872487386,0,0,0,0
302990,0.07018032173315684,0.25849998990694684,0.3482286581809213,9.162709812123126,3,4,0,0,0,0,3,0,0.9890324473381042,0,0,0,0
206579,0.059111701945463814,0.17340019345283508,0.252601053532801,11.951296848968644,3,8,0,0,0,0,3,0,0.9773290554682413,0,0,0,0
141597,0.060327254235744476,0.19875888029734293,0.3218108418211746,9.847986571812905,3,3,0,0,0,0,3,0,0.9923381606737772,0,0,0,0
62808,0.041999525080124535,0.10583732028802235,0.1694449845065306,15.419425631058392,6,14,1,0,1,1,6,1,0.991874349117279,0,0,0,0
157046,0.0675128661096096,0.20531896750132242,0.2703702302174494,11.360822583309563,2,3,0,0,0,0,2,0,0.9685723185539246,0,0,0,0
578236,0.07763893281420071,0.23071895043055216,0.3539338729665564,9.021557431143808,1,3,0,0,0,0,1,0,0.9888865351676941,0,0,0,0
94614,0.08356951052943866,0.28378137946128845,0.42593180489074406,7.4131985874506405,1,5,0,0,0,0,1,0,0.9961720108985901,0,0,0,0
245173,0.07184529304504395,0.2115431229273478,0.37040654782786514,8.62642689442541,1,3,0,0,0,0,1,0,0.991718590259552,0,0,0,0
277005,0.06577276190121968,0.20595526695251465,0.3091479185542661,10.19667346387399,9,20,0,0,0,0,9,0,0.9657693306605021,0,0,0,0
143931,0.04482778968910376,0.14615622411171594,0.2526372340426725,11.950052842233374,2,2,1,0,1,1,1,0,0.9966297745704651,0,0,0,0
85376,0.058147129913171135,0.17255545407533646,0.29820272676745335,10.509767793472413,8,11,1,0,1,1,7,0,0.9882181712559291,0,0,0,0
92660,0.049129108587900795,0.12868623932202658,0.21399631212186826,13.391874218896852,1,16,0,0,0,0,1,0,0.9960806965827942,0,0,0,0
460347,0.07825706526637077,0.2594602356354396,0.3772439604685848,8.46755408770287,5,7,0,0,0,0,5,0,0.9893292665481568,0,0,0,0
370711,0.05585710766414801,0.14426792412996292,0.1931417613288829,14.282476248515781,4,14,4,0,1,1,0,0,,0,1,1,1
407298,0.05311010777950287,0.14313359061876932,0.2328434575157429,12.658719209143277,3,3,2,0,2,1,1,0,0.996373176574707,1,0,1,1
439623,0.06689118159313996,0.1891304353872935,0.295263278704727,10.595811240012047,6,7,0,0,0,0,6,0,0.9780641396840414,0,0,0,0
481567,0.06342160453399022,0.20505430301030478,0.2952897042750509,10.595033902180473,2,2,0,0,0,0,2,0,0.988714873790741,0,0,0,0
130699,0.06656221797068913,0.21533636252085367,0.304783692790756,10.320165465838272,7,17,0,0,0,0,8,1,0.9877609780856541,0,0,0,0
477689,0.07280649555226167,0.18348702788352966,0.3399019418276147,9.372927086531867,2,2,1,0,1,1,1,0,0.9950116872787476,1,0,1,1
383621,0.09072111671169598,0.30872003237406415,0.43735247696606044,7.183368189693581,1,1,0,0,0,0,1,0,0.9948912858963013,0,0,0,0
58393,0.07120151941974957,0.21133580803871155,0.30823218525212714,10.222440294338032,3,3,1,0,0,1,2,0,0.9930036664009094,0,0,0,0
482100,0.058411773294210434,0.1792885959148407,0.262474572617105,11.618255255214624,5,7,2,0,2,1,3,0,0.9870766997337341,0,0,0,0
120853,0.04214306051532427,0.11687439928452174,0.20052042486764762,13.956827677281868,7,10,0,0,0,0,7,0,0.9912367037364415,0,0,0,0
388927,0.0535568098227183,0.14853877325852713,0.30043882050403203,10.444879033796376,2,4,1,0,1,1,1,0,0.9977169036865234,0,0,0,0
246968,0.055892929434776306,0.160342109700044,0.22673183999102986,12.889749750850047,4,22,0,0,0,0,5,1,0.9884452372789383,0,0,0,0
532481,0.07725055391589801,0.2597729911406835,0.35915838755885593,8.894279737447107,3,10,1,0,1,1,2,0,0.9758121073246002,0,0,0,0
154947,0.07759286897877853,0.2696821540594101,0.34769768427777054,9.175964035557433,1,1,0,0,0,0,1,0,0.9918960928916931,0,0,0,0
460683,0.050801788767178856,0.1335072418053945,0.2673053470036642,11.459847076200322,5,6,3,0,2,1,2,0,0.9964981973171234,3,0,2,1
384949,0.07661772767702739,0.24081196884314218,0.3386911109431248,9.403924028076357,3,14,1,0,1,1,2,0,0.9841752052307129,0,0,0,0
8021,0.04945951824386915,0.14425227791070938,0.21835835028667971,13.216603909605663,4,7,0,0,0,0,4,0,0.9872169941663742,0,0,0,0
410650,0.05981483434637388,0.18140229086081186,0.25789719771842073,11.77106753661609,4,28,0,0,0,0,4,0,0.9826513379812241,0,0,0,0
60855,0.053540961196025215,0.13470405836900076,0.22676126158410087,12.88862270962335,7,7,1,1,2,1,5,0,0.99511559009552,0,0,0,0
429109,0.05524082606037458,0.14927192777395248,0.2300348285267954,12.764128089050299,7,10,1,0,1,1,6,0,0.9794268806775411,0,0,0,0
485130,0.0540562371412913,0.15628056973218918,0.22927056874909713,12.793033833462573,0,2,0,0,0,0,0,0,,0,0,0,0
496409,0.11054039249817531,0.41400595506032306,0.4971183898160946,6.070803415637725,2,3,0,0,0,0,2,0,0.9819257855415344,0,0,0,0
187249,0.046506243447462715,0.13659720867872238,0.2006594616037472,13.950807147168206,2,4,0,0,0,0,2,0,0.9890851676464081,0,0,0,0
515579,0.05928601945439974,0.18227212131023407,0.2544174249599389,11.889062946573652,3,7,1,0,1,1,2,0,0.9932950437068939,0,0,0,0
563604,0.05428428016602993,0.15769167989492416,0.23512324094912113,12.57408881119793,9,15,0,0,0,0,9,0,0.9812664190928141,0,0,0,0
267537,0.0525512999544541,0.14576751490434012,0.2076995952226606,13.651286996860483,4,25,0,0,0,0,5,1,0.9857748448848724,0,0,0,0
369541,0.061260574807723366,0.19516356786092123,0.3054785698533669,10.300385025670892,4,7,1,0,1,1,3,0,0.9841469923655192,0,0,0,0
279278,0.050414007157087326,0.15071762104829153,0.23023720267829292,12.756489998792347,11,22,2,0,1,1,9,0,0.9468667176034715,0,0,0,0
498857,0.06867991512020429,0.22528026004632315,0.3229021542975586,9.818581150048773,1,1,0,0,0,0,1,0,0.9942604899406433,0,0,0,0
159791,0.04820035522182783,0.12725581973791122,0.21965984029107963,13.164986729977215,5,15,0,0,0,0,5,0,0.9894256949424743,0,0,0,0
373315,0.10005900387962659,0.3160457561413447,0.42234385890432113,7.4866763259854885,2,2,0,0,0,0,2,0,0.9687649011611938,0,0,0,0
263860,0.05029712369044622,0.16339185337225595,0.2714740032953113,11.32543505380177,2,2,0,0,0,0,2,0,0.9937072992324829,0,0,0,0
484893,0.050331352899471916,0.1362492466966311,0.21633377593854128,13.297513387587452,5,7,0,1,1,1,4,0,0.9817354530096054,0,0,0,0
276720,0.06513606508572896,0.20295323431491852,0.30546916793376344,10.300652361257935,2,5,0,0,0,0,3,1,0.9885888695716858,0,0,0,0
530624,0.05094034348924955,0.1449390302101771,0.2509158265403323,12.009438893089229,2,2,0,0,0,0,2,0,0.9973789751529694,0,0,0,0
149568,0.05889864141742388,0.1730059285958608,0.2695192934529443,11.388202810640362,2,4,0,0,0,0,2,0,0.9805181324481964,0,0,0,0
474452,0.06700506433844566,0.2138581375281016,0.2946775184081327,10.613059923227306,5,14,0,0,0,0,5,0,0.9758769989013671,0,0,0,0
245764,0.05244010190169016,0.14475533862908682,0.22665653656915366,12.892635035306444,2,2,0,0,0,0,2,0,0.9928713142871857,0,0,0,0
427160,0.052469633519649506,0.1577779377500216,0.2066696207022257,13.694467151637152,4,6,0,0,0,0,4,0,0.9947194159030914,0,0,0,0
384527,0.04344886727631092,0.114761287967364,0.1835044304660386,14.72706891666019,8,26,1,0,0,1,7,0,0.9818206003734044,0,0,0,0
358923,0.05212253580490748,0.13096109529336294,0.21406257796327996,13.38918497307949,4,6,1,0,1,1,3,0,0.9071153601010641,0,0,0,0
302030,0.05967058862249056,0.16869813203811646,0.24038878429371238,12.381715977394256,3,19,0,0,0,0,3,0,0.9914537072181702,0,0,0,0
479912,0.08201914404829343,0.2532811611890793,0.42550816364871263,7.421842065591288,1,7,0,0,0,0,1,0,0.9913594126701355,0,0,0,0
132329,0.05335059016942978,0.16265088319778442,0.3245786895929504,9.77359994872951,6,5,1,0,0,1,5,0,0.9862744450569153,1,0,0,1
78565,0.07372729728619258,0.249070073167483,0.33486638491634,9.502568926065,8,24,1,0,1,1,7,0,0.9752478684697833,0,0,0,0
297022,0.06490531874199708,0.2145964503288269,0.28799074890046655,10.812429256343739,4,4,0,0,0,0,4,0,0.9690575450658798,0,0,0,0
257566,0.05698692115644614,0.19930254419644675,0.26902244558636756,11.404229672246657,6,14,0,0,0,0,6,0,0.975553830464681,0,0,0,0
297343,0.06303606058160464,0.21232499182224274,0.3070237720954593,10.256559937349659,1,1,1,0,1,1,0,0,,1,0,1,1
304365,0.06254658475518227,0.21380747854709625,0.30939919886785083,10.189616303212802,3,4,0,0,0,0,3,0,0.9933972160021464,0,0,0,0
57725,0.06555879550675552,0.18662695089975992,0.26759073741004674,11.450578472891934,2,2,0,0,0,0,2,0,0.982936441898346,0,0,0,0
133343,0.06761880591511726,0.16736924648284912,0.29242371070577516,10.679748324352374,2,2,1,0,1,1,1,0,0.9825141429901123,0,0,0,0
230819,0.07350906729698181,0.2529570311307907,0.327930147226712,9.684373119960316,2,2,1,0,1,1,1,0,0.9909961819648743,0,0,0,0
203389,0.05457828069726626,0.1604747325181961,0.2318104795853875,12.69733869072456,9,15,1,0,1,1,8,0,0.9881866574287415,0,0,0,0
231822,0.04817773401737213,0.12353667120138805,0.21804257184177814,13.229174081033456,8,14,0,0,0,0,10,2,0.9900753349065781,0,0,0,0
228771,0.05934848636388779,0.19124660392602286,0.286631731336234,10.853514661089708,0,0,0,0,0,0,0,0,,0,0,0,0
392481,0.11227597420414288,0.39945568641026813,0.4817460271539147,6.343637163642059,1,1,0,0,0,0,1,0,0.9953662753105164,0,0,0,0
101420,0.046470945701003075,0.13727370401223501,0.21783610574459375,13.237402709596802,2,2,0,0,0,0,2,0,0.9955987632274628,0,0,0,0
154644,0.05390248137215773,0.16126739978790283,0.2260842015575589,12.914595689500935,2,4,0,0,0,0,2,0,0.9907497465610504,0,0,0,0
363072,0.0510882114370664,0.153481292227904,0.2629571531722376,11.602300213232068,1,1,0,0,0,0,1,0,0.9951285719871521,0,0,0,0
579635,0.07993065690000851,0.28984227279822034,0.3582186265622036,8.917036711288457,3,3,0,0,0,0,3,0,0.9837669928868612,0,0,0,0
442746,0.07860359301169713,0.2562161733706792,0.3568178088133485,8.951069561458974,2,6,0,0,0,0,2,0,0.9899207055568695,0,0,0,0
535253,0.045192526653409004,0.1025463913877805,0.1594516796224555,15.947418033039797,2,8,1,0,1,1,1,0,0.9968608021736145,0,0,0,0
203317,0.050131999577085175,0.16207046310106912,0.2464068618680925,12.166944044604058,1,1,0,0,0,0,1,0,0.9951463341712952,0,0,0,0
107554,0.057326881835858025,0.17674294114112854,0.25450670468469055,11.886015443816781,0,2,0,0,0,0,0,0,,0,0,0,0
289992,0.06486188992857933,0.2220334659020106,0.2923401710902348,10.682230064105855,1,1,0,0,0,0,1,0,0.9905234575271606,0,0,0,0
161875,0.06770271932085355,0.25687268873055774,0.3390905206667804,9.393687016567561,1,2,0,0,0,0,1,0,0.9958508610725403,0,0,0,0
227491,0.05606170246998469,0.1771234671274821,0.24713814527216074,12.14120433901156,3,6,0,0,0,0,3,0,0.9848787585894266,0,0,0,0
269314,0.05546703996757666,0.15790185580650964,0.21997798027799914,13.152415794680492,0,2,0,0,0,0,0,0,,0,0,0,0
289393,0.05410030484199524,0.1520310565829277,0.21403622336038744,13.390254413927074,2,4,0,0,0,0,2,0,0.9966903626918793,0,0,0,0
159112,0.043638803685704865,0.12674597154061,0.20876663323799777,13.606778251191386,3,1,0,0,0,0,3,0,0.9942132433255514,0,0,0,0
497599,0.04878359039624532,0.14279337475697199,0.3034144343199277,10.359275247756965,4,8,0,0,0,0,5,1,0.991535559296608,0,0,0,0
288862,0.06508961754540603,0.19349082807699838,0.3315275129970745,9.589608485637145,3,6,1,0,1,1,2,0,0.9737133383750916,0,0,0,0
13729,0.05499735660851002,0.14040740331013998,0.2156098400544503,13.326628451910912,9,11,1,0,1,1,8,0,0.954949364066124,0,0,0,0
386457,0.06637498984734218,0.19598140567541122,0.34634383237469324,9.209850835841635,1,1,0,0,0,0,1,0,0.9925662279129028,0,0,0,0
154087,0.07738390192389488,0.25456368923187256,0.36326361254057793,8.795562049037128,4,5,0,0,0,0,4,0,0.9929555952548981,0,0,0,0
29675,0.04374453487495581,0.10750191907087962,0.22291618205173427,13.037168076722221,3,4,3,0,3,1,0,0,,0,1,1,1
220732,0.04890619466702143,0.14446616172790527,0.21474726830458912,13.361447038203432,5,8,0,0,0,0,5,0,0.9789694547653198,0,0,0,0
226058,0.046017855405807495,0.12112845480442047,0.19057129679002432,14.398850215026787,3,3,0,0,0,0,3,0,0.9878784616788229,0,0,0,0
475904,0.06880757460991542,0.24252347151438394,0.32262650883924743,9.825999027247308,2,2,1,0,1,1,1,0,0.9827021956443787,0,0,0,0
17029,0.04538811991612116,0.14576377719640732,0.27045133437170615,11.358217429282915,3,4,0,0,0,0,3,0,0.9945642749468485,0,0,0,0
240754,0.05881716310977936,0.1808838496605555,0.261421675257442,11.65316813201526,2,3,0,0,0,0,2,0,0.9916341304779053,0,0,0,0
290179,0.06838316470384598,0.22116882105668387,0.30424070424443245,10.335653646150032,3,16,0,0,0,0,3,0,0.9715583721796671,0,0,0,0
144333,0.05906091816723347,0.1603305364648501,0.302935130700193,10.373007192006394,4,8,0,0,0,0,4,0,0.9933784753084183,0,0,0,0
445602,0.06455856437484424,0.22310171524683634,0.2816515762927337,11.0057562769397,2,7,0,0,0,0,2,0,0.9757316708564758,0,0,0,0
354547,0.06586748734116554,0.20608713726202646,0.34841516048478877,9.15805911854361,2,3,0,0,0,0,2,0,0.9708465933799744,0,0,0,0
544444,0.08620849748452504,0.2559367964665095,0.38288973041786456,8.338525636361162,2,2,1,0,1,1,1,0,0.9936274886131287,0,0,0,0
12120,0.05822154010335604,0.19676896433035532,0.25783987715572826,11.772998288186397,7,24,1,0,0,1,6,0,0.9825356205304464,0,0,0,0
358427,0.06278567512830098,0.20261927942434946,0.28451696312900915,10.917836710249404,3,3,3,0,1,1,0,0,,2,0,1,1
68765,0.05148361002405485,0.12336357434590657,0.19430574057736916,14.230287367906989,2,2,0,0,0,0,3,1,0.9967546164989471,0,0,0,0
293858,0.03587166406214237,0.07389643291632335,0.12918596812716399,17.775693116274958,7,11,3,0,3,1,4,0,0.9913299232721329,0,0,0,0
289594,0.06228433859845003,0.18602571884791055,0.2539613074635298,11.90464891446004,1,3,0,0,0,0,1,0,0.9852683544158936,0,0,0,0
194216,0.08469657227396965,0.28514261543750763,0.3596137571529764,8.883274050603674,2,3,1,0,1,1,1,0,0.9815706610679626,0,0,0,0
432898,0.06692676867047946,0.21815130611260733,0.35705163095573067,8.94537957591497,7,35,0,0,0,0,7,0,0.9778582283428737,0,0,0,0
491613,0.06683190663655598,0.21044304966926575,0.3294036221397441,9.64543259229586,1,1,0,0,0,0,1,0,0.9939663410186768,0,0,0,0
329542,0.05644025281071663,0.14394357055425644,0.23519121400610932,12.571578123000911,3,6,0,0,0,0,4,1,0.9936327934265137,0,0,0,0
187745,0.11526071776946385,0.4230029582977295,0.48558650020679067,6.274667911769401,1,1,0,0,0,0,1,0,0.9870557188987732,0,0,0,0
269632,0.04713939813276132,0.15798679490884146,0.2502059062304827,12.03404885583897,6,5,0,0,0,0,6,0,0.9874347945054373,0,0,0,0
196185,0.07351133972406387,0.24928238491217294,0.3631243332748946,8.798892953280214,1,1,0,0,0,0,1,0,0.9919560551643372,0,0,0,0
201025,0.07267957677443822,0.21511097252368927,0.3360711493232026,9.471375375575319,2,2,0,0,0,0,2,0,0.9799737334251404,0,0,0,0
73946,0.05384869376818339,0.16977200905481973,0.2701515215362966,11.367851642047306,3,5,1,0,0,1,2,0,0.992779552936554,0,0,0,0
331604,0.0954660028219223,0.3516047994295756,0.44414149183975943,7.049573060042657,3,2,0,0,0,0,3,0,0.981129010518392,0,0,0,0
322163,0.05288550381859144,0.11323971549669902,0.1800310697656916,14.893050757558445,10,19,0,0,0,0,10,0,0.9852185130119324,0,0,0,0
234366,0.06541839614510536,0.2062896490097046,0.3428160685934726,9.298776597408228,0,1,0,0,0,0,0,0,,0,0,0,0
12667,0.05243005479375521,0.14739118764797846,0.2512700802162708,11.997184431934196,1,1,0,0,0,0,1,0,0.9932713508605957,0,0,0,0
434479,0.056067824363708496,0.15312732259432474,0.24213297028497574,12.318921407537127,2,4,0,0,0,0,2,0,0.9837392866611481,0,0,0,0
383443,0.060883680979410805,0.185004452864329,0.2782758661187065,11.1104891371322,1,4,0,0,0,0,1,0,0.9891166090965271,0,0,0,0
575243,0.05731498263776302,0.18774581948916116,0.2706016298466113,11.353391839079967,5,10,0,0,0,0,5,0,0.988266897201538,0,0,0,0
271997,0.04717270967861017,0.13780821363131204,0.30242002225476816,10.38778917962678,2,2,0,0,0,0,2,0,0.9655879139900208,0,0,0,0
270705,0.056245447446902595,0.17216489960749945,0.3314327003286473,9.592092895299478,1,1,0,0,0,0,1,0,0.9903724789619446,0,0,0,0
405279,0.07656175643205643,0.2446778118610382,0.3596842235285366,8.88157221581557,11,19,3,0,2,1,8,0,0.9747178256511688,0,0,0,0
147205,0.04801888267199198,0.13432875523964563,0.22150420716543098,13.092360410815619,1,2,0,0,0,0,1,0,0.9872523546218872,0,0,0,0
205401,0.0726789931456248,0.26532602806886035,0.35290824235088664,9.04676396707628,1,4,0,0,0,0,1,0,0.983548641204834,0,0,0,0
477805,0.08492427567640941,0.2969200213750203,0.3659306768906772,8.732023619730253,1,3,0,0,0,0,1,0,0.9171586036682129,0,0,0,0
506004,0.07581174373626709,0.2582128445307414,0.37884902142779653,8.430676604033799,0,4,0,0,0,0,0,0,,0,0,0,0
186632,0.053413329645991325,0.15536002069711685,0.2780312924048755,11.118126430275115,3,7,0,0,0,0,3,0,0.9751799702644348,0,0,0,0
534601,0.05315659443537394,0.14554188400506973,0.2384695120995628,12.45134273694613,1,1,0,0,0,0,1,0,0.9983524084091187,0,0,0,0
186624,0.04332751904924711,0.11512878288825353,0.17818833504677348,14.982414602013845,1,5,0,0,0,0,3,2,0.9900974035263062,0,0,0,0
565989,0.09206357349952062,0.25934838751951855,0.37656006580858614,8.48331477606105,1,2,0,0,0,0,1,0,0.9890731573104858,0,0,0,0
449996,0.07446590438485146,0.2472435881694158,0.3570491799498568,8.945439201016068,2,11,0,0,0,0,2,0,0.9808115363121033,0,0,0,0
7795,0.05894497409462929,0.164700577656428,0.25764581047746943,11.779538302273531,2,4,0,0,0,0,2,0,0.9940706789493561,0,0,0,0
426836,0.06152972268561522,0.2004506786664327,0.35273146084951856,9.051116059613294,1,2,0,0,0,0,1,0,0.9815822243690491,0,0,0,0
74209,0.059191531191269554,0.15611579020818075,0.250030526194162,12.040139302691202,3,21,0,0,0,0,3,0,0.9815539518992106,0,0,0,0
462576,0.04839560203254223,0.11981609712044398,0.20289237182921874,13.854685617711963,3,7,0,0,0,0,4,1,0.9948753317197164,0,0,0,0
565012,0.06341847653190295,0.2066675623257955,0.32981068008054787,9.634705698818015,4,10,1,0,1,1,3,0,0.9747616251309713,0,0,0,0
537964,0.05462348647415638,0.18591571350892386,0.24414697624173523,12.246973001601738,1,1,1,0,1,1,0,0,,0,0,0,0
548780,0.054439819107453026,0.14982876678307852,0.24359526712675392,12.266623079461587,8,16,0,0,0,0,9,1,0.9876166582107544,0,0,0,0
147498,0.0786076548198859,0.22091199457645416,0.30628532148836246,10.277476319131893,0,22,0,0,0,0,0,0,,0,0,0,0
105455,0.08683530986309052,0.25894274810949963,0.3967504994756432,8.029650356647961,4,3,1,0,0,1,3,0,0.9752076466878256,1,0,0,1
458768,0.059087738394737244,0.18521390855312347,0.2577326362878666,11.776611678474207,3,6,0,0,0,0,3,0,0.9866625865300497,0,0,0,0
442993,0.08747440700729688,0.26411186655362445,0.36892756194674625,8.661177963274064,0,15,0,0,0,0,0,0,,0,0,0,0
40036,0.05993260691563288,0.20080843567848206,0.2951957709812923,10.597797371440933,3,3,0,0,0,0,3,0,0.9861083626747131,0,0,0,0
52565,0.07524206240971883,0.2578856001297633,0.3383961671651111,9.411491292593446,1,1,0,0,0,0,1,0,0.9941681623458862,0,0,0,0
6771,0.05353595813115438,0.15642363826433817,0.24021567827242446,12.38797301401678,6,9,0,0,0,0,7,1,0.9908298254013062,0,0,0,0
39785,0.06949120697875817,0.2283597538868586,0.3123004896569495,10.10854669675085,2,6,1,0,1,1,1,0,0.9963903427124023,0,0,0,0
473237,0.05396469309926033,0.15737590690453848,0.23971131629115716,12.40622926619392,2,3,0,0,0,0,2,0,0.9953050911426544,0,0,0,0
578545,0.05336437560617924,0.14229590197404227,0.2218355353646123,13.079377678018263,2,4,1,0,1,1,1,0,0.9894446134567261,0,0,0,0
471450,0.09055706982811292,0.3158709406852722,0.38537195417503056,8.282397894816558,3,3,0,0,0,0,3,0,0.9927746852238973,0,0,0,0
560011,0.06626365954677264,0.18037474155426025,0.32259556283335633,9.826832208887913,2,4,1,0,1,1,1,0,0.9968845844268799,1,0,1,1
259640,0.056347668170928955,0.15680167824029922,0.2226135693842106,13.048967336497462,7,21,1,0,0,1,6,0,0.9856078922748566,0,0,0,0
407083,0.05417137282590071,0.15358617653449377,0.2599700938353938,11.701532181298207,2,3,1,0,1,1,1,0,0.9531632661819458,0,0,0,0
5060,0.06876653991639614,0.2027213623126348,0.35280466560849744,9.049313604895787,1,2,0,0,0,0,1,0,0.9953680038452148,0,0,0,0
580197,0.049832507967948914,0.15530676146348318,0.23032851779801675,12.753045743054942,5,5,0,0,0,0,5,0,0.9863079190254211,0,0,0,0
213255,0.05203281405071417,0.13854579130808511,0.28159498437033004,11.007501697962702,7,28,0,0,0,0,7,0,0.9860888889857701,0,0,0,0
489764,0.0565258227288723,0.14814601838588715,0.22618143127242687,12.910861040990898,3,9,0,0,0,0,4,1,0.9488625129063925,0,0,0,0
308328,0.04747810587286949,0.12959902981917062,0.21298985074128296,13.4328218159269,7,20,1,0,0,1,6,0,0.9862176179885864,0,0,0,0
418696,0.07292509327332179,0.2363215833902359,0.3557546864707636,8.976987402105534,5,9,3,0,2,1,2,0,0.983881801366806,0,0,0,0
256775,0.07333525270223618,0.23795261482397714,0.31959457386848156,9.908012056433845,8,8,0,0,0,0,8,0,0.9863994121551514,0,0,0,0
153217,0.053783440962433815,0.15268289297819138,0.3090045678125667,10.200702012724694,1,2,0,0,0,0,1,0,0.98905348777771,0,0,0,0
301135,0.06332577019929886,0.21130167444547018,0.31581255155488414,10.011412270423952,15,23,3,0,3,1,13,1,0.9856739987929662,0,0,0,0
102331,0.06247554967800776,0.21120820939540863,0.2894581949273131,10.768283009949693,2,2,0,0,0,0,2,0,0.9882987439632416,0,0,0,0
7784,0.08708519861102104,0.2981478124856949,0.43676655022267696,7.195012589673318,1,1,0,0,0,0,1,0,0.9926398992538452,0,0,0,0
485071,0.0840988705555598,0.2879405866066615,0.3638908522753219,8.780577237068078,1,2,0,0,0,0,1,0,0.9862896203994751,0,0,0,0
255401,0.05052024436493715,0.14265771955251694,0.19692247218439493,14.114094413774636,3,5,0,0,0,0,3,0,0.9869840939839681,0,0,0,0
567898,0.04404217377305031,0.13548249999682108,0.20963875736359602,13.570568464957738,18,17,7,2,0,1,11,0,0.9747689167658488,0,0,0,0
150224,0.06067928671836853,0.2070835828781128,0.29170255676644624,10.70119528560149,6,14,0,0,0,0,6,0,0.9840800662835439,0,0,0,0
71877,0.07797437906265259,0.22052176296710968,0.3646467788495683,8.762552369513784,2,3,1,0,1,1,1,0,0.9967764019966125,0,0,0,0
355677,0.07250299428900082,0.23983590801556906,0.31743798209790713,9.966822205143394,0,1,0,0,0,0,0,0,,0,0,0,0
176701,0.06698111444711685,0.24146559337774912,0.30269266979874143,10.379961921437022,0,0,0,0,0,0,0,0,,0,0,0,0
113867,0.04139873137076696,0.12887621919314066,0.1597747843556701,15.92983519872451,1,1,0,0,0,0,1,0,0.9862886667251587,0,0,0,0
71226,0.049606828639904656,0.13083738585313162,0.21705492116468172,13.268607263961286,6,6,0,0,0,0,6,0,0.9922783474127451,0,0,0,0
165336,0.07285072281956673,0.2403093526760737,0.30627330610335185,10.277817067930371,2,2,0,0,0,0,2,0,0.9831173121929169,0,0,0,0
140987,0.047046300023794174,0.12717502315839133,0.28006040648249586,11.05496570368588,11,18,1,0,0,1,10,0,0.986412763595581,0,0,0,0
188689,0.0726510447760423,0.24495812753836313,0.3600439184436476,8.872890408299812,0,3,0,0,0,0,1,1,,0,0,0,0
198928,0.07939998929699262,0.25363267958164215,0.37942695085268885,8.417436484713914,3,6,0,0,0,0,3,0,0.9832071463267008,0,0,0,0
271457,0.07099402199188869,0.2392064929008484,0.3044617212746088,10.329346033312865,0,1,0,0,0,0,0,0,,0,0,0,0
438017,0.0670487570265929,0.2147849996884664,0.336924029683915,9.449360273879112,6,8,0,0,0,0,6,0,0.9731962382793427,0,0,0,0
191288,0.05800388753414154,0.18673723439375559,0.2876805827873884,10.821789002921555,2,2,0,0,0,0,2,0,0.9939898252487183,0,0,0,0
237517,0.0479274969547987,0.12138742456833522,0.22477420095128617,12.965070750625054,7,10,1,0,1,1,6,0,0.9924594362576803,1,0,1,1
543581,0.06567799920837085,0.18316606680552164,0.2840409624514852,10.932380488930786,3,19,0,0,0,0,3,0,0.9892484744389852,0,0,0,0
422998,0.049513958394527435,0.12743056317170462,0.21292194844843254,13.435591365058855,6,5,2,0,2,1,4,0,0.9896884560585022,0,0,0,0
151857,0.0518479955693086,0.16104874511559805,0.28060587306910517,11.038064868946364,1,1,0,0,0,0,1,0,0.986392080783844,0,0,0,0
405306,0.054728664457798004,0.17265850802262625,0.2686802672569951,11.415284567584473,1,2,0,0,0,0,1,0,0.9734446406364441,0,0,0,0
475732,0.04614962264895439,0.11671714733044307,0.18892307495044197,14.474299887447604,1,1,0,0,0,0,1,0,0.9972694516181946,0,0,0,0
513283,0.05290288105607033,0.12404266248146693,0.19548300542109062,14.177819852079095,2,8,1,0,1,1,1,0,0.9943891763687134,0,0,0,0
437239,0.05359497790535291,0.17442081371943155,0.26450059193520625,11.5514670340953,10,13,0,0,0,0,10,0,0.9865033388137817,0,0,0,0
477623,0.05342447633544604,0.1633722484111786,0.29387387629304806,10.636780370145635,2,1,0,0,0,0,2,0,0.9949072599411011,0,0,0,0
99024,0.04813689490159353,0.14776513477166495,0.21282531899847676,13.439534139642223,3,3,1,0,1,1,2,0,0.9846726059913635,0,0,0,0
296231,0.04646209503213564,0.13638640691836676,0.18855603862459971,14.491191089686208,3,21,0,0,0,0,3,0,0.9920672575632731,0,0,0,0
469067,0.05809590903421243,0.1489266703526179,0.22688255957542613,12.883977739530355,4,5,0,0,0,0,4,0,0.9732500463724136,0,0,0,0
184321,0.0698477861781915,0.24152768154939017,0.35043306446608014,9.107898470301617,1,1,0,0,0,0,1,0,0.9826768636703491,0,0,0,0
377946,0.05011070271333059,0.15167896449565887,0.2648444482370881,11.540182529347241,9,20,1,0,1,1,8,0,0.9794700741767883,1,0,1,1
13597,0.0593599242468675,0.14951059967279434,0.24196686328193034,12.324882108422123,1,2,0,0,0,0,1,0,0.9916038513183594,0,0,0,0
156372,0.07533507173260053,0.23700372874736786,0.3746859592944743,8.526651620653139,2,4,1,0,1,1,1,0,0.9955325722694397,0,1,1,1
423944,0.0721331238746643,0.213773712515831,0.3663704598349104,8.721591008374162,2,1,0,0,0,0,2,0,0.9920600056648254,0,0,0,0
108503,0.08061668649315834,0.27638808886210126,0.36453201535730745,8.765286467225916,2,15,0,0,0,0,2,0,0.9802576005458832,0,0,0,0
426166,0.062014068166414894,0.21141614019870758,0.2814567003935441,11.011768160235093,1,1,0,0,0,0,1,0,0.9952029585838318,0,0,0,0
414340,0.07415963647266229,0.2342436065276464,0.37576921978930816,8.501575938841341,1,1,0,0,0,0,1,0,0.9007569551467896,0,0,0,0
478136,0.047970542684197426,0.12833611418803534,0.1990014752721478,14.022874079828158,6,6,1,2,0,1,3,0,0.9836185773213705,0,0,0,0
248111,0.06702862059076627,0.21267734467983246,0.311652918314381,10.126576040487102,3,6,0,0,0,0,3,0,0.9834998250007629,0,0,0,0
357742,0.08665988842646281,0.2697001149257024,0.39030061888017187,8.172015201583301,2,2,0,0,0,0,2,0,0.9716692864894867,0,0,0,0
350003,0.07597595825791359,0.2516707529624303,0.3650950585617438,8.751880900791276,4,6,0,0,1,1,4,0,0.9815538078546524,0,0,1,1
400573,0.04798532339433829,0.13207360357046127,0.27998703118397555,11.05724168856105,2,5,1,0,1,1,1,0,0.9945719242095947,1,0,1,1
396903,0.06844426194826762,0.20533216993014017,0.2997908239666697,10.463633284433154,1,3,0,0,0,0,1,0,0.9930353760719299,0,0,0,0
4795,0.042386969551444054,0.11016933123270671,0.1909363908971711,14.38222581561053,4,3,1,0,0,1,3,0,0.987706740697225,1,0,0,1
103548,0.06891120970249176,0.2507805824279785,0.3149975641801629,10.033856090379691,5,19,2,0,2,1,3,0,0.94622935851415,0,0,0,0
16439,0.05822529457509518,0.1554997737209002,0.2507379971981003,12.015596948834622,2,2,0,0,0,0,2,0,0.9920845627784729,0,0,0,0
289586,0.05811825394630432,0.1750144585967064,0.31947863843425134,9.911163502554654,1,1,0,0,0,0,1,0,0.9906145334243774,0,0,0,0
216636,0.054407438884178795,0.16714038948218027,0.24713656646185747,12.141259827879303,2,1,2,0,1,1,0,0,,1,0,0,1
568981,0.06147459273537,0.20709123214085898,0.2853273141801496,10.893133033040797,3,4,0,0,0,0,3,0,0.9779809912045797,0,0,0,0
281414,0.06811806311209996,0.18373924493789673,0.3298176988023235,9.634520855822483,2,3,0,0,0,0,2,0,0.9954462051391602,0,0,0,0
547383,0.06391945605476697,0.1895709882179896,0.2743279685480393,11.234598250616731,2,3,0,0,0,0,2,0,0.9937709271907806,0,0,0,0
545826,0.051265464474757515,0.150836410621802,0.24568021034826898,12.192596494548415,1,2,0,0,0,0,1,0,0.9744879007339478,0,0,0,0
166642,0.05316769704222679,0.14625429610411325,0.23007248312076536,12.762706404847332,1,1,0,0,0,0,1,0,0.9959789514541626,0,0,0,0
28809,0.04187908582389355,0.10121786097685496,0.16415221230059268,15.695065197046116,0,4,0,0,0,0,0,0,,0,0,0,0
119641,0.07744256903727849,0.2711784541606903,0.34659066874960853,9.203662679245646,10,21,1,0,1,1,10,1,0.9550976885689629,0,0,0,0
490413,0.07672692090272903,0.2634797543287277,0.36259456916026217,8.811574098654289,1,1,0,0,0,0,1,0,0.9838551878929138,0,0,0,0
47571,0.05952665458122889,0.17937838037808737,0.2780755055978398,11.116745289397779,3,3,0,0,0,0,3,0,0.9923141400019327,0,0,0,0
317999,0.048163446908195816,0.12665403137604395,0.21526226880177818,13.340641733972344,1,4,0,1,1,1,1,0,,0,0,0,0
218091,0.05373752241333326,0.1532962496081988,0.23150908242501556,12.708639326640437,5,7,1,0,0,1,5,1,0.9840180724859238,0,0,0,0
319696,0.05037717521190643,0.1578245535492897,0.2359394990623868,12.54398693991041,3,5,1,0,1,1,2,0,0.979020744562149,1,0,1,1
525600,0.0699269709487756,0.2236907035112381,0.27248682952862313,11.29308968435402,7,8,1,0,1,1,6,0,0.9800972938537598,0,0,0,0
406417,0.05191644156972567,0.1842106282711029,0.28196350301690676,10.996142050928322,4,6,0,0,0,0,4,0,0.9916351139545441,0,0,0,0
320642,0.05235967040061951,0.16010235249996185,0.2377068377658708,12.479166507525187,6,6,0,0,0,0,7,1,0.9884234766165415,0,0,0,0
99054,0.06592088068524997,0.20052688817183176,0.35103180366927134,9.093070688782923,3,6,1,0,0,1,2,0,0.981847494840622,0,0,0,0
374369,0.0702659177283446,0.2612060109774272,0.3622577383936398,8.819646570923972,2,2,0,0,0,0,2,0,0.9766485691070557,0,0,0,0
507015,0.06465895846486092,0.21869437396526337,0.3034715269273016,10.357641003039085,8,9,0,0,0,0,8,0,0.984197124838829,0,0,0,0
455352,0.0630171646674474,0.2008529951175054,0.32490326199842534,9.764918567141311,2,2,0,0,0,0,2,0,0.9818930625915527,0,0,0,0
275058,0.10393499334653218,0.35366814335187274,0.4367878321251405,7.194589371016628,2,2,0,0,0,0,2,0,0.9799927175045013,0,0,0,0
231088,0.062090406815210976,0.16394047935803732,0.31828426597591614,9.943696594135435,6,6,0,0,0,0,6,0,0.9740159610907236,0,0,0,0
280930,0.05600799495975176,0.15819859007994333,0.2521841972049517,11.965642628194209,2,4,0,0,0,0,2,0,0.9860870838165283,0,0,0,0
420916,0.06744282692670822,0.22170699636141458,0.3029575717311069,10.372363776704676,4,5,0,0,0,0,4,0,0.9919232726097107,0,0,0,0
570664,0.057882546136776604,0.15784947822491327,0.24284031716327456,12.293584171708174,3,3,0,0,0,0,3,0,0.9868956804275513,0,0,0,0
41872,0.05355646337072054,0.17331162095069885,0.25269433151282145,11.94809000294036,5,5,1,0,1,1,4,0,0.9939324706792831,0,0,0,0
227511,0.06066819280385971,0.19500435888767242,0.27758584762302413,11.132053592578854,4,7,0,0,0,0,4,0,0.9821660369634628,0,0,0,0
345027,0.06657425438364346,0.22751650710900626,0.3126387868441172,10.099142863674205,3,34,1,0,1,1,2,0,0.9921801388263702,0,0,0,0
21839,0.0737168329457442,0.23516940077145895,0.38953703732622563,8.189024862950745,7,15,0,0,0,0,7,0,0.9782870071274894,0,0,0,0
275749,0.05686714748541514,0.1660927583773931,0.2439034479016774,12.255641206182242,13,19,0,0,0,0,13,0,0.9846978600208576,0,0,0,0
57597,0.07193496574958165,0.20945595701535544,0.3058989883285928,10.288439186297678,5,32,0,0,0,0,5,0,0.9852802515029907,0,0,0,0
474293,0.05792242723206679,0.17693146566549936,0.22595653379577335,12.919501920430873,1,15,0,0,0,0,1,0,0.9960880875587463,0,0,0,0
338219,0.04582252663870653,0.12950414915879568,0.24478082215686828,12.224452217270368,4,18,0,0,0,0,4,0,0.9668154418468475,0,0,0,0
460160,0.07812427481015523,0.2538134753704071,0.34283041674116066,9.298413067717597,0,1,0,0,0,0,0,0,,0,0,0,0
89045,0.05756985768675804,0.16480464984973273,0.26148905966929364,11.650929533612832,2,9,0,1,1,1,1,0,0.8079410791397095,0,0,0,0
279145,0.05354983235398928,0.1331988126039505,0.21913514262451614,13.185759384062852,4,9,0,1,1,1,4,0,0.9645600120226542,0,0,0,0
530061,0.04559848830103874,0.11780789246161778,0.1961015605096273,14.150379007009077,3,7,0,0,0,0,4,1,0.9924618601799011,0,0,0,0
78426,0.057498108595609665,0.16704556345939636,0.2481931305497581,12.104204860099522,2,3,1,0,1,1,1,0,0.995101809501648,0,0,0,0
284698,0.06289846201737721,0.19624834756056467,0.31914006474201784,9.920373423861362,2,2,0,0,0,0,2,0,0.9822658598423004,0,0,0,0
356125,0.05687286394337813,0.16222451875607172,0.2684016875753491,11.424295157366586,3,3,0,0,1,1,3,0,0.9399403134981791,0,0,1,1
42528,0.052180105820298195,0.13678725063800812,0.20891274267971965,13.600701386443863,3,3,1,0,1,1,2,0,0.9943661391735077,0,0,0,0
36539,0.0754885586599509,0.2521301954984665,0.3580257772536164,8.92171407516794,3,3,1,0,0,1,2,0,0.9892708659172058,0,0,0,0
471991,0.05404309183359146,0.15572705616553625,0.2319298095372628,12.692868573119112,1,1,0,0,0,0,1,0,0.9877879619598389,0,0,0,0
568814,0.06491364414493243,0.21103817224502563,0.3169228576858528,9.980928734096103,1,6,0,0,0,0,1,0,0.969717264175415,0,0,0,0
58705,0.04488428744177023,0.12261134882767995,0.21512242109312305,13.346286459887489,4,4,0,0,0,0,4,0,0.9919766634702682,0,0,0,0
464824,0.056068933258454,0.16119149078925452,0.2799736198384114,11.057657751608616,1,3,0,0,0,0,1,0,0.9895671010017395,0,0,0,0
152120,0.0548664890229702,0.17089646557966867,0.2652134762634468,11.528088238968694,2,2,0,0,0,0,2,0,0.993204265832901,0,0,0,0
497628,0.05424640700221062,0.14665993054707846,0.2638720009604214,11.572133792680841,1,2,0,0,0,0,1,0,0.8816080093383789,0,0,0,0
302452,0.052716381226976715,0.14154471457004547,0.18886788700989937,14.476837567871868,2,12,1,0,1,1,2,1,0.9702656269073486,0,0,0,0
417911,0.07887468487024307,0.27619507412115735,0.3679531485718829,8.68414952935879,2,2,0,0,0,0,2,0,0.9734320640563965,0,0,0,0
520832,0.054907508194446564,0.16878948857386908,0.235263070545023,12.568924781360174,1,15,0,0,0,0,1,0,0.986845850944519,0,0,0,0
456559,0.0597820058465004,0.1905182401339213,0.28542715411849323,10.890094252819404,2,2,0,0,0,0,2,0,0.944067120552063,0,0,0,0
54123,0.05376029573380947,0.17492322623729706,0.26087096128385795,11.671485229499547,4,6,0,0,0,0,4,0,0.9934725314378738,0,0,0,0
197870,0.05274051862458388,0.16246352344751358,0.24645726217769987,12.165167605593215,2,3,0,0,0,0,2,0,0.98887899518013,0,0,0,0
561223,0.09131514777739842,0.31174732744693756,0.40973660549399143,7.74990469682733,2,2,1,0,1,1,1,0,0.9835076928138733,0,0,0,0
237118,0.053494034335017204,0.16124330709377924,0.2080678424909353,13.635900722332895,1,3,0,0,0,0,1,0,0.9982957243919373,0,0,0,0
1584,0.04114049983521303,0.1290815050403277,0.2243383032071176,12.981931385112626,4,14,0,0,0,0,4,0,0.9913542717695236,0,0,0,0
197658,0.05413647430638472,0.17162498335043588,0.2562955382025715,11.825179085903045,2,2,0,0,0,0,2,0,0.9957634210586548,0,0,0,0
102411,0.06506755078832309,0.21444887419541678,0.292405314936385,10.680294752849516,10,14,0,1,1,1,10,1,0.9876281486617194,0,0,0,0
330818,0.05178089812397957,0.14843041201432547,0.32116807105178047,9.865352733326331,5,9,1,0,1,1,4,0,0.9925741255283356,0,0,0,0
234526,0.04120435814062754,0.111845962703228,0.1640260262876621,15.701744724859486,3,11,0,0,0,0,3,0,0.9895166556040446,0,0,0,0
134856,0.10009196152289708,0.33811074992020923,0.4244633833490599,7.443195370843253,2,6,1,0,1,1,1,0,0.9726818203926086,0,0,0,0
372349,0.07239690547188123,0.2370976358652115,0.3027823007875925,10.377390304373332,1,5,0,0,0,0,2,1,0.9859840273857117,0,0,0,0
253452,0.04877783233920733,0.1314983939131101,0.21914040905164225,13.18555064047845,6,15,1,0,1,1,5,0,0.9847496032714844,0,0,0,0
155154,0.059786402309934296,0.16479828705390295,0.3021550532349976,10.395402764453207,1,1,0,0,0,0,1,0,0.9930467009544373,0,0,0,0
339442,0.05676994348565737,0.15085621426502863,0.23544920527651989,12.562055422293472,2,3,1,0,1,1,1,0,0.9923959970474243,0,0,0,0
52891,0.06561597312490146,0.23847850660483041,0.33882930112490983,9.400380799965989,2,8,1,0,1,1,1,0,0.9946944713592529,1,0,1,1
206411,0.05592047174771627,0.17810743053754172,0.2711012732553528,11.337368854109561,2,2,0,0,0,0,2,0,0.9937835335731506,0,0,0,0
323751,0.05491521954536438,0.18250002463658652,0.2778184301227797,11.124778941937308,3,9,0,0,0,0,3,0,0.985879123210907,0,0,0,0
48555,0.09231472884615262,0.2845007727543513,0.35548823698135296,8.983495307888765,2,6,0,0,0,0,2,0,0.9674975275993347,0,0,0,0
410612,0.07143403713901837,0.23225919405619302,0.32423457207041634,9.782813592408312,0,1,0,0,0,0,0,0,,0,0,0,0
340272,0.07863225787878036,0.25940347214539844,0.34418500750521525,9.264161024129892,2,3,0,0,0,0,3,1,0.9871287047863007,0,0,0,0
365745,0.054700090239445366,0.16151261081298193,0.2686883153797813,11.415024391948688,4,8,0,0,0,0,5,1,0.9927923530340195,0,0,0,0
461405,0.06748598565657933,0.2276891122261683,0.29257609454068834,10.675223231554918,11,12,0,0,0,0,11,0,0.9845569729804993,0,0,0,0
248631,0.05980519081155459,0.17710945010185242,0.2767293176354922,11.15889655604387,2,2,1,0,1,1,1,0,0.998267650604248,1,0,1,1
260657,0.07459347446759541,0.25512027243773144,0.3745262148130642,8.53035557263042,0,0,0,0,0,0,0,0,,0,0,0,0
309484,0.05008117233713468,0.11210530251264572,0.18521984925627386,14.646249471813293,1,4,0,0,0,0,3,2,0.9762211441993713,0,0,0,0
498286,0.04483235441148281,0.13533484935760498,0.2207380880426294,13.122454469566307,2,3,0,0,0,0,2,0,0.9818150699138641,0,0,0,0
530146,0.041222222770253815,0.08679329852263133,0.14603031115863607,16.711139788059942,7,6,0,0,0,0,7,0,0.9866155215672084,0,0,0,0
331317,0.05460485133032004,0.15678215771913528,0.20101984253944258,13.935221430688864,1,2,1,0,0,1,0,0,,0,0,0,0
492284,0.05849269715448221,0.18182340264320374,0.26852509443574063,11.420302440203917,2,4,1,0,0,1,1,0,0.9904420971870422,1,0,0,1
509258,0.06515875458717346,0.19950627783934274,0.2932398429272794,10.655540435878985,0,1,0,0,0,0,0,0,,0,0,0,0
281929,0.04826712546249231,0.14855977147817612,0.2119620574239622,13.474837472573187,2,3,0,0,0,0,2,0,0.9913817942142487,0,0,0,0
179898,0.047067043681939445,0.11728978157043457,0.1882222675102247,14.506579978987837,8,26,2,0,2,1,8,2,0.986393928527832,0,0,0,0
279774,0.06315981472531955,0.17631359895070395,0.2641728255684729,11.562237172176848,6,9,0,0,0,0,6,0,0.9816857477029165,0,0,0,0
160772,0.06442242115736008,0.2072214980920156,0.2927213786331333,10.670911162301593,1,11,0,0,0,0,1,0,0.9961709380149841,0,0,0,0
542073,0.06255381119747956,0.19657409191131592,0.320924946496947,9.871930450556683,0,0,0,0,0,0,0,0,,0,0,0,0
107226,0.058170837660630546,0.15554460883140564,0.2800283209594877,11.055960872124302,8,18,1,0,0,1,7,0,0.9833386881010873,1,0,0,1
36660,0.04986254001657168,0.1582286631067594,0.23603620097029773,12.540427679924779,6,5,0,0,0,0,6,0,0.9925061662991842,0,0,0,0
23359,0.09305345515410106,0.31776077051957446,0.40562548701988016,7.8374952882707,1,2,0,0,0,0,1,0,0.9354707598686218,0,0,0,0
343976,0.060099128633737564,0.1886200358470281,0.252585622728798,11.951827465736411,0,9,0,0,0,0,0,0,,0,0,0,0
12748,0.049622521425286926,0.13012558966875076,0.24280049990008837,12.295008468605584,3,3,0,0,0,0,3,0,0.9923882087071737,0,0,0,0
67310,0.06588123987118404,0.21159168084462485,0.34941966969862914,9.133053023058709,4,6,0,0,0,0,5,1,0.9881285429000854,0,0,0,0
284106,0.04987960557142893,0.13213059306144714,0.21772691750019968,13.241757519393932,4,4,1,0,1,1,3,0,0.9924847086270651,0,0,0,0
451879,0.04152671930690607,0.1111183911561966,0.17456951171898494,15.160632056639953,7,6,1,0,0,1,6,0,0.9474152127901713,0,0,0,0
433980,0.05811684764921665,0.1815508008003235,0.3075294375764407,10.24226612036631,1,2,1,0,1,1,0,0,,1,0,1,1
19042,0.07243690391381581,0.24272013207276663,0.3469586800458742,9.194444861334127,0,3,0,0,0,0,0,0,,0,0,0,0
70739,0.045826977118849754,0.12131880223751068,0.20818620022786855,13.630961227875114,5,5,3,0,2,1,2,0,0.9913764595985413,0,0,0,0
415536,0.06605757835010688,0.22880553702513376,0.3014510422013692,10.415664206347675,1,2,0,0,0,0,1,0,0.9947232604026794,0,0,0,0
462756,0.06163877993822098,0.19972862303256989,0.29406305630054724,10.63119066610603,3,3,0,0,0,0,3,0,0.9805413881937662,0,0,0,0
131444,0.05022275696198145,0.14130492260058722,0.28859633921995675,10.794183642719908,2,2,1,0,1,1,1,0,0.989505410194397,1,0,1,1
564133,0.07297499726215999,0.24770447115103403,0.33592623148711215,9.47512164121958,4,8,0,0,0,0,4,0,0.9788245409727097,0,0,0,0
176232,0.05485201937456926,0.17067221303780875,0.31140648356493295,10.133446990967435,2,2,0,0,0,0,2,0,0.9920539855957031,0,0,0,0
239537,0.07333826646208763,0.25046537816524506,0.3644951576703786,8.76616473847038,3,3,0,0,0,0,3,0,0.9911341071128845,0,0,0,0
396568,0.07138191536068916,0.25498472650845844,0.36742693645762603,8.69658016549865,1,1,0,0,0,0,1,0,0.9976037740707397,0,0,0,0
577182,0.04731998220086098,0.15651952475309372,0.23873237170276326,12.441773748171684,3,4,0,0,0,0,3,0,0.9899075229962667,0,0,0,0
251119,0.054363494738936424,0.13638546069463095,0.21690668188878143,13.274541383623111,0,2,0,0,0,0,1,1,,0,0,0,0
491090,0.05174246554573377,0.13050692280133566,0.24729773671453018,12.13559716625472,3,6,1,0,1,1,2,0,0.9944825172424316,0,0,0,0
96001,0.05967216193675995,0.16582272946834564,0.2439179371925951,12.255125228876908,5,3,1,0,1,1,4,0,0.9905656427145004,0,0,0,0
376112,0.06483944381276767,0.20798616111278534,0.33698657525015163,9.447748001024927,7,22,0,0,0,0,7,0,0.9886381370680672,0,0,0,0
38210,0.07661410545309384,0.2443432758251826,0.3613827693003597,8.840651168106575,3,3,1,0,1,1,2,0,0.9909276068210602,0,0,0,0
332570,0.05390733604629835,0.1341289853056272,0.28691590613748286,10.844907490552242,2,2,1,0,1,1,1,0,0.9914730191230774,1,0,1,1
283070,0.057801696161429085,0.18059217433134714,0.24903232544728351,12.07488551975632,5,5,0,0,0,0,5,0,0.9946260690689087,0,0,0,0
569059,0.0540246261904637,0.13695704440275827,0.20696611799797515,13.68201492379998,5,14,0,0,0,0,5,0,0.9869725704193115,0,0,0,0
137727,0.06139081219832102,0.21125422418117523,0.3132999707371678,10.080792913644999,6,26,0,0,0,0,6,0,0.9809657235940298,0,0,0,0
213830,0.06311804925402005,0.20725996792316437,0.29294822513447877,10.664182577579675,7,10,0,0,0,0,7,0,0.9735824806349618,0,0,0,0
89556,0.049952542409300804,0.1425482283035914,0.21059517370282868,13.531031718874576,10,15,2,0,1,1,8,0,0.9886043518781662,1,0,1,1
56344,0.05468445395429929,0.13735916962226233,0.21233259118263748,13.459666806792853,4,7,1,0,1,1,4,1,0.9911670287450155,0,0,0,0
200667,0.059720308209458985,0.1771998256444931,0.27404271495301186,11.243634771143071,0,1,0,0,0,0,0,0,,0,0,0,0
340175,0.06191235532363256,0.17607250809669495,0.23685920511190248,12.510194650502529,3,28,1,0,1,1,2,0,0.9884097278118134,0,0,0,0
448448,0.04738960353036722,0.1335423762599627,0.21165709650000478,13.487343315911328,2,2,0,0,0,0,2,0,0.981757789850235,0,0,0,0
367680,0.059162385761737823,0.17851141591866812,0.27445408455407255,11.230606029212659,6,14,0,0,0,0,7,1,0.9888565639654795,0,0,0,0
424721,0.049741520235935845,0.11389791468779246,0.18220930905100532,14.788588774899624,8,7,0,0,0,0,8,0,0.9909338653087616,0,0,0,0
724,0.07872001826763153,0.2416322479645411,0.37147980067406033,8.60129592309056,3,4,2,0,2,1,1,0,0.99007648229599,1,0,1,1
245311,0.04506329633295536,0.10216464598973592,0.15458277773788123,16.21677786036432,7,17,1,0,0,1,6,0,0.9905270834763845,0,0,0,0
554595,0.06949202716350555,0.25299624105294544,0.33585864528653914,9.476869362257998,2,2,0,0,0,0,2,0,0.990391343832016,0,0,0,0
355610,0.06820796305934589,0.210679163535436,0.31858120287124003,9.935597045909612,2,1,0,0,0,0,2,0,0.9950645864009857,0,0,0,0
218362,0.04679979135592779,0.14608498414357504,0.22428963452602477,12.983815934686586,4,8,0,0,0,0,4,0,0.9942883551120758,0,0,0,0
314264,0.06148310440282027,0.16084449738264084,0.311449437491193,10.132248983367296,2,5,0,0,0,0,2,0,0.9885488152503967,0,0,0,0
230983,0.07665455341339111,0.23986790577570596,0.35900824390324404,8.897911572133843,4,7,0,0,0,0,4,0,0.9866667091846466,0,0,0,0
488664,0.06892808278401692,0.22020126382509866,0.3315729764837139,9.588417441943484,1,3,0,0,0,0,1,0,0.9896656274795532,0,0,0,0
403584,0.06721415743231773,0.21411260962486267,0.2978449694955939,10.520194611907348,4,9,0,0,1,1,4,0,0.9398143291473389,0,0,1,1
270677,0.048507812122503914,0.14061448474725088,0.1871040247894213,14.558337406062186,2,2,0,0,0,0,2,0,0.9832936525344849,0,0,0,0
444275,0.08021202062567075,0.24946812291940054,0.3547295494129432,9.002052655006517,2,1,0,0,0,0,2,0,0.9960351884365082,0,0,0,0
365642,0.06479068100452423,0.20562322437763214,0.33352810325401044,9.537351326467551,4,7,2,0,2,1,3,1,0.9801636338233948,0,0,0,0
506656,0.06456466267506282,0.19121685127417246,0.3224569170379638,9.830566051121481,3,5,0,0,0,0,3,0,0.9864288965861002,0,0,0,0
245651,0.06971365834275882,0.15787747502326965,0.2653710302818791,11.522929788846321,0,1,0,0,0,0,0,0,,0,0,0,0
285788,0.06897906710704167,0.2219324310620626,0.33661422152428805,9.457350791621625,3,4,1,0,1,1,2,0,0.9825932085514069,0,0,0,0
552883,0.07390970488389333,0.23560176293055216,0.3168589741926932,9.982679762431875,0,1,0,0,0,0,0,0,,0,0,0,0
490171,0.08238417282700539,0.2860649476448695,0.35850380924551467,8.910124508402381,3,3,1,0,1,1,2,0,0.9872644543647766,0,0,0,0
20059,0.062485704819361367,0.22024297217528024,0.3170228784797307,9.978187901451347,2,2,0,0,0,0,2,0,0.9960873425006866,0,0,0,0
315219,0.07054345682263374,0.21246925989786783,0.3531339770893316,9.041209888188556,0,1,0,0,0,0,0,0,,0,0,0,0
94326,0.06451606750488281,0.20408959686756134,0.34614772236656927,9.214770433550399,2,2,0,0,0,0,4,2,0.977518767118454,0,0,0,0
356505,0.06922342628240585,0.2497617503007253,0.32844572171796893,9.670727816212436,2,2,0,0,0,0,2,0,0.9857051968574524,0,0,0,0
546011,0.0663433348139127,0.20170937975247702,0.287310066644549,10.832983142424338,3,3,0,0,0,0,3,0,0.9917794267336527,0,0,0,0
554735,0.051885987321535744,0.1425307666261991,0.23294663582110775,12.654871143669492,2,2,0,0,0,0,2,0,0.9962583780288696,0,0,0,0
268729,0.052059696366389595,0.17007477581501007,0.2369142178252039,12.508177507558493,5,10,0,0,0,0,5,0,0.9845728754997254,0,0,0,0
398742,0.05347803048789501,0.15386453022559485,0.29179534485093406,10.69843281784917,6,8,0,0,0,0,6,0,0.9916824102401733,0,0,0,0
450758,0.07587342088421185,0.25020040571689606,0.308688640679159,10.209587033366027,7,7,0,0,0,0,7,0,0.9863769582339695,0,0,0,0
335800,0.06217544091244539,0.20532114803791046,0.30358476659724115,10.354400488781524,0,1,0,0,0,0,0,0,,0,0,0,0
28452,0.04983036716779073,0.1539651354153951,0.30986259600405086,10.176616899186117,2,2,0,0,0,0,2,0,0.9843702018260956,0,0,0,0
447088,0.05451469495892525,0.17987101276715597,0.27496426927881656,11.21447475344823,4,6,0,0,0,0,4,0,0.9883718937635422,0,0,0,0
134112,0.04763554036617279,0.11791844666004181,0.1998146957032594,13.987451480546031,3,3,0,0,0,0,3,0,0.9922712842623392,0,0,0,0
454798,0.06715092559655507,0.21367232501506805,0.3124546033941781,10.104261449762653,2,7,0,0,0,0,2,0,0.9743792116641998,0,0,0,0
576031,0.06419346357385318,0.20520569384098053,0.2909309626795293,10.72420111955612,4,5,0,0,0,0,4,0,0.9700111150741577,0,0,0,0
140640,0.05068212375044823,0.14700580139954886,0.23892909022192269,12.434619411554701,8,11,0,0,0,0,8,0,0.99049461632967,0,0,0,0
87470,0.05714160266021887,0.16984562575817108,0.2539639882402998,11.904557228019668,9,19,1,0,0,1,8,0,0.9892192408442497,0,0,0,0
356387,0.05629612815876802,0.16954252123832703,0.24647428169242092,12.164567807797933,5,20,1,0,1,1,4,0,0.978983074426651,0,0,0,0
443498,0.06006868307789167,0.19828655322392783,0.2902700704275209,10.743954834056925,1,1,0,0,0,0,1,0,0.9814287424087524,0,0,0,0
102820,0.061808135360479355,0.15716800342003504,0.3223882063694623,9.832417079420082,3,2,0,0,0,0,3,0,0.9899343649546305,0,0,0,0
292415,0.0986174854139487,0.29231639206409454,0.4126210555802202,7.68897228494097,2,2,0,0,0,0,2,0,0.9844300150871277,0,0,0,0
164115,0.05080012356241544,0.1480190878113111,0.21373427867335368,13.40251640324832,0,2,0,0,0,0,0,0,,0,0,0,0
349594,0.04650094732642174,0.1338834414879481,0.21499636326448548,13.351377725178516,2,2,0,0,0,0,2,0,0.9922857582569122,0,0,0,0
271402,0.06223257134358088,0.1877866635719935,0.33694981820379594,9.448695472185364,3,3,1,0,1,1,2,0,0.9826531410217285,1,0,1,1
245915,0.06470157951116562,0.20902539292971292,0.2714758016336974,11.325377515633004,12,13,0,0,0,0,12,0,0.9865877827008566,0,0,0,0
262440,0.0666371410091718,0.22265263398488364,0.3330965951157333,9.548596132127003,1,3,0,0,0,0,1,0,0.976951003074646,0,0,0,0
58111,0.047520458698272705,0.10652955124775569,0.1706040047335908,15.36021556966692,1,6,0,0,0,0,1,0,0.9868120551109314,0,0,0,0
26204,0.0544834074874719,0.18457316855589548,0.25976119742609033,11.708514448039551,8,13,1,0,1,1,7,0,0.9897480436733791,0,0,0,0
316404,0.052784195790688195,0.17343049248059592,0.2545143480091321,11.885754593809807,4,6,1,0,1,1,3,0,0.9890211423238119,1,0,1,1
27696,0.0488374133904775,0.12853383272886276,0.22588041001928352,12.922428652017256,3,4,0,0,0,0,3,0,0.9940640926361084,0,0,0,0
548246,0.05429839715361595,0.17690986891587576,0.2740005837932543,11.244970237174808,5,19,1,0,1,1,4,0,0.9843223690986633,0,0,0,0
79565,0.07644655928015709,0.26965944468975067,0.40415390853397526,7.869064336490602,2,2,0,0,0,0,2,0,0.9956128597259521,0,0,0,0
389684,0.05263767888148626,0.1796747495730718,0.30126159048467793,10.421124708311222,2,2,0,0,0,0,2,0,0.9941985011100769,0,0,0,0
419882,0.04363075022896131,0.10606679817040761,0.16647710010653685,15.572909955628013,4,7,0,0,0,0,4,0,0.9893248975276947,0,0,0,0
78404,0.06758671750624974,0.18612631658713022,0.26411855975089704,11.564021592356086,4,6,1,0,1,1,3,0,0.9720620711644491,0,0,0,0
546976,0.061809329936901726,0.1675625517964363,0.253793718357227,11.910382626430273,1,3,0,0,0,0,1,0,0.9913779497146606,0,0,0,0
574702,0.057672083377838135,0.1514685129125913,0.30302345678628967,10.370475036650319,7,18,0,0,0,0,7,0,0.9819614291191101,0,0,0,0
467776,0.05940564225117365,0.2078971117734909,0.3270673711965257,9.707255593569684,2,8,0,0,0,0,2,0,0.9920347034931183,0,0,0,0
533536,0.055004993453621864,0.15273456772168478,0.22865860862242104,12.816248869979495,2,2,0,0,0,0,2,0,0.9574779868125916,0,0,0,0
23034,0.06052212789654732,0.1981309950351715,0.2980172034813475,10.515173298248957,4,5,0,0,0,0,4,0,0.9863520264625549,0,0,0,0
500211,0.06360556495686372,0.18332948784033457,0.24058134995526315,12.374760850434894,8,13,1,1,0,1,8,1,0.9306254784266154,0,0,0,0
420472,0.06113865599036217,0.2149947782357534,0.30298032625196697,10.371711421875219,2,2,0,0,0,0,2,0,0.9940337240695953,0,0,0,0
209757,0.07267020021875699,0.2251463085412979,0.33534567381588964,9.49014583954582,3,9,0,0,0,0,3,0,0.9844845334688822,0,0,0,0
284762,0.0586115928987662,0.18200007577737173,0.2598536932781679,11.705422124143592,1,1,1,0,1,1,0,0,,1,0,1,1
397354,0.05536935975154241,0.14090246458848318,0.21480286844941898,13.35919846844066,15,35,2,0,2,1,13,0,0.9797016015419593,0,0,0,0
482585,0.04916234997411569,0.15350624173879623,0.24893552088548684,12.078262580171009,4,6,0,0,0,0,4,0,0.9645993709564209,0,0,0,0
325838,0.053633853793144226,0.12451609969139099,0.19516281329064628,14.19205860236191,12,18,1,1,1,1,10,0,0.979253476858139,1,0,0,1
249025,0.056101291750868164,0.15521076569954553,0.2796310562141643,11.068291937966322,1,1,1,0,1,1,0,0,,0,0,0,0
310862,0.046741390600800514,0.11868130167325337,0.16928679540712388,15.427538322224416,2,3,1,0,1,1,1,0,0.9802948236465454,0,0,0,0
521282,0.06609267617265384,0.18741899728775024,0.3344442091200148,9.513526388545742,1,1,0,0,0,0,1,0,0.9959859848022461,0,0,0,0
147415,0.057454343885183334,0.1420866698026657,0.21274752123022939,13.442709825554175,2,10,0,0,0,0,2,0,0.9879805147647858,0,0,0,0
29187,0.049938006326556206,0.15999818096558252,0.22825610488973577,12.831551961790575,2,2,0,0,0,0,2,0,0.9922742545604706,0,0,0,0
97278,0.062095979849497475,0.1920435974995295,0.32805325885149744,9.68111287286048,2,2,1,0,1,1,1,0,0.9942168593406677,0,0,0,0
366711,0.05498016873995463,0.15517445902029672,0.30396584060727383,10.343504385017017,4,14,0,0,0,0,4,0,0.9890444129705429,0,0,0,0
464872,0.08976431811849277,0.32849281032880145,0.4050831134394849,7.849117214477209,2,2,0,0,0,0,2,0,0.9912076592445374,0,0,0,0
114871,0.05800404896338781,0.17094244062900543,0.26331800307155984,11.590388942652709,1,2,0,0,0,0,1,0,0.9927101731300354,0,0,0,0
118367,0.06275798877080281,0.1611588348944982,0.25581956573005066,11.841324852843936,2,10,0,0,0,0,2,0,0.9845316708087921,0,0,0,0
223090,0.060354068875312805,0.15275916208823523,0.22271163861929089,13.045141734212848,3,4,1,0,1,1,2,0,0.9798072874546051,0,0,0,0
378284,0.04434941584865252,0.11651292443275452,0.2076893500291602,13.651715456120655,5,7,0,0,0,0,5,0,0.9810259580612183,0,0,0,0
167902,0.057742549727360405,0.17198316504557928,0.24160472821908982,12.337891415971193,1,1,0,0,0,0,1,0,0.962868869304657,0,0,0,0
91921,0.06162162870168686,0.21161405245463052,0.32090289045351383,9.872527421732313,2,2,0,0,0,0,2,0,0.9816189110279083,0,0,0,0
273712,0.05984369913736979,0.16611624012390772,0.30393566893870294,10.344366589764011,1,1,0,0,0,0,1,0,0.9929216504096985,0,0,0,0
61747,0.06051229995985826,0.1821527232726415,0.3334423935459868,9.539583704278785,2,2,0,0,0,0,2,0,0.9816231429576874,0,0,0,0
377670,0.05447097929815451,0.13930082321166992,0.2548035204600409,11.875891518428608,4,3,0,0,0,0,5,1,0.9769161194562912,0,0,0,0
526392,0.05218294821679592,0.14892988155285516,0.2197697690787902,13.160640963020878,6,8,0,0,0,0,6,0,0.9882007539272308,0,0,0,0
44877,0.052170589566230774,0.16363697250684103,0.23808484983043124,12.46536478777655,3,6,1,0,1,1,2,0,0.9470570087432861,1,0,1,1
292155,0.04504934946695963,0.11973921209573746,0.20160625644277572,13.909919891314676,2,2,0,0,0,0,2,0,0.9821518063545227,0,0,0,0
324927,0.056461481377482414,0.13443434983491898,0.2831483381914069,10.959719658423053,3,3,1,0,0,1,2,0,0.9936417043209076,1,0,0,1
270908,0.06904737030466397,0.2155340313911438,0.29687718739531743,10.54846346262764,1,2,1,0,1,1,1,1,,1,0,1,1
261982,0.06809115037322044,0.19636126359303793,0.3349400256359326,9.500659015512491,3,5,1,0,1,1,2,0,0.9609165191650391,0,0,0,0
282037,0.05914123604695002,0.19294134775797525,0.2751118451550761,11.209814206401923,8,27,1,0,0,1,7,0,0.9833809392792838,0,0,0,0
150649,0.06488727033138275,0.20652320981025696,0.2692220191957226,11.397788456262504,6,11,1,0,1,1,6,1,0.9883524417877197,0,0,0,0
125062,0.06141389533877373,0.14860925326744714,0.2886274207497452,10.79324823168347,7,10,2,2,3,1,4,0,0.9860919117927551,1,0,0,1
486046,0.047498504941662155,0.1572099650899569,0.2596335559576413,11.712783569832887,2,3,0,0,0,0,2,0,0.9951378703117371,0,0,0,0
152870,0.06862564384937286,0.21826822559038797,0.29214117358544395,10.688144608504563,2,2,0,0,0,0,2,0,0.9572397768497467,0,0,0,0
463199,0.048627989987532295,0.12494134157896042,0.2051258341217962,13.759592798483842,7,16,1,0,1,1,6,0,0.9586720863978068,0,0,0,0
108253,0.04710144177079201,0.11588270962238312,0.2258533511498053,12.923469222257973,6,13,1,0,1,1,5,0,0.9847446084022522,0,0,0,0
370818,0.05915397653977076,0.1800208737452825,0.30381737559023636,10.347747841382322,1,3,0,0,0,0,1,0,0.9880142211914062,0,0,0,0
395388,0.05911623748640219,0.1587114209930102,0.25169842929273756,11.982389892578649,5,12,0,0,0,0,5,0,0.9900044918060302,0,0,0,0
5529,0.06975897277394931,0.23800729711850485,0.3725855153325688,8.575480655645398,2,2,0,0,0,0,2,0,0.9675512909889221,0,0,0,0
491464,0.07369576394557953,0.23552407821019491,0.34274430368195336,9.300595086716614,2,13,1,0,1,1,1,0,0.9880229234695435,1,0,1,1
32038,0.0818687342107296,0.20256373286247253,0.3263829051533304,9.725451924344014,2,4,0,0,0,0,2,0,0.9035904705524445,0,0,0,0
88265,0.09208662311236064,0.28972482184569043,0.4021124711689495,7.913049148443243,1,1,0,0,0,0,1,0,0.9889194965362549,0,0,0,0
17436,0.07676430232822895,0.229877640803655,0.3589426918116918,8.899497692315668,1,3,0,0,0,0,1,0,0.9987058043479919,0,0,0,0
577539,0.048331099872787796,0.13519876450300217,0.2254290563924828,12.939802136904957,0,5,0,0,0,0,0,0,,0,0,0,0
433103,0.051683285584052406,0.13937493413686752,0.2119398338367344,13.475748209846028,11,19,2,0,3,1,9,0,0.9778342975510491,0,0,1,1
185292,0.10660619909564654,0.3531286021073659,0.44164991838612316,7.098436909634208,1,2,0,0,0,0,1,0,0.9819681644439697,0,0,0,0
520531,0.044086294869581856,0.11375216394662857,0.18004291811287035,14.892479133728402,4,18,1,0,1,1,3,0,0.9928237001101176,0,0,0,0
576654,0.08261394873261452,0.26173895597457886,0.3330387410607367,9.55010487640399,3,3,0,0,0,0,3,0,0.9844088554382324,0,0,0,0
528314,0.06408102437853813,0.20607560376326242,0.3242549704913954,9.78226715820438,7,10,0,1,1,1,7,0,0.9773289958635966,0,0,0,0
232348,0.04986159379283587,0.1384013593196869,0.19178010888749067,14.343928782553908,1,1,1,0,1,1,0,0,,1,0,1,1
107339,0.06184474751353264,0.18258815507094064,0.27782872741098247,11.124457007027003,4,8,0,0,0,0,4,0,0.9833726286888123,0,0,0,0
570456,0.06133104053636392,0.1641590471069018,0.23164386131621809,12.70358408679627,4,11,1,0,1,1,3,0,0.987109919389089,0,0,0,0
69356,0.046770405024290085,0.13671097407738367,0.20481983556972053,13.772559736997248,5,22,0,0,0,0,5,0,0.9885937809944153,0,0,0,0
452084,0.04622728439668814,0.10383893549442291,0.17239826463365612,15.269342202223847,1,5,1,0,1,1,0,0,,1,0,1,1
299355,0.05350479607780775,0.1474761813879013,0.23718649759922583,12.498200756834844,2,2,1,0,1,1,1,0,0.985598087310791,0,0,0,0
356094,0.06977854669094086,0.21941415965557098,0.3180685219464434,9.949586185372988,3,4,0,0,0,0,3,0,0.9843777020772299,0,0,0,0
416343,0.04834858700633049,0.1305495649576187,0.29944754516183114,10.47358485727524,4,7,1,0,1,1,3,0,0.9890931646029154,0,0,0,0
137106,0.062347800781329475,0.19734488427639008,0.265898935421594,11.50566802895744,1,2,0,0,0,0,1,0,0.9968214631080627,0,0,0,0
386879,0.06258611256877582,0.1788446456193924,0.3284283449703128,9.67118736400127,2,2,1,0,1,1,1,0,0.9964519739151001,1,0,1,1
79837,0.08617001151045163,0.284723440806071,0.3998532204119422,7.961988036625563,1,8,0,0,0,0,1,0,0.9660720825195312,0,0,0,0
255165,0.05899954276780287,0.1594648758570353,0.21629629328770117,13.299018461749014,5,22,0,0,0,0,7,2,0.9880838990211487,0,0,0,0
27972,0.07244634379943211,0.24582834045092264,0.30788840497771763,10.23213332482753,2,2,0,0,0,0,2,0,0.9880696535110474,0,0,0,0
132408,0.07868555560708046,0.24162636200586954,0.3668834866482146,8.709436706224903,3,6,0,0,0,0,3,0,0.9905284841855367,0,0,0,0
574520,0.0740364467104276,0.28016769886016846,0.36461842709073095,8.7632277349266,1,2,0,0,0,0,1,0,0.9867806434631348,0,0,0,0
304404,0.056512185682853065,0.1670672744512558,0.23750170472033827,12.486665375689318,9,17,1,0,1,1,8,0,0.988104835152626,1,0,1,1
100723,0.04693217451373736,0.1330252488454183,0.206763066039437,13.690540728177858,8,17,1,0,1,1,7,0,0.9920004946844918,0,0,0,0
515982,0.05438999459147453,0.1835070252418518,0.29808836917653764,10.513099379112056,5,5,0,0,0,0,5,0,0.9892054319381713,0,0,0,0
342186,0.045366582771142326,0.12167331824700038,0.26944180849782395,11.39070030357997,1,2,0,0,0,0,1,0,0.995033323764801,0,0,0,0
77396,0.05975037689010302,0.17186794678370157,0.2878509432900398,10.816646860394565,4,9,0,0,0,0,4,0,0.9867258071899414,0,0,0,0
382030,0.04764368757605553,0.12116643289724986,0.19416662439446203,14.23650839144539,1,4,0,0,0,0,1,0,0.9946081042289734,0,0,0,0
520659,0.057837304969628654,0.17488435407479605,0.26688814326076343,11.473414393924147,4,29,1,0,1,1,4,1,0.9700278838475546,0,0,0,0
127394,0.0481981486082077,0.12793232003847757,0.2751080158918657,11.209935105555136,18,22,0,0,0,0,18,0,0.9876810179816352,0,0,0,0
57672,0.060483104238907494,0.18683360517024994,0.2944299422735715,10.620360523718524,12,16,0,0,0,0,12,0,0.967908556262652,0,0,0,0
452891,0.049828082943956055,0.12698142478863397,0.28855134857789344,10.795537832507936,2,2,0,0,0,0,2,0,0.9873957931995392,0,0,0,0
265777,0.04316122084856033,0.10333509246508281,0.15613256221918229,16.130130264522652,4,6,2,0,2,1,2,0,0.9859078228473663,1,0,1,1
143068,0.08182340736190478,0.2888474216063817,0.3678351879147796,8.686934551102686,5,15,2,0,2,1,4,1,0.9898743629455566,0,0,0,0
18491,0.06960617502530415,0.21220715840657553,0.2884167026951213,10.799591850045402,10,14,0,0,0,0,10,0,0.986040997505188,0,0,0,0
194875,0.04267293711503347,0.10799462099870046,0.1844474298360706,14.682547840545013,18,39,1,0,1,1,17,0,0.9813748037113863,0,0,0,0
56127,0.04486833823223909,0.11192914843559265,0.14995130231291642,16.48099516162929,0,8,0,0,0,0,0,0,,0,0,0,0
157124,0.06098128482699394,0.172121062874794,0.27537164963601546,11.201615474785742,1,1,0,0,0,0,1,0,0.9936473965644836,0,0,0,0
69138,0.07438451548417409,0.23749861617883047,0.3479276002796134,9.170222366486213,2,2,1,0,1,1,1,0,0.9856579303741455,0,0,0,0
4765,0.07262624489764373,0.21460950374603271,0.29451732401074543,10.617783083684431,2,2,1,0,1,1,1,0,0.9929536581039429,0,0,0,0
93353,0.05136321112513542,0.12905956556399664,0.21288905610085643,13.436933271672347,1,5,1,0,0,1,1,1,,0,0,0,0
363207,0.05455197145541509,0.15401688714822134,0.24425371695231987,12.243176372892123,8,14,0,0,0,0,9,1,0.9866631925106049,0,0,0,0
353180,0.06736319387952487,0.19208148618539175,0.294502806699106,10.618211238038395,10,12,1,0,1,1,9,0,0.9585446781582303,0,0,0,0
252701,0.08090160166223843,0.2748449246088664,0.3580083786357664,8.922136184848844,4,4,0,0,0,0,4,0,0.9772378951311111,0,0,0,0
522007,0.05329673488934835,0.14660433431466421,0.21340910037149963,13.415741299275313,3,9,2,0,2,1,1,0,0.9452186822891235,1,0,1,1
238039,0.07403756119310856,0.24809971451759338,0.3459193282094682,9.220503422898545,1,1,1,0,1,1,0,0,,0,0,0,0
229849,0.059164416044950485,0.17175224671761194,0.3125131083020858,10.102635230790549,2,27,0,0,0,0,2,0,0.9910251796245575,0,0,0,0
462614,0.05305329027275244,0.16712329039971033,0.2438549508659305,12.257368454355612,4,4,1,0,1,1,3,0,0.9843534827232361,0,0,0,0
31269,0.05726146077116331,0.19186960657437643,0.2699525758273567,11.374250484634896,3,3,0,0,0,0,3,0,0.9932101567586263,0,0,0,0
332845,0.05492184559504191,0.15975787738958994,0.23619476854766072,12.534594515148145,3,4,0,0,0,0,3,0,0.9914354085922241,0,0,0,0
168330,0.08203590412934621,0.27409786482652027,0.3826234078835458,8.34456929026809,6,7,1,0,1,1,5,0,0.9868183612823487,0,0,0,0
569825,0.07412658631801605,0.21025781830151877,0.34984297426283156,9.1225368680522,2,6,0,0,0,0,3,1,0.9899260401725769,0,0,0,0
415741,0.07109088947375615,0.2269800305366516,0.3105255606785008,10.158052907832753,2,6,0,0,0,0,2,0,0.9884078800678253,0,0,0,0
273198,0.05600403187175592,0.17228415608406067,0.25346429616989224,11.921664163966689,4,5,0,0,0,0,5,1,0.9910280555486679,0,0,0,0
252294,0.04814481114347776,0.13418281823396683,0.2729711556386061,11.277664832724357,1,5,0,0,0,0,2,1,0.9544665813446045,0,0,0,0
215114,0.04250000913937887,0.10166606555382411,0.1633656601506912,15.736784558812847,6,7,1,0,1,1,5,0,0.9896424293518067,0,0,0,0
113403,0.04296948636571566,0.12315363933642705,0.21355061711646509,13.40998338430875,2,4,0,0,0,0,2,0,0.8590390980243683,0,0,0,0
514979,0.05813071628411611,0.17780966560045877,0.2958026212365196,10.57995963697101,3,2,1,0,0,1,2,0,0.9972973465919495,0,0,0,0
399462,0.07007233425974846,0.23459762334823608,0.3567798389102503,8.951993898553534,4,4,1,0,1,1,3,0,0.991744339466095,1,0,1,1
581317,0.07986447339256604,0.2848741114139557,0.37297453562961486,8.566416361845322,1,2,0,0,0,0,1,0,0.9919278025627136,0,0,0,0
65350,0.05486513674259186,0.16960996389389038,0.2562454712384496,11.826876027682333,5,15,0,0,0,0,5,0,0.9777816414833069,0,0,0,0
22623,0.05496853527923425,0.159604050219059,0.2448535252956068,12.221872776316724,0,1,0,0,0,0,0,0,,0,0,0,0
14380,0.06863000740607579,0.20245731870333353,0.29692126146483366,10.547174060457065,1,2,0,0,0,0,1,0,0.9877477288246155,0,0,0,0
209142,0.050761340806881584,0.12687965234120688,0.19603167484574446,14.153474991309647,2,13,1,0,0,1,1,0,0.9967929124832153,1,0,0,1
198960,0.06838088482618332,0.23109554251035055,0.3369653013995536,9.448296355662505,3,3,1,0,1,1,2,0,0.9903192222118378,0,0,0,0
458410,0.05397460299233595,0.1645226627588272,0.23304792632042212,12.65109514204303,2,17,0,0,0,0,2,0,0.9829539656639099,0,0,0,0
374052,0.06119705488284429,0.16919674972693124,0.2425250778273262,12.304866947509243,11,19,0,0,0,0,11,0,0.9778384837237272,0,0,0,0
570834,0.059088810036579766,0.16364269455273947,0.2381759733546323,12.462041025477538,4,12,0,0,0,0,4,0,0.9744440913200378,0,0,0,0
153669,0.0505715807278951,0.1475103721022606,0.2355050413963132,12.55999583208894,11,16,2,1,3,1,8,0,0.9840678498148918,1,1,2,1
209972,0.08657576888799667,0.32872603833675385,0.4096590494708967,7.751548940497155,1,1,0,0,0,0,1,0,0.9920799136161804,0,0,0,0
180878,0.05707096432646116,0.1745121826728185,0.26212128116015404,11.629954360523872,1,4,0,0,0,0,1,0,0.9941553473472595,0,0,0,0
213033,0.061488779882589974,0.19568122923374176,0.36105430015532447,8.84854956385759,2,6,0,0,0,0,2,0,0.9962758421897888,0,0,0,0
231125,0.053808476155002914,0.14655709763367972,0.2538637228208731,11.907987109296336,3,15,2,0,0,1,1,0,0.9761739373207092,0,0,0,0
435206,0.08254051953554153,0.2998821387688319,0.36904793438385497,8.658344422814624,4,15,1,0,1,1,3,0,0.9827641248703003,0,0,0,0
360951,0.048447522024313606,0.1386236473917961,0.21207527960431893,13.470199034866626,7,7,1,0,1,1,6,0,0.9822895228862762,0,0,0,0
353027,0.0459955669939518,0.14374474436044693,0.23422920942292358,12.6071789487066,3,3,0,0,0,0,3,0,0.9890786012013754,0,0,0,0
249643,0.051478793223698936,0.1473780001203219,0.23499706572466203,12.578751209675369,2,3,0,0,0,0,2,0,0.9907552301883698,0,0,0,0
533145,0.07873054717977841,0.23426751792430878,0.340639499383784,9.354099883205466,1,3,1,0,1,1,0,0,,1,0,1,1
227478,0.0663477120300134,0.1863847275575002,0.2696028586168986,11.38551014518516,5,6,1,0,0,1,5,1,0.9770185202360153,0,0,0,0
156292,0.057303970058759056,0.16987229883670807,0.31501635444116055,10.033337974419009,8,8,1,0,1,1,7,0,0.9866638694490705,0,0,0,0
471023,0.06946041186650594,0.2407792160908381,0.327288414535899,9.70138735440708,4,18,0,0,0,0,4,0,0.9806609153747559,0,0,0,0
229747,0.11660960813363393,0.417937050263087,0.5487740923643011,5.2121279973676335,1,1,0,0,0,0,1,0,0.9941326379776001,0,0,0,0
446574,0.06493512913584709,0.20162255565325418,0.3459750514690887,9.219104347841432,1,3,0,0,0,0,1,0,0.9959374666213989,0,0,0,0
527616,0.06442638548711936,0.1741964891552925,0.23073998839941195,12.737542670805173,2,4,0,0,0,0,3,1,0.9857751429080963,0,0,0,0
140270,0.07052800059318542,0.248126948873202,0.34561742318638544,9.228087441746368,2,2,0,0,0,0,2,0,0.9920161068439484,0,0,0,0
271116,0.0497167631983757,0.13819812734921774,0.22311678802150822,13.029355015587324,11,35,0,0,0,0,11,0,0.9810287464748729,0,0,0,0
465549,0.05720560376842817,0.1757113883892695,0.2559505802976204,11.836877629384015,4,12,1,0,1,1,3,0,0.995213250319163,0,0,0,0
151629,0.059961251293619476,0.20146827399730682,0.33383436446649245,9.529379193159341,3,6,0,0,0,0,3,0,0.9924297332763672,0,0,0,0
528399,0.04974190269907316,0.12323160966237386,0.20963999072645054,13.570517363614362,8,10,1,0,1,1,7,0,0.9904292225837708,0,0,0,0
527427,0.04934763349592686,0.1345163012544314,0.1948891985140391,14.20424460869363,5,6,0,0,0,0,5,0,0.9956454157829284,0,0,0,0
207728,0.05833151191473007,0.19057377179463705,0.2680774186330589,11.434795341087437,2,2,1,0,1,1,1,0,0.9881904125213623,0,0,0,0
135604,0.06981360539793968,0.2515268673499425,0.33893180128639633,9.397753605533687,2,3,0,0,0,0,2,0,0.9949997365474701,0,0,0,0
167067,0.059457468489805855,0.1767162730296453,0.34765689302427316,9.176983107950278,2,2,0,0,0,0,2,0,0.9705318510532379,0,0,0,0
446651,0.05081096043189367,0.1503409594297409,0.23177577131275193,12.698639299729333,4,5,0,0,0,0,4,0,0.9887365251779556,0,0,0,0
445248,0.05757996439933777,0.17710566023985544,0.2827367374582868,10.972355153957885,3,3,0,0,0,0,3,0,0.9703656435012817,0,0,0,0
236914,0.04847712690631548,0.1337659408648809,0.21693464004191906,13.273421889371647,3,5,1,0,1,1,4,2,0.9784325361251831,0,0,0,0
60823,0.05750661219159762,0.13746477415164313,0.20168883228181933,13.906362969076945,7,28,2,0,2,1,5,0,0.985427176952362,0,0,0,0
112798,0.06437612200776736,0.17586007714271545,0.2636695324630091,11.578801017908184,3,4,1,0,0,1,2,0,0.9921505749225616,0,0,0,0
410221,0.07435854524374008,0.25267759958902997,0.3406523040217627,9.35377338677091,1,1,0,0,0,0,1,0,0.9969169497489929,0,0,0,0
142238,0.058983696003754936,0.1817065328359604,0.25330203045555777,11.927226578282198,14,14,0,0,0,0,15,1,0.9836961627006531,0,0,0,0
253433,0.05130426958203316,0.12721360474824905,0.21658223641537103,13.28754332200184,1,2,0,0,0,0,2,1,0.9967942833900452,0,0,0,0
168883,0.048098877693216004,0.13459380716085434,0.2380050683749049,12.468275888801186,4,6,1,0,1,1,4,1,0.994225819905599,0,0,0,0
6471,0.056183136999607086,0.1554142783085505,0.23812713589224888,12.463822230771884,12,16,3,0,1,1,9,0,0.9817299180560641,0,0,0,0
385997,0.061078378930687904,0.168177030980587,0.2352096388795001,12.570897697291784,2,9,1,0,0,1,1,0,0.9919448494911194,0,0,0,0
458223,0.06978705028692882,0.2412150651216507,0.31730378672016774,9.970494899507026,3,4,0,0,0,0,3,0,0.9890629251797994,0,0,0,0
453708,0.05523525426785151,0.1695281465848287,0.24883097359936024,12.081911223511488,8,14,2,0,2,1,6,0,0.985037644704183,0,0,0,0
120777,0.047551048919558525,0.1190215249856313,0.1870766344123873,14.559609036685721,1,3,0,0,0,0,1,0,0.9819004535675049,0,0,0,0
21503,0.04895826801657677,0.12581305702527365,0.18869198740895263,14.484930825313981,3,8,1,1,1,1,2,0,0.9817856550216675,1,0,1,1
573391,0.0820800003906091,0.3019976665576299,0.3772764285103245,8.466806556339616,1,1,0,0,0,0,1,0,0.9868807196617126,0,0,0,0
155443,0.060311404367287956,0.18546061217784882,0.2773984119798728,11.137920589144548,2,3,0,0,0,0,2,0,0.9949372708797455,0,0,0,0
312489,0.07177000120282173,0.2272514452536901,0.3069784533031677,10.257842128236945,3,4,0,0,0,0,3,0,0.988801896572113,0,0,0,0
163257,0.05629641190171242,0.19555495182673135,0.3498451736064537,9.122482262994115,3,3,0,0,0,0,3,0,0.9912980000178019,0,0,0,0
17627,0.06392255177100499,0.20141398906707764,0.29884849084820336,10.490978659276397,8,16,0,0,0,0,9,1,0.9860400706529617,0,0,0,0
561256,0.054555840169390045,0.15093156198660532,0.21388527412132755,13.396382306512617,2,3,0,0,0,0,2,0,0.9809711873531342,0,0,0,0
114049,0.05358263229330381,0.14225208262602487,0.2793120412499312,11.078206825852654,6,16,2,0,1,1,4,0,0.98176509141922,0,0,0,0
537812,0.05879563589890798,0.16187898069620132,0.23391931601732113,12.618678292045342,1,2,0,0,0,0,1,0,0.9936662316322327,0,0,0,0
70048,0.04724397882819176,0.11071249345938365,0.1828343137150213,14.758845881168728,3,6,2,0,2,1,1,0,0.9954600930213928,1,0,1,1
538067,0.0782227839032809,0.2817131330569585,0.3635999827795973,8.787522920372473,6,7,1,0,1,1,5,0,0.9851953864097596,1,0,1,1
554156,0.05930249889691671,0.1995148261388143,0.2958071268169768,10.57982733700558,2,2,1,0,1,1,1,0,0.9978836178779602,1,0,1,1
101787,0.10689448813597362,0.35297377904256183,0.46186153844685207,6.70976404304381,1,1,0,0,0,0,1,0,0.9751584529876709,0,0,0,0
209747,0.06371300294995308,0.19231065611044565,0.2742503287548359,11.237056862935539,2,2,1,0,1,1,2,1,0.9740993976593018,0,0,0,0
106563,0.054366043458382286,0.14822740852832794,0.17360264094635652,15.208873447279759,1,1,0,0,0,0,1,0,0.9814621210098267,0,0,0,0
31093,0.062037075559298195,0.21252133448918661,0.28175056027558726,11.002704233278362,3,6,0,0,0,0,3,0,0.984265128771464,0,0,0,0
34417,0.05527132377028465,0.14531486481428146,0.200460239097091,13.959435119544017,14,20,0,0,0,0,14,0,0.9778873664992196,0,0,0,0
281754,0.06044310455520948,0.16567586114009222,0.3178029730515536,9.95684088556557,3,4,0,0,0,0,3,0,0.9878028631210327,0,0,0,0
49269,0.05982522666454315,0.17551448196172714,0.33159819808365953,9.587756761738644,2,2,0,0,0,0,2,0,0.990255743265152,0,0,0,0
175443,0.06299603109558423,0.16317692895730337,0.31975275728209107,9.903714036768239,1,2,0,0,0,0,1,0,0.9925526976585388,0,0,0,0
208363,0.04985528687636057,0.12158495932817459,0.18907155831424474,14.467475927190405,18,32,1,0,1,1,17,0,0.9848502278327942,0,0,0,0
104119,0.050201175113519035,0.1578598121802012,0.21580597859982953,13.318730559424596,1,3,0,0,0,0,1,0,0.9980155229568481,0,0,0,0
138115,0.05506109446287155,0.16296836733818054,0.33264916893759766,9.560271144419742,2,2,1,0,1,1,1,0,0.9939405918121338,1,0,1,1
32817,0.057126649344960846,0.15169152369101843,0.2799480792321415,11.058450158432185,4,3,0,0,0,0,4,0,0.9842695146799088,0,0,0,0
535094,0.06411067272226016,0.17868627111117044,0.27798816253915176,11.119473941594013,1,3,0,0,0,0,1,0,0.9944441914558411,0,0,0,0
362682,0.04780641384422779,0.14506128430366516,0.25032363736474833,12.029962784712344,4,5,0,0,0,0,4,0,0.9806987047195435,0,0,0,0
212559,0.047628169879317284,0.14353817701339722,0.20906153640650646,13.594517245414295,10,10,0,0,0,0,10,0,0.9852308034896851,0,0,0,0
119452,0.04589809228976568,0.10285677760839462,0.18123853032830267,14.834989363855737,4,6,3,0,2,1,1,0,0.9982908368110657,1,0,0,1
145781,0.04619140985111395,0.13148914029200873,0.2087610110158885,13.607012171035676,3,3,1,0,1,1,2,0,0.97505983710289,1,0,1,1
458663,0.05376928672194481,0.17523035407066345,0.24765263310697674,12.123141002509888,5,21,0,0,0,0,5,0,0.990286910533905,0,0,0,0
127987,0.05245639259616534,0.13888907184203467,0.23956114956045782,12.411672231462237,4,3,1,0,1,1,3,0,0.9883659482002258,0,0,0,0
360661,0.07741950452327728,0.25281847019990283,0.35554860721821113,8.982020365428857,6,7,0,0,0,0,7,1,0.9877880911032358,0,0,0,0
259830,0.0674364057679971,0.2014582802851995,0.3421752157091765,9.315029005807682,5,5,1,0,1,1,4,0,0.9891822934150696,0,0,0,0
409424,0.05184829110900561,0.1281284640232722,0.23078581468875614,12.735817774427073,7,6,0,0,0,0,7,0,0.9902360354151044,0,0,0,0
530099,0.06883720929423968,0.21828432381153107,0.28173765378374255,11.003102127541277,2,2,0,0,0,0,2,0,0.9911380112171173,0,0,0,0
414034,0.05294584110379219,0.14577265083789825,0.255247951288016,11.860754700619701,2,5,1,0,1,1,3,2,0.9937600493431091,1,0,1,1
240250,0.03590308129787445,0.08394604176282883,0.15370249217356244,16.266381813511746,9,22,1,0,0,1,8,0,0.9904438182711601,0,0,0,0
546717,0.0494920921822389,0.12248425682385762,0.2740279621748464,11.244102378728657,3,6,0,0,0,0,3,0,0.9825537403424581,0,0,0,0
547502,0.06682027379671733,0.22942196329434714,0.32585199190905306,9.739592397006357,5,5,0,0,0,0,5,0,0.9906274199485778,0,0,0,0
429530,0.04891998072465261,0.12037338813145955,0.19683623147091867,14.117899166911958,4,4,2,1,3,1,1,0,0.9704970717430115,0,0,0,0
90155,0.06743057693044345,0.23302113016446432,0.3558937410381267,8.973592993871163,1,1,0,0,0,0,1,0,0.990189790725708,0,0,0,0
174231,0.06269081185261409,0.17088851829369864,0.32926218825143694,9.649162797035254,2,3,1,0,1,1,1,0,0.8969392776489258,0,0,0,0
172595,0.05500221252441406,0.15620377659797668,0.22508862032448976,12.952929216400623,8,15,1,0,1,1,8,1,0.9799490485872541,0,0,0,0
156643,0.048474207520484924,0.11987398813168208,0.21206014216088567,13.470819035726597,12,21,3,0,3,1,9,0,0.9733422729704115,1,0,1,1
101884,0.0712400811413924,0.2501474569241206,0.3460640930637095,9.216869198357614,2,3,1,0,0,1,1,0,0.9594117403030396,0,0,0,0
166391,0.06635552272200584,0.2250471512476603,0.2982620374441913,10.508040395560204,16,27,0,0,0,0,16,0,0.9721574410796165,0,0,0,0
127182,0.06839841604232788,0.19063656528790793,0.32879122034394215,9.661595757377386,3,10,1,0,1,1,2,0,0.9823182225227356,0,0,0,0
509699,0.0607696237663428,0.1779783914486567,0.24317867497737114,12.281490244706347,3,7,2,0,1,1,1,0,0.9783561825752258,0,0,0,0
46463,0.061644528061151505,0.1501291791598002,0.21597683474688442,13.311856558566355,2,3,2,0,1,1,0,0,,1,0,1,1
447522,0.047135129570961,0.11813920487960179,0.19316950694953214,14.281228573808349,7,11,1,0,0,1,6,0,0.984423408905665,0,0,0,0
189775,0.05899845063686371,0.167565589149793,0.22649592466409638,12.89879215662719,3,24,1,0,1,1,2,0,0.982954353094101,0,0,0,0
499768,0.07435733204086621,0.247860516111056,0.3398217879505393,9.374975588601359,3,3,0,0,0,0,3,0,0.9913012782732645,0,0,0,0
15660,0.08149235074718793,0.2729147771994273,0.35015605564783014,9.114767170029882,6,7,1,0,1,1,5,0,0.9717353224754334,0,0,0,0
172547,0.08414725214242935,0.2859308073918025,0.39123635909489635,8.151215827150924,2,7,0,0,0,0,2,0,0.9702898859977722,0,0,0,0
452122,0.09358334044615428,0.3279122958580653,0.4408517622001799,7.114148377584534,1,1,0,0,0,0,1,0,0.9936744570732117,0,0,0,0
77460,0.08446539441744487,0.2627534568309784,0.37163316588150114,8.597710698918691,6,26,1,0,1,1,6,1,0.9727563977241516,0,0,0,0
239773,0.057163383811712265,0.1805592825015386,0.27966363297544755,11.067280098737161,6,6,2,0,1,1,4,0,0.9920126646757126,2,0,1,1
439522,0.06992861752708752,0.22170940538247427,0.3826310973267294,8.344394734863535,1,1,0,0,0,0,1,0,0.9931818246841431,0,0,0,0
24567,0.042160541440049805,0.11244990179936092,0.2402641585900384,12.386220205022372,8,9,0,0,0,0,8,0,0.9898710623383522,0,0,0,0
565776,0.05498300616939863,0.171260895828406,0.2479155711863167,12.113923900470985,4,12,0,0,0,0,5,1,0.9887811690568924,0,0,0,0
162130,0.07175951823592186,0.2497200220823288,0.32365575071884134,9.798333440569909,1,1,0,0,0,0,1,0,0.9816163182258606,0,0,0,0
208901,0.09959174444278081,0.37049566706021625,0.4622997634671895,6.701526575318861,1,1,0,0,0,0,1,0,0.992050290107727,0,0,0,0
306437,0.06732866043845813,0.1991268793741862,0.3276074785235853,9.692923857130138,3,7,0,0,0,0,3,0,0.971218983332316,0,0,0,0
553339,0.07480492567022641,0.25186092654863995,0.31739876555418556,9.967895333226938,0,7,0,0,0,0,0,0,,0,0,0,0
126107,0.06981552516420682,0.24023114144802094,0.3495727366954246,9.129248910022618,6,8,2,0,2,1,4,0,0.974366307258606,0,0,0,0
524850,0.048805370926856995,0.14889181653658548,0.23812241412135285,12.46399446308538,10,40,4,0,4,1,6,0,0.9808240532875061,0,0,0,0
211674,0.05859918023149172,0.19804109632968903,0.3290109868508132,9.65579198330984,3,16,0,0,0,0,3,0,0.9766608079274496,0,0,0,0
412887,0.0578688308596611,0.157181017100811,0.2668738380337587,11.47387997081945,3,1,0,1,0,1,2,0,0.966842770576477,0,0,0,0
251140,0.06134761869907379,0.17465404669443765,0.3291357821344309,9.652498012648806,4,5,1,0,1,1,3,0,0.9833205143610636,0,0,0,0
502732,0.05096874696513017,0.1479082703590393,0.3166833102841729,9.987496480745033,1,1,0,0,0,0,1,0,0.9970795512199402,0,0,0,0
579818,0.07274204740921657,0.24957764645417532,0.357206947207395,8.941602064846954,2,3,1,0,1,1,1,0,0.9651195406913757,0,0,0,0
312586,0.07040718197822571,0.2438532958428065,0.3135208180067776,10.074672328225624,3,3,0,0,0,0,3,0,0.9873859286308289,0,0,0,0
52996,0.05731082086761793,0.15918095906575522,0.230358010532054,12.751933617487692,8,23,0,0,0,0,8,0,0.9869267642498016,0,0,0,0
526751,0.07450380424658458,0.23471232752005258,0.35654299965435127,8.957761720928135,3,8,0,0,0,0,3,0,0.9623028039932251,0,0,0,0
497568,0.0563633032143116,0.1842431277036667,0.2870693161029765,10.84026450669219,4,5,1,0,0,1,3,0,0.9587819973627726,1,0,0,1
442323,0.056497943277160324,0.16162823140621185,0.24028720464788048,12.385387097344502,4,5,0,0,0,0,4,0,0.9872802048921585,0,0,0,0
435003,0.04645659402012825,0.13969252010186514,0.2003946977001066,13.962275475462057,7,7,0,0,0,0,7,0,0.9910923072269985,0,0,0,0
419201,0.08324053511023521,0.2970756043990453,0.36753685574449707,8.693982087029738,1,7,1,0,1,1,0,0,,1,0,1,1
121242,0.06598866979281108,0.2221511552731196,0.32575078274917124,9.742290640888529,2,22,0,0,0,0,2,0,0.9912118315696716,0,0,0,0
394677,0.05030513182282448,0.13978383441766104,0.21750700545781565,13.25053501486028,6,12,2,0,1,1,4,0,0.9512532651424408,0,0,0,0
148730,0.0757284586628278,0.23641220728556314,0.33371000756973324,9.532615383407437,0,2,0,0,0,0,0,0,,0,0,0,0
18380,0.04448107878367106,0.11941357205311458,0.18282249032259007,14.759407591935254,24,53,1,0,1,1,25,2,0.9835521708364072,0,0,0,0
161397,0.07239000002543132,0.20292932788530985,0.28154295418901143,11.009106734253539,1,3,0,0,0,0,1,0,0.9794921875,0,0,0,0
316054,0.0655031477411588,0.2308034747838974,0.31745212894687,9.966435120932442,4,4,2,0,2,1,2,0,0.9843182563781738,0,0,0,0
281447,0.05958169947067896,0.19391716023286185,0.2809695385873793,11.026815234675038,2,3,0,0,0,0,2,0,0.9917901754379272,0,0,0,0
320632,0.04560284006098906,0.10955088337262471,0.1803752253586709,14.876462265914537,4,6,0,0,0,0,4,0,0.9919809103012085,0,0,0,0
334371,0.059613713373740516,0.2049775073925654,0.2886372587372632,10.792952174512862,7,9,0,0,0,0,7,0,0.980498765196119,0,0,0,0
508730,0.05728767750163873,0.1579304983218511,0.23885437437245724,12.43733601301144,3,6,1,0,0,1,2,0,0.9966123700141907,0,0,0,0
361506,0.07362291899820168,0.23954163988431296,0.3284505671206483,9.67059967838112,1,4,0,0,0,0,1,0,0.9714660048484802,0,0,0,0
210915,0.08083474015196164,0.2857767442862193,0.3797736001305728,8.409504568499791,2,2,1,0,0,1,1,0,0.9723125100135803,0,0,0,0
67406,0.09610844527681668,0.3305967102448146,0.40861744278441425,7.773661968788356,4,4,0,0,0,0,4,0,0.9873864650726318,0,0,0,0
213224,0.06678527841965358,0.17122403780619302,0.3368976866024448,9.450039424143828,5,6,0,0,0,0,5,0,0.9919856071472168,0,0,0,0
260266,0.07635678475101788,0.2590853075186412,0.4059216860435082,7.831154924506847,7,8,0,0,0,0,7,0,0.9881381988525391,0,0,0,0
567011,0.08765557905038197,0.32843760152657825,0.4227757868365159,7.4777978702633785,3,2,0,0,0,0,3,0,0.9764916102091471,0,0,0,0
224724,0.058574664096037544,0.16624470800161362,0.27409780221357694,11.241888934619926,3,9,1,0,1,1,2,0,0.9745273888111115,0,0,0,0
114907,0.045734344671169914,0.12357596556345622,0.18719069478945288,14.554314874996255,6,15,2,0,1,1,4,0,0.9923120141029358,0,0,0,0
503841,0.056869788095355034,0.1546413078904152,0.1754344264327799,15.117703573708102,2,2,0,0,0,0,2,0,0.9918351769447327,0,0,0,0
471869,0.043380364775657654,0.09652249763409297,0.1550973233411271,16.18791394291671,2,3,0,0,0,0,2,0,0.9945321381092072,0,0,0,0
460333,0.051082503671447434,0.14167479425668716,0.22628070690116203,12.907049463861984,3,4,1,0,1,1,3,1,0.9930462837219238,0,0,0,0
1490,0.08339539542794228,0.31046007573604584,0.3680804124458738,8.681145862042627,1,2,0,0,0,0,1,0,0.9919948577880859,0,0,0,0
192716,0.055610254406929016,0.17229900260766348,0.3135108007940826,10.074949852999012,3,4,1,0,1,1,2,0,0.985534280538559,1,0,1,1
49759,0.059299043069283165,0.18877694010734558,0.25241792466691815,11.957596165457664,13,14,2,0,1,1,11,0,0.9796119061383334,0,0,0,0
517687,0.053345092882712684,0.163224125901858,0.27739831820411215,11.13792352544847,2,3,2,0,2,1,0,0,,1,0,1,1
470779,0.05643076449632645,0.1565400759379069,0.2399073089790052,12.399130413640744,5,10,0,0,0,0,5,0,0.9667194366455079,0,0,0,0
50165,0.07556777199109395,0.2534227619568507,0.3761765545895414,8.492165511687679,1,1,0,0,0,0,1,0,0.9829884171485901,0,0,0,0
481573,0.046788761392235756,0.1376370961467425,0.20742266723874972,13.662875709296639,1,2,0,0,0,0,1,0,0.9895197749137878,0,0,0,0
45596,0.06749503873288631,0.21668516099452972,0.33782600559193954,9.426138436308982,4,12,1,0,2,1,3,0,0.984688957532247,0,0,1,1
7108,0.05646479378143946,0.1616664926211039,0.2645664917665246,11.54930323036382,5,5,0,0,0,0,5,0,0.9906372666358948,0,0,0,0
235857,0.05682714655995369,0.18449092408021292,0.2799239976146223,11.059197365806359,3,3,0,0,0,0,3,0,0.9945290684700012,0,0,0,0
519491,0.10783318057656288,0.3127610385417938,0.45488155578342665,6.842033445589292,1,2,0,0,0,0,1,0,0.9892433285713196,0,0,0,0
47801,0.051620728646715484,0.13789025445779166,0.21487107528877952,13.356440856102946,2,7,0,0,0,0,2,0,0.9954485595226288,0,0,0,0
221754,0.06398513540625572,0.21215547124544779,0.2910314607435369,10.721201217616226,6,15,0,0,0,0,6,0,0.967756857474645,0,0,0,0
367818,0.061994596074024834,0.21066895127296448,0.31340851053820085,10.07778429075029,2,2,0,0,0,0,2,0,0.9946779608726501,0,0,0,0
82821,0.062148526310920715,0.19801350434621176,0.2675766365617558,11.451036192917643,5,31,1,0,1,1,4,0,0.970819279551506,0,0,0,0
84362,0.04662131890654564,0.12391019860903423,0.20686354035660778,13.686320937506391,4,8,1,0,1,1,3,0,0.9863869150479635,0,0,0,0
6213,0.07371402531862259,0.23129917681217194,0.31343910473083914,10.076936436265214,0,2,0,0,0,0,0,0,,0,0,0,0
345469,0.05546762545903524,0.15468529611825943,0.2864278793710027,10.859694247695025,1,13,0,0,0,0,1,0,0.9960312247276306,0,0,0,0
419408,0.06799441079298656,0.2111696650584539,0.29651593746378047,10.559039174725672,7,12,0,0,0,0,7,0,0.9485310060637338,0,0,0,0
459396,0.04832718335092068,0.15593517323335013,0.24318535264817095,12.281251734009356,3,3,1,0,1,1,2,0,0.9950808882713318,0,0,0,0
154213,0.06023719099660715,0.15389099468787512,0.23524550106377706,12.569573469117973,1,1,1,0,1,1,1,1,,0,0,0,0
114884,0.05693963045875231,0.18336826066176096,0.2700838905142829,11.370026381367559,14,33,2,0,2,1,13,1,0.9825431456168493,0,0,0,0
551439,0.05265557517608007,0.14648516724507013,0.28202596677170555,10.994218067195138,3,3,2,0,2,1,1,0,0.9949920177459717,0,0,0,0
161799,0.08098602667450905,0.2739303261041641,0.37118989689176346,8.608077059832343,3,8,0,0,0,0,3,0,0.9825167854626974,0,0,0,0
60899,0.05956641895075639,0.17600204795598984,0.31054499996495943,10.157509177353232,5,8,1,0,0,1,4,0,0.9953395128250122,0,0,0,0
154358,0.0674307532608509,0.19418884813785553,0.3141372742289866,10.057610579159608,8,18,0,0,0,0,9,1,0.9789728298783302,0,0,0,0
476704,0.05380629872282346,0.18155176440874735,0.31185961455274136,10.120817244356697,5,8,1,0,1,1,4,0,0.9883491396903992,0,0,0,0
145597,0.0469004629800717,0.11997231592734654,0.18058479624416873,14.866376330196571,5,19,0,0,0,0,5,0,0.9929232835769654,0,0,0,0
104572,0.06301151526470979,0.1947598656018575,0.2556396605796829,11.847435354973832,2,6,0,0,0,0,2,0,0.9658259451389313,0,0,0,0
445999,0.062153914322455726,0.17108359932899475,0.3264833039755449,9.722780463992024,1,2,0,0,0,0,1,0,0.984860360622406,0,0,0,0
336587,0.06398738982776801,0.19121194382508597,0.2546787403487014,11.880146136817363,1,2,0,0,0,0,1,0,0.9940128326416016,0,0,0,0
126592,0.07854299247264862,0.25109495719273883,0.34539709155468595,9.233626475328867,8,13,1,0,1,1,7,0,0.9868546298571995,0,0,0,0
139077,0.054729814330736794,0.152096817890803,0.22097736344368524,13.11304424892329,3,7,0,0,0,0,3,0,0.9781185587247213,0,0,0,0
408830,0.04379804618656635,0.13860921561717987,0.21570237996212938,13.322901261257607,3,4,0,0,0,0,3,0,0.9889459609985352,0,0,0,0
209613,0.06391389171282451,0.21423098941644034,0.2675418572645814,11.452165248036676,6,9,0,0,0,0,7,1,0.9853567878405253,0,0,0,0
295231,0.05316762377818426,0.14243020365635553,0.2554602737556295,11.853532535253295,4,7,0,1,0,1,4,0,0.9881576895713806,0,0,0,0
222299,0.04558446630835533,0.11323350419600804,0.173442328462516,15.216898094020252,3,9,1,0,1,1,2,0,0.9880362153053284,0,0,0,0
333697,0.0756517027815183,0.23794848720232645,0.38420868791683954,8.30865637763421,0,1,0,0,0,0,0,0,,0,0,0,0
21167,0.060577488193909325,0.18089633683363596,0.3217648751694322,9.84922733107154,3,4,0,0,0,0,3,0,0.9810027877489725,0,0,0,0
434204,0.05575330431262652,0.1700967252254486,0.23978809988586472,12.403447474129763,4,9,0,0,0,0,4,0,0.9830508381128311,0,0,0,0
227399,0.055671148002147675,0.16940611600875854,0.26048835168040974,11.684233847598357,11,23,1,0,1,1,11,1,0.9797460317611695,1,0,1,1
119911,0.06042040760318438,0.19483030835787454,0.26346759387194174,11.585455895031625,6,7,1,0,1,1,5,0,0.981183123588562,0,0,0,0
50828,0.0531898041566213,0.15920753280321756,0.24282640674568484,12.294081732467799,3,4,0,0,0,0,3,0,0.9651535749435425,0,0,0,0
360960,0.057846577217181526,0.16684765120347342,0.3098924644925175,10.175779683288372,6,6,0,0,0,0,6,0,0.9719729423522949,0,0,0,0
127660,0.048522595316171646,0.13676544527212778,0.2130497002147731,13.430381451299322,2,2,0,0,0,0,2,0,0.9726962745189667,0,0,0,0
49761,0.08445385470986366,0.2738838791847229,0.36222291459895234,8.820481584630459,4,17,0,0,0,0,4,0,0.9890091121196747,0,0,0,0
316666,0.05633907454709212,0.1503220945596695,0.21238531556992657,13.457510277933116,3,40,1,0,1,1,3,1,0.9774675667285919,0,0,0,0
193245,0.058596874276796974,0.18538913130760193,0.27837959523176664,11.107252019377036,12,25,0,0,0,0,13,1,0.9795466115077337,0,0,0,0
365387,0.059652759383122124,0.19658994674682617,0.2834082072361223,10.951751542903922,1,4,1,0,0,1,0,0,,0,0,0,0
474021,0.05308762192726135,0.1529559145371119,0.2325035573478107,12.671407958731693,5,25,2,0,1,1,3,0,0.9910411238670349,0,0,0,0
441586,0.05572099362810453,0.17136648297309875,0.2568571016543077,11.806168445657486,4,10,0,0,0,0,4,0,0.9813990741968155,0,0,0,0
571008,0.05882129321495692,0.19240772227446237,0.3122619879015581,10.109617596814946,1,1,1,0,1,1,0,0,,1,0,1,1
210388,0.08061310400565465,0.2633548229932785,0.37454783868352554,8.529854093366655,3,4,0,0,0,0,3,0,0.9900740583737692,0,0,0,0
421060,0.0653985229631265,0.19872441391150156,0.28638116138314046,10.861111080386944,2,14,0,0,0,0,2,0,0.9434908628463745,0,0,0,0
297681,0.06725805997848511,0.22337369124094644,0.3250079011149375,9.76212161925893,1,1,0,0,0,0,1,0,0.9478436708450317,0,0,0,0
46804,0.06148737048109373,0.2013821800549825,0.2817049733362429,11.004109714638739,1,1,0,0,0,0,1,0,0.9944904446601868,0,0,0,0
6818,0.06051943947871526,0.18255920708179474,0.33618842724975384,9.468344810677955,1,1,0,0,0,0,1,0,0.9966599345207214,0,0,0,0
37740,0.05656720449527105,0.17496966818968454,0.2729210723324408,11.279258620102127,7,22,0,0,0,0,7,0,0.9881220204489571,0,0,0,0
414170,0.07947755480806033,0.2548479338486989,0.36756036622365496,8.69342648861018,4,7,0,0,0,0,4,0,0.9773969948291779,0,0,0,0
177383,0.05472052780290445,0.16373722503582636,0.34120540854632914,9.339681866432073,1,1,0,0,0,0,1,0,0.9978484511375427,0,0,0,0
113051,0.06688073153297107,0.20761229594548544,0.27146732056052375,11.325648872475345,1,1,0,0,0,0,1,0,0.9938061237335205,0,0,0,0
231097,0.04570618271827698,0.12182813882827759,0.19310924644415742,14.283938617262029,7,11,2,0,1,1,5,0,0.9905163168907165,1,0,0,1
444879,0.07142513866225879,0.2506432036558787,0.37365191905587847,8.550655657786207,1,1,0,0,0,0,1,0,0.9943549633026123,0,0,0,0
25560,0.054748029758532844,0.1469822252790133,0.23034313820975888,12.752494412052735,3,4,0,0,0,0,3,0,0.9904258648554484,0,0,0,0
96825,0.0699084388713042,0.25166724622249603,0.32671365133004987,9.71665437364106,1,3,0,0,0,0,1,0,0.9898942112922668,0,0,0,0
507797,0.05467545613646507,0.16506224870681763,0.23641780035996196,12.52639655352511,11,15,1,0,1,1,11,1,0.9863408982753754,0,0,0,0
254516,0.051954941203196846,0.143523208796978,0.2310001611538253,12.727754342573334,5,11,1,0,1,1,4,0,0.9299295842647552,1,0,1,1
18150,0.047021240616838135,0.12729490796724954,0.21026354448262424,13.544720376275114,4,7,0,0,0,0,4,0,0.9848080426454544,0,0,0,0
224222,0.07726093257466952,0.2693207710981369,0.3461492470398826,9.214732174985883,4,4,0,0,0,0,4,0,0.98745296895504,0,0,0,0
437392,0.07152270028988521,0.2043387989203135,0.37435733945303384,8.534272958067234,1,1,0,0,0,0,1,0,0.9949044585227966,0,0,0,0
389109,0.04550351450840632,0.13554531584183374,0.28325085339569434,10.95657545986623,8,17,1,0,1,1,7,0,0.9850503206253052,0,0,0,0
425227,0.1064562015235424,0.3575399120648702,0.44167654545131757,7.0979132532982945,6,5,1,0,0,1,5,0,0.9759529948234558,0,0,0,0
99428,0.05503464490175247,0.13291691740353903,0.22398876236341,12.99547539813691,1,5,1,0,1,1,0,0,,0,0,0,0
479099,0.0766129232943058,0.2579189787308375,0.2996226631081018,10.468506804061182,1,1,0,0,0,0,1,0,0.9886577129364014,0,0,0,0
575815,0.05437383055686951,0.13285866131385168,0.22242661430184416,13.056264975532134,1,1,0,0,0,0,1,0,0.9977691173553467,0,0,0,0
546325,0.05571317176024119,0.15289595971504846,0.2586638481476397,11.745285314120936,2,3,0,0,0,0,2,0,0.9954972863197327,0,0,0,0
107087,0.06733003382881482,0.19883044560750326,0.2929049084620686,10.665467008148198,0,3,0,0,0,0,0,0,,0,0,0,0
294163,0.07583095505833626,0.24354946116606394,0.3755499335014241,8.50664621168463,2,2,0,0,0,0,2,0,0.9907785952091217,0,0,0,0
402615,0.05944858491420746,0.19574059545993805,0.2721947196522643,11.302406079944447,4,19,1,0,1,1,3,0,0.9810769955317179,0,0,0,0
7278,0.08048379421234131,0.2912443031867345,0.3763671971835396,8.487764702928576,1,2,0,0,0,0,1,0,0.9875547885894775,0,0,0,0
290619,0.05477009589473406,0.13536280890305838,0.20787529892582704,13.643942265082273,2,1,0,0,0,0,2,0,0.9941436648368835,0,0,0,0
521719,0.06290231769283612,0.15732035040855408,0.3133996854993589,10.078028873746883,1,8,1,0,1,1,0,0,,0,0,0,0
452321,0.06277160222331683,0.19829604029655457,0.33169489926204493,9.585224138460525,2,4,0,0,0,0,2,0,0.9637876451015472,0,0,0,0
130826,0.04312685256203016,0.10459062953790028,0.17910985730059883,14.937610242432784,6,9,0,0,0,0,8,2,0.9902420143286387,0,0,0,0
457559,0.054602812975645065,0.16718360781669617,0.27472283812331605,11.222104710485517,4,7,0,0,0,0,4,0,0.990736648440361,0,0,0,0
474881,0.0791641150911649,0.24012227853139242,0.3190813964316209,9.921970319302194,4,4,0,0,0,0,4,0,0.97364641726017,0,0,0,0
318238,0.04517215552429358,0.12039700150489807,0.2506503106285771,12.018635056670384,4,4,0,0,0,0,4,0,0.9887095242738724,0,0,0,0
26926,0.056622021521131195,0.18427236378192902,0.346084790620229,9.216349724308035,3,3,0,0,0,0,3,0,0.9870783885320028,0,0,0,0
132703,0.0752484214802583,0.2436541716257731,0.4103505901519774,7.736898753060685,1,2,0,0,0,0,1,0,0.9923182725906372,0,0,0,0
430377,0.06757688149809837,0.20444210867087045,0.33931608096448435,9.387911153183955,3,4,0,0,0,0,3,0,0.9807859460512797,0,0,0,0
410735,0.0452227337906758,0.11025570084651311,0.17726269384324467,15.027653101043875,1,6,0,0,0,0,2,1,0.9921247959136963,0,0,0,0
569273,0.06571426366766293,0.2257972906033198,0.30684176593737017,10.261710529298508,5,6,3,0,3,1,2,0,0.9843942224979401,0,0,0,0
233825,0.05339586858948072,0.15477092315753302,0.2279556961367803,12.842991024286306,2,19,1,0,1,1,2,1,0.9931449294090271,0,0,0,0
376322,0.049450868740677834,0.12252255280812581,0.217807453269801,13.238545259413579,17,42,1,0,2,1,17,1,0.9803316444158554,0,0,0,0
194471,0.08326237897078197,0.2617264191309611,0.39800998959871037,8.002120549825184,2,2,0,0,0,0,2,0,0.9804144501686096,0,0,0,0
550084,0.06637210461000602,0.2071767052014669,0.27431900949260046,11.234881920699406,0,3,0,0,0,0,0,0,,0,0,0,0
10707,0.051396156971653305,0.13162625581026077,0.2105800745812178,13.531654496706532,7,15,0,0,0,0,7,0,0.9840898258345467,0,0,0,0
463647,0.06358927612503369,0.18362629413604736,0.29488933896997266,10.606818561185477,2,2,0,0,0,0,2,0,0.9928741455078125,0,0,0,0
89761,0.06025784524778525,0.1860010176897049,0.30227663869517674,10.39190831531345,1,1,0,0,0,0,1,0,0.9961771965026855,0,0,0,0
79014,0.08000861232479413,0.23393928011258444,0.34918180483644506,9.13896789182683,1,2,0,0,0,0,1,0,0.9899362325668335,0,0,0,0
106330,0.07935425514976184,0.2670806596676509,0.36484263577486953,8.757888308199696,1,1,0,0,0,0,1,0,0.9620522260665894,0,0,0,0
253695,0.07039208213488261,0.22493653496106467,0.3868490903406263,8.249168400607962,2,2,0,0,0,0,2,0,0.9833396971225739,0,0,0,0
439525,0.052975847075382866,0.14207704613606134,0.2920252527685315,10.691591829673904,5,7,0,0,0,0,5,0,0.9911669731140137,0,0,0,0
175251,0.047585047160585724,0.11952455590168636,0.1772031025118126,15.030573573136827,2,2,1,0,1,1,1,0,0.9849516749382019,1,0,1,1
234660,0.046828821301460266,0.12678797791401544,0.19317335117380968,14.281055719530766,2,2,0,0,0,0,2,0,0.993952751159668,0,0,0,0
466156,0.04330096021294594,0.12082039813200633,0.1809142852111441,14.850542787355517,4,5,1,0,0,1,3,0,0.9752150575319926,0,0,0,0
270244,0.09224557504057884,0.29973649481932324,0.4133715848133153,7.67318760221114,1,1,0,0,0,0,1,0,0.9976532459259033,0,0,0,0
484415,0.06531438355644544,0.18763559559981027,0.2595613861303985,11.715198305061802,0,2,0,0,0,0,0,0,,0,0,0,0
129812,0.06278630842765172,0.19700464606285095,0.279578050307838,11.069938561558555,2,2,0,0,0,0,2,0,0.9888052344322205,0,0,0,0
173302,0.0545135128001372,0.152850275238355,0.23144773791447332,12.710941189916579,8,24,0,0,0,0,8,0,0.9855243414640427,0,0,0,0
60886,0.06477790822585423,0.21648100018501282,0.29165677474066215,10.702558622408521,11,14,0,0,0,0,11,0,0.9821383465420116,0,0,0,0
236721,0.05427078033487002,0.13419612497091293,0.21686177244498503,13.276339939834468,6,9,0,1,1,1,8,2,0.9897993087768555,0,0,0,0
31817,0.05442331607143084,0.1693119357029597,0.3156299649638627,10.016435457750479,2,6,0,0,0,0,2,0,0.9881195425987244,0,0,0,0
111086,0.056395302837093673,0.1568160355091095,0.2271559298043129,12.873518432749528,11,17,2,0,1,1,9,0,0.9858642551634047,0,0,0,0
219485,0.06381454815467198,0.1999636416633924,0.33798767678931046,9.421982680835498,1,1,0,0,0,0,1,0,0.9903919100761414,0,0,0,0
544052,0.05083933286368847,0.15319069226582846,0.2515825502385317,11.986389696802998,2,2,1,0,1,1,1,0,0.9902519583702087,0,0,0,0
30828,0.05868619432051977,0.1769851098457972,0.2537388046237811,11.91226220895391,2,5,0,0,0,0,2,0,0.9810717403888702,0,0,0,0
411817,0.049183069417874016,0.11679106454054515,0.18647154961637286,14.587748401733096,12,16,0,0,0,0,12,0,0.9856481651465098,0,0,0,0
301867,0.04558072239160538,0.12559444457292557,0.20236187864675848,13.877425948569122,6,7,0,0,0,0,6,0,0.9910311102867126,0,0,0,0
19742,0.05575419155259927,0.14521596084038416,0.2079970327903234,13.638857209589077,1,1,1,0,1,1,1,1,,0,0,0,0
482735,0.0914757860203584,0.3410454640785853,0.43006830266272117,7.329251301717789,2,2,0,0,0,0,2,0,0.9788502752780914,0,0,0,0
488736,0.0576927891621987,0.17845789591471353,0.23665505710025025,12.517684212487941,2,2,0,0,0,0,2,0,0.9768500626087189,0,0,0,0
24021,0.06012446557482084,0.18187035620212555,0.2322976932034713,12.679102057458703,0,26,0,0,0,0,0,0,,0,0,0,0
89697,0.06024377793073654,0.2097751945257187,0.29630276554050466,10.565285900309503,3,4,0,0,0,0,3,0,0.9888306061426798,0,0,0,0
541055,0.06881538406014442,0.2335143138964971,0.3184200841527428,9.93999094421357,5,11,0,0,0,0,5,0,0.9716544151306152,0,0,0,0
323709,0.08205719540516536,0.2777555137872696,0.3671965293542608,8.702028645789344,1,1,0,0,0,0,1,0,0.9973002672195435,0,0,0,0
539883,0.06131410722931226,0.17546298106511435,0.24854049020281552,12.092056988576763,2,8,0,0,0,0,2,0,0.9905060827732086,0,0,0,0
256916,0.04707911734779676,0.11228288958470027,0.19119332678859477,14.370545399092316,8,9,2,0,1,1,6,0,0.9837037722269694,1,0,0,1
66817,0.04136923390130202,0.09455004582802455,0.1594907457787136,15.945290223776974,3,11,1,0,1,1,2,0,0.9947396516799927,1,0,1,1
399560,0.05580138166745504,0.1424989253282547,0.2210672209440931,13.109512965564047,1,2,0,0,0,0,1,0,0.9891595244407654,0,0,0,0
66231,0.05656760682662328,0.15258459746837616,0.21016880501339696,13.548634901829544,8,26,2,0,2,1,6,0,0.9789996842543284,0,0,0,0
413552,0.06287209192911784,0.1672692820429802,0.31764340779339245,9.961203067154347,1,3,0,0,0,0,1,0,0.9796678423881531,0,0,0,0
544565,0.0401127797861894,0.0864748905102412,0.1428378876361594,16.90313162026323,3,5,1,0,1,1,2,0,0.9955821335315704,1,0,1,1
561366,0.04771731048822403,0.1245415856440862,0.21983569223135654,13.158035894237743,2,2,2,0,1,1,0,0,,1,0,0,1
396338,0.05845595213274161,0.16284670432408652,0.24666932022806604,12.157697260243364,6,12,0,0,0,0,7,1,0.9794126351674398,0,0,0,0
119516,0.06765127182006836,0.21047982573509216,0.28775396965473343,10.819573528611253,2,9,0,0,0,0,2,0,0.9777515828609467,0,0,0,0
84241,0.04923609892527262,0.14139026900132498,0.21791321042663905,13.234328819445015,8,18,1,0,0,1,7,0,0.9879915203366961,0,0,0,0
21465,0.06346580758690834,0.1720954328775406,0.2426067856810359,12.301941122759397,2,2,1,0,0,1,2,1,0.9887307286262512,0,0,0,0
43314,0.07329953213532765,0.21651090184847513,0.2775696355265928,11.13256089723392,3,5,1,0,0,1,2,0,0.994026780128479,0,0,0,0
167898,0.06358239303032558,0.17385783791542053,0.2456677677566871,12.193036406717106,3,3,0,0,0,0,3,0,0.9904049634933472,0,0,0,0
442822,0.06855057676633199,0.186608225107193,0.2900611946940737,10.750207372068147,5,14,2,0,2,1,3,0,0.9801217913627625,0,0,0,0
294783,0.05691538626948992,0.1747861901919047,0.23937963306419457,12.418256061391602,1,20,0,0,0,0,1,0,0.9926543831825256,0,0,0,0
272212,0.08604251220822334,0.30734721819559735,0.39062671717076847,8.164761123522107,1,3,0,0,0,0,1,0,0.9860904216766357,0,0,0,0
153782,0.06784275422493617,0.21226557592550913,0.3600722338901268,8.872207338374215,1,2,0,0,0,0,1,0,0.9892428517341614,0,0,0,0
523194,0.07141450047492981,0.24714063107967377,0.3308812162196981,9.60655773167038,1,2,0,0,0,0,1,0,0.9894571304321289,0,0,0,0
506707,0.05672086154421171,0.17049922049045563,0.23985624039251593,12.400979558322426,8,16,1,0,1,1,7,0,0.9758028047425407,0,0,0,0
281032,0.058321256190538406,0.17002438008785248,0.26840402416427217,11.424219542099937,2,4,1,0,0,1,1,0,0.9967688918113708,0,0,0,0
347370,0.05030490458011627,0.1227546160419782,0.20402882000111047,13.806169643304367,1,2,1,0,1,1,0,0,,1,0,1,1
249786,0.0735295092066129,0.23883345226446787,0.3542580594279615,9.01360521397272,1,12,0,0,0,0,2,1,0.9768288135528564,0,0,0,0
359937,0.045287901535630226,0.14085322866837183,0.26679883800417914,11.47632132490527,2,2,0,0,0,0,3,1,0.9970767199993134,0,0,0,0
300341,0.05411882077654203,0.16969415545463562,0.25953096950443155,11.716216218170114,7,9,1,0,0,1,6,0,0.988062858581543,1,0,0,1
39480,0.07428972919782002,0.25800872842470807,0.34084188910732005,9.34894072586417,4,2,0,0,0,0,4,0,0.9878112375736237,0,0,0,0
161044,0.10149293765425682,0.38028449813524884,0.43499443693639694,7.2303259424371005,2,2,0,0,0,0,2,0,0.9884229600429535,0,0,0,0
407518,0.06293423970540364,0.20883215963840485,0.30598500551560753,10.285997103138698,1,1,0,0,0,0,1,0,0.9425572752952576,0,0,0,0
400044,0.06990032518903415,0.22647319237391153,0.38268480845402436,8.34317555485888,2,2,1,0,0,1,1,0,0.9948354363441467,0,0,0,0
293794,0.052908457815647125,0.14610967536767325,0.2864911587913108,10.857775519125086,7,23,2,1,2,1,4,0,0.9831179529428482,0,0,0,0
387383,0.05580111468831698,0.15130730966726938,0.24521493946453235,12.20906148818144,4,2,1,0,0,1,3,0,0.9950350721677145,0,0,0,0
428218,0.07503944387038548,0.24165240426858267,0.3108653563270612,10.14855348414856,3,3,0,0,0,0,3,0,0.9884400367736816,0,0,0,0
274066,0.05522464960813522,0.18269594510396323,0.26094954503648854,11.668869119938552,6,9,1,0,1,1,5,0,0.9847104549407959,0,0,0,0
308466,0.061177377899487816,0.18866456548372904,0.2550900669350221,11.866129044918832,2,2,0,0,0,0,2,0,0.991928368806839,0,0,0,0
27620,0.04746537531415621,0.12441357721885045,0.18250240475061857,14.77462817340565,3,7,0,0,0,0,4,1,0.9888930320739746,0,0,0,0
100428,0.05974504848321279,0.17544028659661612,0.27984792065017494,11.061558313541306,2,4,1,0,1,1,1,0,0.9948930144309998,0,0,0,0
328117,0.05383222488065561,0.13980936259031296,0.2597597218583812,11.708563788182747,10,11,0,0,0,0,10,0,0.993254429101944,0,0,0,0
488251,0.06817712013920148,0.21860584616661072,0.321868613608433,9.846427412621368,3,6,0,0,0,0,3,0,0.9753973484039307,0,0,0,0
139099,0.04592534899711609,0.119960255920887,0.1942474197179138,14.232894828632547,9,29,1,0,1,1,9,1,0.9895514845848083,0,0,0,0
175438,0.05611199947694937,0.20000824828942618,0.27518263137036714,11.207579616437698,12,18,2,0,3,1,10,0,0.9838875234127045,0,0,0,0
447313,0.056872556606928505,0.18589238822460175,0.24174270148736585,12.332932578745028,2,3,1,0,2,1,1,0,0.99393230676651,0,0,0,0
434230,0.05590232958396276,0.15562377870082855,0.21796610996265206,13.232220531611771,8,20,4,0,1,1,4,0,0.9890319854021072,0,0,0,0
401250,0.08137746279438336,0.2902500381072362,0.35016136882053656,9.114635373703976,2,2,0,0,0,0,2,0,0.9830476641654968,0,0,0,0
301421,0.05592958380778631,0.16141886512438455,0.2390278612651047,12.431029488277892,5,10,1,0,1,1,5,1,0.9800214022397995,1,0,1,1
885,0.06641596928238869,0.2086223562558492,0.2889145006446861,10.78461320659607,4,9,1,0,1,1,3,0,0.9862944682439169,0,0,0,0
227985,0.04194250516593456,0.1039336547255516,0.19032214863842742,14.410213359669559,4,4,2,0,1,1,2,0,0.9916215538978577,1,0,0,1
377575,0.06726499646902084,0.20714177191257477,0.3435480480056089,9.280250294392827,2,2,1,0,1,1,1,0,0.9948042035102844,0,0,0,0
144984,0.060249232997496925,0.1771372010310491,0.32591828051894167,9.737825591811044,3,5,0,0,0,0,3,0,0.988561749458313,0,0,0,0
306136,0.06407454858223598,0.20459985733032227,0.3571594617098291,8.942756805010335,2,7,0,0,0,0,2,0,0.9597888290882111,0,0,0,0
65288,0.04843986158569654,0.13870413849751154,0.20104631378773266,13.934077706762125,8,37,1,0,1,1,8,1,0.985095705304827,1,0,1,1
203546,0.06878456970055898,0.235902339220047,0.3182997524482057,9.943273982868664,1,1,0,0,0,0,1,0,0.9877450466156006,0,0,0,0
165257,0.06707846994201343,0.19998624920845032,0.287393921975135,10.830448417882224,0,1,0,0,0,0,0,0,,0,0,0,0
199551,0.0505084494749705,0.15911096831162772,0.25591880382966203,11.837956056430789,1,2,0,0,0,0,1,0,0.9950217008590698,0,0,0,0
550322,0.05980821450551351,0.17386232813199362,0.3159544870655342,10.007509451420722,3,6,3,0,4,1,0,0,,1,0,1,1
561679,0.05651902034878731,0.19292515019575754,0.2769946993960217,11.150570831352493,0,1,0,0,0,0,0,0,,0,0,0,0
171298,0.040671796848376594,0.11724027494589488,0.21209975960927238,13.469196474121913,4,3,0,0,0,0,4,0,0.9867892563343048,0,0,0,0
220858,0.06439662103851636,0.22672230501969656,0.34115439423262595,9.340980608526227,2,9,0,0,0,0,3,1,0.9813878536224365,0,0,0,0
255965,0.05813537662227949,0.1780966023604075,0.26052775744532425,11.682919976031592,1,1,0,0,0,0,1,0,0.9971722364425659,0,0,0,0
465430,0.045649788031975426,0.11378102004528046,0.1832840189640958,14.73750801426129,2,3,0,0,0,0,2,0,0.9952414929866791,0,0,0,0
504415,0.07072462762395541,0.23957985639572144,0.3363159181895684,9.465051531596984,5,8,0,0,0,0,5,0,0.9862502813339233,0,0,0,0
261888,0.06883227576812108,0.2351470539967219,0.31234575977315737,10.107287708213475,4,6,0,0,0,0,4,0,0.9586360603570938,0,0,0,0
178982,0.062060680240392685,0.2169736921787262,0.31727799174106025,9.971201041250996,5,9,0,0,0,0,5,0,0.9799289107322693,0,0,0,0
580410,0.06285439431667328,0.18702920277913412,0.319586248037284,9.908238337474994,4,19,0,0,0,0,4,0,0.9865003973245621,0,0,0,0
312720,0.08960933238267899,0.34245353440443677,0.45705318757700164,6.800665157153608,2,2,0,0,0,0,2,0,0.9805879592895508,0,0,0,0
117374,0.06818720450003941,0.2288159728050232,0.2996910999584639,10.466523085452872,3,3,0,0,0,0,3,0,0.988595724105835,0,0,0,0
157928,0.05620848760008812,0.1583558569351832,0.2400510417351537,12.393928100178568,6,8,0,0,0,0,6,0,0.9898939232031504,0,0,0,0
496571,0.04954913444817066,0.13993046681086221,0.29463763045628616,10.614235736707831,8,14,0,0,0,0,8,0,0.9890696555376053,0,0,0,0
84431,0.0702547865609328,0.19256868461767832,0.33955081285628064,9.381904510625635,3,2,0,0,0,0,3,0,0.9628450075785319,0,0,0,0
227044,0.0503738634288311,0.12655180941025415,0.20413562040871155,13.80162413917391,5,8,2,1,1,1,3,0,0.9892061352729797,0,0,0,0
280325,0.06758404336869717,0.19641960163911185,0.2534051240316119,11.92369215241737,1,1,1,0,1,1,0,0,,1,0,1,1
496722,0.06534986570477486,0.21526270111401877,0.31504276129633474,10.032609893436966,1,13,0,0,0,0,1,0,0.9813342690467834,0,0,0,0
486104,0.05902507404486338,0.17945372064908346,0.2508933352994305,12.010217501577408,3,17,0,0,0,0,3,0,0.9880052804946899,0,0,0,0
41635,0.05713036345938841,0.17547369996706644,0.2402572423492432,12.386470240521913,2,4,1,0,1,1,1,0,0.9772261381149292,0,0,0,0
97994,0.057630120466152825,0.17336363097031912,0.24299901047904895,12.287909897940239,7,20,0,0,0,0,8,1,0.9752475108419146,0,0,0,0
283037,0.07753455390532811,0.2429887354373932,0.3943307435233526,8.082787247170764,2,2,0,0,0,0,2,0,0.9886396825313568,0,0,0,0
197022,0.045299785832564034,0.12165853381156921,0.20857445412623873,13.61477768725942,2,2,0,0,0,0,2,0,0.9941369295120239,0,0,0,0
310072,0.05675757055481275,0.17589322725931802,0.2902281270175383,10.745210017388725,4,7,0,0,0,0,5,1,0.9914883673191071,0,0,0,0
30494,0.07356555325289567,0.2474867900212606,0.3014395246224313,10.415996075595826,1,2,0,0,0,0,1,0,0.9916951656341553,0,0,0,0
546829,0.0621224914987882,0.216986154516538,0.3025383430205483,10.384391520595834,2,2,0,0,0,0,2,0,0.9919624626636505,0,0,0,0
47585,0.05296627183755239,0.15589956939220428,0.30278604139950005,10.377282998426358,5,7,0,0,0,0,5,0,0.9899017691612244,0,0,0,0
261318,0.06141618452966213,0.17880527675151825,0.3309203139793236,9.605531445661356,4,6,0,0,0,0,4,0,0.9832858145236969,0,0,0,0
148957,0.043971785654624305,0.11303835610548656,0.19839964138030308,14.0491823439086,6,6,6,0,6,1,0,0,,4,1,5,1
173383,0.05685275048017502,0.16931873311599097,0.25326418859612604,11.928524296933666,3,4,0,0,0,0,3,0,0.9879659414291382,0,0,0,0
32081,0.08220709611972173,0.25605282684167224,0.39783826282002693,8.005869002790083,2,2,0,0,0,0,2,0,0.9900394082069397,0,0,0,0
71756,0.07627703870336215,0.23981442550818124,0.3222075397483271,9.837286023663058,1,2,1,0,1,1,0,0,,1,0,1,1
308165,0.08610242356856664,0.27060390015443164,0.3999674934222844,7.959506073490507,2,2,0,0,0,0,2,0,0.9829081594944,0,0,0,0
344029,0.05159425859649976,0.16733626027901968,0.2775824345111283,11.132160392315813,4,12,0,0,0,0,5,1,0.9882799834012985,0,0,0,0
60363,0.06845655664801598,0.21960605680942535,0.32469671299395964,9.770442157003282,1,13,1,0,1,1,0,0,,0,0,0,0
52507,0.08539909745256107,0.2965704600016276,0.3757686335217813,8.501589490401024,2,2,0,0,0,0,2,0,0.9547287225723267,0,0,0,0
205834,0.057000710318485893,0.17391629020373026,0.25617973643241737,11.829104510064388,2,2,0,0,0,0,2,0,0.9906715750694275,0,0,0,0
28285,0.07472258185346921,0.24426238238811493,0.35424800724618793,9.013851682268815,1,1,0,0,0,0,1,0,0.983038067817688,0,0,0,0
345941,0.03943877232571443,0.09001070509354274,0.14445215150074242,16.80551970596415,2,3,0,0,0,0,2,0,0.9682349562644958,0,0,0,0
52007,0.04828957592447599,0.15334836641947427,0.2607195873252135,11.676526799134129,5,8,0,0,0,0,5,0,0.9867612719535828,0,0,0,0
299553,0.0914537583788236,0.27281811833381653,0.380183689873482,8.40013037170951,7,17,1,0,0,1,6,0,0.9755305548508962,0,0,0,0
403817,0.056149255484342575,0.15584518760442734,0.24503905621800082,12.215293778168075,2,3,1,0,1,1,1,0,0.5602468252182007,0,0,0,0
213816,0.04823313280940056,0.14446232716242471,0.2629255929484764,11.603342759780302,1,1,0,0,0,0,1,0,0.9934670329093933,0,0,0,0
34760,0.0654281700650851,0.21220983068148294,0.35609695018989945,8.968634916931633,3,4,0,0,0,0,3,0,0.9903468489646912,0,0,0,0
272566,0.052223507314920425,0.1470367560784022,0.21113835277986895,13.508657419325477,3,19,1,0,1,1,3,1,0.9817088842391968,1,0,1,1
64868,0.05477364857991537,0.1268558551867803,0.19279564349051875,14.298055677274164,3,6,0,0,0,0,3,0,0.9844810167948405,0,0,0,0
45728,0.056456211333473526,0.15861918032169342,0.2323594746199334,12.676792283262174,0,2,0,0,0,0,0,0,,0,0,0,0
473821,0.0599909337858359,0.1724740813175837,0.2667542326475595,11.477773616072087,3,4,0,0,0,0,4,1,0.9937044382095337,0,0,0,0
203294,0.0551889402170976,0.1931718091169993,0.305744907861172,10.292815346910235,4,7,0,0,0,0,4,0,0.9890645891427994,0,0,0,0
345261,0.06904880578319232,0.23698094487190247,0.3005987653491068,10.440256150509237,2,2,0,0,0,0,2,0,0.9936929643154144,0,0,0,0
147740,0.04844016209244728,0.13044442236423492,0.20045010554471734,13.959874214811842,7,13,0,0,0,0,7,0,0.9819705486297607,0,0,0,0
514376,0.05281230000158151,0.16568664213021597,0.2402959790517891,12.385069926429733,3,8,0,0,0,0,3,0,0.9807456731796265,0,0,0,0
363666,0.03985018779834112,0.10742084681987762,0.1739419773189895,15.191911946139545,16,40,0,0,0,0,16,0,0.9869390912353992,0,0,0,0
337987,0.050154206032554306,0.15717418491840363,0.2317260673964392,12.700502173604997,2,1,1,0,0,1,1,0,0.8747983574867249,1,0,0,1
546219,0.05005763346950213,0.16336856285730997,0.20525936425323385,13.753940411260583,17,41,0,0,0,0,18,1,0.9855758056921118,0,0,0,0
229858,0.06977728568017483,0.2255328893661499,0.285779853172053,10.87936782472976,1,2,0,0,0,0,1,0,0.9822986721992493,0,0,0,0
437514,0.04894271679222584,0.11752921342849731,0.2004300028310544,13.960745347845387,2,3,0,0,0,0,2,0,0.9914974570274353,0,0,0,0
406570,0.05077616994579633,0.13842793305714926,0.2609138386904949,11.670057712167223,10,7,0,1,0,1,10,0,0.9923242860370212,0,1,0,1
410510,0.06716648613413174,0.2210981398820877,0.30767776364586186,10.23807779522368,2,3,0,0,0,0,2,0,0.970183253288269,0,0,0,0
366884,0.054636912420392036,0.1479496310154597,0.21036304114488186,13.540611187396554,2,16,0,0,0,0,2,0,0.9942955374717712,0,0,0,0
472678,0.05009698991974195,0.12380932519833247,0.1896630780708689,14.440344109770928,6,14,0,0,0,0,6,0,0.9903004070123037,0,0,0,0
141821,0.040322216848532356,0.09754070887962978,0.17368551420725006,15.204728025093317,5,5,1,0,1,1,4,0,0.9937656670808792,0,0,0,0
375278,0.05189921955267588,0.13938955465952554,0.2876057755234764,10.82404793930251,5,6,1,0,1,1,4,0,0.9884699881076813,0,0,0,0
18833,0.05944039051731428,0.16775211691856384,0.2464723525502344,12.164635792098725,1,1,0,0,0,0,1,0,0.9779879450798035,0,0,0,0
433774,0.07023611168066661,0.22557316720485687,0.32070191375157137,9.877968969234912,1,7,1,0,1,1,0,0,,1,0,1,1
173004,0.048129806915918984,0.112538476785024,0.1900634766643098,14.422026616620002,11,15,4,1,5,1,6,0,0.992899606625239,2,0,2,1
450439,0.07262982800602913,0.26645467182000476,0.3519762989087205,9.069731594057227,2,2,0,0,0,0,2,0,0.9928246438503265,0,0,0,0
423123,0.05751027291019758,0.1547510027885437,0.22956613181959118,12.78184367119657,4,7,3,0,2,1,1,0,0.9693669676780701,3,0,2,1
19786,0.05315291819473108,0.1394213562210401,0.20473182554831762,13.77629282084132,2,6,0,0,0,0,2,0,0.9947574436664581,0,0,0,0
185472,0.05665700820585092,0.18095340579748154,0.25049659143343384,12.023963586092187,5,9,1,0,1,1,4,0,0.982206329703331,0,0,0,0
322844,0.049125694359342255,0.13205158710479736,0.25444448408502546,11.888139188790849,2,2,0,0,0,0,2,0,0.9927055537700653,0,0,0,0
3934,0.05274833490451177,0.1498598332206408,0.24273898839106917,12.297209246068817,7,14,1,0,1,1,6,0,0.9809966385364532,0,0,0,0
54593,0.056621067225933075,0.17260114351908365,0.25393169402811283,11.905661801156143,8,18,0,0,0,0,8,0,0.9903773739933968,0,0,0,0
524280,0.040817840645710625,0.12348625808954239,0.1602404421867587,15.904557305367447,0,1,0,0,0,0,0,0,,0,0,0,0
273493,0.08393139019608498,0.28145164748032886,0.3732014556958369,8.561133418583834,2,5,0,0,0,0,2,0,0.9863117635250092,0,0,0,0
19924,0.05049307644367218,0.12368296086788177,0.18298911862752565,14.751494692880467,2,2,1,0,1,1,1,0,0.9952211380004883,0,0,0,0
144300,0.04696426043907801,0.13067878037691116,0.22069208533057608,13.124264832815108,4,9,0,0,0,0,4,0,0.991885706782341,0,0,0,0
393115,0.04429739651580652,0.11142084995905559,0.19495278967995391,14.201410917758748,2,2,0,0,0,0,2,0,0.996069461107254,0,0,0,0
173183,0.056428041929999985,0.19161391258239746,0.26053588586504706,11.682648982046281,0,0,0,0,0,0,0,0,,0,0,0,0
525286,0.052030233666300774,0.14252126961946487,0.17432451643418054,15.172830616567673,1,1,1,0,1,1,0,0,,0,0,0,0
79588,0.05857138646145662,0.19440015157063803,0.2743431339178408,11.234118091454503,4,6,0,0,0,0,4,0,0.983395054936409,0,0,0,0
266409,0.06945871065060298,0.234318807721138,0.3061824140324224,10.280395143297806,3,2,2,0,1,1,1,0,0.9871578812599182,1,0,0,1
499313,0.049500937263170876,0.1165453443924586,0.2164977637979437,13.290931702168809,4,5,0,0,0,0,4,0,0.9875334054231644,0,0,0,0
449909,0.05661004036664963,0.1864473968744278,0.2862482165688287,10.865144209144473,1,2,0,0,0,0,1,0,0.994997501373291,0,0,0,0
200162,0.05594634264707565,0.15406468510627747,0.2571740920320817,11.79545569584575,2,9,1,0,0,1,1,0,0.9977982044219971,0,0,0,0
3156,0.05361252340177695,0.15618103990952173,0.3002640739920321,10.44993254352503,2,3,0,0,0,0,2,0,0.9844531118869781,0,0,0,0
123480,0.07823505376776059,0.2654151866833369,0.37539854145351476,8.51014838175859,2,4,0,0,0,0,2,0,0.9899226725101471,0,0,0,0
565045,0.09498876705765724,0.23620602985223135,0.3584725508255163,8.910881875595106,1,2,0,0,0,0,1,0,0.9908109903335571,0,0,0,0
494427,0.0513245090842247,0.13240657498439154,0.3041453124935052,10.338377450461543,1,2,0,0,0,0,1,0,0.9981023669242859,0,0,0,0
440475,0.05264098693927129,0.15121672550837198,0.2187957734035622,13.19922143518526,5,26,0,0,0,0,5,0,0.9621841549873352,0,0,0,0
450399,0.045915765687823296,0.11793093880017598,0.1755183868035955,15.113547627374102,16,30,1,0,1,1,15,0,0.982593834400177,0,0,0,0
343561,0.046480136613051094,0.12154310941696167,0.21490712007467272,13.354983913724727,10,28,1,0,1,1,9,0,0.9779741830295987,0,0,0,0
18519,0.06414208623270194,0.21294857561588287,0.28144090019202783,11.01225577576773,1,1,0,0,0,0,1,0,0.9868334531784058,0,0,0,0
309452,0.054805692906181015,0.16048711041609445,0.22519578199077536,12.948794965160408,1,1,0,0,0,0,1,0,0.9929431676864624,0,0,0,0
343149,0.054714797685543694,0.17530674984057745,0.2879327089711067,10.814179934896028,5,6,0,0,0,0,5,0,0.9902087688446045,0,0,0,0
481386,0.05799561490615209,0.16101408501466116,0.2876352298383384,10.823158444547808,4,30,1,0,1,1,3,0,0.9785353740056356,1,0,1,1
546826,0.05584359044830004,0.14222815136114755,0.21586603101449062,13.316313869725043,1,1,1,0,1,1,0,0,,1,0,1,1
117645,0.08992673829197884,0.3198835601409276,0.37471149791665576,8.526059609960475,1,2,0,0,0,0,1,0,0.9869420528411865,0,0,0,0
445722,0.06634867377579212,0.1782712290684382,0.3134610076311808,10.076329493719033,2,6,0,0,0,0,2,0,0.9816009700298309,0,0,0,0
199681,0.05538969300687313,0.1469169333577156,0.23603310465282532,12.540541621973244,1,2,0,0,0,0,1,0,0.9439250826835632,0,0,0,0
252559,0.06386419323583443,0.20191636681556702,0.31645001754531943,9.99389751820644,8,13,1,0,1,1,7,0,0.9870652215821403,0,0,0,0
417876,0.06542561451594035,0.20742535094420114,0.26580738113521357,11.508659268333346,2,6,0,0,0,0,2,0,0.9604770541191101,0,0,0,0
132544,0.05478024358550707,0.15160324424505234,0.2320845570405548,12.687075132734476,5,15,0,0,0,0,5,0,0.989440643787384,0,0,0,0
250619,0.07319540530443192,0.22053163250287375,0.2983938397551966,10.504202939533025,3,7,1,0,1,1,2,0,0.9813545644283295,0,0,0,0
105923,0.0692156155904134,0.1989577958981196,0.29329647745266807,10.653863058974377,2,9,1,0,1,1,1,0,0.986058235168457,0,0,0,0
579900,0.047147657722234726,0.10948876291513443,0.23928024637141923,12.421863056230453,5,13,2,0,0,1,3,0,0.978757917881012,0,0,0,0
506178,0.06642383709549904,0.19138753414154053,0.3036123630131426,10.353610961257754,1,5,0,0,0,0,1,0,0.9943007826805115,0,0,0,0
468965,0.04494845618804296,0.1347921018799146,0.225409891790655,12.940540589592796,10,15,2,0,1,1,8,0,0.9880286604166031,1,0,0,1
61658,0.05275265189508597,0.11115348090728124,0.17739784073336717,15.021033413117495,0,12,0,0,0,0,0,0,,0,0,0,0
180188,0.0543363963564237,0.1809481382369995,0.28894213998927043,10.783782300519961,1,1,0,0,0,0,1,0,0.9951198101043701,0,0,0,0
570169,0.06346154833833377,0.17076817651589712,0.30328395420303134,10.363011324642075,3,1,0,0,0,0,3,0,0.9905948837598165,0,0,0,0
343076,0.052662221093972526,0.12337549279133479,0.2692897914913472,11.395602198981829,1,2,0,0,0,0,1,0,0.9978243112564087,0,0,0,0
553664,0.05229805037379265,0.1390246575077375,0.1997831881801286,13.988821211869883,3,17,1,0,1,1,2,0,0.9912510812282562,0,0,0,0
516318,0.09892897928754489,0.3354588548342387,0.41500259253317684,7.638983804585326,1,3,0,0,0,0,1,0,0.9927482008934021,0,0,0,0
24144,0.051996576289335884,0.1307775229215622,0.21755399148083487,13.248658885237376,1,1,0,0,0,0,1,0,0.9960405230522156,0,0,0,0
447169,0.05808857704202334,0.14912937581539154,0.21900584439698814,13.190885908175296,3,4,1,0,0,1,2,0,0.995473176240921,0,0,0,0
489014,0.05709794660409292,0.18206226329008737,0.2736785154756116,11.255185891521169,1,3,0,0,0,0,2,1,0.998217761516571,0,0,0,0
238866,0.045787595212459564,0.122645303606987,0.17111450046136967,15.334263724604934,20,12,3,1,3,1,16,0,0.9935134798288345,0,0,0,0
92053,0.05977859472235044,0.15179884433746338,0.23110744069963604,12.723721436348306,8,11,2,0,2,1,6,0,0.9848735233147939,2,0,2,1
291861,0.05062714902063211,0.15553959707419077,0.23297448292704848,12.653832869680633,1,1,0,0,0,0,1,0,0.9953092932701111,0,0,0,0
581062,0.07070354496439298,0.24294908344745636,0.3493973013385962,9.133609074542143,2,2,1,0,1,1,1,0,0.9933291077613831,0,0,0,0
166563,0.06604287773370743,0.20234217246373495,0.2844133156402748,10.921001494026836,1,1,0,0,0,0,1,0,0.9650530219078064,0,0,0,0
221213,0.04823491411904494,0.15364704529444376,0.2434134597201189,12.273108216403582,2,2,0,0,0,0,2,0,0.9914412498474121,0,0,0,0
176446,0.05566315415004889,0.14595011621713638,0.21693736657577872,13.273312721820673,1,2,0,0,0,0,1,0,0.9988468289375305,0,0,0,0
161861,0.09304200857877731,0.3284845103820165,0.4524891201684658,6.887837173710559,2,2,0,0,0,0,2,0,0.9734793603420258,0,0,0,0
198915,0.06876321509480476,0.24815958738327026,0.3387708505960553,9.401879308615634,0,0,0,0,0,0,0,0,,0,0,0,0
515350,0.11572672178347905,0.40888778368632,0.502552737696225,5.9763671363120805,2,2,0,0,0,0,2,0,0.9785645306110382,0,0,0,0
562443,0.05004814267158508,0.14040731390317282,0.20790521378954308,13.642692388297395,4,1,1,0,0,1,3,0,0.9809848268826803,1,0,0,1
273760,0.08512162292997043,0.28651176393032074,0.4296439292949352,7.337826404875073,3,2,0,0,0,0,3,0,0.8638051549593607,0,0,0,0
279714,0.06374043474594752,0.18912118673324585,0.3225854408176144,9.827104748566418,1,5,0,0,0,0,1,0,0.9943524599075317,0,0,0,0
519569,0.0657344584663709,0.18637156983216605,0.33204876381337584,9.57596264520076,6,8,1,0,2,1,5,0,0.9819448947906494,0,0,0,0
280779,0.061192656556765236,0.20365501940250397,0.2684503232712253,11.422721374352005,3,3,0,0,0,0,3,0,0.9657999674479166,0,0,0,0
122606,0.049323830753564835,0.1401556134223938,0.21668284129182525,13.283509565696061,1,2,0,0,0,0,1,0,0.9863621592521667,0,0,0,0
407614,0.05597648272911707,0.16194420804580054,0.2532056905849975,11.930530762833635,5,13,0,0,0,0,6,1,0.9862390160560608,0,0,0,0
488270,0.09994677702585857,0.34963396688302356,0.43825379044077917,7.165486380421146,1,1,0,0,0,0,1,0,0.8834877610206604,0,0,0,0
110784,0.06570400421818097,0.20851669212182364,0.3499493774289994,9.119895495469711,2,3,1,0,0,1,2,1,0.9878451228141785,0,0,0,0
429281,0.04939762937525908,0.12636709958314896,0.2379782974714741,12.469252936024436,1,18,0,0,1,1,1,0,0.915605902671814,0,0,1,1
198510,0.052382152527570724,0.1624868462483088,0.25738361526401476,11.788382064476677,2,2,0,0,0,0,2,0,0.9938824474811554,0,0,0,0
275791,0.05744213735063871,0.17501174410184225,0.25774900694476144,11.776059985815483,3,8,1,0,0,1,2,0,0.9915471374988556,1,0,0,1
547854,0.038102527459462486,0.09259128322203954,0.16024627597181518,15.90424108874874,2,5,0,0,0,0,2,0,0.9921543002128601,0,0,0,0
146363,0.05994251308341821,0.1815118839343389,0.24094129301696593,12.361775266733332,2,3,0,0,0,0,2,0,0.9919251799583435,0,0,0,0
283785,0.05582951878507932,0.16313665608565012,0.23561983074794435,12.555763206224444,3,30,0,0,0,0,3,0,0.9888328909873962,0,0,0,0
225946,0.07593208799759547,0.25604501366615295,0.3856955934112543,8.275106458775019,1,2,0,0,0,0,1,0,0.9956331253051758,0,0,0,0
44260,0.059908819695313774,0.18806912004947662,0.2536735881484663,11.91449496132006,4,6,0,0,0,0,4,0,0.9838611483573914,0,0,0,0
371749,0.053597621619701385,0.14391103635231653,0.21818735147589643,13.223408589476161,6,7,0,0,0,0,6,0,0.9800763527552286,0,0,0,0
263299,0.07040641084313393,0.24942741791407266,0.34090724080835116,9.34727548673251,1,1,0,0,0,0,1,0,0.9954402446746826,0,0,0,0
173008,0.0571850078801314,0.16108037531375885,0.2435886802474819,12.266857951348184,3,18,0,0,0,0,3,0,0.9863187670707703,0,0,0,0
75612,0.05354055513938268,0.1615956872701645,0.21981541758527418,13.15883699917989,12,20,1,1,2,1,10,0,0.985582685470581,0,1,1,1
97988,0.04007045862575372,0.11843862384557724,0.2054422964881932,13.746202778516121,8,17,1,0,0,1,9,2,0.9864528860364642,1,0,0,1
197388,0.054653716584046684,0.16169269382953644,0.2501151711153627,12.037199293590067,7,9,1,0,0,1,6,0,0.9899071852366129,0,0,0,0
366611,0.08959017818172772,0.3102285663286845,0.3867484600004085,8.251428138979461,3,2,1,0,0,1,2,0,0.824261486530304,1,0,0,1
46872,0.05516847098867098,0.17464316387971243,0.2820890415926477,10.992275693998877,5,6,0,0,0,0,5,0,0.9858767032623291,0,0,0,0
125211,0.047996493677298226,0.14846615493297577,0.21338893250134852,13.416562183539087,1,1,0,0,0,0,1,0,0.9981176257133484,0,0,0,0
63965,0.059190700451533,0.1734157552321752,0.24207265827581836,12.321085213272543,1,3,0,0,0,0,1,0,0.9960994124412537,0,0,0,0
93261,0.05216985257963339,0.15307878702878952,0.23744820343652104,12.488622239942647,3,4,1,0,0,1,2,0,0.9911643862724304,0,0,0,0
383676,0.06094952734808127,0.18323476612567902,0.23354288629847858,12.632667135142748,2,2,0,0,0,0,2,0,0.9692358076572418,0,0,0,0
482800,0.061315679301818214,0.2155859718720118,0.306607605045948,10.268341543544937,4,4,0,0,0,0,4,0,0.9915392845869064,0,0,0,0
213086,0.05313529695073763,0.13582256684700647,0.25958378388103015,11.71444882533441,2,5,0,0,0,0,2,0,0.9935885667800903,0,0,0,0
465179,0.05457887798547745,0.15104230244954428,0.26416681452397095,11.56243481500049,2,3,1,0,1,1,1,0,0.9975897073745728,0,0,0,0
574823,0.052020066107312836,0.16053071866432825,0.29676180280311015,10.551839985608826,5,7,0,0,0,0,5,0,0.9848914027214051,0,0,0,0
281409,0.04909667496879896,0.13801574955383936,0.23574031992805458,12.551322628282875,13,19,2,0,1,1,11,0,0.9867727214639838,0,0,0,0
272364,0.048393684749801956,0.15269260108470917,0.31423866606978124,10.054807549029057,2,4,0,0,0,0,2,0,0.8454250395298004,0,0,0,0
87038,0.06260764102141063,0.1961690882841746,0.2959607148423441,10.57531864770512,7,16,1,0,0,1,7,1,0.9832920134067535,0,0,0,0
481404,0.06573711521923542,0.16983543584744135,0.2529989223647052,11.937626573484334,1,0,0,0,0,0,1,0,0.9948130249977112,0,0,0,0
348243,0.07820649693409602,0.25585903227329254,0.3655919357940053,8.740067849507573,1,2,0,0,0,0,1,0,0.9913965463638306,0,0,0,0
504439,0.06196118891239166,0.2152198702096939,0.30792784303400506,10.231020802687924,2,2,0,0,0,0,2,0,0.9967789649963379,0,0,0,0
250127,0.0456971600651741,0.12346181025107701,0.15405200877089972,16.246652685995755,2,5,0,0,0,0,2,0,0.9926044642925262,0,0,0,0
502599,0.05885170896848043,0.1535853942235311,0.24795700491666123,12.112472363010568,4,3,0,1,0,1,3,0,0.9083518783251444,0,0,0,0
125405,0.07412613928318024,0.2445975343386332,0.33854708269963246,9.40761848434992,3,3,0,0,0,0,3,0,0.9914523164431254,0,0,0,0
564023,0.06570838578045368,0.19335695604483286,0.35502079518433854,8.994924151895132,1,1,0,0,0,0,1,0,0.9879494905471802,0,0,0,0
335177,0.07199606175223987,0.24847046534220377,0.3870582793128291,8.244472767922309,2,3,0,0,0,0,2,0,0.9896725714206696,0,0,0,0
155051,0.0808199488868316,0.2639615684747696,0.30039612140258465,10.446113581448559,1,1,1,0,1,1,0,0,,0,0,0,0
508101,0.0901148331662019,0.3130539506673813,0.413217421081811,7.676427541682909,3,4,1,0,0,1,2,0,0.9857752919197083,0,0,0,0
384136,0.062349592645963035,0.21219385166962942,0.30053476495657494,10.442105657550185,2,2,1,0,0,1,1,0,0.9871898889541626,0,0,0,0
544519,0.052907818307479225,0.1601558725039164,0.26289429974371814,11.604376609305776,3,2,1,0,0,1,2,0,0.7774107754230499,1,0,0,1
348488,0.054830700159072876,0.15602207432190576,0.23115715813578094,12.72185306846465,3,5,3,0,2,1,0,0,,1,0,1,1
176634,0.04290802342196306,0.11966265738010406,0.18312218397566707,14.745180815263017,2,1,0,0,0,0,2,0,0.9669946730136871,0,0,0,0
117914,0.06615757942199707,0.19786959886550903,0.3287785493711808,9.66193050108397,1,3,0,0,0,0,1,0,0.9955677390098572,0,0,0,0
124975,0.052654607221484184,0.16586705048878989,0.2456937656070454,12.192117268999086,1,2,0,0,0,0,1,0,0.9961348176002502,0,0,0,0
101762,0.05510702729225159,0.16993149618307749,0.2840347475532029,10.932570540783535,2,2,1,0,1,1,1,0,0.974486231803894,0,0,0,0
117525,0.043910435711344085,0.12828473498423895,0.1724762934604596,15.265411788838106,2,2,0,0,0,0,2,0,0.9805813133716583,0,0,0,0
142585,0.053987810388207436,0.14807130148013434,0.25820006723953093,11.760872979443599,6,11,2,0,2,1,4,0,0.9876020699739456,0,0,0,0
353051,0.060362596064805984,0.19369484980901083,0.289946582660079,10.753640110490966,2,2,0,0,0,0,2,0,0.9940443634986877,0,0,0,0
174123,0.046484523763259254,0.0975073700149854,0.16416253142919812,15.69451919164143,3,6,2,0,2,1,1,0,0.9892321228981018,1,0,1,1
115898,0.0813767450551192,0.2589518030484517,0.3320215416935103,9.576674763562439,2,2,1,0,1,1,1,0,0.9909276962280273,0,0,0,0
184324,0.05416773880521456,0.17515399058659872,0.25881689416812453,11.740147573627306,11,31,3,0,3,1,8,0,0.9858023002743721,0,0,0,0
392228,0.08029986421267192,0.26417194803555805,0.4145956696639208,7.647504766062905,1,1,0,0,0,0,1,0,0.9709534645080566,0,0,0,0
370375,0.07071275512377422,0.19658553103605905,0.3403637291758729,9.361134533327105,2,3,1,0,1,1,1,0,0.9917405247688293,1,0,1,1
201646,0.06147956723968188,0.21097806096076965,0.29319294951820274,10.656929549796581,2,4,0,0,0,0,2,0,0.9935584366321564,0,0,0,0
466256,0.05716413880387942,0.15582425395647684,0.23559439810151833,12.556700805926448,4,12,2,0,1,1,2,0,0.9860696792602539,1,0,1,1
555012,0.06620235989491145,0.20535871386528015,0.2808066865596798,11.03185110026079,1,1,0,0,0,0,1,0,0.9950006008148193,0,0,0,0
431545,0.07670367881655693,0.25843457877635956,0.3603168232626238,8.866309202202675,2,4,0,0,0,0,2,0,0.9842654466629028,0,0,0,0
83113,0.05968892388045788,0.2018546760082245,0.2797570718774081,11.0643785257677,2,2,0,0,0,0,2,0,0.9929258823394775,0,0,0,0
213605,0.06099462074538072,0.1702238048116366,0.29503906274517383,10.602409605075774,3,4,1,0,1,1,2,0,0.9936127960681915,0,0,0,0
279927,0.07192682723204295,0.2217255930105845,0.3158913974412987,10.009244018436744,5,16,0,0,0,0,5,0,0.9869671702384949,0,0,0,0
102644,0.06263100976745288,0.20356548329194388,0.3437629086181108,9.274819693845675,1,1,0,0,0,0,1,0,0.9974599480628967,0,0,0,0
227686,0.06696274379889171,0.21308129529158273,0.35848180394876,8.910657672738196,1,1,0,0,0,0,1,0,0.9887105226516724,0,0,0,0
452515,0.09015333900849025,0.27987750868002575,0.3981835431033156,7.998333865936757,3,5,1,0,1,1,3,1,0.8670047521591187,0,0,0,0
181816,0.053706321865320206,0.13949286937713623,0.22359375900749653,13.010806454570293,5,11,0,0,0,0,5,0,0.9889828562736511,0,0,0,0
79408,0.044428971906503044,0.15472233047087988,0.24850196660287724,12.093403399667459,1,1,1,0,1,1,0,0,,1,0,1,1
430871,0.0640977385143439,0.2052628149588903,0.2958949710416929,10.577248318781402,1,2,1,0,1,1,0,0,,1,0,1,1
311002,0.05945867672562599,0.1857505589723587,0.25253999355190293,11.953396699143271,7,9,2,0,1,1,5,0,0.9159311890602112,2,0,1,1
78170,0.04042784062524637,0.11719335863987605,0.16829146049872531,15.478758411603334,4,10,0,0,0,0,5,1,0.9919635653495789,0,0,0,0
164637,0.05891065609951814,0.17828009029229483,0.3250941221854107,9.759817652557842,1,1,1,0,1,1,0,0,,0,0,0,0
311883,0.07505875453352928,0.26319560905297595,0.33381990461595756,9.529755425804781,2,7,1,0,0,1,1,0,0.9900093674659729,0,0,0,0
263969,0.042458136876424156,0.10955201834440231,0.16125897784015888,15.849521947137326,4,5,0,0,0,0,4,0,0.9719385206699371,0,0,0,0
785,0.07147364690899849,0.23284363746643066,0.3493726704238834,9.134221411693463,2,2,0,0,0,0,2,0,0.9741997420787811,0,0,0,0
258388,0.05943296973903974,0.19581039249897003,0.28153285536448397,11.00941829896238,4,4,0,0,0,0,4,0,0.9616120606660843,0,0,0,0
382696,0.05730967285732428,0.15735079844792685,0.2343889946340876,12.601255675766133,2,3,0,0,0,0,2,0,0.9551228284835815,0,0,0,0
429598,0.058825201044480004,0.15354194243748984,0.24913313050795416,12.07137029551334,4,4,0,0,0,0,4,0,0.9759050607681274,0,0,0,0
292005,0.07159808898965518,0.24422410627206168,0.3648580822561214,8.757520578175168,3,5,0,0,0,0,3,0,0.9832362532615662,0,0,0,0
537241,0.0546393059194088,0.15265021721522012,0.24878875016715904,12.083385232903012,1,1,1,0,1,1,0,0,,1,0,1,1
85823,0.04679382468263308,0.13398007303476334,0.22006456921876674,13.148997479820023,2,3,0,0,0,0,2,0,0.9944344758987427,0,0,0,0
173044,0.07712315395474434,0.253079225619634,0.370254767012784,8.62998682499289,1,1,0,0,0,0,1,0,0.9863974452018738,0,0,0,0
16451,0.06338191715379556,0.19825941820939383,0.297881970528629,10.519115638074679,7,12,4,0,5,1,3,0,0.9674878716468811,1,0,1,1
399764,0.048748916015028954,0.14498980343341827,0.3045442392151968,10.326992224726437,2,2,0,0,0,0,2,0,0.9892339110374451,0,0,0,0
446522,0.06026552990078926,0.15549849222103754,0.293155480678227,10.65803964131411,2,4,0,0,0,0,3,1,0.9913826584815979,0,0,0,0
51712,0.0746537558734417,0.26202212770779926,0.3423580933986258,9.310388017722875,2,2,0,0,0,0,2,0,0.9805077314376831,0,0,0,0
237984,0.062209984908501305,0.19123680392901102,0.2778775137515388,11.122931910709497,1,2,0,0,0,0,1,0,0.9405046701431274,0,0,0,0
509260,0.0496266366293033,0.12572094798088074,0.18257404730348267,14.771219137780081,1,14,0,0,0,0,1,0,0.9949104189872742,0,0,0,0
119088,0.08184963961442311,0.27422912418842316,0.3963355086332271,8.038740329110363,3,4,0,0,0,0,3,0,0.9941271940867106,0,0,0,0
454067,0.041591531286636986,0.10825513551632564,0.16408979723663247,15.698368432756922,4,7,0,0,0,0,4,0,0.9889438450336456,0,0,0,0
511076,0.07137282441059749,0.18714702626069388,0.2538673425298123,11.907863262659749,5,18,2,0,2,1,4,1,0.9910587668418884,0,0,0,0
344909,0.05492895965774854,0.153291217982769,0.2712282227369109,11.333302436130413,3,4,1,0,1,1,2,0,0.9840979874134064,0,0,0,0
224119,0.06182284156481425,0.18449115753173828,0.2760442277101278,11.180426596982894,2,12,1,0,1,1,1,0,0.9835494756698608,0,0,0,0
33638,0.06944629674156506,0.19846456746260324,0.3392681182188985,9.389139001153573,2,8,0,0,0,0,3,1,0.9890704154968262,0,0,0,0
121744,0.05155737822254499,0.14716380337874094,0.23388959859925648,12.619781829006351,9,15,1,0,0,1,8,0,0.9829703569412231,0,0,0,0
366225,0.0447858739644289,0.11262817184130351,0.1759260903580288,15.09339497227449,3,4,0,0,0,0,3,0,0.9902700781822205,0,0,0,0
244181,0.046018837640682854,0.11134797831376393,0.20293052405972156,13.853052461633652,4,5,1,0,1,1,3,0,0.9959877530733744,1,0,1,1
425390,0.0416828952729702,0.11257469405730565,0.19295419381719775,14.290915553888633,2,2,0,0,0,0,2,0,0.9794794619083405,0,0,0,0
173057,0.06413748860359192,0.20609933137893677,0.327499775929521,9.69577985619852,12,17,2,0,1,1,10,0,0.9845611035823822,0,0,0,0
262682,0.06773651267091434,0.21037128070990244,0.33841617887843356,9.410977650859651,0,8,0,0,0,0,0,0,,0,0,0,0
15597,0.08408556133508682,0.23524232705434164,0.3753527813731673,8.511207233061636,2,3,0,0,0,0,2,0,0.9900131523609161,0,0,0,0
235399,0.05291052473088106,0.15342641870180765,0.22156126691757205,13.09012320326232,1,3,0,0,0,0,1,0,0.9631679058074951,0,0,0,0
491130,0.06304773067434628,0.18415469427903494,0.32031149535803727,9.888549501404878,2,3,1,0,1,1,1,0,0.9788849353790283,0,0,0,0
496854,0.050366232792536415,0.13771790266036987,0.22927523921414814,12.792856895223084,11,15,0,0,0,0,11,0,0.9796144583008506,0,0,0,0
259382,0.05930925843616327,0.19130597511927286,0.24804252883752673,12.109476991866599,1,1,0,0,0,0,1,0,0.9979699850082397,0,0,0,0
220764,0.09445807089408238,0.3303900559743245,0.4373837855711755,7.182746418079635,1,3,0,0,0,0,1,0,0.9886496663093567,0,0,0,0
262587,0.09991230815649033,0.3434527665376663,0.4478279738925893,6.977775627925124,2,2,0,0,0,0,2,0,0.9830255210399628,0,0,0,0
188439,0.06267854571342468,0.20791135231653848,0.31444530638726237,10.049097668912223,2,2,0,0,0,0,3,1,0.9777120351791382,0,0,0,0
224807,0.051079592357079186,0.1376269112030665,0.20089464596214865,13.940632749363466,12,45,1,0,1,1,11,0,0.9823455756360834,0,0,0,0
380711,0.08238134036461513,0.3149796674648921,0.4103334610748407,7.737261331749549,1,2,0,0,0,0,1,0,0.9856732487678528,0,0,0,0
534394,0.07029751439889272,0.24027868111928305,0.31019441568368744,10.167320497926674,13,15,3,0,3,1,10,0,0.9665006220340728,1,1,2,1
265518,0.04761447633306185,0.12531930208206177,0.1851520793528625,14.649428124745189,3,5,2,0,2,1,2,1,0.9903355836868286,1,0,1,1
30213,0.046583546325564384,0.1184856320420901,0.1876162037184513,14.534593118540673,5,14,2,0,2,1,3,0,0.9915083249409994,0,0,0,0
53624,0.06006326278050741,0.17888503770033518,0.25357568077629566,11.917847997754357,2,6,0,0,0,0,2,0,0.9878459274768829,0,0,0,0
524456,0.04689541024466356,0.12082139650980632,0.1842725703942939,14.690786123938135,2,6,1,0,1,1,1,0,0.9903740286827087,1,0,1,1
392818,0.04905112832784653,0.11071571459372838,0.17261586457143616,15.258385843423294,1,1,1,0,1,1,0,0,,0,0,0,0
308193,0.07639038190245628,0.24454593658447266,0.39358436234228344,8.099243300513582,1,1,0,0,0,0,1,0,0.9835549592971802,0,0,0,0
66841,0.06132357940077782,0.1721444601813952,0.3149827107781331,10.034265674666479,0,7,0,0,0,0,0,0,,0,0,0,0
523241,0.07323732475439708,0.22432164351145426,0.30342346037574186,10.359016861372858,4,10,0,0,0,0,4,0,0.9842927753925323,0,0,0,0
450075,0.04900414931277434,0.13078044603268305,0.2100543420260117,13.553366734940901,3,4,1,0,1,1,2,0,0.9935437142848969,0,0,0,0
457078,0.05122773845990499,0.12671342492103577,0.1842825683096543,14.6903148740201,4,18,0,0,0,0,4,0,0.9925209581851959,0,0,0,0
273711,0.0503967876235644,0.11020173132419586,0.17144954138805307,15.317273444915331,9,37,1,0,1,1,9,1,0.981444425880909,0,0,0,0
187236,0.06426222498218219,0.158100555340449,0.2487068502657553,12.086245051203994,2,4,0,0,0,0,2,0,0.9883185625076294,0,0,0,0
406611,0.06817892069617908,0.20068315664927164,0.29057087609479426,10.734958343442187,5,24,2,0,2,1,3,0,0.9770679871241251,0,0,0,0
106048,0.057031162083148956,0.19722403089205423,0.316023160194927,10.005621766854853,1,1,0,0,0,0,1,0,0.998793363571167,0,0,0,0
32811,0.07086788366238277,0.19847320516904196,0.3425089998070623,9.306560248967234,1,1,0,0,0,0,2,1,0.9762007594108582,0,0,0,0
545958,0.058582548052072525,0.1939404159784317,0.276634805832181,11.161863568418632,1,1,0,0,0,0,1,0,0.9913231134414673,0,0,0,0
199442,0.09005535021424294,0.30297886331876117,0.39019923393490874,8.174271751529579,2,2,0,0,0,0,2,0,0.9867466986179352,0,0,0,0
226408,0.056343707566459976,0.15777990718682608,0.2318046876135606,12.697555717395112,1,3,0,0,0,0,1,0,0.9669615030288696,0,0,0,0
276024,0.06974010542035103,0.22505339980125427,0.298058372963656,10.5139734719367,7,9,1,0,1,1,6,0,0.981920450925827,0,0,0,0
447314,0.08531831329067548,0.2750265796979268,0.3886269474326025,8.209341773359645,5,11,1,0,1,1,4,0,0.9805387109518051,1,0,1,1
308531,0.07923069037497044,0.25438150266806286,0.37217143066287023,8.585139361433317,2,3,0,0,0,0,2,0,0.9651502072811127,0,0,0,0
365766,0.05770853410164515,0.1612986500064532,0.2426080814326245,12.301894731949634,3,3,0,0,0,0,3,0,0.9893867572148641,0,0,0,0
581482,0.06497433595359325,0.21612310906251272,0.28510388851865315,10.899937186558795,1,2,0,0,0,0,1,0,0.9609582424163818,0,0,0,0
482970,0.0602270190914472,0.19447515408198038,0.28684746040518383,10.846979815536491,1,2,0,0,0,0,1,0,0.9955374002456665,0,0,0,0
394510,0.05611314872900645,0.16655863324801126,0.263445369426771,11.586188612165497,6,6,0,0,0,0,6,0,0.9854434430599213,0,0,0,0
222317,0.05018320307135582,0.13228673239549002,0.19267845943715062,14.303336695005429,2,3,0,0,0,0,2,0,0.9909229874610901,0,0,0,0
447200,0.051746208841602005,0.14178603639205298,0.20814648430371696,13.632618403244322,2,1,0,0,0,0,2,0,0.9866637885570526,0,0,0,0
511453,0.03646568271021048,0.09683770438035329,0.1458625398019271,16.72112457284984,2,3,1,0,1,1,1,0,0.9900088906288147,0,0,0,0
212573,0.049356395999590554,0.15651295334100723,0.24535797979672916,12.203996257200757,7,15,0,0,0,0,7,0,0.983015639441354,0,0,0,0
405432,0.05335593223571777,0.14185657600561777,0.22039438034088346,13.135989668098292,2,4,1,0,1,1,1,0,0.9929288625717163,0,0,0,0
365385,0.07530341545740764,0.23538919786612192,0.31135096910698273,10.134995563222269,2,6,0,1,1,1,1,0,0.9443820118904114,0,1,1,1
176847,0.051218777894973755,0.14590093990166983,0.21104268052556924,13.512594112786056,1,1,0,0,0,0,1,0,0.9893762469291687,0,0,0,0
454750,0.05436715483665466,0.1654160221417745,0.2929603050206301,10.663824417380376,2,2,0,0,0,0,2,0,0.995893120765686,0,0,0,0
26690,0.061776384711265564,0.19869271914164224,0.31416136345590356,10.056944538031967,7,15,2,0,2,1,5,0,0.977623701095581,1,0,1,1
158744,0.05639838861922423,0.17028872668743134,0.2520408616295951,11.970580887411904,3,12,0,0,0,0,3,0,0.9658591747283936,0,0,0,0
252716,0.08464705944061279,0.27405783037344617,0.38076912416359726,8.386765499292363,2,4,1,0,1,1,1,0,0.9864360094070435,1,0,1,1
364297,0.04722090686360995,0.14051149040460587,0.22610193853647173,12.913914282320269,3,3,1,0,1,1,2,0,0.98635134100914,1,0,1,1
473121,0.06823804477850597,0.247571662068367,0.36118735113892253,8.845349343624457,1,2,0,0,0,0,1,0,0.9927630424499512,0,0,0,0
159684,0.04958609864115715,0.15697715183099112,0.25688221518181026,11.805319247158035,2,2,0,0,0,0,2,0,0.9859842956066132,0,0,0,0
338532,0.08217429493864377,0.2615799605846405,0.40987239029161193,7.747026710413043,1,3,0,0,0,0,1,0,0.9934260845184326,0,0,0,0
62554,0.042649477099378906,0.1183986912171046,0.188818683987846,14.47910067201509,3,6,0,0,0,0,3,0,0.9884492754936218,0,0,0,0
237864,0.07243043680985768,0.2527046153942744,0.36248862494203044,8.814112344751798,2,2,0,0,0,0,2,0,0.9841471612453461,0,0,0,0
431727,0.05791057584186395,0.193892573316892,0.2547317653935603,11.878337891073825,1,2,1,0,0,1,0,0,,0,0,0,0
73702,0.04741052972773711,0.12368752062320709,0.2694194580949247,11.391420834614937,4,6,1,0,0,1,3,0,0.99175892273585,1,0,0,1
507575,0.05042607026795546,0.12713593492905298,0.19353040950122202,14.265015688773357,6,8,2,0,1,1,4,0,0.9880529791116714,0,0,0,0
429761,0.0701327236990134,0.23942158122857413,0.3445248036219085,9.255590123118058,5,4,1,0,0,1,4,0,0.9376550614833832,0,0,0,0
429623,0.04993346333503723,0.12854776034752527,0.2166190621563235,13.286066575170386,2,4,0,0,0,0,2,0,0.9902998507022858,0,0,0,0
246436,0.046006424352526665,0.13006300727526346,0.2605983901581796,11.680565429228375,4,7,1,0,1,1,3,0,0.9931155840555826,0,0,0,0
430286,0.04669289415081342,0.13805795709292093,0.21868845371634651,13.203482923577571,3,4,0,0,0,0,3,0,0.9976062377293905,0,0,0,0
500423,0.0560456911722819,0.17325944701830545,0.2861669786463882,10.867609635077887,1,2,0,0,0,0,1,0,0.9971156120300293,0,0,0,0
517832,0.03999830782413483,0.11372662583986919,0.17601563090162822,15.088975267251545,1,2,0,0,0,0,2,1,0.9947145581245422,0,0,0,0
101780,0.05946088954806328,0.1919339249531428,0.2962084173057522,10.568052087295527,4,4,1,0,1,1,3,0,0.994058092435201,0,0,0,0
416451,0.056198579569657646,0.15464177976051965,0.22626952082199972,12.907478857300124,6,27,0,0,0,0,6,0,0.9807830850283304,0,0,0,0
129756,0.0687862957517306,0.23133313159147897,0.3032077509007998,10.365194020534377,8,9,0,0,0,0,9,1,0.9845511764287949,0,0,0,0
138856,0.04669932276010513,0.12615574399630228,0.19209750478644355,14.329565525724657,1,2,0,0,0,0,1,0,0.9952846169471741,0,0,0,0
222094,0.06977126499017079,0.21135851740837097,0.29781598285469163,10.521039974568978,3,11,1,0,1,1,2,0,0.9904449582099915,0,0,0,0
519764,0.058704679210980736,0.15133957068125406,0.21609656633173235,13.30704267575754,2,3,0,0,0,0,2,0,0.9555463194847107,0,0,0,0
570448,0.0736659641067187,0.23315784831841788,0.3041191005489411,10.339126052723788,1,10,0,0,0,0,2,1,0.9915579557418823,0,0,0,0
306700,0.05378688002626101,0.14998371402422586,0.3065697943140614,10.269412750164946,3,4,0,0,0,0,3,0,0.9912282228469849,0,0,0,0
59386,0.07036689793070157,0.21232427656650543,0.31798332364335574,9.95191311223446,5,10,0,0,0,0,5,0,0.9791468977928162,0,0,0,0
381971,0.06023523584008217,0.19721312820911407,0.28456859465356155,10.916260617800022,7,16,2,0,2,1,5,0,0.976799750328064,0,0,0,0
509403,0.061288400242726006,0.210969939827919,0.2977029068372942,10.524338495696115,5,5,0,0,0,0,5,0,0.9897645831108093,0,0,0,0
23126,0.06183023129900297,0.1949890454610189,0.29258142970096473,10.675064844756683,2,3,0,0,0,0,2,0,0.9757371246814728,0,0,0,0
258911,0.06036384403705597,0.16971929868062338,0.245749548244282,12.190145436972148,5,8,1,0,1,1,4,0,0.9463992863893509,0,0,0,0
356424,0.04602082073688507,0.12369910627603531,0.2173600745499814,13.256404512723446,8,10,1,0,1,1,7,0,0.9855878182819912,0,0,0,0
525247,0.04491050913929939,0.12036402523517609,0.2076835311917364,13.651958812304812,2,2,0,0,0,0,2,0,0.9968666434288025,0,0,0,0
463730,0.059324620912472405,0.18033811450004578,0.2500027010716762,12.041105982224272,8,21,1,0,0,1,7,0,0.9914587395531791,0,0,0,0
333745,0.057217550774415336,0.16370621820290884,0.2978115920518495,10.52116803455316,3,11,0,0,0,0,3,0,0.9929482936859131,0,0,0,0
313034,0.04560265193382899,0.13532056659460068,0.22288881579939637,13.038234463366871,3,11,0,0,0,0,3,0,0.9944762190183004,0,0,0,0
386134,0.04523456282913685,0.11595784376064937,0.1714001153607623,15.31977780222075,0,1,0,0,0,0,0,0,,0,0,0,0
469246,0.057233295092980065,0.1714115341504415,0.30078504897197283,10.434875097668064,2,9,0,0,0,0,2,0,0.9817927181720734,0,0,0,0
534827,0.05980196719368299,0.18879211445649466,0.2757007247993727,11.19124184321247,8,10,0,0,0,0,8,0,0.9779363572597504,0,0,0,0
469652,0.04826579367121061,0.1648667206366857,0.29737248155379553,10.533984459542207,1,1,0,0,0,0,1,0,0.9945470094680786,0,0,0,0
109118,0.04738119182487329,0.13937629014253616,0.27284357695201683,11.281725310926564,3,6,0,0,0,0,3,0,0.9900127649307251,0,0,0,0
536343,0.06504090502858162,0.20830315351486206,0.2827193340910517,10.972889815215542,0,0,0,0,0,0,0,0,,0,0,0,0
38070,0.06629737094044685,0.19470201432704926,0.2685149511853282,11.420630546662206,1,1,0,0,0,0,1,0,0.9962583780288696,0,0,0,0
65736,0.07439497858285904,0.2583545645078023,0.3552032099085131,8.990462364667394,3,3,0,0,0,0,3,0,0.9887733658154806,0,0,0,0
151820,0.04696085800727209,0.1427255943417549,0.210019332057778,13.554814541550908,14,26,0,0,0,0,17,3,0.9875058531761169,0,0,0,0
11149,0.04525122232735157,0.145635724067688,0.2405342021201232,12.376463231046968,4,5,0,0,0,0,4,0,0.9873576313257217,0,0,0,0
259854,0.06490472828348477,0.21545511980851492,0.33054108279466193,9.615491091361788,0,1,0,0,0,0,0,0,,0,0,0,0
181796,0.05423826848467191,0.1508843575914701,0.23248090145811082,12.672254380817481,6,15,2,0,2,1,4,0,0.98937027156353,1,0,1,1
505942,0.06427901796996593,0.20403295258680978,0.28166135138434617,11.005454826847627,5,7,0,0,0,0,5,0,0.982648515701294,0,0,0,0
285047,0.05404739206035932,0.15304016570250192,0.313586505820948,10.072852680822837,4,3,0,0,0,0,4,0,0.9886690378189087,0,0,0,0
344614,0.06542956456542015,0.21154517928759256,0.33505674140082514,9.497632791169297,2,2,0,0,0,0,2,0,0.9924817085266113,0,0,0,0
442456,0.06291930253307025,0.1963943143685659,0.30284729976534486,10.375525884440766,4,9,0,0,0,0,4,0,0.9739313572645187,0,0,0,0
527750,0.06406853720545769,0.18809222678343454,0.3186886411905104,9.932668310455961,2,6,0,0,0,0,2,0,0.9945513010025024,0,0,0,0
526706,0.07555876175562541,0.2468653271595637,0.3403580199035568,9.361280231945724,4,4,0,0,0,0,4,0,0.9884181618690491,0,0,0,0
32887,0.05280649972458681,0.17508807281653085,0.23568436253048883,12.553384632246846,3,4,1,0,0,1,2,0,0.9874490797519684,0,0,0,0
253386,0.057015166928370796,0.16939266522725424,0.25225586688445556,11.963174485891203,3,3,0,0,0,0,3,0,0.9895934462547302,0,0,0,0
239274,0.05441038434704145,0.17540156841278076,0.2600344912874342,11.699380857328157,3,14,0,0,0,0,3,0,0.9632838169733683,0,0,0,0
168974,0.05690073718627294,0.15230576942364374,0.292532648148754,10.676513147560865,1,3,0,0,0,0,1,0,0.9908637404441833,0,0,0,0
410496,0.06091133008400599,0.16542936116456985,0.28898457882939915,10.782506640231608,8,17,2,0,1,1,6,0,0.9833732148011526,0,0,0,0
371042,0.0754069151977698,0.24607237180074057,0.34068845188422175,9.352851744137489,5,9,2,0,2,1,3,0,0.9866532286008199,0,0,0,0
506454,0.08229163413246472,0.27551549673080444,0.40705783173733795,7.80687770148218,1,2,0,0,0,0,1,0,0.9947161078453064,0,0,0,0
199395,0.10184303174416225,0.33836040397485095,0.43751262646847017,7.180188177338307,3,13,0,0,0,0,3,0,0.9400418798128763,0,0,0,0
46378,0.0586000420153141,0.19392245511213937,0.27103667083830024,11.339438915700491,1,2,0,0,0,0,1,0,0.9189993143081665,0,0,0,0
142092,0.04816172271966934,0.12690302232901254,0.21134961892636434,13.499970617766326,1,1,0,0,0,0,1,0,0.9970752596855164,0,0,0,0
485802,0.11796124155322711,0.38938332597414654,0.49039005830318905,6.189166857387899,1,1,0,0,0,0,1,0,0.956173837184906,0,0,0,0
88970,0.06479131057858467,0.21256133913993835,0.36397418911935686,8.778588256715764,3,3,0,0,0,0,3,0,0.9917393326759338,0,0,0,0
51610,0.06269222497940063,0.2111749549706777,0.27028050253889974,11.363705645047201,2,3,0,0,0,0,2,0,0.9947799742221832,0,0,0,0
368335,0.06250426918268204,0.20081304013729095,0.3231622023179264,9.811588817150767,3,6,0,0,0,0,4,1,0.9928502043088278,0,0,0,0
58655,0.07151089111963908,0.21673407653967539,0.36071055189848794,8.856823060798904,2,1,1,0,0,1,1,0,0.992439329624176,0,0,0,0
479953,0.079641359547774,0.2994608034690221,0.387629649557618,8.231660228566383,2,2,0,0,0,0,2,0,0.993412435054779,0,0,0,0
505789,0.05471129653354486,0.15777179350455603,0.24860580099799034,12.089774833917794,5,11,1,0,1,1,4,0,0.9834508299827576,0,0,0,0
417285,0.06030702715118726,0.1769084483385086,0.2814416824432682,11.012231633795134,5,6,0,1,0,1,4,0,0.9831855297088623,0,0,0,0
210789,0.06523856520652771,0.2047384132941564,0.341635881011606,9.328730458313897,4,5,1,0,1,1,4,1,0.9861118992169698,0,0,0,0
442836,0.059747446328401566,0.20617029070854187,0.2994429850441077,10.473717130795308,5,4,1,0,0,1,4,0,0.9876517504453659,0,0,0,0
320706,0.05483075914283594,0.13940411309401193,0.26062741319157734,11.679598129207175,0,0,0,0,0,0,0,0,,0,0,0,0
396580,0.06535094479719798,0.22511293987433115,0.3016478223495607,10.409996111740732,1,2,0,0,0,0,1,0,0.9905104637145996,0,0,0,0
485027,0.08566183596849442,0.28086898227532703,0.4194051694206034,7.547324417947269,3,3,0,0,0,0,3,0,0.9802194237709045,0,0,0,0
346968,0.05811912069718043,0.167954221367836,0.2554580290124177,11.853608858969624,2,5,0,0,0,0,2,0,0.9718891978263855,0,0,0,0
530854,0.05324249714612961,0.14843082427978516,0.23897478640893483,12.43295835769895,9,8,1,0,0,1,8,0,0.9890542775392532,0,1,0,1
529939,0.062437510738770165,0.18062619864940643,0.2437464345404835,12.261234566596196,10,14,0,0,0,0,11,1,0.9739700019359588,0,0,0,0
559707,0.051315114522973694,0.11670978118975957,0.2558952105078991,11.838756851186043,5,5,1,0,1,1,4,0,0.9882624447345734,1,0,1,1
434548,0.06544332206249237,0.21483500798543295,0.32075427997159284,9.876550798474911,2,3,0,0,0,0,2,0,0.9924659729003906,0,0,0,0
226883,0.06037526577711105,0.19830690821011862,0.26481383940651354,11.541186440475675,1,1,0,0,0,0,1,0,0.9914909601211548,0,0,0,0
568690,0.06235667442282041,0.1838486616810163,0.32861855570097653,9.666158348693575,2,2,0,0,0,0,2,0,0.9951729774475098,0,0,0,0
132587,0.053615812212228775,0.1777552217245102,0.25546105014409315,11.85350613735524,5,10,2,0,1,1,3,0,0.9917281270027161,1,0,0,1
401862,0.05454929545521736,0.15313932299613953,0.2541970432864102,11.89659010568463,7,10,0,0,0,0,7,0,0.9895550012588501,0,0,0,0
379453,0.12889118989308676,0.4077701171239217,0.5437323083676384,5.2922972123620395,1,1,0,0,0,0,1,0,0.9953203797340393,0,0,0,0
162543,0.06914175301790237,0.2318933755159378,0.3018162740058277,10.405146933330535,4,6,0,0,0,0,4,0,0.9775592535734177,0,0,0,0
456015,0.07394884526729584,0.2428585390249888,0.30229557774316923,10.391364120670383,6,8,0,0,0,0,6,0,0.9914551575978597,0,0,0,0
90108,0.0646863542497158,0.2037401000658671,0.29130219605271446,10.71312482650049,3,3,0,0,0,0,3,0,0.9927291671435038,0,0,0,0
554266,0.07147385800878207,0.23725632826487222,0.3276394190070751,9.692077057196116,0,4,0,0,0,0,1,1,,0,0,0,0
264335,0.07727599019805591,0.2443231592575709,0.3835951213049588,8.32253849946486,1,1,0,0,0,0,1,0,0.9930789470672607,0,0,0,0
303713,0.05517720431089401,0.15956272929906845,0.28797822306290827,10.812807047676152,3,25,0,0,0,0,3,0,0.9784555633862814,0,0,0,0
355257,0.056108771512905754,0.179507315158844,0.2778107660248623,11.12501856040643,3,3,0,0,0,0,3,0,0.98943163951238,0,0,0,0
479448,0.049745400746663414,0.12018207460641861,0.21166345607491416,13.487082338429953,3,17,1,0,0,1,2,0,0.991199404001236,0,0,0,0
415194,0.05390434960524241,0.1431184932589531,0.2065345365043754,13.700146312679994,3,11,0,0,0,0,3,0,0.9900246063868204,0,0,0,0
288042,0.06280591028432052,0.20444021125634512,0.2767030927442923,11.159719733388139,2,3,0,0,0,0,2,0,0.9818925559520721,0,0,0,0
400815,0.054063153763612114,0.16677463054656982,0.2592513571681154,11.72557922845397,2,3,0,0,0,0,2,0,0.9961161613464355,0,0,0,0
556765,0.06915370250741641,0.2543078462282817,0.3651372141323376,8.750878045541224,1,1,0,0,0,0,1,0,0.9934674501419067,0,0,0,0
1296,0.04975680882732073,0.13355335841576257,0.3010754421017213,10.426493345053338,3,4,0,0,0,0,3,0,0.9852420290311178,0,0,0,0
342006,0.0888721173008283,0.2678400973478953,0.41267656015361454,7.6878039631369415,2,4,1,0,1,1,1,0,0.9696890115737915,0,0,0,0
190637,0.062199752777814865,0.18329431116580963,0.33176945750180153,9.583271947244045,2,4,0,0,0,0,2,0,0.9837647378444672,0,0,0,0
236845,0.05556254150966803,0.16380522151788077,0.29795840786213706,10.516887100799263,1,1,0,0,0,0,1,0,0.973767101764679,0,0,0,0
463802,0.05394816088179747,0.15900318324565887,0.24085760961632707,12.36479256206474,1,3,0,0,0,0,2,1,0.9780083298683167,0,0,0,0
313562,0.04733608476817608,0.12348583837350209,0.19464035556551607,14.215342214302616,3,6,0,0,0,0,3,0,0.9855645298957825,0,0,0,0
85576,0.06790641012291114,0.1958839346965154,0.2600087505880541,11.70024071226406,1,1,0,0,0,0,1,0,0.9900074005126953,0,0,0,0
88345,0.05585388094186783,0.17489130795001984,0.24656604261642873,12.161334704017472,3,3,0,0,0,0,3,0,0.993094821770986,0,0,0,0
154000,0.06288516893982887,0.19200770060221353,0.31548520013969555,10.020420186300099,1,3,0,0,0,0,1,0,0.9944363832473755,0,0,0,0
94336,0.054439267764488854,0.14164884388446808,0.23260374035974005,12.667666118502678,2,2,0,0,0,0,2,0,0.9961434602737427,0,0,0,0
334521,0.05782102172573408,0.19363602995872498,0.2514672528077373,11.990371253980456,2,4,0,0,0,0,2,0,0.9488167762756348,0,0,0,0
459467,0.0819714330136776,0.2809719294309616,0.3738642267867466,8.54572176684761,1,1,0,0,0,0,1,0,0.9949591755867004,0,0,0,0
167486,0.05366461661954721,0.15420532723267874,0.22720187998916605,12.871761587253571,4,10,1,0,0,1,3,0,0.9843477606773376,0,0,0,0
471893,0.049996159970760345,0.12981033325195312,0.19113319991015792,14.373277385487288,6,31,3,0,3,1,3,0,0.9857547879219055,0,0,0,0
345397,0.04935320963462194,0.13197586933771768,0.22070492331976757,13.123759576299372,3,3,2,0,2,1,1,0,0.9869222640991211,2,0,2,1
482477,0.08926305050651233,0.29435213406880695,0.44394870273778014,7.053344174507702,1,1,0,0,0,0,1,0,0.9964802265167236,0,0,0,0
82807,0.0458244401961565,0.10908412684996922,0.17781672169431884,15.000548017136337,4,4,1,0,0,1,3,0,0.988960842291514,0,0,0,0
560279,0.04472078693409761,0.11683755616346995,0.16144664053867297,15.839419751331702,1,2,0,0,0,0,1,0,0.9893948435783386,0,0,0,0
296657,0.054308950901031494,0.1789392630259196,0.251029917800181,12.005490322471973,5,14,0,0,0,0,5,0,0.9894521713256836,0,0,0,0
336658,0.05473114798466364,0.19975065688292185,0.316106215665392,10.00333928898878,3,22,0,0,0,0,4,1,0.9813934763272604,0,0,0,0
39551,0.07602756346265475,0.2519431511561076,0.3657685922664331,8.735871783150893,3,3,0,0,0,0,3,0,0.98056028286616,0,0,0,0
413404,0.0733121931552887,0.2288332482179006,0.3092820484688867,10.192905736836334,4,12,0,0,0,0,4,0,0.9761009514331818,0,0,0,0
433374,0.08037799720962842,0.2549454669157664,0.3217170582834138,9.850518221068493,4,6,0,0,0,0,4,0,0.9859034717082977,0,0,0,0
282298,0.05066474651296934,0.1465767721335093,0.20400694085076737,13.807101129726245,12,18,2,0,1,1,10,0,0.980541342496872,0,0,0,0
184791,0.0608470073590676,0.1659674420952797,0.2043502032285985,13.792498520827543,2,7,0,0,0,0,2,0,0.9906490445137024,0,0,0,0
443969,0.04262142566343149,0.10651112844546635,0.16072688381468878,15.87822950693935,4,7,0,0,0,0,4,0,0.9907479733228683,0,0,0,0
150417,0.04469875060021877,0.11523786683877309,0.18651710046958578,14.58562689114127,8,12,0,0,0,0,8,0,0.9878827184438705,0,0,0,0
269113,0.06367273752888043,0.2284801552693049,0.3184819268724675,9.938304157138521,3,4,0,0,0,0,3,0,0.9961026708285013,0,0,0,0
439715,0.06227099522948265,0.18689103424549103,0.2802085381111914,11.050372713047533,8,19,2,0,2,1,7,1,0.9839651385943095,0,0,0,0
6894,0.045791370794177055,0.13925420492887497,0.2256172694775726,12.932553222163165,2,2,0,0,0,0,2,0,0.977071076631546,0,0,0,0
426253,0.05179514487584432,0.14287285258372626,0.22910562700289588,12.799284881747045,2,2,2,0,1,1,0,0,,1,0,1,1
129492,0.04683105212946733,0.11921341965595882,0.1861396055349879,14.603224215485838,4,9,0,0,0,0,4,0,0.9916158318519592,0,0,0,0
171382,0.06180168936649958,0.16874215006828308,0.23481320560834976,12.5855496509105,15,36,2,0,1,1,14,1,0.9779804624043978,0,0,0,0
83172,0.06969999025265376,0.2433663308620453,0.32066979795506834,9.878838836923821,4,6,0,0,0,0,4,0,0.9826057106256485,0,0,0,0
88462,0.06252748767534892,0.21361826856931052,0.29058580273532914,10.734512160314281,8,16,0,0,0,0,8,0,0.982452891767025,0,0,0,0
376093,0.04242207109928131,0.12807400027910867,0.20875393750354282,13.607306482642059,11,13,1,0,0,1,10,0,0.9856391489505768,0,0,0,0
431876,0.06276319486399491,0.19166619082291922,0.3263565878820563,9.72615232294537,8,11,0,0,0,0,8,0,0.9748053252696991,0,0,0,0
125257,0.06514865222076575,0.23582546412944794,0.33397553326521356,9.525706960601966,2,2,0,0,0,0,2,0,0.985982209444046,0,0,0,0
286503,0.058525546764334045,0.16867544253667197,0.24182987973330114,12.329800802210775,2,4,0,0,0,0,2,0,0.9864949285984039,0,0,0,0
370900,0.05055386138459047,0.14217796176671982,0.21880052485730123,13.199032811090571,4,4,0,0,0,0,4,0,0.9227789640426636,0,0,0,0
7511,0.0705553727845351,0.23734513918558756,0.34512925512568715,9.240364517378055,4,16,0,0,0,0,4,0,0.9817197769880295,0,0,0,0
346232,0.0749875841041406,0.2324324150880178,0.3677290125163843,8.689442089665883,10,20,1,0,1,1,9,0,0.982310930887858,0,0,0,0
215778,0.04825032005707423,0.12696135292450586,0.21547970479886336,13.331872561938074,2,19,0,0,0,0,2,0,0.991882860660553,0,0,0,0
125472,0.07176327332854271,0.20858079195022583,0.36179506318359367,8.830747270626999,2,2,1,0,1,1,1,0,0.9914654493331909,0,0,0,0
92839,0.056937554851174355,0.13882928093274435,0.20109728769494667,13.931875738444237,1,1,1,0,1,1,0,0,,0,0,0,0
394275,0.05616630737980207,0.18454464276631674,0.2989982733667887,10.48662639200245,2,10,0,0,0,0,2,0,0.9823557734489441,0,0,0,0
248334,0.06474607313672702,0.2056502103805542,0.2859843213467958,10.8731555149868,2,10,0,0,0,0,2,0,0.993143618106842,0,0,0,0
214539,0.06189655885100365,0.20113549133141836,0.3108812247406346,10.14811011608428,8,16,1,0,1,1,7,0,0.9697134239333016,0,0,0,0
146358,0.06619433561960857,0.18006987373034158,0.3097597394529103,10.179500593361881,7,11,3,0,3,1,4,0,0.9902827590703964,0,0,0,0
203580,0.05814170092344284,0.1719750314950943,0.26524997390724026,11.526893002967277,2,3,0,0,0,0,3,1,0.9928406476974487,0,0,0,0
126110,0.06631860385338466,0.19453115264574686,0.2784971434158101,11.103585101734183,2,3,1,0,0,1,1,0,0.9893580675125122,1,0,0,1
163290,0.07682215546568234,0.232854962348938,0.3889178013637148,8.202843561473621,2,3,0,0,0,0,2,0,0.9903940856456757,0,0,0,0
224337,0.057784651716550194,0.1669100970029831,0.2589174703861336,11.73677289347996,2,5,0,1,1,1,2,0,0.9771708846092224,0,0,0,0
237071,0.07020440697669983,0.22732974092165628,0.31776452071434746,9.957891891984186,3,3,0,0,0,0,3,0,0.9826700290044149,0,0,0,0
250766,0.04684531999131044,0.11220994095007579,0.18416535583597216,14.69584127044268,2,5,2,0,1,1,0,0,,1,0,0,1
403122,0.06944856295982997,0.23120893041292825,0.3648044466921386,8.758797531757917,4,16,0,0,0,0,4,0,0.9783109277486801,0,0,0,0
65485,0.05052934338649114,0.15993741154670715,0.267597412484383,11.450361805318018,2,2,0,0,0,0,2,0,0.9930508434772491,0,0,0,0
490470,0.062073582162459694,0.21025443077087402,0.32397691101854476,9.789718794296405,1,3,0,0,0,0,2,1,0.9978707432746887,0,0,0,0
537827,0.0715371345480283,0.24500584602355957,0.3312888125282189,9.595864595931424,4,4,0,0,0,0,4,0,0.9867832809686661,0,0,0,0
242060,0.04280042896668116,0.11421838154395421,0.17243559913174775,15.267461393141799,12,12,1,0,0,1,11,0,0.9895145784724843,0,0,0,0
355817,0.06376299758752187,0.20808478196461996,0.35952371362379026,8.885449178984553,1,3,0,0,0,0,1,0,0.9956098794937134,0,0,0,0
454661,0.052978849659363426,0.15864278872807822,0.24540008808946737,12.202505714269718,8,10,0,0,0,0,8,0,0.9877152815461159,0,0,0,0
331569,0.04597731431325277,0.1018077904979388,0.17281583497469372,15.248329319659637,1,1,1,0,1,1,0,0,,0,0,0,0
90062,0.06039983903368314,0.1831310490767161,0.2897886339569336,10.758373047178676,1,1,0,0,0,0,1,0,0.9960126876831055,0,0,0,0
464522,0.05547163262963295,0.16308358063300452,0.2681551513915914,11.432277112227991,1,2,0,0,0,0,1,0,0.9978334307670593,0,0,0,0
391375,0.06201482191681862,0.19837373991807303,0.29039400605052257,10.740247040847146,2,2,0,0,0,0,2,0,0.9936089515686035,0,0,0,0
144114,0.07608611509203911,0.2598360727230708,0.38565609985997273,8.275995901635234,2,2,0,0,0,0,2,0,0.9835308194160461,0,0,0,0
359781,0.04879945454498132,0.15830369293689728,0.22186725936045856,13.07813562531747,1,1,0,0,0,0,1,0,0.9968197345733643,0,0,0,0
338304,0.05605128655831019,0.1440024053057035,0.2642624293774843,11.559291536750752,8,25,2,1,3,1,5,0,0.9632896304130554,0,0,0,0
275392,0.07371820757786433,0.22059722741444907,0.3801404955426993,8.401117269661118,2,2,0,0,0,0,2,0,0.9860925078392029,0,0,0,0
568710,0.059273816645145416,0.18438003460566202,0.25830658641165566,11.75729039718647,5,8,1,0,1,1,4,0,0.9843661487102509,0,0,0,0
166426,0.04026962754627069,0.08631447454293568,0.13396044213023903,17.46046855521937,7,11,2,0,2,1,5,0,0.9849747061729431,1,0,1,1
359677,0.12678146238128343,0.40270588795344037,0.49405719235155965,6.124455479624854,2,2,0,0,0,0,2,0,0.9833679497241974,0,0,0,0
366141,0.07008705660700798,0.20952133337656656,0.3451339590119804,9.240246135183039,4,4,1,0,1,1,3,0,0.991235593954722,1,0,1,1
224200,0.04175949469208717,0.12240834037462871,0.17561443823160042,15.108795624345303,2,2,0,0,0,0,2,0,0.9971475303173065,0,0,0,0
65074,0.06492344538370769,0.1972411572933197,0.37679315344615716,8.477939943887252,0,2,0,0,0,0,0,0,,0,0,0,0
486573,0.06573488128681977,0.18986105422178903,0.3066824735668448,10.266220851442508,1,1,0,0,0,0,1,0,0.9930133819580078,0,0,0,0
146155,0.04188035552700361,0.11095844209194183,0.16871516719396581,15.456917467060965,4,21,1,0,1,1,5,2,0.9790047407150269,0,0,0,0
223738,0.054501124968131386,0.12182419002056122,0.18536303753369848,14.639537248009105,4,7,0,0,0,0,5,1,0.986293226480484,0,0,0,0
162581,0.08517524103323619,0.33398834864298504,0.4627012898170202,6.693985797353095,1,2,0,0,0,0,1,0,0.9950600266456604,0,0,0,0
186422,0.05684952437877655,0.19423494239648184,0.2809487063412486,11.027459266409263,2,2,1,0,1,1,1,0,0.984718382358551,0,0,0,0
95862,0.050105647494395576,0.14089891066153845,0.2011927038917388,13.927755454132452,12,17,0,1,1,1,11,0,0.9825103824788873,0,0,0,0
298697,0.09577913458148639,0.3479038029909134,0.46682730147360807,6.6168750605617985,0,4,0,0,0,0,0,0,,0,0,0,0
9378,0.06258390719691913,0.19484010338783264,0.26552679630230097,11.517832889089647,4,10,1,0,1,1,3,0,0.9820059537887573,0,0,0,0
297562,0.048482109482089676,0.12367698053518932,0.19367605574623298,14.258481359501667,7,15,0,0,0,0,7,0,0.9830205525670733,0,0,0,0
530457,0.04605521882573763,0.12204312284787495,0.24062620218331862,12.373141667600759,1,1,0,0,0,0,1,0,0.9714565277099609,0,0,0,0
560474,0.04714541447659334,0.11981044958035152,0.17808293350750284,14.987553978917362,5,20,0,0,0,0,5,0,0.9796295285224914,0,0,0,0
143961,0.05719842885931333,0.14950447777907053,0.20651452646448104,13.700987883398314,9,20,2,0,1,1,8,1,0.9887462258338928,0,0,0,0
466986,0.05841198687752088,0.14851781725883484,0.20959711288963148,13.572294077348024,3,7,1,0,1,1,2,0,0.9934371411800385,1,0,1,1
453860,0.05494468907515208,0.16374453157186508,0.27235266524644175,11.297367407181119,2,2,2,0,2,1,0,0,,0,0,0,0
166918,0.04736746599276861,0.14441884060700735,0.22378549971546846,13.00336114414041,15,44,2,0,1,1,13,0,0.9787629705208999,0,0,0,0
68933,0.05270384748776754,0.1707619478305181,0.26301109957605373,11.600518461162007,3,3,0,0,0,0,3,0,0.9955195387204488,0,0,0,0
442661,0.04982326986889044,0.1546433518330256,0.21751358260227763,13.250272368206293,1,1,0,0,0,0,1,0,0.993184506893158,0,0,0,0
139684,0.05151908720533053,0.142352764805158,0.23691499846188382,12.508148887440457,4,12,0,0,0,0,4,0,0.9885033965110779,0,0,0,0
239347,0.05773250013589859,0.1581912636756897,0.23076578053797914,12.73657181546842,2,4,1,0,0,1,1,0,0.8846760988235474,0,0,0,0
342295,0.06792468825976054,0.20146554708480835,0.35278557143394895,9.049783707468617,2,1,0,0,0,0,2,0,0.9806658625602722,0,0,0,0
212453,0.0554412038375934,0.157440351943175,0.30987306004565296,10.176323582157655,1,9,0,0,0,0,1,0,0.9960504770278931,0,0,0,0
286994,0.07395241782069206,0.2299914409716924,0.29908343696605794,10.484152744617308,9,9,0,0,0,0,9,0,0.9807475341690911,0,0,0,0
319534,0.04415161535143852,0.11481461922327678,0.19263005428921567,14.305519059319273,2,8,0,0,0,0,3,1,0.9928528070449829,0,0,0,0
29596,0.053867969661951065,0.1727984050909678,0.2659510590987226,11.503965516921399,5,11,0,0,0,0,5,0,0.9868518948554993,0,0,0,0
424545,0.05016332616408666,0.144672359029452,0.21168973344153869,13.486004078894302,1,1,0,0,0,0,1,0,0.9962990283966064,0,0,0,0
349837,0.0536209320028623,0.1434962054093679,0.22544912085787963,12.939029077834938,7,6,1,0,0,1,6,0,0.9721311032772064,0,0,0,0
18737,0.06645177180568378,0.21884766221046448,0.3448509513575519,9.247371431269958,1,1,0,0,0,0,1,0,0.9891045689582825,0,0,0,0
100582,0.047842041899760566,0.14236133297284445,0.22326994259677535,13.023394785592625,1,3,0,0,0,0,1,0,0.9977056980133057,0,0,0,0
581100,0.06080971099436283,0.18409617245197296,0.2655385596269888,11.51744809675141,2,4,0,0,0,0,3,1,0.9906031489372253,0,0,0,0
76211,0.05962982835868994,0.20115745067596436,0.2648264787878783,11.540771878865176,1,1,0,0,0,0,1,0,0.9761544466018677,0,0,0,0
465806,0.04852397367358208,0.13174320757389069,0.2082091934812791,13.630001962404055,4,14,1,0,0,1,3,0,0.9342175920804342,0,0,0,0
426203,0.07198346902926762,0.2086879163980484,0.3605876906233483,8.859782057297341,3,8,0,0,0,0,3,0,0.9888001879056295,0,0,0,0
186296,0.056860391050577164,0.17039583126703897,0.2760371835761209,11.180648247519688,1,1,0,0,0,0,1,0,0.9963410496711731,0,0,0,0
368212,0.05425360302130381,0.14426792164643606,0.2876254034379245,10.823455183189756,3,3,0,0,0,0,3,0,0.9606067935625712,0,0,0,0
192699,0.0446311142295599,0.14663481712341309,0.21834841438067665,13.216999150485787,2,5,0,0,0,0,2,0,0.991828054189682,0,0,0,0
372317,0.06521234661340714,0.2050685981909434,0.3169660873524973,9.979744021483318,2,2,0,0,0,0,2,0,0.9839543104171753,0,0,0,0
212226,0.06339968616763751,0.18030039966106415,0.267999938161157,11.437306123623578,2,2,0,0,0,0,3,1,0.9679218530654907,0,0,0,0
534673,0.04899488016963005,0.17041556040445963,0.27505084263994023,11.211740404335881,2,3,0,0,0,0,2,0,0.9943111538887024,0,0,0,0
375015,0.056275619814793267,0.18998991946379343,0.27588559780856375,11.185419412346429,1,1,1,0,1,1,0,0,,0,0,0,0
4395,0.058715637773275375,0.16639513770739237,0.31913783945455226,9.9204339887069,2,2,1,0,1,1,1,0,0.983278751373291,1,0,1,1
328337,0.057158502439657845,0.18041474372148514,0.24987745891259475,12.04545838378632,1,2,0,0,0,0,1,0,0.9947305917739868,0,0,0,0
5001,0.048511553555727005,0.12517682711283365,0.1990851799845771,14.01922135801264,12,17,4,0,2,1,10,2,0.9875703379511833,0,0,0,0
394206,0.045942253122727074,0.12429231405258179,0.18867757711094899,14.485594187015296,9,14,1,0,0,1,9,1,0.9665960818529129,0,0,0,0
38678,0.05117609724402428,0.13644943883021673,0.28627416435828024,10.86435688748443,7,7,1,0,1,1,6,0,0.9910280704498291,0,0,0,0
489091,0.07698052003979683,0.2210859308640162,0.36305147626436374,8.800635858914472,2,2,1,0,1,1,1,0,0.9927658438682556,0,0,0,0
324258,0.05152369104325771,0.13999827951192856,0.20876182973211127,13.606978106893253,3,21,0,0,0,0,5,2,0.9790480335553488,0,0,0,0
231549,0.05424911839266618,0.16607709228992462,0.22816050466842644,12.835190624216182,2,3,1,0,1,1,1,0,0.9950541853904724,0,0,0,0
248284,0.07398521527647972,0.22149866819381714,0.34005988082125976,9.368892034423572,3,6,0,0,0,0,3,0,0.9850007692972819,0,0,0,0
375763,0.06293215788900852,0.19658692677815756,0.2506052650763305,12.020196179241452,8,12,0,0,0,0,8,0,0.9860954582691193,0,0,0,0
181753,0.054007540146509804,0.1606846277912458,0.23293241271028164,12.655401497508642,5,14,1,0,0,1,4,0,0.9872741252183914,0,0,0,0
102356,0.06191251489023367,0.1884678602218628,0.3483832570603387,9.158854498145704,2,2,0,0,0,0,2,0,0.9924091696739197,0,0,0,0
182805,0.06641333922743797,0.1947960356871287,0.27451796143592855,11.228584696604628,3,5,1,0,1,1,2,0,0.9661608636379242,0,0,0,0
353518,0.07470344379544258,0.2623523275057475,0.3498181580252344,9.123153026621381,1,9,0,0,0,0,1,0,0.9878735542297363,0,0,0,0
573943,0.05665097261468569,0.15397722770770392,0.20278448796416843,13.859305390050583,2,13,1,0,1,1,1,0,0.9859411716461182,0,0,0,0
80413,0.05008539495368799,0.13931636760632196,0.21990219647465575,13.155408654070362,1,1,1,0,0,1,0,0,,0,0,0,0
192607,0.055283340315024056,0.20043898125489554,0.29077371288355924,10.728897160224358,2,2,0,0,0,0,3,1,0.9938623607158661,0,0,0,0
310980,0.04830269329249859,0.1429921214779218,0.22864547077013048,12.816747942435878,2,3,2,0,1,1,0,0,,1,0,0,1
95899,0.055553508922457695,0.17719309031963348,0.2516065608696411,11.985560769119505,1,1,1,0,1,1,0,0,,1,0,1,1
217060,0.10498859360814095,0.38040422399838764,0.456422983176519,6.812649896144546,1,1,0,0,0,0,1,0,0.9877831339836121,0,0,0,0
350122,0.04778486614425977,0.13849678883949915,0.20589041716438322,13.727277328880687,10,31,0,0,0,0,10,0,0.9838219404220581,0,0,0,0
144932,0.09644266093770663,0.34798480570316315,0.4464927937901483,7.003710921059839,1,3,0,0,0,0,1,0,0.9921578764915466,0,0,0,0
526728,0.06288514037926991,0.1780518889427185,0.2489898313428289,12.076367779520968,8,13,0,0,0,0,8,0,0.9845814108848572,0,0,0,0
549136,0.07020050163070361,0.23685524861017862,0.33066019717316025,9.612361592407446,1,1,0,0,0,0,1,0,0.9910962581634521,0,0,0,0
351609,0.04824394236008326,0.12752079715331396,0.21144928699462306,13.495875499045598,2,4,1,0,0,1,1,0,0.9972949028015137,0,0,0,0
372577,0.08537915349006653,0.2695045471191406,0.39940132811956425,7.971809906279832,3,3,0,0,0,0,3,0,0.9900553623835245,0,0,0,0
463037,0.05948920672138532,0.20937298238277435,0.34976956881470656,9.124359567287355,1,2,0,0,0,0,1,0,0.9957822561264038,0,0,0,0
551804,0.07347402969996135,0.25752465923627216,0.3524002252606188,9.059276453019745,2,2,0,0,0,0,2,0,0.9844401776790619,0,0,0,0
118921,0.06540334969758987,0.2209035058816274,0.2981603119829152,10.511003316515271,2,3,0,0,0,0,2,0,0.9930324554443359,0,0,0,0
400367,0.06689691046873729,0.20683521529038748,0.2756264302815096,11.193582790799873,5,18,0,0,0,0,5,0,0.9839505672454834,0,0,0,0
194724,0.045228357116381325,0.10804497450590134,0.18418926828441398,14.694713547998965,4,19,1,0,1,1,5,2,0.9877548416455587,0,0,0,0
333069,0.08096031596263249,0.2562221437692642,0.3899444080160657,8.179946065252553,2,2,0,0,0,0,2,0,0.9918275475502014,0,0,0,0
529105,0.07112966415782769,0.24430770178635916,0.3189376221903658,9.925884958762861,0,1,0,0,0,0,0,0,,0,0,0,0
445834,0.05085265884796778,0.16225580871105194,0.24598806888479555,12.18171913786378,5,5,0,0,0,0,5,0,0.9906344175338745,0,0,0,0
257370,0.05135903383294741,0.14618205527464548,0.23052047622291416,12.74580983796753,3,6,0,0,0,0,3,0,0.9929490685462952,0,0,0,0
509451,0.046351322904229164,0.11822820951541264,0.19811877299561356,14.061487407743218,8,12,0,0,0,0,8,0,0.9878366366028786,0,0,0,0
505573,0.06858038902282715,0.20301212867101034,0.3384285368824288,9.410660472468916,1,2,0,0,0,0,1,0,0.95395427942276,0,0,0,0
89078,0.07176739970842998,0.23849835495154062,0.3853459906027861,8.282983106889896,1,2,0,0,0,0,1,0,0.9902023077011108,0,0,0,0
569700,0.05956040074427923,0.17434500654538473,0.2542338555525978,11.895332325000092,2,2,0,0,0,0,2,0,0.9852296710014343,0,0,0,0
145665,0.07281617820262909,0.24200791120529175,0.3814419889443695,8.371430034760792,2,2,0,0,0,0,2,0,0.9954943358898163,0,0,0,0
106881,0.053276379903157554,0.18360080321629843,0.23646287791005502,12.524740581334067,1,1,0,0,0,0,1,0,0.9813050031661987,0,0,0,0
456496,0.06661140422026317,0.19236794610818228,0.2737974298404889,11.251412658834749,4,5,0,0,0,0,4,0,0.9864028245210648,0,0,0,0
419601,0.06364696224530537,0.1916569024324417,0.28284838925696987,10.968925802060026,3,9,0,0,0,0,3,0,0.9873553911844889,0,0,0,0
97585,0.05100014992058277,0.12526719023784003,0.22477417698930305,12.96507167658164,8,13,0,0,0,0,9,1,0.9853506311774254,0,0,0,0
170191,0.04651154081026713,0.13300678879022598,0.21993236716895803,13.154217027294814,3,3,1,0,1,1,2,0,0.9942067563533783,0,0,0,0
246883,0.09878035013874371,0.371874064207077,0.46538778996997476,6.64370030316134,4,4,0,0,0,0,4,0,0.9866896718740463,0,0,0,0
79144,0.05131532934804758,0.1645695964495341,0.22482170783387215,12.963235148776091,2,2,2,0,2,1,0,0,,0,0,0,0
24919,0.0823643331726392,0.29168624182542163,0.4023041125294823,7.908910557138934,2,2,0,0,0,0,2,0,0.9826507270336151,0,0,0,0
222455,0.05508616069952647,0.13501560191313425,0.2002880035606718,13.966901248120305,0,2,0,0,0,0,0,0,,0,0,0,0
374551,0.060236766934394836,0.19598613679409027,0.283257564936242,10.95636965286102,1,1,0,0,0,0,1,0,0.9674479365348816,0,0,0,0
407943,0.06898840889334679,0.2025629530350367,0.31554326225331153,10.018821776267902,1,4,1,0,1,1,0,0,,0,0,0,0
129945,0.06592335800329845,0.22141781449317932,0.3026385821054754,10.381514128544316,5,5,0,0,0,0,5,0,0.9916933417320252,0,0,0,0
381639,0.04462386667728424,0.12695431212584177,0.17211520672221084,15.283615143851064,7,15,0,0,0,0,8,1,0.9736436009407043,0,0,0,0
234607,0.05810267850756645,0.1456419974565506,0.28236894401686213,10.983661406213393,3,5,0,0,0,0,4,1,0.9679573575655619,0,0,0,0
513181,0.07499752317865689,0.2601450135310491,0.36053506644368316,8.861049768829663,1,14,0,0,0,0,1,0,0.8860582113265991,0,0,0,0
298738,0.06652613542973995,0.1880205993851026,0.34149140360269986,9.332404487666631,1,1,1,0,1,1,0,0,,0,0,0,0
322610,0.04639485664665699,0.1221300611893336,0.18873524531148272,14.482939801156622,12,23,1,0,0,1,11,0,0.9859070832079108,0,0,0,0
395180,0.060639454051852226,0.20727883776028952,0.253923197047279,11.905952450469886,5,9,1,0,1,1,4,0,0.9680104553699493,0,0,0,0
247917,0.039837660267949104,0.0990652044614156,0.18999062843378092,14.425356414614361,14,16,1,1,2,1,12,0,0.988381619254748,0,0,0,0
354753,0.07368120613197486,0.22281703352928162,0.2974989322849342,10.530291772059453,0,9,0,0,0,0,0,0,,0,0,0,0
303863,0.05505877981583277,0.17984654506047568,0.30736617562683427,10.246878530275406,2,9,0,0,0,0,2,0,0.9804501831531525,0,0,0,0
532690,0.04238285372654597,0.0987603689233462,0.16492579446997946,15.654228303737872,5,5,0,0,0,0,5,0,0.9929651498794556,0,0,0,0
321557,0.04262747118870417,0.11663491527239482,0.18642179581185575,14.590066255151356,1,1,0,0,0,0,1,0,0.996520459651947,0,0,0,0
87742,0.06290109393497308,0.18040821701288223,0.2777195397787116,11.127871262068263,2,1,0,0,0,0,2,0,0.9913428425788879,0,0,0,0
384850,0.07114391153057416,0.24385092159112295,0.357579385943042,8.932550515041104,0,1,0,0,0,0,1,1,,0,0,0,0
148999,0.07007017234961192,0.2195770094792048,0.32582914909691724,9.740201314873797,3,16,0,0,0,0,4,1,0.9885822931925455,0,0,0,0
500049,0.06299781426787376,0.21838611364364624,0.344608701654409,9.25347520910163,1,1,0,0,0,0,1,0,0.9933715462684631,0,0,0,0
116362,0.050220392644405365,0.11012332638104756,0.1754624704359819,15.116315205104591,1,8,0,0,0,0,1,0,0.9980553984642029,0,0,0,0
390902,0.057217445224523544,0.17230676859617233,0.3398562200423605,9.374095544385405,3,3,0,0,0,0,3,0,0.9881539146105448,0,0,0,0
181303,0.08031519502401352,0.27168498933315277,0.3621627517127735,8.821924374611433,2,2,0,0,0,0,2,0,0.9869526028633118,0,0,0,0
225405,0.04966651772459348,0.15989268819491068,0.2495205419429308,12.057873899791517,4,4,0,0,0,0,4,0,0.9913563132286072,0,0,0,0
111609,0.05100497975945473,0.14817884316047034,0.24582210633348148,12.18758128766108,2,3,0,0,0,0,2,0,0.9194609224796295,0,0,0,0
21903,0.06042285387714704,0.19259774188200632,0.2816314545762429,11.006376835342007,2,3,0,0,0,0,2,0,0.9911123216152191,0,0,0,0
327890,0.06130886388321718,0.17769396801789603,0.27364313498520426,11.25630885471909,3,13,0,0,0,0,4,1,0.9829544027646383,0,0,0,0
371552,0.06807425493995349,0.22191993395487467,0.31502261254326297,10.033165422602199,6,10,2,0,2,1,4,0,0.993339404463768,0,0,0,0
177357,0.07340934872627258,0.2573072860638301,0.34601230605905287,9.218169101687776,2,2,0,0,0,0,2,0,0.9905887544155121,0,0,0,0
198641,0.053885663549105324,0.14883152643839517,0.22642939358430403,12.901343931047613,6,7,0,0,0,0,6,0,0.9774228831132253,0,0,0,0
57232,0.05089627020061016,0.10741683840751648,0.17351574944663714,15.213221992408458,4,15,0,0,0,0,4,0,0.9914745539426804,0,0,0,0
552775,0.049863157172997795,0.13740859677394232,0.26930192579147805,11.395210818318489,5,11,0,0,0,0,5,0,0.9799940943717956,0,0,0,0
229997,0.05434799256424109,0.1687080884973208,0.23733024310481168,12.492938318111078,6,6,1,0,1,1,5,0,0.9872527122497559,0,0,0,0
435880,0.05214759210745493,0.14548535396655402,0.2222000768257251,13.065115904754265,5,7,3,0,3,1,2,0,0.9894736707210541,0,0,0,0
509719,0.06937405342857043,0.23556927839914957,0.30080069896516026,10.434423178339324,1,2,0,0,0,0,1,0,0.9927382469177246,0,0,0,0
123633,0.044419133414824806,0.11388101428747177,0.18395021079421264,14.705994203222899,10,14,1,0,0,1,9,0,0.9883138802316453,0,0,0,0
109313,0.050750394041339554,0.1322557951013247,0.24835146269692354,12.098665556593847,2,10,0,0,0,0,2,0,0.9424029886722565,0,0,0,0
276285,0.04686205834150314,0.12445977081855138,0.2668849514539529,11.473518272077532,9,10,0,0,0,0,9,0,0.983460009098053,0,0,0,0
482436,0.06499004736542702,0.2012145866950353,0.2818930728533154,10.998311924110638,2,9,0,0,0,0,2,0,0.9792977571487427,0,0,0,0
195045,0.071523558969299,0.22079854210217795,0.2811052835900589,11.0226198283391,1,2,0,0,0,0,1,0,0.9840760231018066,0,0,0,0
183104,0.04895902487138907,0.1406214435895284,0.2235002805136317,13.014438549034999,1,2,0,0,0,0,1,0,0.9985613822937012,0,0,0,0
23751,0.08872538680831592,0.2585425277551015,0.370142657681125,8.632617221202146,3,1,2,0,0,1,1,0,0.9725496172904968,1,0,0,1
501023,0.05139522813260555,0.16338712722063065,0.22844414676949742,12.824399300493333,2,3,0,0,0,0,2,0,0.9862513244152069,0,0,0,0
126226,0.06294035290678342,0.1797799418369929,0.3016855630106362,10.408909444815443,4,22,0,0,0,0,4,0,0.9856392741203308,0,0,0,0
564127,0.05714910477399826,0.18601825584967932,0.33657759555129485,9.458295928361409,1,1,0,0,0,0,1,0,0.9944261312484741,0,0,0,0
243199,0.048128772526979446,0.1448433349529902,0.23772881155141648,12.478363614950387,2,2,0,0,0,0,2,0,0.9915925860404968,0,0,0,0
566436,0.05577187861005465,0.15706176310777664,0.24762439609062,12.124131412295078,2,2,0,0,0,0,2,0,0.994493842124939,0,0,0,0
20107,0.05820135772228241,0.1752852921684583,0.321305541209472,9.861635691525173,1,1,0,0,0,0,1,0,0.9950347542762756,0,0,0,0
138819,0.05954900446037451,0.1822477380434672,0.25164451117478437,11.984250758346988,1,2,0,0,0,0,1,0,0.9959920644760132,0,0,0,0
321887,0.05809502676129341,0.17520487308502197,0.27666350619476077,11.160962469764451,1,1,0,0,0,0,1,0,0.9966069459915161,0,0,0,0
153343,0.054087101171414055,0.15284391244252524,0.23358045111521855,12.63127014284094,2,2,0,0,0,0,2,0,0.9941369593143463,0,0,0,0
151662,0.05591921880841255,0.16661185522874197,0.21755581892565456,13.248585924418547,1,2,0,0,0,0,1,0,0.9970914721488953,0,0,0,0
520707,0.05111544206738472,0.1422076721986135,0.2181548064505263,13.224704281373095,9,21,0,0,0,0,9,0,0.9838196171654595,0,0,0,0
478862,0.06133592997988065,0.1967925230662028,0.33429683491732964,9.517354704729284,6,14,0,0,0,0,6,0,0.9857234557469686,0,0,0,0
531495,0.07327697177728017,0.22705596685409546,0.3227311748282416,9.823181621457495,1,8,0,0,0,0,1,0,0.9836151003837585,0,0,0,0
396205,0.09672153741121292,0.3252943307161331,0.4299119739940168,7.332409173160763,2,2,0,0,0,0,2,0,0.9904152154922485,0,0,0,0
13291,0.0614304356276989,0.20217281579971313,0.3146604712432133,10.043156225256467,8,8,0,0,0,0,8,0,0.971224844455719,0,0,0,0
468332,0.046451168755690254,0.12763559818267822,0.20176235147863616,13.903197383436833,12,15,2,0,2,1,10,0,0.9869542181491852,0,0,1,1
580294,0.053383149206638336,0.1534978523850441,0.23275294404232863,12.66209634027276,2,9,0,0,0,0,2,0,0.9890531897544861,0,0,0,0
319100,0.050093986093997955,0.14433546861012778,0.21592438555947316,13.31396615138194,4,7,1,0,0,1,3,0,0.9896909395853678,1,0,0,1
143556,0.056734041000405945,0.16441147277752557,0.29578049685295066,10.5806093172888,4,10,1,0,1,1,3,0,0.9787763754526774,0,0,0,0
83540,0.05386143488188585,0.18730841080347696,0.27620764658276903,11.175286050069271,1,2,0,0,0,0,1,0,0.9872063398361206,0,0,0,0
155571,0.054587079832951226,0.17730355262756348,0.2669693344004607,11.470772425556389,1,1,0,0,0,0,1,0,0.9980118870735168,0,0,0,0
379800,0.05252308336397012,0.1749257892370224,0.29175908195033273,10.699512324878915,3,7,0,0,0,0,4,1,0.9915530482927958,0,0,0,0
301563,0.07618631670872371,0.2625730087359746,0.36356745389667194,8.78830002416749,4,7,0,0,0,0,4,0,0.9836654663085938,0,0,0,0
387098,0.05287529652317365,0.1297099068760872,0.20882206462286193,13.60447229369441,10,24,1,0,0,1,10,1,0.9811526338259379,0,0,0,0
315001,0.05943668819963932,0.19335117439428964,0.25103590392244074,12.00528319904289,2,19,1,0,1,1,1,0,0.9849807024002075,0,0,0,0
578489,0.04911171520749728,0.12757008274396262,0.1951446145515975,14.192868590733989,9,11,0,0,0,0,9,0,0.9741438825925192,0,0,0,0
441468,0.06919665510455768,0.21534684797128043,0.33872497941558155,9.403055498915622,4,11,0,0,0,0,4,0,0.9838933348655701,0,0,0,0
235836,0.058265700936317444,0.18168670435746512,0.3223578602541102,9.833234712974537,6,5,1,0,0,1,5,0,0.9895135283470153,0,0,0,0
193429,0.0646464191377163,0.21898443500200906,0.29764743120643067,10.525957223957061,2,2,0,0,0,0,2,0,0.9916451871395111,0,0,0,0
300155,0.06137402852376302,0.19697897136211395,0.29890475892019125,10.48934340839297,1,1,0,0,0,0,1,0,0.9906768798828125,0,0,0,0
211120,0.045786116272211075,0.1436050534248352,0.22564181704718778,12.931608232966772,4,6,1,0,1,1,3,0,0.9929519097010294,0,0,0,0
165500,0.07884391397237778,0.26691216230392456,0.34351110290284936,9.281184423820028,3,3,0,0,0,0,3,0,0.9870638449986776,0,0,0,0
425906,0.07149291969835758,0.21478796501954397,0.32557843249346907,9.746887441707617,4,14,2,0,2,1,2,0,0.9927482604980469,0,0,0,0
241297,0.059983709206183754,0.20157470305760702,0.2991975143549025,10.480840375672509,1,1,0,0,0,0,1,0,0.995568037033081,0,0,0,0
489842,0.04448399258156618,0.10324132194121678,0.16482459565814583,15.659559619575559,9,21,1,0,1,1,8,0,0.9850523099303246,0,0,0,0
132931,0.05739916240175565,0.1750729630390803,0.260870683768042,11.671494469596722,3,3,0,0,0,0,3,0,0.9888302087783813,0,0,0,0
80022,0.07634331782658894,0.25135843952496845,0.3314756634218904,9.590967030225666,3,3,0,0,0,0,3,0,0.9759596387545267,0,0,0,0
52591,0.0690818118552367,0.20646382371584573,0.31495776911200485,10.034953487456441,1,2,0,0,0,0,1,0,0.9929496645927429,0,0,0,0
140658,0.07013826941450436,0.2487251361211141,0.400920494837251,7.938834845694489,1,1,0,0,0,0,1,0,0.9867550134658813,0,0,0,0
295420,0.06290109952290852,0.2218914031982422,0.32673000950142334,9.716219492166873,4,5,0,0,0,0,4,0,0.9745795577764511,0,0,0,0
371677,0.05252748355269432,0.13629635671774545,0.21482109333139732,13.358461548120996,7,9,0,0,0,0,8,1,0.9846544180597577,0,0,0,0
549738,0.0776184822122256,0.2579298218091329,0.3896988065722837,8.185418484087965,3,14,0,0,0,0,3,0,0.9896495342254639,0,0,0,0
447465,0.06238041693965594,0.16710100322961807,0.24699571569491438,12.146211596037006,2,4,0,0,0,0,2,0,0.9924483299255371,0,0,0,0
377814,0.0419159842034181,0.09671046833197276,0.18869055956781655,14.484996552097735,6,6,6,0,6,1,0,0,,4,1,5,1
149222,0.049494327356417976,0.11409678806861241,0.18215904224594176,14.790985316325113,3,9,1,0,1,1,2,0,0.9881729483604431,0,0,0,0
312549,0.0651073232293129,0.217606450120608,0.30875721298372694,10.207657758212196,0,0,0,0,0,0,0,0,,0,0,0,0
37670,0.05444724981983503,0.15591873228549957,0.23948959450573892,12.414267026776324,1,3,0,0,0,0,1,0,0.9952636361122131,0,0,0,0
326627,0.0576735914995273,0.18558405339717865,0.27640942902042603,11.168942923373926,5,13,1,0,1,1,4,0,0.971426323056221,0,0,0,0
573008,0.07849748805165291,0.26896598438421887,0.36374214881651623,8.784127438469136,1,1,0,0,0,0,1,0,0.9909853339195251,0,0,0,0
133418,0.0634291705985864,0.22020560503005981,0.3179372920381941,9.953170581903269,2,2,1,0,1,1,1,0,0.9972283840179443,1,0,1,1
60102,0.05818233142296473,0.19128902753194174,0.30232649952016255,10.390475687539308,3,3,0,0,0,0,3,0,0.9910841782887777,0,0,0,0
581206,0.04954402024547259,0.12372553845246632,0.2676123534181314,11.449876854145861,3,3,2,0,2,1,1,0,0.9910266995429993,0,0,0,0
301981,0.0542317039022843,0.16917093843221664,0.23513839347692594,12.573529066686957,1,1,0,0,0,0,1,0,0.9936551451683044,0,0,0,0
104612,0.04347330518066883,0.10989038397868474,0.1833020561099167,14.7366532700756,1,12,0,0,0,0,1,0,0.996261715888977,0,0,0,0
96549,0.07048456122477849,0.2536178380250931,0.36137870387471654,8.840748881777763,1,1,0,0,0,0,1,0,0.9947574138641357,0,0,0,0
259571,0.06500356271862984,0.21760739386081696,0.3351219366588132,9.495942857316924,7,15,1,0,1,1,6,0,0.9803149104118347,0,0,0,0
402334,0.08613915989796321,0.2767147620519002,0.40502086897442957,7.850451977833152,2,2,0,0,0,0,2,0,0.9532962739467621,0,0,0,0
365207,0.04355526218811671,0.11389609922965367,0.17065616497887903,15.357560363007568,2,5,0,0,0,0,3,1,0.991012305021286,0,0,0,0
560256,0.049333141495784126,0.1183327113588651,0.18287754979806797,14.756792112150311,5,27,1,0,1,1,4,0,0.9836503714323044,0,0,0,0
166287,0.06344994902610779,0.19912990927696228,0.25994837222644335,11.702257954705114,16,16,1,0,1,1,15,0,0.9735882401466369,0,0,0,0
206271,0.09192500387628873,0.2622029532988866,0.41260926409287235,7.689220505480953,0,2,0,0,0,0,0,0,,0,0,0,0
346707,0.07664639875292778,0.21527867019176483,0.34354961038572185,9.280210792988425,1,4,0,0,0,0,1,0,0.9903756976127625,0,0,0,0
567740,0.05475994944572449,0.1704451193412145,0.290820679852029,10.7274942928283,4,6,0,0,0,0,4,0,0.985900491476059,0,0,0,0
187055,0.06776218488812447,0.20344213644663492,0.33633047332319604,9.464675630422246,7,6,3,0,1,1,4,0,0.9788381606340408,2,0,1,1
537153,0.08968579272429149,0.3145333727200826,0.3914637328454607,8.146169339026324,1,3,0,0,0,0,1,0,0.9712747931480408,0,0,0,0
514797,0.059398751705884933,0.1823782523473104,0.31041242776199773,10.161217990518448,4,4,0,0,0,0,4,0,0.9903430789709091,0,0,0,0
104669,0.04982614144682884,0.1088427056868871,0.18375154071022956,14.71538021558058,11,15,4,0,2,1,7,0,0.9855448433331081,2,0,2,1
263644,0.05429794825613499,0.1461802472670873,0.29852740299378094,10.500315942434167,1,1,0,0,0,0,1,0,0.9615780115127563,0,0,0,0
44652,0.08484434460600217,0.3223121017217636,0.40569215517510276,7.836067802388911,1,1,0,0,0,0,1,0,0.984612226486206,0,0,0,0
342971,0.08423856645822525,0.26488498349984485,0.40360791933659895,7.880806418056213,2,2,0,0,0,0,2,0,0.9903759062290192,0,0,0,0
108244,0.051173227528731026,0.13618002335230509,0.2130657008839903,13.429729139523392,1,1,0,0,0,0,1,0,0.9930914640426636,0,0,0,0
328030,0.05891654702524344,0.15173481653134027,0.3064736654554078,10.272136748442184,5,5,0,0,0,0,5,0,0.9826654672622681,0,0,0,0
14473,0.05095965787768364,0.17084999879201254,0.24887675062121764,12.080313441754909,7,8,2,0,2,1,5,0,0.9875054001808167,0,0,0,0
228436,0.04319087602198124,0.13265707592169443,0.2000701539674838,13.976353872852936,6,28,1,0,1,1,5,0,0.9836657762527465,0,0,0,0
60090,0.05445148671666781,0.17651377618312836,0.27663655096755563,11.161808774137015,2,6,0,0,0,0,2,0,0.9771318137645721,0,0,0,0
278749,0.06118173897266388,0.19095325469970703,0.25601876570576204,11.834564010655983,9,17,2,0,1,1,7,0,0.9768311040742057,1,0,0,1
32901,0.039767379562060036,0.10682789981365204,0.1605724440776613,15.886579643391013,10,21,0,0,0,0,11,1,0.9835275888442994,0,0,0,0
245026,0.05307486901680628,0.14567789683739343,0.21229006762920924,13.461406492067137,4,4,0,0,0,0,4,0,0.9932319074869156,0,0,0,0
48504,0.049121117840210594,0.15511415153741837,0.22216623557301127,13.066438873569195,3,6,0,0,0,0,4,1,0.9696453809738159,0,0,0,0
441442,0.06489268814524014,0.23033723731835684,0.315553455240836,10.018541200684881,3,4,1,0,1,1,2,0,0.9867030084133148,0,0,0,0
122927,0.07433148473501205,0.2575486749410629,0.3301682114297907,9.625294858000498,2,2,0,0,0,0,2,0,0.990024596452713,0,0,0,0
29984,0.06638733794291814,0.22611717383066812,0.3204501456501122,9.884790533710902,7,7,0,1,1,1,7,0,0.9851447741190592,0,0,0,0
194746,0.0569648469487826,0.1538162554303805,0.21831809932358537,13.218205165751101,2,2,0,0,0,0,2,0,0.9845560789108276,0,0,0,0
266082,0.05561872012913227,0.17273245751857758,0.3179270115606438,9.95345144400838,1,1,1,0,1,1,0,0,,0,0,0,0
290592,0.05356724808613459,0.15249705066283545,0.20290746560262568,13.854039472307251,9,12,1,0,1,1,8,0,0.9580749869346619,0,0,0,0
46031,0.04527404593924681,0.12390612314144771,0.19795546298047023,14.068650170275427,5,6,0,0,0,0,5,0,0.9919922590255738,0,0,0,0
335328,0.0722309040526549,0.23987805843353271,0.33173631025433387,9.584139802046641,3,3,1,0,1,1,2,0,0.9935829043388367,0,0,0,0
64495,0.05821831772724787,0.16892187794049582,0.24628680406559114,12.171177136748156,1,1,1,0,1,1,0,0,,1,0,1,1
159399,0.07259885718425114,0.23650451997915903,0.3133403378337392,10.079673853343522,5,9,1,0,1,1,4,0,0.9754545539617538,0,0,0,0
125850,0.05246993899345398,0.12420614808797836,0.1946956004851777,14.212877241463566,1,2,0,0,0,0,1,0,0.9820363521575928,0,0,0,0
8762,0.07252851252754529,0.25812944769859314,0.3522908710765676,9.061972211165948,4,7,0,0,0,0,4,0,0.9837218523025513,0,0,0,0
232489,0.03955797043939432,0.09481651087601979,0.14598602619284487,16.713774259349634,3,1,0,0,0,0,3,0,0.9885726968447367,0,0,0,0
369310,0.06397736196716626,0.19619367023309073,0.3214402243321195,9.857995550059403,3,9,1,0,0,1,2,0,0.9898363947868347,0,0,0,0
6012,0.04391718717912833,0.11406705528497696,0.18686676859033033,14.569358488318967,2,2,2,0,1,1,0,0,,0,0,0,0
441286,0.08529362455010414,0.29971399406592053,0.37210742801688645,8.586633209913483,2,2,1,0,1,1,1,0,0.9941474795341492,0,0,0,0
242934,0.06865849594275157,0.21697638432184854,0.30388896007550065,10.345701540709818,2,16,0,0,0,0,2,0,0.9845277070999146,0,0,0,0
562448,0.06533769145607948,0.21554483473300934,0.2729701846916408,11.277695728124876,1,3,0,0,0,0,1,0,0.988848090171814,0,0,0,0
25228,0.07335103551546733,0.2704264968633652,0.3693482631591042,8.651278777705729,2,2,1,0,1,1,1,0,0.9882729649543762,0,0,0,0
256195,0.04468428095181783,0.15205283959706625,0.2436614510468221,12.264263476370976,1,1,0,0,0,0,1,0,0.9950222969055176,0,0,0,0
256192,0.04403639646867911,0.12499203781286876,0.2025220840206519,13.870552244505781,1,17,0,0,0,0,2,1,0.9896165728569031,0,0,0,0
579893,0.07105447600285213,0.2423960566520691,0.3209273068469988,9.871866567505869,1,1,1,0,1,1,0,0,,1,0,1,1
464786,0.048949231704076133,0.13594993452231088,0.2183696939717972,13.216152690599523,2,2,1,0,1,1,1,0,0.9938996434211731,0,0,0,0
488592,0.05865424374739329,0.1669224202632904,0.2850591957472339,10.901298889873775,6,13,1,0,1,1,5,0,0.9769994616508484,0,0,0,0
459757,0.07910469050208728,0.2777196367581685,0.369055357316566,8.658169718880782,1,1,0,0,0,0,1,0,0.9943273067474365,0,0,0,0
164363,0.03651598716775576,0.10179835309584935,0.14298200332278602,16.894372446428026,1,1,1,0,1,1,0,0,,0,0,0,0
354829,0.060478691632548966,0.1968908260265986,0.2524687887353261,11.955846071131546,1,2,0,0,0,0,1,0,0.9850322008132935,0,0,0,0
338560,0.062440406531095505,0.19194056590398154,0.3319546993667356,9.578423576364989,5,12,1,0,1,1,4,0,0.9881708920001984,0,0,0,0
128372,0.055110336591800056,0.17765181263287863,0.28441559068695,10.920932015123345,9,16,0,0,0,0,9,0,0.9837755759557089,0,0,0,0
131431,0.06801431998610497,0.20088623215754828,0.35214091099200817,9.065670331544473,1,1,0,0,0,0,1,0,0.9946956038475037,0,0,0,0
13546,0.07153127839167912,0.21502138674259186,0.29569364722954733,10.583160117715016,6,8,0,0,0,0,6,0,0.9756728708744049,0,0,0,0
376278,0.05543052529295286,0.18472890059153238,0.274859429587741,11.21778718250243,3,3,0,0,0,0,3,0,0.9937585790952047,0,0,0,0
201426,0.042294103652238846,0.106994333366553,0.18301048334647022,14.750480639367234,7,9,0,0,0,0,7,0,0.9893022094454084,0,0,0,0
55002,0.05106362452109655,0.1507434273759524,0.22371304081543372,13.006173980194584,1,2,0,0,0,0,1,0,0.9935081601142883,0,0,0,0
364102,0.08173575873176257,0.28457900881767273,0.3577829274559789,8.927607735325905,2,2,0,0,0,0,2,0,0.9793075919151306,0,0,0,0
424776,0.05896445612112681,0.20034057895342508,0.2773058064945284,11.140820733063645,1,1,0,0,0,0,1,0,0.9947257041931152,0,0,0,0
61960,0.05741238842407862,0.16651992996533713,0.2614653409205222,11.651717435709424,2,4,0,0,0,0,2,0,0.9910622537136078,0,0,0,0
288584,0.049240456273158394,0.14601326237122217,0.21131304147683752,13.501473980709823,12,19,1,0,1,1,11,0,0.9891218001192267,0,0,0,0
203864,0.054185776039958,0.18349160750706991,0.25876319985693047,11.741949740550961,5,5,1,0,1,1,4,0,0.9854791909456253,0,0,0,0
328959,0.07791078214844067,0.22436097264289856,0.3433106245192661,9.286255122939034,1,1,0,0,0,0,1,0,0.9949089884757996,0,0,0,0
411953,0.05456120645006498,0.1658536990483602,0.23938750754027094,12.417970340738023,2,3,0,0,0,0,3,1,0.9911190569400787,0,0,0,0
481480,0.07948056235909462,0.24984955290953317,0.3418805558419584,9.322511972408247,1,4,0,0,0,0,2,1,0.9907410740852356,0,0,0,0
323151,0.04343376743296782,0.11344163864850998,0.21852024182982932,13.210166550728974,3,5,1,0,1,1,2,0,0.9977131485939026,0,0,0,0
427034,0.05536846692363421,0.13399472335974374,0.21562040168321056,13.326202984803324,3,5,1,0,0,1,2,0,0.9869579374790192,0,0,0,0
545219,0.05605674100418886,0.16850709915161133,0.24878533733816294,12.083504384831372,5,8,1,0,0,1,5,1,0.9898508042097092,0,0,0,0
448810,0.06289321308334668,0.18710553646087646,0.2528410339349191,11.943048847876492,1,1,0,0,0,0,1,0,0.9901230931282043,0,0,0,0
428454,0.07436130816737811,0.2713093062241872,0.40947773347286637,7.755394185411122,3,5,1,0,1,1,2,0,0.9940784871578217,0,0,0,0
228214,0.058104432498415313,0.16959291944901148,0.3072626439388783,10.249804734825233,4,8,1,0,1,1,3,0,0.9877225359280905,1,0,1,1
579902,0.04436089719335238,0.12359946469465892,0.17635030611651453,15.072475642572565,4,8,1,0,1,1,3,0,0.9881887237230936,0,0,0,0
277020,0.06482641026377678,0.19609277447064719,0.280512205377656,11.04096474784668,8,12,2,0,1,1,6,0,0.9853180249532064,0,0,0,0
296224,0.04108470802505811,0.13613163431485495,0.23550522237154312,12.559989157368685,2,5,0,0,0,0,2,0,0.9816475212574005,0,0,0,0
152771,0.06772065783540408,0.2131978174050649,0.2822237554577046,10.988128668473514,3,6,0,0,0,0,3,0,0.9860127766927084,0,0,0,0
74058,0.06004652505119642,0.17520171900590262,0.2597776540889704,11.707964187910909,10,27,2,0,1,1,8,0,0.9758062213659286,0,0,0,0
382088,0.06406484047571818,0.2104543298482895,0.2924430459506541,10.679174026698101,1,1,0,0,0,0,1,0,0.9986439347267151,0,0,0,0
478474,0.08892491708199184,0.31211485465367633,0.4946270022488699,6.114443573987588,2,8,0,0,0,0,2,0,0.9870063066482544,0,0,0,0
483667,0.05124485803147157,0.14367707818746567,0.30340123610523284,10.359653083208041,2,3,1,0,1,1,1,0,0.990478515625,1,0,1,1
377239,0.047312440971533455,0.1414585510889689,0.22975783096841013,12.774593547615293,6,6,0,0,0,0,6,0,0.9845854143301646,0,0,0,0
422670,0.06092499444882075,0.1755329668521881,0.27048454147347706,11.357151006313302,0,4,0,0,0,0,1,1,,0,0,0,0
321790,0.06634339069326718,0.23340371251106262,0.3459739283799006,9.219132543644953,2,2,1,0,1,1,1,0,0.9926637411117554,1,0,1,1
348708,0.053078090151151024,0.1548082729180654,0.3054921919223793,10.299997708321172,2,3,0,0,0,0,2,0,0.9836125671863556,0,0,0,0
423798,0.08112275352080663,0.2774361918369929,0.36789668160575195,8.685482588950183,1,7,0,0,1,1,1,0,0.923930823802948,0,0,1,1
387387,0.06819756577412288,0.2504824995994568,0.402319694662046,7.908574139840362,1,1,0,0,0,0,1,0,0.9664538502693176,0,0,0,0
106235,0.05050483966867129,0.1415741170446078,0.22358615681798216,13.011101779904902,6,10,0,0,0,0,6,0,0.9691094557444254,0,0,0,0
475150,0.05605870112776756,0.19703970352808634,0.2749678147862427,11.214362754577431,1,1,0,0,0,0,1,0,0.9979370832443237,0,0,0,0
210502,0.04476360231637955,0.12746177117029825,0.19610026343223796,14.150436458404599,1,1,0,0,0,0,1,0,0.9828988313674927,0,0,0,0
282296,0.05030751662949721,0.14380811403195062,0.26259804465478864,11.614170241152962,3,3,0,0,0,0,3,0,0.9899049003918966,0,0,0,0
364322,0.043747905641794205,0.1026943971713384,0.17627949869458703,15.075963864227644,13,15,2,0,1,1,11,0,0.9795421416109259,1,0,0,1
488673,0.05074680224061012,0.13746214161316553,0.23512878042618943,12.573884175027183,6,15,0,0,0,0,6,0,0.9838327964146932,0,0,0,0
512776,0.057910616199175514,0.15773285925388336,0.2358024857517167,12.549032420563817,3,3,0,0,0,0,3,0,0.9554436206817627,0,0,0,0
73118,0.05030294880270958,0.12826536844174066,0.20233653480896177,13.878513839062762,1,2,0,0,0,0,1,0,0.9735769033432007,0,0,0,0
390555,0.05870424583554268,0.16292250653107962,0.23456795385322193,12.594626410083709,7,25,2,2,4,1,5,1,0.9871170918146769,1,0,1,1
240940,0.05877126008272171,0.15547701716423035,0.31185073020399173,10.121064694069208,3,16,1,0,1,1,2,0,0.9973843097686768,0,0,0,0
279730,0.05479957039157549,0.1473330557346344,0.23432333524166962,12.603689195021436,5,7,4,0,3,1,1,0,0.9473285675048828,1,0,0,1
11699,0.0549822331716617,0.12611799190441766,0.25782200180997017,11.77360047844669,4,6,0,0,0,0,4,0,0.9915817826986313,0,0,0,0
290768,0.05354910033444563,0.1565583124756813,0.18687203962453186,14.569113485015324,4,9,0,0,0,0,4,0,0.9913375973701477,0,0,0,0
116589,0.0480063601086537,0.13252487778663635,0.21102399558085,13.513363163635216,3,3,0,0,0,0,3,0,0.9917866587638855,0,0,0,0
9483,0.057921246315042176,0.1683774540821711,0.23765666491121007,12.481000034405454,8,6,1,0,0,1,7,0,0.9864225813320705,0,0,0,0
37689,0.07562011977036794,0.24349221090475717,0.3289219548561443,9.658142745935177,4,15,0,0,0,0,4,0,0.9726882576942444,0,0,0,0
151480,0.06372459108630817,0.19080803294976553,0.24995343736633127,12.042817728820722,7,18,1,0,0,1,6,0,0.97923544049263,0,0,0,0
511599,0.05391457428534826,0.16923976937929788,0.2542035273092803,11.896368550043979,8,23,1,0,1,1,7,0,0.9786240288189479,0,0,0,0
292060,0.06514193241794904,0.17355677982171377,0.30829635749827405,10.220632128093579,4,17,0,0,0,0,4,0,0.9750723987817764,0,0,0,0
195842,0.05003718721369902,0.13646593689918518,0.19531503547125892,14.185286463391991,5,9,0,0,0,0,5,0,0.9917232751846313,0,0,0,0
499109,0.05873106295863787,0.1424571375052134,0.3085427290869499,10.213693668487087,1,1,1,0,1,1,0,0,,0,0,0,0
6614,0.054061237101753555,0.150044118364652,0.2018226559049456,13.900601659681362,0,2,0,0,0,0,0,0,,0,0,0,0
231508,0.06952012330293655,0.20678177972634634,0.3424467786612596,9.308138295387373,5,25,0,0,0,0,5,0,0.982233715057373,0,0,0,0
527528,0.0802626038591067,0.2595524340867996,0.3783165985013168,8.442892075578412,6,8,1,0,1,1,5,0,0.9817185997962952,0,0,0,0
34139,0.0511216347416242,0.13199427972237268,0.19538491958019488,14.182179190630386,4,4,0,0,0,0,4,0,0.9845826178789139,0,0,0,0
571857,0.07324785863359769,0.23652288814385733,0.31006310503090645,10.170998163468186,3,14,0,0,0,0,3,0,0.9692317446072897,0,0,0,0
253819,0.0667877954741319,0.2134589503208796,0.3137824991183378,10.067425647632138,2,2,0,0,0,0,2,0,0.9763096570968628,0,0,0,0
257169,0.05875113606452942,0.1588155080874761,0.2912534960303531,10.71457705854057,2,4,0,0,0,0,2,0,0.9937861859798431,0,0,0,0
480212,0.04279190177718798,0.10921865204970042,0.18694178358114114,14.565872361870845,2,2,2,0,1,1,0,0,,2,0,1,1
462643,0.05400511622428894,0.153346153597037,0.30469477877991485,10.322699754831064,3,2,2,0,1,1,1,0,0.9977110028266907,0,0,0,0
230008,0.05251563464601835,0.1692704757054647,0.26694575783826435,11.471539526619434,3,4,0,0,0,0,3,0,0.9914461572964987,0,0,0,0
304180,0.06223377833763758,0.1944989264011383,0.2815442170735781,11.00906777305346,3,5,1,0,1,1,3,1,0.9912360608577728,1,0,1,1
250282,0.05270757401982943,0.15926684439182281,0.21000278726682556,13.555498820886498,3,26,1,0,1,1,3,1,0.991354763507843,0,0,0,0
63740,0.04704490303993225,0.12020410348971684,0.18835395052167894,14.500505330103755,9,11,1,0,1,1,9,1,0.9868621081113815,0,0,0,0
1532,0.0588322834422191,0.18549288312594095,0.2793650918060874,11.076557245978588,4,8,0,0,0,0,4,0,0.9916332215070724,0,0,0,0
470773,0.050985767195622124,0.12456425279378891,0.189765325538742,14.435662803707565,5,31,0,0,0,0,6,1,0.984239661693573,0,0,0,0
495448,0.05833134055137634,0.16452361643314362,0.2986677503962555,10.496233383945853,2,2,0,0,0,0,2,0,0.9776434898376465,0,0,0,0
491683,0.09440987432996432,0.3137438545624415,0.4259482870333782,7.412862478945947,1,2,0,0,0,0,1,0,0.9907790422439575,0,0,0,0
313588,0.05824956794579824,0.1886251245935758,0.32333790508098254,9.806867596445258,5,5,1,0,1,1,4,0,0.9891924262046814,0,0,0,0
270122,0.08907625948389371,0.31751104195912677,0.40151952717975015,7.925866574819768,1,2,0,0,0,0,1,0,0.9891579747200012,0,0,0,0
402433,0.05069337785243988,0.14821076641480127,0.25357976203914373,11.917708200778163,1,3,0,0,0,0,1,0,0.9973168969154358,0,0,0,0
391144,0.054543640464544296,0.15012989938259125,0.2247197626971835,12.967174648375755,5,6,0,0,0,0,5,0,0.9885465145111084,0,0,0,0
315492,0.04513087496161461,0.11505509912967682,0.16396122302188962,15.705177016957396,2,4,1,0,0,1,1,0,0.9933401346206665,0,0,0,0
361551,0.05900176241993904,0.17422612508138022,0.27162311638838915,11.320665446835838,9,17,2,0,2,1,8,1,0.9896000794001988,0,0,0,0
189820,0.0524673859278361,0.13415942837794623,0.1936572470256056,14.259324924826732,7,16,0,0,0,0,7,0,0.9866436719894409,0,0,0,0
523782,0.047719129671653114,0.13763691981633505,0.22088737164193342,13.116582249614847,2,3,1,0,1,1,1,0,0.99714195728302,0,0,0,0
19109,0.05574490254124006,0.1601219897468885,0.23293594331420373,12.655269844711764,18,27,3,1,3,1,14,0,0.9795001404626029,0,0,0,0
509008,0.05365747585892677,0.1760197381178538,0.30261927978662356,10.382068133116313,1,1,0,0,0,0,1,0,0.996491014957428,0,0,0,0
512330,0.06171294550100962,0.15917408714691797,0.31228351829119094,10.109018727440544,1,14,0,0,0,0,2,1,0.9615347385406494,0,0,0,0
410880,0.05050134907166163,0.13389821847279867,0.21121336548957104,13.505572066068503,5,10,1,0,0,1,4,0,0.9777115285396576,1,0,0,1
218424,0.061335790902376175,0.19290176033973694,0.291370604393229,10.711085303466954,3,4,1,0,1,1,2,0,0.9793676137924194,0,0,0,0
450100,0.05515992517272631,0.13204947113990784,0.2553668719404865,11.856708865541155,2,4,1,0,1,1,1,0,0.9966092109680176,1,0,1,1
528524,0.08875450119376183,0.2801728347937266,0.36541226454843656,8.744337605114556,2,2,1,0,1,1,1,0,0.9737803936004639,0,0,0,0
52412,0.057002646227677665,0.1686176930864652,0.22998887284288388,12.765863503981471,1,16,0,0,0,0,1,0,0.9916344285011292,0,0,0,0
106266,0.048681555315852165,0.12059523910284042,0.19645743098852841,14.134630787664301,0,1,0,0,0,0,0,0,,0,0,0,0
68387,0.06713938092192014,0.2339562177658081,0.3389757974241731,9.396626178732472,5,7,0,0,0,0,5,0,0.9850406527519227,0,0,0,0
529122,0.05327735717097918,0.15343311180671057,0.22215169092683698,13.067007534809289,5,19,1,0,1,1,4,0,0.9917776435613632,0,0,0,0
527215,0.08358174438277881,0.27604594826698303,0.3663546949279024,8.721964769917783,6,7,1,0,0,1,5,0,0.9755373954772949,0,0,0,0
153527,0.053464850410819054,0.1433459868033727,0.2049369632488858,13.7675940689452,2,15,1,0,1,1,1,0,0.9826728701591492,0,0,0,0
206218,0.054492721954981484,0.14743377019961676,0.23072972852326448,12.73792889832418,1,2,0,0,0,0,1,0,0.9969250559806824,0,0,0,0
555009,0.04739209512869517,0.11019387096166611,0.17919880281120412,14.933297921851157,9,9,2,0,1,1,7,0,0.988574913569859,1,0,0,1
557172,0.05943140263358752,0.1885782778263092,0.2704949309810786,11.35681738139396,2,4,1,0,1,1,1,0,0.9925789833068848,0,0,0,0
547886,0.0734371468424797,0.2565895865360896,0.3094458259106675,10.188307421885147,7,7,0,0,0,0,7,0,0.9900344695363726,0,0,0,0
494913,0.05320749680201212,0.16171671450138092,0.23399187630062063,12.615984402143814,6,26,0,0,0,0,6,0,0.9842327833175659,0,0,0,0
176799,0.054865931471188865,0.1625764841834704,0.23743957153139938,12.488938002020397,4,6,0,0,0,0,4,0,0.9753529131412506,0,0,0,0
523957,0.06308142592509587,0.21026910841464996,0.31505848142550735,10.032176492269471,10,13,0,0,0,0,10,0,0.9811302185058594,0,0,0,0
91779,0.040258679538965225,0.09540919214487076,0.16402930275709487,15.701571223322539,6,8,2,0,2,1,4,0,0.9919182509183884,0,0,0,0
323202,0.04679925118883451,0.13471053540706635,0.2956901334807182,10.583263333378149,1,2,0,0,0,0,1,0,0.997930645942688,0,0,0,0
162092,0.04011187640329202,0.09907683730125427,0.16025270200767922,15.903892782874664,10,16,2,0,1,1,8,0,0.9849155843257904,0,0,0,0
513567,0.040211993580063186,0.11075396339098613,0.18148532322959118,14.82316981455506,8,14,0,0,0,0,8,0,0.9828571230173111,0,0,0,0
356531,0.04929880859951178,0.1423110937078794,0.2023461523052205,13.87810098961912,6,8,0,0,0,0,6,0,0.9828947285811106,0,0,0,0
305317,0.09142460425694783,0.31346875925858814,0.42378723297609355,7.45704261987358,5,17,1,0,1,1,4,0,0.9703422486782074,0,0,0,0
362520,0.06442993506789207,0.1967504471540451,0.339253128285688,9.389522779572424,2,2,1,0,1,1,1,0,0.9668949842453003,0,0,0,0
385719,0.049037797997395195,0.129576342801253,0.20158552093894794,13.91081329394886,7,17,1,0,0,1,6,0,0.9236790637175242,0,0,0,0
50811,0.048645347356796265,0.137936199704806,0.24460189110132105,12.230803792135829,7,9,4,0,3,1,3,0,0.992675244808197,0,0,0,0
319369,0.058170996606349945,0.17616446316242218,0.25779458281725975,11.774524259224865,7,18,1,0,1,1,6,0,0.9843798180421194,0,0,0,0
289516,0.08337527016798656,0.2752807488044103,0.4059237378734352,7.8311110196752685,2,2,0,0,0,0,2,0,0.9754956066608429,0,0,0,0
209222,0.06739751746257146,0.20485286911328635,0.26853080301738474,11.420117788623376,5,17,1,0,1,1,5,1,0.9818921834230423,1,0,1,1
515025,0.04966803888479868,0.15128831565380096,0.2546657589184829,11.880588883407965,5,10,1,0,1,1,4,0,0.9875297248363495,0,0,0,0
512929,0.04353617193798224,0.0963942880431811,0.15800278650950386,16.026705076730522,3,7,0,0,0,0,3,0,0.9880475004514059,0,0,0,0
455267,0.04914607790609201,0.13057897488276163,0.2092130764790687,13.588223483550383,3,15,2,0,0,1,1,0,0.9814445376396179,0,1,0,1
329447,0.04932689853012562,0.14714417109886804,0.22489481828702682,12.960411017145608,5,5,0,0,0,0,5,0,0.995038914680481,0,0,0,0
404839,0.05504089221358299,0.17023450632890066,0.3253402920920484,9.75324295510511,3,5,1,0,0,1,2,0,0.9920325875282288,0,0,0,0
94185,0.05438521814843019,0.14020891984303793,0.20089917785063852,13.940436810645927,3,12,0,0,0,0,3,0,0.9835772713025411,0,0,0,0
262938,0.05062977597117424,0.12175010393063228,0.19336828350702168,14.27229515805541,2,5,0,0,0,0,2,0,0.9898048043251038,0,0,0,0
153529,0.054499564692378044,0.14228597035010657,0.27045479985801457,11.35810613148201,7,17,0,0,0,0,8,1,0.9803070511136737,0,0,0,0
541773,0.04734621693690618,0.1307250658671061,0.19877266432407595,14.032866820251934,10,18,1,0,0,1,9,0,0.9860148496097989,0,0,0,0
229601,0.06278196349740028,0.20614680151144663,0.2971641538819952,10.540071590702915,6,11,0,0,0,0,6,0,0.9886379937330881,0,0,0,0
520910,0.0781418780485789,0.24463224907716116,0.37588995570320044,8.498785581544762,2,3,0,0,0,0,2,0,0.97846320271492,0,0,0,0
13774,0.090985968708992,0.33724630375703174,0.43751127190760564,7.180215069326515,2,2,0,0,0,0,2,0,0.9755381345748901,0,0,0,0
458755,0.04651716103156408,0.12140053510665894,0.19338115817732915,14.271716861342318,4,6,1,0,1,1,3,0,0.9821210900942484,0,0,0,0
570539,0.0537446898718675,0.1415959820151329,0.2702955179570944,11.363223114337748,5,8,1,0,0,1,4,0,0.9802997410297394,0,0,0,0
102707,0.04517436400055885,0.10953558733065923,0.165160135116263,15.641895410082887,2,3,2,0,2,1,0,0,,1,0,1,1
270402,0.06667369107405345,0.21591427425543466,0.30437841359446094,10.331723016296877,2,2,0,0,0,0,2,0,0.9912746846675873,0,0,0,0
231580,0.04284285816053549,0.13317475219567618,0.19459205672227942,14.217497833469515,7,10,0,0,0,0,7,0,0.9848152143614632,0,0,0,0
292225,0.08673970525463422,0.2954020897547404,0.39024472982891223,8.173259065589026,2,3,0,0,0,0,2,0,0.9776941239833832,0,0,0,0
298994,0.052681285267074905,0.14740077902873358,0.21741070603408325,13.254381472055822,1,9,0,0,0,0,1,0,0.9898003935813904,0,0,0,0
71938,0.048612588395675026,0.12727286418279013,0.21470506015939747,13.363154400198434,3,3,0,0,0,0,4,1,0.9500591357549032,0,0,0,0
203639,0.06340035547812779,0.19687503079573312,0.30438495944176824,10.331536222840441,1,2,0,0,0,0,1,0,0.9935583472251892,0,0,0,0
413689,0.055480061719814934,0.17298540721337,0.253551950964568,11.918660868176111,8,17,2,0,2,1,6,0,0.9813556770483652,0,0,0,0
283038,0.06274826576312383,0.20475361744562784,0.31713134974809093,9.975216480831163,3,6,2,0,2,1,1,0,0.9931423664093018,1,0,1,1
547144,0.05555357535680135,0.14755516250928244,0.22384996423605494,13.000859413333323,8,8,1,0,1,1,7,0,0.9845088805471148,0,0,0,0
244379,0.06931315114100774,0.23858275016148886,0.314048068724056,10.060077459945143,2,3,0,0,0,0,2,0,0.9893783926963806,0,0,0,0
572678,0.06116515273849169,0.18041047950585684,0.2680546486847059,11.435533134144904,7,34,2,0,1,1,5,0,0.9853918075561523,0,0,0,0
404128,0.07852812235554059,0.2668347458044688,0.40806849905244263,7.785338588030162,1,1,0,0,0,0,1,0,0.996596097946167,0,0,0,0
313783,0.048378441482782364,0.12114696701367696,0.19496798686978406,14.20073385143308,2,7,1,0,1,1,1,0,0.9925466179847717,1,0,1,1
577932,0.0437667736162742,0.12517798195282617,0.17413609018763232,15.182224216365466,15,21,0,0,0,0,15,0,0.9858244697252909,0,0,0,0
162415,0.04756570359071096,0.1406528353691101,0.19494940220613677,14.201561843936341,3,2,2,0,1,1,1,0,0.9927221536636353,2,0,1,1
377588,0.05915592052042484,0.20859740177790323,0.26406356036592216,11.565830508529446,9,10,0,0,0,0,9,0,0.9854967925283644,0,0,0,0
183965,0.056955465426047645,0.15381979197263718,0.2441743842765941,12.24599797496773,3,5,1,0,0,1,2,0,0.9672633707523346,0,0,0,0
80340,0.052800790717204414,0.14966349800427756,0.22039768662265682,13.135859366304096,9,20,1,0,1,1,8,0,0.9713967144489288,0,0,0,0
91654,0.05417698000868162,0.13117355604966482,0.2136399181086285,13.406351943488596,2,3,2,0,2,1,0,0,,1,0,1,1
507042,0.06112730999787649,0.1799220715959867,0.32702469332043094,9.708389058848907,2,3,0,2,1,1,1,0,,0,0,0,0
549390,0.06303981443246205,0.199113796154658,0.28516453770152794,10.898089663228188,7,19,1,0,0,1,6,0,0.9583269755045573,1,0,0,1
458702,0.06631656363606453,0.21753724912802377,0.33791934994778516,9.423738778592591,3,4,0,0,0,0,3,0,0.9714209040006002,0,0,0,0
357816,0.04333431522051493,0.10565030823151271,0.17260102690538112,15.259132494778438,5,10,0,0,0,0,6,1,0.9872476935386658,0,0,0,0
221693,0.07027885317802429,0.24054677287737528,0.3658693738795725,8.733478856552447,2,2,0,0,0,0,2,0,0.9917747974395752,0,0,0,0
480021,0.05000309273600578,0.12849426021178564,0.20805072248745848,13.636615434308768,6,9,0,0,0,0,6,0,0.9824150303999583,0,0,0,0
293474,0.07173481459418933,0.21633446713288626,0.28440775491289655,10.921171318482422,2,6,1,0,0,1,1,0,0.9751713871955872,0,0,0,0
161008,0.04992168334623178,0.13642008850971857,0.22560880506016515,12.932879094268564,1,1,1,0,1,1,0,0,,1,0,1,1
567886,0.04803319958349069,0.1346511791149775,0.1947987970459784,14.208274587536842,3,5,1,0,1,1,2,0,0.9945311844348907,0,0,0,0
163682,0.053730847934881844,0.16363407919804254,0.3088832085007133,10.204114003196992,2,3,0,0,0,0,2,0,0.9728281795978546,0,0,0,0
402783,0.055023020754257836,0.15384794026613235,0.2283174529049474,12.829217783283074,7,2,0,0,0,0,7,0,0.9937285951205662,0,0,0,0
25096,0.0584978424012661,0.16144402076800665,0.26747411095077744,11.45436494689873,4,6,0,0,0,0,4,0,0.9911666661500931,0,0,0,0
451150,0.041901695231596627,0.09887377669413884,0.26076199720071086,11.675114026334949,6,6,6,0,6,1,0,0,,6,0,6,1
420840,0.05452089384198189,0.16326733430226645,0.2528960323033699,11.941159685335672,2,6,0,0,0,0,3,1,0.9959329068660736,0,0,0,0
450303,0.056603625416755676,0.14972327401240668,0.20095606736164504,13.937977536947976,16,27,2,0,1,1,14,0,0.9817214906215668,0,0,0,0
145020,0.06552991395195325,0.20348003506660461,0.28515321132187293,10.898434662779277,7,17,2,0,1,1,5,0,0.9715584635734558,0,0,0,0
429690,0.05516339714328448,0.17001904050509134,0.25693811310422926,11.8034293912675,9,14,0,0,0,0,9,0,0.9767563343048096,0,0,0,0
482917,0.04663281391064326,0.1179060513774554,0.19713242277248946,14.104838810895286,3,5,1,0,1,1,2,0,0.9903039336204529,0,0,0,0
400082,0.05561953162153562,0.1604283725221952,0.25348020731725507,11.921118926888063,4,4,1,0,1,1,3,0,0.9913086493810018,0,0,0,0
378099,0.05537380402286848,0.1847644497950872,0.26788154286806487,11.441144168051697,2,2,1,0,1,1,1,0,0.9916412234306335,0,0,0,0
284991,0.05599957952896754,0.16987943649291992,0.27047091429264786,11.357588617904142,2,2,1,0,1,1,1,0,0.9881289601325989,1,0,1,1
229111,0.05849884574611982,0.16023351500431696,0.2968091957638357,10.550452956834333,2,3,1,0,1,1,1,0,0.9785888195037842,1,0,1,1
309173,0.05691797969241937,0.17978953818480173,0.3468039193441207,9.19832006129221,1,2,1,0,1,1,0,0,,1,0,1,1
171190,0.04611788379649321,0.12403666228055954,0.18115979416767247,14.838763628615217,21,37,1,0,1,1,20,0,0.9812116712331772,0,0,0,0
136600,0.05482162286837896,0.1512735957900683,0.24583426861308144,12.187151555743599,6,5,1,0,0,1,5,0,0.991655147075653,0,0,0,0
393056,0.09844617048899333,0.3522420922915141,0.43931620231255425,7.14445558663178,1,2,0,0,0,0,1,0,0.990366518497467,0,0,0,0
361268,0.05977251939475536,0.19285935163497925,0.27869582685964794,11.097390685683404,1,1,0,0,0,0,1,0,0.9947819113731384,0,0,0,0
537355,0.07920527085661888,0.26104578872521716,0.35353021779509874,9.031469184114355,1,1,0,0,0,0,1,0,0.9852335453033447,0,0,0,0
224093,0.07761249939600627,0.288342406352361,0.35161212333323355,9.078723183571903,6,7,0,0,0,0,6,0,0.984639843304952,0,0,0,0
575500,0.06070868298411369,0.18844236185153326,0.3448380843664268,9.247695523024678,1,1,0,0,0,0,1,0,0.9218806624412537,0,0,0,0
123585,0.058621138955156006,0.17706834028164545,0.2917188133952894,10.700711233109496,5,6,0,0,0,0,5,0,0.9898052096366883,0,0,0,0
493905,0.05336909741163254,0.17579152683417001,0.28807346786521854,10.809934785127378,3,28,0,0,0,0,3,0,0.9904991189638773,0,0,0,0
201418,0.06023871215681235,0.15551190823316574,0.23361560760622369,12.62996291690952,6,28,1,0,1,1,5,0,0.9873643755912781,0,0,0,0
108440,0.07541056846578915,0.2428219715754191,0.36002295202155854,8.87339622806709,1,1,0,0,0,0,1,0,0.9793493151664734,0,0,0,0
557501,0.06348357970515887,0.1862977867325147,0.2643549562027122,11.556250858094996,2,2,0,0,0,0,2,0,0.9902555346488953,0,0,0,0
350388,0.057815526922543846,0.14861350258191428,0.27714063875183964,11.145995728194375,2,5,0,0,0,0,2,0,0.984297901391983,0,0,0,0
261706,0.04606806424756845,0.12044127533833186,0.2757556736292797,11.189510865114283,2,3,1,0,1,1,1,0,0.9982650876045227,0,0,0,0
424642,0.06273340247571468,0.2127213180065155,0.2925092176920932,10.677208873363465,5,7,0,0,0,0,5,0,0.985291349887848,0,0,0,0
210394,0.06517161677281062,0.20862174530824026,0.31073892597178465,10.152086793552142,10,17,0,0,0,0,10,0,0.9648113787174225,0,0,0,0
461036,0.06857527978718281,0.2275621791680654,0.2978758198362745,10.519294986916961,1,1,0,0,0,0,1,0,0.9885584712028503,0,0,0,0
191580,0.047884817545612655,0.11606969684362411,0.24908723410002717,12.072970595956614,6,9,3,0,3,1,3,0,0.9863301912943522,2,0,2,1
354307,0.05212021370728811,0.13721254467964172,0.22105877165298318,13.109844950615088,1,1,0,0,0,0,2,1,0.98946613073349,0,0,0,0
166768,0.054257749269406,0.14877704034248987,0.31306575943996867,10.087288586943398,3,3,1,0,1,1,2,0,0.9944910705089569,0,0,0,0
121417,0.06293178473909695,0.1782564322153727,0.32054030516523785,9.882347078890723,8,13,1,0,1,1,7,0,0.9878425427845546,0,0,0,0
390826,0.05979212000966072,0.1905252238114675,0.3183030186639555,9.943184853537705,2,3,1,0,1,1,1,0,0.9914972186088562,0,0,0,0
477955,0.08775668094555537,0.3037208964427312,0.4251172747438534,7.429824940248212,2,4,0,0,0,0,2,0,0.9864131808280945,0,0,0,0
161609,0.050437902410825096,0.14200876404841742,0.2175749001402062,13.24782414265229,3,7,0,0,0,0,3,0,0.9850643674532572,0,0,0,0
236784,0.04847069829702377,0.136660968263944,0.2071352408646488,13.674920126328606,3,3,0,0,0,0,3,0,0.9952607154846191,0,0,0,0
542089,0.06583383058508237,0.20670043925444284,0.3311710517021228,9.598952654861968,1,1,0,0,0,0,1,0,0.9926385879516602,0,0,0,0
447611,0.05645788088440895,0.16962947944800058,0.25891789316018626,11.736758710714465,4,6,1,0,0,1,3,0,0.9930546085039774,1,0,0,1
178744,0.07046411062280337,0.23122256497542062,0.32464061445583764,9.771942966187039,0,10,0,0,0,0,1,1,,0,0,0,0
124659,0.05020952224731445,0.15186820179224014,0.22641741503245255,12.901803443524901,3,19,1,0,1,1,3,1,0.9844177961349487,0,0,0,0
511760,0.10902758936087291,0.36171797414620716,0.4488296035246068,6.958370119557582,3,7,0,0,0,0,4,1,0.9904399514198303,0,0,0,0
60347,0.07690905841688316,0.2051397164662679,0.3399592710837833,9.371462212278601,2,2,0,0,0,0,2,0,0.976809561252594,0,0,0,0
162732,0.048663059870402016,0.13938830296198526,0.22390457413137924,12.998740683155784,6,6,0,0,0,0,6,0,0.9855753779411316,0,0,0,0
259625,0.06529185300072034,0.21262207627296448,0.3229284057853941,9.817875028225519,1,1,0,0,0,0,1,0,0.9943153858184814,0,0,0,0
213935,0.04960792139172554,0.11950544516245525,0.2024941092886292,13.871752124606399,8,4,5,1,3,1,3,0,0.9868583977222443,2,0,0,1
356428,0.061436003694931664,0.17841913302739462,0.2594509430766855,11.718894927035262,4,13,0,0,0,0,5,1,0.9855433106422424,0,0,0,0
222118,0.08004018664360046,0.3021700630585353,0.3958760486350546,8.048815464339272,2,3,0,0,0,0,2,0,0.9717861413955688,0,0,0,0
210708,0.06041907394925753,0.20669416586558023,0.30937849572039583,10.190197530544019,2,2,0,0,0,0,2,0,0.9879070520401001,0,0,0,0
562818,0.08302547285954158,0.28725630541642505,0.38358642080786515,8.322735510350569,6,23,2,0,1,1,4,0,0.9674646109342575,0,0,0,0
526103,0.051226794719696045,0.14990698049465814,0.2237678107420302,13.00404774154718,2,3,0,0,0,0,2,0,0.9953554272651672,0,0,0,0
326970,0.049316837141911186,0.12907352795203528,0.2009308656258912,13.939066895559888,6,11,1,0,1,1,5,0,0.9905644416809082,0,0,0,0
49259,0.0729256346821785,0.2474885731935501,0.3863664757809737,8.260011269093553,1,1,0,0,0,0,1,0,0.9913768768310547,0,0,0,0
528862,0.05566701106727123,0.17723214626312256,0.2342911048276151,12.60488399311544,6,7,0,0,0,0,6,0,0.9842224617799123,0,0,0,0
521540,0.04666397472222646,0.1244382510582606,0.20285399590771586,13.856328659012796,2,3,1,0,1,1,1,0,0.9961538314819336,0,0,0,0
376284,0.052675116807222366,0.17077923814455667,0.281551952847437,11.008829120824597,6,9,0,0,0,0,6,0,0.9901251594225565,0,0,0,0
351810,0.05274139220515887,0.14539303133885065,0.21984355348200657,13.157725295289824,5,17,0,0,0,0,5,0,0.9861972808837891,0,0,0,0
565391,0.04526266393562158,0.13333740830421448,0.2617904416700186,11.640924283722676,2,3,0,0,0,0,2,0,0.9893819689750671,0,0,0,0
404479,0.08505342900753021,0.2847869048515956,0.38765885538593775,8.231005817724288,1,3,0,0,0,0,1,0,0.9787712693214417,0,0,0,0
154004,0.06881058836976688,0.22213306526343027,0.2977544530022849,10.522834695989571,8,14,0,0,0,0,10,2,0.9715128466486931,0,0,0,0
370270,0.048753650238116585,0.13738370190064111,0.23233530577327435,12.677695792162236,3,9,0,0,0,0,3,0,0.993367592493693,0,0,0,0
377486,0.06410071502129237,0.20512727896372476,0.2867839669373082,10.848902643438418,3,9,0,0,0,0,3,0,0.9919437170028687,0,0,0,0
438304,0.07065706513822079,0.18682310730218887,0.3481775800981166,9.163983949448655,5,5,0,0,0,0,5,0,0.9860531210899353,0,0,0,0
179285,0.06799706568320592,0.20574070513248444,0.3444766750819324,9.256803586950213,2,2,1,0,1,1,1,0,0.9980344772338867,1,0,1,1
545407,0.08917574832836787,0.3246166358391444,0.412353625366362,7.694603656323563,1,1,0,0,0,0,1,0,0.9958848357200623,0,0,0,0
428280,0.06605048105120659,0.21947608391443887,0.2875433669656874,10.82593292463069,3,7,0,0,0,0,3,0,0.9886289437611898,0,0,0,0
293245,0.05078659889598688,0.14633581538995108,0.21770960816673104,13.242448076806708,1,4,0,0,0,0,1,0,0.9964564442634583,0,0,0,0
453981,0.06030638888478279,0.2160553733507792,0.31864764139347485,9.93378583576389,1,2,1,0,1,1,0,0,,0,1,1,1
9772,0.050274998570481934,0.1353173926472664,0.17232902773022968,15.272831244858134,2,4,0,0,0,0,2,0,0.9939018785953522,0,0,0,0
131938,0.06075043044984341,0.14310370137294134,0.3086150647998032,10.211657560289687,2,2,1,0,1,1,1,0,0.9468845129013062,1,0,1,1
47828,0.07120174045364062,0.25552500287691754,0.3264621248784852,9.7233439392585,2,13,0,1,1,1,2,0,0.9855592250823975,0,0,0,0
47819,0.04986600329478582,0.15227241814136505,0.23938883598812086,12.417922139729054,3,4,0,0,0,0,3,0,0.9878329634666443,0,0,0,0
122962,0.0474616972108682,0.12219230085611343,0.18809981367895776,14.512232692739428,15,29,1,1,1,1,13,0,0.9810220782573407,0,0,0,0
345356,0.042386634896198906,0.12008212755123775,0.1812588070608102,14.834017652106166,4,11,0,0,0,0,4,0,0.9839420169591904,0,0,0,0
243204,0.06390307160715263,0.18011563767989477,0.3299237814827033,9.631727572423559,1,4,0,0,0,0,1,0,0.9280703067779541,0,0,0,0
356347,0.04690710951884588,0.1424972116947174,0.21741774177736378,13.254100387918069,2,3,2,0,2,1,0,0,,1,0,1,1
62355,0.06107755439976851,0.19826800127824148,0.2750510747381086,11.211733074861064,6,7,0,0,0,0,6,0,0.9927692313989004,0,0,0,0
303305,0.05410513157645861,0.17463113367557526,0.3019047995761755,10.402599653226046,1,5,0,0,0,0,1,0,0.9822201132774353,0,0,0,0
213593,0.06084687262773514,0.18892884254455566,0.24170081778521726,12.334437603431072,6,10,3,0,3,1,4,1,0.9868932565053304,0,0,0,0
321333,0.06169535840551058,0.17079186936219534,0.281480653669535,11.011028982028668,3,3,0,0,0,0,3,0,0.9427394072214762,0,0,0,0
161879,0.04898008704185486,0.14544172088305155,0.19211413570545915,14.328813573873047,1,2,0,0,0,0,1,0,0.991409957408905,0,0,0,0
340015,0.04346076895793279,0.11534965286652248,0.19861056422009307,14.039953096624329,1,2,0,0,0,0,1,0,0.9979515075683594,0,0,0,0
165713,0.06680106744170189,0.20883319775263467,0.3470615184142755,9.19187074972466,1,1,0,0,0,0,1,0,0.9936514496803284,0,0,0,0
276707,0.057572104036808014,0.15867902090152106,0.2179162336256825,13.234208317383466,2,4,0,0,0,0,2,0,0.9798812568187714,0,0,0,0
11813,0.06165305400888125,0.17317034304141998,0.31108833327402524,10.142325518084458,0,2,0,0,0,0,0,0,,0,0,0,0
130579,0.09275894239544868,0.289374237259229,0.4076690810251825,7.793844512646647,2,2,0,0,0,0,2,0,0.9899023771286011,0,0,0,0
545100,0.05783074970046679,0.1811959147453308,0.25850725190847396,11.750545382568502,4,11,1,0,1,1,3,0,0.9861617883046468,0,0,0,0
508482,0.058907331277926765,0.16161973774433136,0.3189883913027529,9.924502431953103,0,1,0,0,0,0,0,0,,0,0,0,0
339870,0.06321879600485165,0.2145509570837021,0.2991389406843127,10.482540972170613,2,6,0,0,0,0,2,0,0.9589143395423889,0,0,0,0
100624,0.05438667784134547,0.15929334362347922,0.2334553180107648,12.635924571615831,5,9,0,0,0,0,5,0,0.9809734106063843,0,0,0,0
577959,0.0912744589149952,0.32210133969783783,0.38733947129017376,8.238164891671982,2,2,1,0,1,1,1,0,0.9801309108734131,0,0,0,0
527695,0.045494118705391884,0.12908765176932016,0.2181980813254159,13.222981451988186,0,9,0,0,0,0,0,0,,0,0,0,0
224051,0.07268138478199641,0.23441586891810098,0.34527060448604807,9.236807897414804,3,3,0,0,0,0,3,0,0.9783287644386292,0,0,0,0
180383,0.055108483880758286,0.1458397110303243,0.20046564634657774,13.95920082800039,4,4,0,0,0,0,4,0,0.9894273579120636,0,0,0,0
193717,0.048826862747470536,0.1459827721118927,0.23148117669136906,12.709686372958338,6,12,1,0,1,1,5,0,0.9776918172836304,0,0,0,0
517523,0.06575361142555873,0.2225977232058843,0.31168481736755144,10.125687046801083,1,1,0,0,0,0,1,0,0.9900919198989868,0,0,0,0
568290,0.06562684724728267,0.2263802836338679,0.34904949069718544,9.142259826841123,2,10,0,0,0,0,2,0,0.9882339537143707,0,0,0,0
389316,0.05974541728695234,0.19105704128742218,0.28920107964537783,10.776001801329196,3,3,0,0,0,0,3,0,0.9910590052604675,0,0,0,0
253742,0.049159931018948555,0.1219285527865092,0.19338454643148573,14.27156467617533,21,28,1,0,1,1,21,1,0.9850385308265686,0,0,0,0
29397,0.047114926079909004,0.13926718135674795,0.20119002795596008,13.927870980376563,2,2,0,0,0,0,2,0,0.9920399487018585,0,0,0,0
193674,0.07396587108572324,0.253867710630099,0.3568051131146445,8.951378613857502,2,3,0,0,0,0,2,0,0.9777438640594482,0,0,0,0
293390,0.055833783000707626,0.16878589987754822,0.23898385638994935,12.432628702172025,2,5,0,0,0,0,2,0,0.9864793121814728,0,0,0,0
571804,0.06430809323986371,0.18449016908804575,0.2738148327648563,11.250860589822391,0,9,0,0,0,0,0,0,,0,0,0,0
563758,0.06633882845441501,0.1670485958456993,0.32239020108072386,9.832363337416078,1,1,0,0,0,0,1,0,0.9903143048286438,0,0,0,0
579158,0.051320225621263184,0.14067419866720834,0.23012770375367367,12.760621919272717,2,9,0,0,0,0,2,0,0.9896431863307953,0,0,0,0
485237,0.07638547693689664,0.2844289541244507,0.37048864858888914,8.624501876809362,4,8,2,0,2,1,2,0,0.97059366106987,0,0,0,0
36494,0.053193277368942894,0.14728444069623947,0.20177791976986265,13.90252719278104,10,49,4,0,2,1,6,0,0.9877339998881022,0,0,0,0
338905,0.04154393635690212,0.10525037348270416,0.16917096189622358,15.433483626237345,13,38,0,0,0,0,14,1,0.9873584829843961,0,0,0,0
287959,0.04562892019748688,0.13019222021102905,0.23204192548853936,12.688670788103803,1,1,0,0,0,0,1,0,0.9965474605560303,0,0,0,0
287545,0.05617396843930086,0.17974094053109488,0.25040131547293176,12.027267878151111,2,2,0,0,0,0,2,0,0.993567943572998,0,0,0,0
53994,0.06003820337355137,0.1758937661846479,0.30089964862983454,10.431566387984235,1,4,1,0,1,1,0,0,,1,0,1,1
375430,0.05082152038812637,0.14178378134965897,0.23632901718904056,12.529659022164898,3,4,0,0,0,0,3,0,0.9935995936393738,0,0,0,0
410712,0.06128124396006266,0.1793267528216044,0.2601939632318826,11.694055674742698,2,5,1,0,1,1,1,0,0.9966334104537964,0,0,0,0
386277,0.06324764465292294,0.17662523686885834,0.25185127742066016,11.977116840112947,1,1,0,0,0,0,1,0,0.9943005442619324,0,0,0,0
453040,0.053060466423630714,0.1365086411436399,0.26013959204780573,11.695870903075791,1,2,0,0,0,0,1,0,0.9803813099861145,0,0,0,0
2685,0.044424605245391525,0.11263928065697353,0.16958215974011037,15.412396760213149,5,19,0,0,0,0,5,0,0.9833905339241028,0,0,0,0
406129,0.0684427519639333,0.22088480989138284,0.35311104490939754,9.041773959800908,3,3,0,0,0,0,3,0,0.9784380992253622,0,0,0,0
484029,0.05870247011383375,0.17746979743242264,0.3265321587323638,9.721480810152112,6,8,1,0,1,1,5,0,0.9784871220588685,1,0,1,1
577735,0.05471766615907351,0.14913944403330484,0.22003972028013455,13.149978316153419,2,2,0,0,0,0,2,0,0.9926264882087708,0,0,0,0
376206,0.10322527959942818,0.37801159421602887,0.48204869303378295,6.3381818058545605,1,2,0,0,0,0,1,0,0.9916558265686035,0,0,0,0
391140,0.050949842358628906,0.13998818397521973,0.22152689530072392,13.091470781900975,3,3,1,0,1,1,2,0,0.9851968288421631,0,0,0,0
52017,0.08023194720347722,0.2902394086122513,0.4107022546874191,7.729458258699208,1,2,0,0,0,0,1,0,0.9968294501304626,0,0,0,0
85478,0.06366298720240593,0.2066383808851242,0.29562115516288584,10.585289805966564,2,1,2,0,1,1,0,0,,0,0,0,0
455448,0.0510587760557731,0.13098528236150742,0.245859303498882,12.18626706073416,2,3,1,0,0,1,1,0,0.9182705879211426,0,0,0,0
551780,0.06198348353306452,0.16093701124191284,0.23280770142043652,12.660053141175311,1,2,0,0,0,0,1,0,0.9870702624320984,0,0,0,0
128051,0.06509164224068324,0.21660461028416952,0.31103922563110326,10.143696759597828,3,4,0,0,0,0,3,0,0.988461971282959,0,0,0,0
42563,0.07733715946475665,0.26229311525821686,0.3623011024992933,8.818606887698396,1,1,0,0,0,0,1,0,0.9943286776542664,0,0,0,0
190007,0.0838324303428332,0.30749345819155377,0.36285435178660824,8.805353279369491,2,2,0,0,0,0,2,0,0.9848641157150269,0,0,0,0
571718,0.05322407310207685,0.14820636560519537,0.22406217965543984,12.992628871360598,3,33,1,0,0,1,3,1,0.9885454177856445,0,0,0,0
572956,0.04580976814031601,0.12764965494473776,0.2114786040129858,13.494671301394707,6,8,0,0,0,0,6,0,0.972565641005834,0,0,0,0
370478,0.05230877920985222,0.13672286768754324,0.2161842426354772,13.303519286826797,3,12,2,0,1,1,1,0,0.9947883486747742,2,0,1,1
409630,0.04999694600701332,0.1423928663134575,0.22807065202227808,12.83861191698314,3,3,0,0,0,0,3,0,0.9938538869222006,0,0,0,0
110042,0.06923296675086021,0.167621319492658,0.293506567464665,10.64764353181943,3,8,1,0,1,1,2,0,0.9681170582771301,0,0,0,0
456662,0.049759604036808014,0.13110105444987616,0.18274145235712477,14.763258556179132,2,2,0,0,0,0,2,0,0.9789601862430573,0,0,0,0
153510,0.05166500806808472,0.13976702590783438,0.23218144746637806,12.683449713040877,1,6,1,0,0,1,0,0,,0,0,0,0
222825,0.0670773188273112,0.19434227546056113,0.3207106920530601,9.877731220998424,3,3,0,0,0,0,3,0,0.9904894630114237,0,0,0,0
42070,0.04257794966300329,0.12673752754926682,0.2090031826618722,13.59694200964832,1,3,0,0,0,0,1,0,0.9951339364051819,0,0,0,0
802,0.06395366415381432,0.18384444216887155,0.328810440758142,9.661088014144788,2,2,0,0,0,0,2,0,0.9936785697937012,0,0,0,0
323895,0.08242117489377658,0.27527713278929394,0.3660726321234229,8.728654762006666,2,3,0,0,0,0,2,0,0.9854558408260345,0,0,0,0
581357,0.049597242847085,0.14586888253688812,0.2373600016803602,12.491849272333631,2,14,0,0,0,0,2,0,0.9836569428443909,0,0,0,0
409867,0.08097785338759422,0.22687949240207672,0.3652496678206109,8.748203407325265,1,2,0,0,0,0,2,1,0.9916866421699524,0,0,0,0
112634,0.05385118039945761,0.15866906195878983,0.2516863646072043,11.982806244158395,2,2,0,0,0,0,2,0,0.9916909337043762,0,0,0,0
229221,0.06565737972656886,0.22878714402516684,0.3355842795493286,9.483967837968637,2,2,1,0,0,1,1,0,0.9965150356292725,0,0,0,0
394559,0.07888629411657651,0.26117299497127533,0.37665208801895883,8.481192413155823,2,2,0,0,0,0,2,0,0.9926630854606628,0,0,0,0
235778,0.06784747665127118,0.20335242648919424,0.27126623677316103,11.332085149139484,4,12,0,0,0,0,4,0,0.9873218387365341,0,0,0,0
187144,0.0636008841296037,0.20590083797772726,0.35970342960536167,8.881108427306009,8,18,0,0,0,0,8,0,0.9836731553077698,0,0,0,0
521405,0.060204798355698586,0.1729224274555842,0.3181559449986772,9.947199144233402,1,2,1,0,1,1,0,0,,1,0,1,1
106389,0.048231697330872216,0.1295249288280805,0.1997241931143411,13.991386494306894,1,12,0,0,0,0,1,0,0.9900084733963013,0,0,0,0
292236,0.04971681038538615,0.15244247019290924,0.29931563805264433,10.477411848124131,5,7,1,0,1,1,5,1,0.9887805730104446,0,0,0,0
268375,0.051131585612893105,0.15247217814127603,0.23078833781835653,12.735722814060972,5,2,0,0,0,0,5,0,0.992068099975586,0,0,0,0
217425,0.06542098335921764,0.19799617429574332,0.27234396087860613,11.297645011905544,1,1,1,0,1,1,0,0,,0,0,0,0
356169,0.08093880241115887,0.27981529633204144,0.4036279554843975,7.880375238585591,4,11,0,0,0,0,4,0,0.9609362035989761,0,0,0,0
500477,0.056463358302911125,0.15316169212261835,0.24117763678212753,12.353259293190714,1,2,0,0,0,0,1,0,0.9963129758834839,0,0,0,0
183127,0.1102063146730264,0.3656963109970093,0.4483638787521168,6.967387649039923,2,2,0,0,0,0,2,0,0.9782136082649231,0,0,0,0
537270,0.0428373950223128,0.11527920762697856,0.1916254161315409,14.350937780553249,8,8,0,0,0,0,9,1,0.9756723716855049,0,0,0,0
322959,0.04004352415601412,0.08763029426336288,0.1435503051123807,16.85991760170095,5,9,0,0,0,0,5,0,0.9881943464279175,0,0,0,0
569917,0.06458722737928231,0.18704967697461447,0.3206083587852564,9.880503181309997,3,5,2,0,1,1,1,0,0.9899379014968872,0,0,0,0
451155,0.06534586722652118,0.19599501291910806,0.2670574263107448,11.467906814040385,1,3,0,0,0,0,1,0,0.9902132153511047,0,0,0,0
475678,0.044195253401994705,0.10647690792878468,0.17015812513510073,15.382946165910719,10,12,1,0,1,1,9,0,0.9883689549234178,0,0,0,0
162035,0.051975597317020096,0.1531475136677424,0.2534919281131046,11.92071730505474,2,5,1,0,0,1,1,0,0.9901139736175537,0,0,0,0
519039,0.06523453444242477,0.2435270349184672,0.3148207366932519,10.038733383003649,1,1,0,0,0,0,1,0,0.9917783737182617,0,0,0,0
119038,0.07444532836476962,0.2709542214870453,0.3673600140032149,8.698162341269644,3,3,0,0,0,0,3,0,0.9898258248964945,0,0,0,0
559543,0.05686848238110542,0.1594083458185196,0.2552710638279327,11.85996823443464,5,5,1,0,0,1,4,0,0.9881796389818192,0,0,0,0
384666,0.06405726447701454,0.21673284967740378,0.2815547463239146,11.008742942384785,7,14,1,0,1,1,6,0,0.9868095815181732,1,0,1,1
210230,0.05116301650802294,0.1333725998799006,0.2040618458537141,13.804763784579599,7,17,1,0,0,1,7,1,0.9636633694171906,0,0,0,0
55950,0.07482099160552025,0.2542077402273814,0.37445615370879765,8.531980558870233,3,3,0,0,0,0,3,0,0.9878946344057719,0,0,0,0
517069,0.052291552225748696,0.1546772395571073,0.26407689426073083,11.565391925429955,5,11,1,0,1,1,4,0,0.9801836460828781,0,0,0,0
226154,0.058239199221134186,0.20749076207478842,0.3481191630536918,9.165441385540484,3,6,0,0,0,0,3,0,0.9822997649510702,0,0,0,0
49091,0.05721668402353922,0.19645099838574728,0.2735094920154574,11.260551941755235,0,0,0,0,0,0,0,0,,0,0,0,0
136355,0.05658396705985069,0.15231913576523462,0.2330655538847492,12.650438172936113,8,19,1,0,1,1,7,0,0.9880658047539848,0,0,0,0
187513,0.06799108535051346,0.2210335930188497,0.3420208018716348,9.318949582776227,2,2,0,0,0,0,2,0,0.9865667223930359,0,0,0,0
369503,0.06122272958358129,0.17365017533302307,0.2410535828530081,12.357728181630097,2,2,0,0,0,0,2,0,0.9693372249603271,0,0,0,0
133645,0.06762086103359859,0.21493904292583466,0.28825664006940643,10.804413596551584,2,8,0,0,0,0,2,0,0.9835115969181061,0,0,0,0
519338,0.06092074513435364,0.20125128825505575,0.32006892247921265,9.895129844265913,0,1,0,0,0,0,1,1,,0,0,0,0
170670,0.047943808138370514,0.12516427785158157,0.2067603457326495,13.690655006034278,10,21,1,0,2,1,11,2,0.9906767341825697,0,0,0,0
463618,0.046478419875105224,0.11963888257741928,0.18745864550874977,14.54189050627198,4,5,0,0,0,0,4,0,0.9898305535316467,0,0,0,0
512648,0.07568990935881932,0.2579658975203832,0.3649676450109323,8.754912695311289,1,1,0,0,0,0,1,0,0.9944242835044861,0,0,0,0
336309,0.10665699963768323,0.37970096866289776,0.4561521842666667,6.817804823865656,1,1,0,0,0,0,1,0,0.9838760495185852,0,0,0,0
310622,0.05998810566961765,0.18444938709338507,0.26607511818694146,11.499914725383675,0,0,0,0,0,0,0,0,,0,0,0,0
494759,0.08414840325713158,0.2882472227017085,0.3966488379080382,8.031876275223578,3,3,0,0,0,0,3,0,0.9899970690409342,0,0,0,0
401446,0.058986516669392586,0.18805180490016937,0.23799607740156994,12.468604016591751,3,3,0,0,0,0,3,0,0.9827134211858114,0,0,0,0
234757,0.08186379695932071,0.27888016899426776,0.39945060762981144,7.970738277436457,0,3,0,0,0,0,0,0,,0,0,0,0
168619,0.08206955095132192,0.2686498860518138,0.36153928940389385,8.836889998142787,1,1,0,0,0,0,1,0,0.9810816645622253,0,0,0,0
187734,0.05319800414144993,0.14207158237695694,0.21253547142797383,13.451371546641527,4,26,1,0,0,1,3,0,0.9769429961840311,1,0,0,1
55072,0.061969305078188576,0.21721206605434418,0.30235460993168,10.38966810837574,1,1,0,0,0,0,1,0,0.9972096085548401,0,0,0,0
60449,0.06771169975399971,0.19782816370328268,0.3371150415078131,9.444437391104904,2,5,0,0,0,0,2,0,0.984015941619873,0,0,0,0
290163,0.04588603787124157,0.1004820242524147,0.17723660676209632,15.028931464684398,9,13,0,0,0,0,9,0,0.9667921264966329,0,0,0,0
181542,0.04206491137544314,0.09802739818890889,0.1532374238839895,16.29270315340491,14,20,2,0,1,1,12,0,0.9857988258202871,0,0,0,0
136334,0.0671486109495163,0.23390607039133707,0.3118786180159063,10.120287977509728,1,2,0,0,0,0,1,0,0.9954500794410706,0,0,0,0
545007,0.07671598096688588,0.24579440553983053,0.3969950751227798,8.024297615884668,2,3,0,0,0,0,2,0,0.9926188886165619,0,0,0,0
311950,0.05811582381526629,0.16207307328780493,0.32642040279491,9.724454072853861,1,1,1,0,1,1,0,0,,0,0,0,0
372819,0.07238342861334483,0.25734691321849823,0.34219573692398675,9.314508104076102,6,8,0,0,0,0,6,0,0.9878847102324168,0,0,0,0
95843,0.05349576845765114,0.17663942774136862,0.28204643049021266,10.993587844544718,1,1,0,0,0,0,1,0,0.9982719421386719,0,0,0,0
360943,0.06090088685353597,0.1928097332517306,0.3233061589799889,9.807720440058047,1,1,0,0,0,0,1,0,0.9857353568077087,0,0,0,0
550797,0.06378255660335223,0.192719837029775,0.34830622007215695,9.160775396342348,1,1,0,0,0,0,1,0,0.9938505291938782,0,0,0,0
67616,0.05013311219712099,0.15520934760570526,0.2052680038749506,13.753574819065847,11,37,0,0,0,0,12,1,0.9816292307593606,0,0,0,0
180135,0.06082050626476606,0.1961529701948166,0.32120062646956543,9.864472326895152,2,2,1,0,1,1,1,0,0.9941197633743286,0,0,0,0
173799,0.04981733361879984,0.1518179972966512,0.21886713755403556,13.196388839024607,14,15,1,0,1,1,14,1,0.9827304574159476,1,0,1,1
109827,0.06120665123065313,0.19078199565410614,0.2620611118369385,11.631948414922968,1,1,0,0,0,0,1,0,0.9745151996612549,0,0,0,0
197528,0.057028964161872864,0.1590271716316541,0.2994069995222145,10.47476101918193,1,1,0,0,0,0,1,0,0.9964483380317688,0,0,0,0
562561,0.04662646042803923,0.14614145209391913,0.2186257119527297,13.205975264695216,2,3,1,0,1,1,1,0,0.9900050163269043,1,0,1,1
457884,0.07008908192316692,0.22614639004071554,0.334118639403215,9.521985915901766,6,10,0,0,0,0,6,0,0.9759873549143473,0,0,0,0
474028,0.05881671731670698,0.19138482213020325,0.2792716825884416,11.079461967616686,11,14,0,0,0,0,12,1,0.989707350730896,0,0,0,0
41990,0.053311591347058616,0.17807809511820474,0.2722194610132008,11.30161660480449,3,4,0,0,0,0,3,0,0.9940236210823059,0,0,0,0
568147,0.05978676117956638,0.17593432466189066,0.2740060194701654,11.244797926514762,4,7,1,0,1,1,4,1,0.9850593407948812,1,0,1,1
417632,0.04767215624451637,0.12072206536928813,0.19018122844358779,14.416647033533378,5,17,0,0,0,0,6,1,0.9835087060928345,0,0,0,0
459634,0.07102823629975319,0.23991597692171732,0.35162056031437783,9.078514766958723,1,3,1,0,1,1,0,0,,0,0,0,0
232538,0.06555881847937901,0.22391865154107413,0.3506317237130727,9.102975865799898,3,4,1,0,1,1,2,0,0.9859410226345062,1,0,1,1
3255,0.0670805387198925,0.2382775992155075,0.3323882776989344,9.567086016677761,4,10,1,0,1,1,3,0,0.9534184137980143,0,0,0,0
512476,0.05464749472836653,0.15527301033337912,0.22961606009490818,12.779954784830474,3,6,1,0,0,1,2,0,0.993895024061203,0,0,0,0
419312,0.05747971311211586,0.1279507800936699,0.2299018470349895,12.769150791762609,6,12,3,0,3,1,3,0,0.9885750214258829,1,0,1,1
426795,0.05448826402425766,0.1490711122751236,0.26454203496165946,11.55010620025517,2,2,0,0,0,0,2,0,0.9946389496326447,0,0,0,0
233238,0.04066653239230315,0.10522425919771194,0.2115712190357227,13.490868232179956,16,25,1,0,1,1,16,1,0.9890637278556824,0,0,1,1
109916,0.04786995674173037,0.11936796208222707,0.20499571648545004,13.765104274120837,3,3,1,0,0,1,2,0,0.9884129464626312,0,0,0,0
455937,0.05103429096440474,0.1356773500641187,0.20960048522114483,13.5721543260733,5,14,1,0,1,1,5,1,0.9584082514047623,0,0,0,0
1993,0.058695271611213684,0.17749658723672232,0.260634482086254,11.679362548438334,3,4,0,0,0,0,3,0,0.9942637880643209,0,0,0,0
325031,0.04506304984291395,0.11285929878552754,0.15475448185003332,16.207135290156575,2,16,1,0,1,1,1,0,0.979610025882721,0,0,0,0
45070,0.04715262912213802,0.144130676984787,0.23035103187927894,12.752196758873037,1,2,0,0,0,0,1,0,0.9958230257034302,0,0,0,0
458790,0.0632314682006836,0.20451120535532633,0.2647067684922606,11.54469907489802,0,0,0,0,0,0,0,0,,0,0,0,0
165831,0.045524378617604576,0.11373757819334666,0.17873388567933182,14.955862059182785,0,22,0,0,0,0,1,1,,0,0,0,0
264441,0.05050300061702728,0.14368448903163275,0.2825897660121145,10.976871403531618,1,2,0,0,0,0,1,0,0.9966045618057251,0,0,0,0
223182,0.04438841218749682,0.09795628239711125,0.15927528045443293,15.957032430653102,7,11,1,0,1,1,6,0,0.9910991887251536,1,0,1,1
50145,0.06318786119421323,0.1881267031033834,0.26609329264644216,11.499321449472133,4,11,0,0,0,0,6,2,0.9909723699092865,0,0,0,0
327601,0.06601705526312192,0.19937183459599814,0.3455564945789798,9.229618804974912,3,3,2,0,2,1,1,0,0.9791424870491028,0,0,0,0
560911,0.054687424252430596,0.1389602323373159,0.27018060537317784,11.366916591232947,3,5,1,0,0,1,2,0,0.9745480418205261,0,0,0,0
347693,0.05036118750770887,0.156483123699824,0.24701632674641738,12.145486814843826,0,2,0,0,0,0,0,0,,0,0,0,0
286507,0.06376356134812038,0.20836142202218375,0.3115987398712026,10.128086146311015,1,1,0,0,0,0,1,0,0.9881889820098877,0,0,0,0
331817,0.04737479550143083,0.11193131158749263,0.17279415489349595,15.249419049692886,9,17,2,0,2,1,9,2,0.9835899812834603,0,0,0,0
263796,0.05336224908630053,0.14971395830313364,0.23973639999049143,12.405320411122,1,1,0,0,0,0,1,0,0.9963127970695496,0,0,0,0
189436,0.05132435883084933,0.14762634287277857,0.2916790328951811,10.701895773081386,1,5,0,0,0,0,1,0,0.9961808919906616,0,0,0,0
384670,0.08723099281390508,0.3015029827753703,0.4209549627605553,7.515287321806734,3,4,0,0,0,0,3,0,0.9888893564542135,0,0,0,0
2431,0.051718740413586296,0.12929419428110123,0.2661540083377064,11.4973397774376,8,9,3,0,1,1,5,0,0.9842405557632447,0,0,0,0
95155,0.07138689483205478,0.23506748179594675,0.31398405447485417,10.06184813595109,7,8,1,0,1,1,6,0,0.9751756489276886,0,0,0,0
263966,0.0584156916787227,0.19024180372556052,0.2783884866452437,11.10697459745323,2,3,1,0,1,1,1,0,0.9896888136863708,0,0,0,0
579655,0.05350250999132792,0.16481762131055197,0.23962272569505466,12.40943992131989,3,16,1,0,1,1,2,0,0.9854351878166199,0,0,0,0
64084,0.04896111041307449,0.12466808656851451,0.2119918032366673,13.473618618963162,8,17,4,0,4,1,4,0,0.9900646656751633,1,0,1,1
314182,0.04741347705324491,0.11695327858130138,0.22171218992965527,13.08420856679039,10,9,1,0,1,1,9,0,0.9862002796596951,0,0,0,0
23937,0.07130847747127216,0.2372654378414154,0.31478342139292487,10.039762971441617,4,6,2,0,1,1,2,0,0.9747708141803741,0,0,0,0
311392,0.05330216884613037,0.14286648482084274,0.22380289088420252,13.002686158928329,1,4,0,0,0,0,2,1,0.9962339401245117,0,0,0,0
64718,0.05816305987536907,0.16958115994930267,0.2562194488923406,11.827758145531737,3,3,0,0,0,0,3,0,0.9874544143676758,0,0,0,0
523100,0.052749780317147575,0.13053514311710993,0.2386331759352301,12.44538357508953,3,10,0,0,0,0,3,0,0.9895451466242472,0,0,0,0
170955,0.053515881299972534,0.17233013113339743,0.26123772660803596,11.659282085875379,1,2,0,0,0,0,1,0,0.9961552619934082,0,0,0,0
498463,0.049070371935764946,0.13358335196971893,0.20811827487247905,13.63379565402743,2,2,0,0,0,0,2,0,0.9918414652347565,0,0,0,0
532058,0.05320668468872706,0.13007070372502008,0.21826684695216275,13.22024450516355,6,5,0,0,0,0,6,0,0.9893359839916229,0,0,0,0
525083,0.058177566776673,0.17494003971417746,0.2547328562990007,11.87830069326319,4,9,0,0,0,0,4,0,0.9857423305511475,0,0,0,0
471087,0.05705982757111391,0.14664976547161737,0.20518823895399113,13.756950717575219,2,2,1,0,1,1,1,0,0.9905344247817993,0,0,0,0
476770,0.049173938731352486,0.1475882058342298,0.22643958183168617,12.900953116056147,7,16,0,0,0,0,7,0,0.9829503382955279,0,0,0,0
517056,0.046270594000816345,0.1275506392121315,0.1957133959280508,14.167588946367399,4,15,0,0,0,0,4,0,0.98585344851017,0,0,0,0
42102,0.08280696099003156,0.24844152728716531,0.3935556611979073,8.099876720147172,3,3,0,0,0,0,3,0,0.9826928377151489,0,0,0,0
581615,0.05328479098776976,0.16847437620162964,0.307196851645285,10.2516647910453,1,1,0,0,0,0,1,0,0.9926466941833496,0,0,0,0
357567,0.0681126955896616,0.20578897496064505,0.3122585303354396,10.10971377311931,1,2,0,0,0,0,2,1,0.9948792457580566,0,0,0,0
499266,0.042123439411322273,0.1185982550183932,0.20258221594318193,13.867973653033395,3,5,0,0,0,0,4,1,0.9936612049738566,0,0,0,0
423971,0.0589882048467795,0.1722713609536489,0.24425238492248097,12.243223741242819,1,1,0,0,0,0,1,0,0.9988913536071777,0,0,0,0
225757,0.04214893529812495,0.10193350911140442,0.16991547571419363,15.395341285338677,8,9,2,0,2,1,6,0,0.9844761689503988,0,0,0,0
30504,0.06477067805826664,0.1954797108968099,0.3163298049319456,9.99719772933309,3,3,0,0,0,0,3,0,0.9881187280019125,0,0,0,0
30675,0.06525835891564687,0.2500034272670746,0.3648746490462372,8.757126194575653,1,1,0,0,0,0,1,0,0.9963371753692627,0,0,0,0
214753,0.0769916648666064,0.24168180922667185,0.3089058428660008,10.203477541289587,4,4,0,0,0,0,4,0,0.9893298894166946,0,0,0,0
66926,0.05478550617893537,0.11332004765669505,0.18265228477211468,14.767497817772115,9,12,1,5,6,1,3,0,0.9803305864334106,0,4,4,1
289229,0.06588701903820038,0.21584626535574594,0.3872350893105323,8.240505919655533,2,2,0,0,0,0,2,0,0.9773699045181274,0,0,0,0
146489,0.04784751062591871,0.12296410153309505,0.19343210244439757,14.269428954855886,3,6,2,0,2,1,1,0,0.9620203971862793,0,0,0,0
76731,0.053571018079916634,0.1504331429799398,0.2352693124827088,12.568694332686182,0,1,0,0,0,0,0,0,,0,0,0,0
551794,0.07544789959987004,0.2384332021077474,0.328662557650397,9.664995387916724,2,3,0,0,0,0,2,0,0.991304874420166,0,0,0,0
255912,0.046516817063093185,0.15304018557071686,0.2584100317778284,11.753812610660859,2,5,0,0,0,0,2,0,0.9954405725002289,0,0,0,0
545594,0.045086052268743515,0.10420165956020355,0.16819511431882456,15.483732472211786,6,9,1,0,1,1,5,0,0.9924920678138733,1,0,1,1
86755,0.06907106253008048,0.2514927039543788,0.34671426273394423,9.200565849350198,2,5,1,0,0,1,1,0,0.9848975539207458,0,0,0,0
128658,0.05909823874632517,0.16461004813512167,0.26379731617982655,11.57459254381588,3,1,0,0,0,0,3,0,0.988458514213562,0,0,0,0
367386,0.0554918988297383,0.15335841725269952,0.22405593784350733,12.992870841892357,4,19,1,0,1,1,3,0,0.9885992209116617,0,0,0,0
185409,0.0545615553855896,0.1786177804072698,0.2620495512834235,11.632331592366468,6,12,0,0,0,0,6,0,0.984196295340856,0,0,0,0
533206,0.05435752868652344,0.14454531917969385,0.23397838142645283,12.616485352731157,7,8,0,0,0,0,8,1,0.9842223865645272,0,0,0,0
261061,0.0655859758456548,0.23365134497483572,0.3378974138670404,9.424302642606357,2,5,0,0,0,0,2,0,0.9912061989307404,0,0,0,0
230450,0.05525522492825985,0.16592364758253098,0.22800738768850654,12.841021623116056,4,10,1,0,1,1,4,1,0.9760748346646627,1,0,1,1
443844,0.06830407679080963,0.24290727575620016,0.3387826342523358,9.401577187704785,3,3,0,0,0,0,3,0,0.9851821064949036,0,0,0,0
130386,0.061175248896082245,0.17800182849168777,0.3082758741733167,10.22120924101215,5,12,0,0,0,0,5,0,0.9831049323081971,0,0,0,0
47121,0.05271411562959353,0.15742314358552298,0.24364093800973094,12.264994742953785,2,4,0,0,0,0,2,0,0.9953308999538422,0,0,0,0
293044,0.06657270714640617,0.17747786144415537,0.2649543251495232,11.536579732221966,2,4,0,0,0,0,2,0,0.9652488529682159,0,0,0,0
478721,0.07376664504408836,0.22978325188159943,0.31616231965452807,10.001797814023801,7,13,0,0,0,0,7,0,0.9828447954995292,0,0,0,0
16249,0.05924464389681816,0.16106278697649637,0.2538272368846568,11.909235557037247,8,11,2,0,1,1,6,0,0.9894969364007314,0,0,0,0
214200,0.05757785215973854,0.17295768360296884,0.3341388711535609,9.521459978675571,4,4,1,0,1,1,3,0,0.9886555671691895,1,0,1,1
237316,0.062080830335617065,0.20267888406912485,0.3219226032408251,9.844970580103672,1,2,0,0,0,0,1,0,0.9818698167800903,0,0,0,0
112997,0.05147193061808745,0.13063119600216547,0.2731949255026004,11.270547435585108,2,2,1,0,1,1,1,0,0.9732391834259033,1,0,1,1
161032,0.06417120434343815,0.21917333702246347,0.28555705358706446,10.886142155888203,2,2,0,0,0,0,2,0,0.9916542172431946,0,0,0,0
189698,0.06758522366484006,0.2263419876495997,0.31938245890211103,9.913778796587758,1,1,0,0,0,0,1,0,0.9968615770339966,0,0,0,0
279769,0.05490747342507044,0.14904010544220606,0.2135552952931871,13.409793107726124,1,2,0,0,0,0,1,0,0.9954696297645569,0,0,0,0
304545,0.05150178261101246,0.1494011084238688,0.22301624976111414,13.03326983101238,1,1,0,0,0,0,1,0,0.9946311116218567,0,0,0,0
39405,0.04681473784148693,0.14178195347388586,0.17701896790829758,15.039603913831549,5,29,0,0,0,0,5,0,0.9686502099037171,0,0,0,0
581781,0.04409162265559038,0.09953109174966812,0.16493267756529756,15.653865810054198,7,13,2,0,2,1,5,0,0.9838725090026855,0,0,0,0
22892,0.05596506471435229,0.16072956969340643,0.23173750050373604,12.700073632010367,3,5,0,0,0,0,3,0,0.9887982606887817,0,0,0,0
267940,0.08011265844106674,0.2634705851475398,0.38758697767984335,8.232616459917342,1,2,0,0,0,0,1,0,0.8183949589729309,0,0,0,0
568213,0.059901200234889984,0.21440115571022034,0.3429614001001055,9.295095130739893,3,3,0,0,0,0,3,0,0.9928677479426066,0,0,0,0
451084,0.07964576532443364,0.27494609852631885,0.3830849661293585,8.334097824612778,2,2,0,0,0,0,2,0,0.9948890209197998,0,0,0,0
183049,0.05132253095507622,0.14607837547858557,0.2816526125202867,11.005724320642038,2,14,0,0,0,0,2,0,0.9870288074016571,0,0,0,0
479126,0.05957113951444626,0.18859983483950296,0.2578187041156518,11.773711576769925,4,8,1,0,1,1,3,0,0.9737426439921061,0,0,0,0
521052,0.05732617527246475,0.16175422569115958,0.2405516479493079,12.375833270523344,2,2,0,0,0,0,3,1,0.9786399602890015,0,0,0,0
8532,0.05401008576154709,0.15918608009815216,0.24460836565947383,12.230573881594108,2,2,0,0,0,0,2,0,0.991211473941803,0,0,0,0
390301,0.05997730232775211,0.1861653725306193,0.24916072448000032,12.070408300121606,1,1,1,0,1,1,0,0,,0,0,0,0
189475,0.045330567906300225,0.10671984155972798,0.1770467298813961,15.038241808230987,16,36,0,0,0,0,18,2,0.9899889454245567,0,0,0,0
448256,0.04530998505651951,0.14765890687704086,0.2579258623908465,11.770102173875598,3,6,0,0,0,0,3,0,0.9795685807863871,0,0,0,0
493442,0.07042990376551946,0.23895806074142456,0.3210181606814692,9.869407958715588,1,2,0,0,0,0,1,0,0.9955259561538696,0,0,0,0
206025,0.06375852475563686,0.18119439482688904,0.32452922792243427,9.774923668871127,2,2,1,0,1,1,1,0,0.9960233569145203,1,0,1,1
572555,0.05006530384222666,0.15589872002601624,0.2644050835509362,11.554603983962718,1,4,0,0,0,0,1,0,0.9959794282913208,0,0,0,0
461573,0.047976832215984665,0.1542591080069542,0.21975175921366735,13.16135279027334,1,2,0,0,0,0,1,0,0.9695246815681458,0,0,0,0
289059,0.052272643273075424,0.1503430356582006,0.2515262558049853,11.988333480068917,3,3,1,0,1,1,2,0,0.9898571372032166,1,0,1,1
475572,0.06086441253622373,0.15976753582557043,0.24654948828438397,12.161917890277959,5,6,0,0,0,0,5,0,0.9876735806465149,0,0,0,0
356498,0.04632314542929331,0.1228044827779134,0.21117190358648127,13.507277303168113,0,2,0,0,0,0,1,1,,0,0,0,0
553731,0.05394912386933962,0.1429829796155294,0.2200691673652168,13.148815994106538,3,7,0,0,0,0,3,0,0.988408108552297,0,0,0,0
304291,0.07122027749816577,0.24150203168392181,0.33628529382552325,9.465842490167278,1,1,0,0,0,0,1,0,0.9929906129837036,0,0,0,0
10764,0.07276025662819545,0.26064195732275647,0.3725524358286684,8.576251854910987,2,2,0,0,0,0,2,0,0.9905208647251129,0,0,0,0
496954,0.0457778200507164,0.11030920594930649,0.1977244040353346,14.078794495993073,5,6,3,0,3,1,2,0,0.9944804906845093,2,0,2,1
238013,0.05901326611638069,0.1999567449092865,0.2853020592878292,10.893901872563818,4,4,0,0,0,0,4,0,0.9916597455739975,0,0,0,0
418961,0.0520768358061711,0.15862062821785608,0.2326694604970381,12.66521234354932,1,1,0,0,0,0,1,0,0.9974625706672668,0,0,0,0
261161,0.05322192360957464,0.16303536295890808,0.2638193811764671,11.573866053821323,2,2,0,0,0,0,2,0,0.9961495399475098,0,0,0,0
423229,0.05734030902385712,0.19696263472239176,0.2896102974861438,10.76372000544379,1,12,0,0,0,0,1,0,0.9917574524879456,0,0,0,0
430056,0.0548226423561573,0.1522319813569387,0.23499971727496147,12.578653204437444,2,3,0,0,0,0,2,0,0.987397313117981,0,0,0,0
110638,0.04873208701610565,0.15791182219982147,0.24282265560537328,12.294215911624274,3,3,0,0,0,0,4,1,0.9949244459470113,0,0,0,0
229216,0.04752028423051039,0.1449207862218221,0.21608695629385233,13.307428954845415,3,3,0,0,0,0,3,0,0.9901323318481445,0,0,0,0
314541,0.06881906216343243,0.23688255747159323,0.30314766331376536,10.366915499848561,1,1,0,0,0,0,1,0,0.994403600692749,0,0,0,0
403565,0.0688557301958402,0.23919875919818878,0.3702103031341693,8.631029975733046,2,3,0,0,0,0,2,0,0.9911346435546875,0,0,0,0
329827,0.06691015511751175,0.23510907590389252,0.2972386201748778,10.537895268406492,1,2,0,0,0,0,1,0,0.9908145666122437,0,0,0,0
277051,0.05219968780875206,0.13996066401402155,0.21141712400269222,13.497196787242602,4,10,1,0,1,1,3,0,0.9808626770973206,1,0,1,1
174371,0.042584057276447616,0.12605156749486923,0.19429181559755734,14.230909867127519,7,8,1,0,1,1,6,0,0.9881643851598104,0,0,0,0
213171,0.07065649206439654,0.21122571329275766,0.32234975505132374,9.833453109330433,2,2,0,0,0,0,2,0,0.9911612868309021,0,0,0,0
320696,0.08049046496550243,0.29160024722417194,0.40068404000328645,7.943959119728642,1,2,0,0,0,0,1,0,0.9905078411102295,0,0,0,0
492992,0.07220144321521123,0.22755550841490427,0.3643444579282063,8.769756643519536,2,2,0,0,0,0,2,0,0.9898146092891693,0,0,0,0
153632,0.044729129721721016,0.11699626843134563,0.18553385753985144,14.631536513324978,4,4,1,0,1,1,3,0,0.9932339390118917,1,0,1,1
226592,0.04728432931005955,0.12887349476416907,0.21665497571910716,13.284626649320721,1,1,0,0,0,0,1,0,0.9854552745819092,0,0,0,0
491216,0.061003874987363815,0.15696473171313605,0.2954345472103402,10.590774419781281,3,16,0,0,0,0,5,2,0.9821654359499613,0,0,0,0
488385,0.048966946080327034,0.15403706580400467,0.29071410946813825,10.730677794900828,2,2,0,0,0,0,2,0,0.9805102646350861,0,0,0,0
53505,0.07113031297922134,0.21769102414449057,0.3403612841972003,9.361196928022467,1,9,0,0,0,0,2,1,0.9914401769638062,0,0,0,0
4134,0.049667563289403915,0.14181721955537796,0.20804215268712806,13.636973221448812,11,26,1,0,1,1,10,0,0.9669587194919587,0,0,1,1
15278,0.04045748586455981,0.09824926406145096,0.17707085632937353,15.037058248458896,2,1,1,0,1,1,1,0,0.9935257434844971,0,0,0,0
38118,0.09619772434234619,0.3323453366756439,0.4073782153180375,7.800043975059065,1,2,0,0,0,0,1,0,0.9772721529006958,0,0,0,0
177893,0.07222657402356465,0.23356091976165771,0.37331941786133666,8.55838840127536,2,3,0,0,0,0,2,0,0.9822457134723663,0,0,0,0
80671,0.07408289983868599,0.25794921318689984,0.3654157933509372,8.744253725496787,2,2,1,0,1,1,1,0,0.9933974146842957,0,0,0,0
290833,0.04642137450476488,0.15993667393922806,0.2524830795674375,11.955354425894125,2,2,0,0,0,0,2,0,0.9954636693000793,0,0,0,0
347335,0.04450276245673498,0.11673121154308319,0.24780402781702604,12.117832777238478,3,5,1,0,1,1,2,0,0.9803092777729034,0,0,0,0
326462,0.05369094697137674,0.12017898261547089,0.18344546089405156,14.729860595909878,1,2,1,0,1,1,0,0,,1,0,1,1
550691,0.055992223943273224,0.18460837999979654,0.29150543647737476,10.707066827697389,6,8,2,0,1,1,4,0,0.9573195278644562,0,0,0,0
51598,0.09121009210745494,0.27579862872759503,0.3896423822074922,8.186676202307888,1,2,0,0,0,0,1,0,0.9950990080833435,0,0,0,0
241602,0.06491108114520709,0.22168363630771637,0.29547600821768294,10.589555535700283,2,7,0,0,0,0,2,0,0.9821241199970245,0,0,0,0
286907,0.07641889899969101,0.2366457680861155,0.3589201075575064,8.900044215522191,1,1,0,0,0,0,1,0,0.989477813243866,0,0,0,0
304560,0.061692892263333,0.2211007128159205,0.30830635514059923,10.220350460770016,1,1,0,0,0,0,1,0,0.9981245994567871,0,0,0,0
283412,0.05103938281536102,0.14007700979709625,0.24274242236492116,12.2970863696116,3,3,2,0,1,1,1,0,0.9980022311210632,0,0,0,0
98520,0.07715129603942235,0.26505571603775024,0.39168102018260575,8.141349453886766,1,3,0,0,0,0,1,0,0.9930649399757385,0,0,0,0
331075,0.05110106679300467,0.15168732901414236,0.22788283969034875,12.845767547150333,1,1,0,0,0,0,1,0,0.9968060851097107,0,0,0,0
306582,0.06437150513132413,0.20440478126207987,0.2815738562840532,11.008153425162444,4,7,1,0,1,1,3,0,0.9772650202115377,0,0,0,0
330369,0.05832312380274137,0.1837217609087626,0.3066207445998507,10.267969320978331,1,4,0,0,0,0,1,0,0.9914281368255615,0,0,0,0
50006,0.06713200608889262,0.20732514560222626,0.3363309011824923,9.464664580765557,1,11,0,0,0,0,1,0,0.9493594765663147,0,0,0,0
243344,0.06097192565600077,0.19060506423314413,0.3419526054290707,9.320681658232555,1,2,0,0,0,0,2,1,0.9886656999588013,0,0,0,0
559513,0.049333312859137855,0.13413145889838538,0.21968885205167674,13.163839609453083,3,5,1,0,0,1,3,1,0.9921685457229614,1,0,0,1
572517,0.05665129547317823,0.18605690697828928,0.2748338078984533,11.218596896541019,1,2,1,0,1,1,0,0,,0,0,0,0
408112,0.06433889145652454,0.22051357726256052,0.3585191703271966,8.909752345545591,2,10,0,0,0,0,2,0,0.9764569997787476,0,0,0,0
276804,0.06941254499057929,0.20876631140708923,0.27444079003675154,11.231026782677887,5,8,0,0,0,0,5,0,0.984023368358612,0,0,0,0
1818,0.05074429636200269,0.13845912863810858,0.22964515050413492,12.778854425912382,2,2,0,0,0,0,2,0,0.9951251745223999,0,0,0,0
377368,0.047539440294106804,0.1226451148589452,0.19662784132186353,14.127099773171887,5,9,0,0,0,0,5,0,0.9644980192184448,0,0,0,0
73326,0.042756457502643265,0.11467509220043819,0.18622673972413498,14.599159197397691,5,14,0,0,0,0,6,1,0.9842233180999755,0,0,0,0
323799,0.058953456580638885,0.17928734918435416,0.24319261257785768,12.280992433824922,14,16,1,1,2,1,12,0,0.9826623499393463,1,0,1,1
45090,0.09688467532396317,0.34837572773297626,0.4245713798416842,7.440985695428395,3,4,1,0,0,1,2,0,0.970563530921936,0,0,0,0
408774,0.0702127789457639,0.23598282039165497,0.31262164950973964,10.099618994855637,6,6,1,0,0,1,5,0,0.9873018860816956,1,0,0,1
191471,0.05081635216871897,0.1648508608341217,0.3213961339356952,9.859187033126952,1,1,1,0,1,1,0,0,,1,0,1,1
148620,0.05011315830051899,0.13945561895767847,0.20549102256504279,13.744142934213546,5,5,1,0,1,1,4,0,0.9878944158554077,0,0,0,0
407825,0.046691776563723884,0.11038252462943395,0.1652773490333273,15.635733232731923,3,5,1,0,1,1,3,1,0.9926680624485016,0,0,0,0
384808,0.05274283637603124,0.14603062719106674,0.266469910757144,11.487036470451164,6,7,0,0,0,0,7,1,0.9885938664277395,0,0,0,0
451090,0.07755676036079724,0.2557707279920578,0.3497291295524256,9.125363860706138,1,1,0,0,0,0,1,0,0.9963059425354004,0,0,0,0
439994,0.056545921911795936,0.16592740019162497,0.30780763311410725,10.234412291895044,2,23,0,0,0,0,2,0,0.9938094019889832,0,0,0,0
179214,0.05441882709662119,0.1472522666056951,0.29938129194722585,10.475506835900568,1,1,0,0,0,0,1,0,0.9958226084709167,0,0,0,0
561958,0.06845065702994664,0.20591912170251211,0.29533691814233265,10.593645226404938,4,26,0,0,0,0,6,2,0.9856691807508469,0,0,0,0
147729,0.05430164312322935,0.141249251862367,0.23895964872960757,12.433508576316362,7,10,1,1,1,1,6,1,0.9913032054901123,0,0,0,0
554838,0.06668622667590778,0.18162409961223602,0.2989216563634337,10.48885239854979,3,3,0,0,0,0,3,0,0.9944720268249512,0,0,0,0
352684,0.06197217727700869,0.20337422688802084,0.3353350247740655,9.490421667975763,8,10,0,0,0,0,8,0,0.9838105142116547,0,0,0,0
439593,0.050131553784012794,0.15421555191278458,0.25943742564345956,11.719347474983124,4,10,0,0,0,0,4,0,0.9763399809598923,0,0,0,0
553788,0.06844845538338025,0.20972400406996408,0.3173972095809966,9.967937913873094,2,3,0,0,0,0,2,0,0.9938612580299377,0,0,0,0
478393,0.04781595182915529,0.1322836404045423,0.28459917620529906,10.915327226989056,4,4,0,0,0,0,4,0,0.9911630600690842,0,0,0,0
329323,0.05248480165998141,0.12951254844665527,0.2717403144179972,11.316918528625873,9,13,5,0,3,1,4,0,0.9831267595291138,0,0,0,0
251572,0.05068343381086985,0.13427219291528067,0.22378709006499023,13.00329941739151,2,3,0,0,0,0,2,0,0.9949193298816681,0,0,0,0
159458,0.06726997469862302,0.20569591224193573,0.3008368371251097,10.43337971927771,2,3,0,0,0,0,2,0,0.9632106721401215,0,0,0,0
235241,0.05286066234111786,0.17470552027225494,0.27182214025498774,11.314303446627836,6,7,0,0,0,0,7,1,0.9930780331293741,0,0,0,0
296649,0.0495606679469347,0.14874431739250818,0.21663842748246498,13.285290108104936,10,25,1,0,1,1,9,0,0.9888572427961562,0,0,0,0
163611,0.04213870565096537,0.10083947827418645,0.1760000958247822,15.089741914607593,6,6,1,0,1,1,5,0,0.9859890103340149,0,1,1,1
76416,0.05168125467995802,0.1531214341521263,0.24512086125447466,12.212394522231724,2,7,0,0,0,0,2,0,0.9959087371826172,0,0,0,0
127494,0.053600660835703216,0.14754263311624527,0.24097019730798316,12.360733334813535,3,1,1,0,0,1,2,0,0.9895821213722229,0,0,0,0
543043,0.05134360305964947,0.15634899338086447,0.25417495478706553,11.897344900474376,1,4,0,0,0,0,1,0,0.9962315559387207,0,0,0,0
54931,0.06297122314572334,0.19984290500481924,0.34164967101631677,9.328379862699263,2,2,0,0,0,0,2,0,0.9925793409347534,0,0,0,0
324158,0.06433686738212903,0.21836707989374796,0.31807284185244017,9.949468217170098,4,15,0,0,0,0,4,0,0.9801693260669708,0,0,0,0
161128,0.07658931612968445,0.2302629848321279,0.3749494095074486,8.520546520321801,5,14,1,0,1,1,4,0,0.9753216654062271,0,0,0,0
535608,0.08134550725420316,0.25611703594525653,0.3553214780360728,8.987570800361182,7,11,0,0,0,0,7,0,0.9828295622553144,0,0,0,0
138954,0.04120785308380922,0.09198033312956493,0.13843055533433493,17.17536077728713,8,2,0,0,0,0,8,0,0.9940313249826431,0,0,0,0
473406,0.05531009348730246,0.14042978485425314,0.2544862485257213,11.886713606485637,4,9,0,0,0,0,4,0,0.9799528568983078,0,0,0,0
294350,0.04657714565594991,0.1486943711837133,0.22779531203338182,12.849104356585535,4,13,0,0,0,0,4,0,0.9873268455266953,0,0,0,0
526256,0.05372640242179235,0.1649112875262896,0.2286888683919401,12.815099489991152,2,2,0,0,0,0,2,0,0.9896958768367767,0,0,0,0
231527,0.04945360372463862,0.13323471943537393,0.28347319676459254,10.949759973343124,9,9,1,0,0,1,8,0,0.9938476607203484,1,0,0,1
465718,0.04412651186188062,0.11777547250191371,0.19144328052310647,14.359197447433118,6,12,0,0,0,0,6,0,0.9918312331040701,0,0,0,0
247838,0.06691947082678477,0.2226137270530065,0.3427705909635024,9.299928935103235,6,12,2,0,0,1,4,0,0.983751967549324,0,0,0,0
12639,0.06416422749559085,0.18570008873939514,0.30613770033414767,10.28166368973325,9,15,1,0,1,1,8,0,0.9849962517619133,1,0,1,1
110359,0.08999215811491013,0.3261360824108124,0.40626198292572774,7.823876321281906,1,1,0,0,0,0,1,0,0.9980201125144958,0,0,0,0
417043,0.06407776226600011,0.21051635841528574,0.29914178630110005,10.48245834636553,1,1,0,0,0,0,1,0,0.9973610639572144,0,0,0,0
99182,0.055329013615846634,0.16728282968203226,0.2600857872537041,11.697667595524205,5,3,2,0,1,1,3,0,0.9854441483815511,0,0,0,0
434996,0.05321666101614634,0.14365060875813165,0.22753683172247027,12.858965868565948,3,5,0,0,0,0,3,0,0.9899331331253052,0,0,0,0
485895,0.06973464414477348,0.25843140482902527,0.3265185817657179,9.72184197055393,1,1,0,0,0,0,1,0,0.99433434009552,0,0,0,0
450686,0.06592583283782005,0.20818756024042764,0.3493671942461756,9.134357558141131,2,2,1,0,1,1,1,0,0.9903237223625183,1,0,1,1
504711,0.0488940067589283,0.12288978944222133,0.2056477147954239,13.737522242157787,2,2,1,0,1,1,1,0,0.9805722832679749,1,0,1,1
344816,0.05858500860631466,0.19378827512264252,0.27548311779127316,11.198100210272505,1,1,0,0,0,0,1,0,0.9788025617599487,0,0,0,0
257624,0.054762084037065506,0.1841388444105784,0.32023539118200517,9.890613464218564,3,3,0,0,0,0,3,0,0.9918855230013529,0,0,0,0
199310,0.06337105172375838,0.21464837094148,0.366601114288621,8.716124386566937,2,2,1,0,1,1,1,0,0.9879319667816162,1,0,1,1
554579,0.043427317713697754,0.1174699068069458,0.18517304405815385,14.648444680171014,5,6,0,0,0,0,5,0,0.9914254784584046,0,0,0,0
439426,0.05225473207732042,0.14897399147351584,0.21230882932102998,13.460638887695788,2,4,0,0,0,0,2,0,0.9917319416999817,0,0,0,0
335450,0.06343506276607513,0.20952198406060538,0.30336249916414315,10.360762130358093,2,3,1,0,1,1,1,0,0.9832027554512024,0,0,0,0
491757,0.06395964076121648,0.20183300971984863,0.29992298939053874,10.459804877353939,2,2,0,0,0,0,2,0,0.992506593465805,0,0,0,0
407403,0.06521856660644214,0.19401941200097403,0.34496823445095504,9.244417880436684,1,1,0,0,0,0,1,0,0.9938488602638245,0,0,0,0
33109,0.059309729685386024,0.20071416596571603,0.29472636017544246,10.611620386716039,6,9,1,0,1,1,5,0,0.977390992641449,0,0,0,0
474167,0.05550464242696762,0.13920123626788458,0.2926757273258075,10.672265874219477,7,9,2,0,1,1,5,0,0.9710175275802613,0,0,0,0
186929,0.05499859650929769,0.14347822219133377,0.29452099839012263,10.617674719754461,4,1,4,0,0,1,0,0,,3,0,0,1
273617,0.07883044332265854,0.29150936007499695,0.38900750968695674,8.20084029306808,1,1,0,0,0,0,1,0,0.9824693202972412,0,0,0,0
201775,0.058335483695069947,0.18447555601596832,0.24755399296036484,12.126601285121568,3,3,0,0,0,0,3,0,0.9917318026224772,0,0,0,0
13201,0.08159360537926356,0.23583989342053732,0.3555046522641846,8.983094231205058,2,2,0,0,0,0,2,0,0.9886242151260376,0,0,0,0
79651,0.044595194359620415,0.10902161399523418,0.19942396075248336,14.004453249733011,4,5,3,0,3,1,1,0,0.988395094871521,0,0,0,0
170116,0.05539259562889735,0.14928455650806427,0.22782724260433293,12.84788692161445,1,9,1,0,1,1,0,0,,0,0,0,0
290293,0.0647278589506944,0.2240668088197708,0.312266747094529,10.109485215956882,2,4,0,0,0,0,2,0,0.9865604043006897,0,0,0,0
51008,0.039628843466440834,0.10601582129796346,0.18107593065803618,14.84278548042305,2,2,0,0,0,0,2,0,0.9970391690731049,0,0,0,0
464358,0.0705725538233916,0.19808010260264078,0.2881625981453226,10.807247776006523,2,3,0,0,0,0,2,0,0.9734038412570953,0,0,0,0
62353,0.06222832389175892,0.18908373018105826,0.2538001512197586,11.910162469579067,6,9,0,0,0,0,7,1,0.9784044623374939,0,0,0,0
485424,0.06859816983342171,0.18168817460536957,0.24398599728732684,12.25270195481145,5,9,1,0,1,1,5,1,0.9658382683992386,0,0,0,0
99810,0.057836623241504036,0.17065239946047464,0.24842481236254335,12.096100590683925,6,8,3,0,3,1,3,0,0.9826526641845703,1,0,1,1
345361,0.04525474396844705,0.1307349776228269,0.19440174027250257,14.225997032293447,6,11,0,0,0,0,6,0,0.9745336174964905,0,0,0,0
177539,0.06336199616392453,0.1931619495153427,0.2926629963294397,10.672643706831542,2,2,0,0,0,0,2,0,0.9923337697982788,0,0,0,0
130566,0.06037174786130587,0.21222473680973053,0.3062810562732088,10.277597276433674,1,1,0,0,0,0,1,0,0.9964330196380615,0,0,0,0
191614,0.07208652670184772,0.25001923243204754,0.38788511079565097,8.22593781472192,3,3,0,0,0,0,3,0,0.986258327960968,0,0,0,0
323355,0.051909501353899636,0.13774246722459793,0.28643902333545446,10.85935631493992,2,3,0,0,0,0,2,0,0.9916611611843109,0,0,0,0
14831,0.0656865897277991,0.20150270561377207,0.3281167464150916,9.679432070726694,1,2,0,0,0,0,1,0,0.9955668449401855,0,0,0,0
202228,0.06518623108665149,0.21056017776330313,0.35442338879223767,9.009552525302253,1,1,0,0,0,0,1,0,0.997984766960144,0,0,0,0
261116,0.0437947524090608,0.11227175841728847,0.17753355272402901,15.01439111856353,4,11,0,0,0,0,4,0,0.9857372343540192,0,0,0,0
480985,0.05292206940551599,0.1470436379313469,0.25745827758965767,11.785862810569007,5,13,0,0,0,0,5,0,0.9786189556121826,0,0,0,0
17178,0.061561957001686096,0.2178089420000712,0.30657240448596884,10.26933879777619,3,5,0,0,0,0,3,0,0.9938157598177592,0,0,0,0
299720,0.05865272134542465,0.1964983493089676,0.28001239004362555,11.056455029689388,1,1,0,0,0,0,1,0,0.9946011304855347,0,0,0,0
179653,0.05992769387861093,0.2141036093235016,0.26884354824398776,11.410007626783951,1,1,0,0,0,0,1,0,0.9942813515663147,0,0,0,0
489046,0.061543515572945275,0.2028814156850179,0.2695776485659077,11.38632238419573,1,1,0,0,0,0,1,0,0.9811854958534241,0,0,0,0
156076,0.045590886225303016,0.10777578006188075,0.18739015834680192,14.545064436298185,11,19,0,0,0,0,11,0,0.9855864264748313,0,0,0,0
378515,0.054256477703650795,0.15037230402231216,0.2877365306075493,10.82009994438775,6,23,0,0,0,0,7,1,0.9709094762802124,0,0,0,0
407002,0.07252254709601402,0.23768853147824606,0.37057935833700156,8.622375500126594,2,2,1,0,1,1,1,0,0.9651056528091431,0,0,0,0
402346,0.04699713488419851,0.11923074970642726,0.18596948482756545,14.611166240182579,5,3,1,0,0,1,4,0,0.9933418780565262,0,0,0,0
430048,0.07400104030966759,0.2074961463610331,0.2624075996372607,11.620471828554575,1,2,0,0,0,0,1,0,0.928216814994812,0,0,0,0
552612,0.06906287806729476,0.20692817370096842,0.29963626989143977,10.46811236015083,9,10,1,0,1,1,8,0,0.9882820323109627,1,0,1,1
22935,0.0523770855118831,0.16398736337820688,0.2767874579499697,11.157071858476588,3,3,0,0,0,0,3,0,0.969721774260203,0,0,0,0
357238,0.11527837067842484,0.384088858962059,0.4690145965304652,6.576272821860735,2,2,0,0,0,0,2,0,0.9869919419288635,0,0,0,0
244099,0.09276629984378815,0.34043556451797485,0.4147441117788026,7.644395420846086,2,2,0,0,0,0,2,0,0.9844266176223755,0,0,0,0
297396,0.049871073414882026,0.11736605068047841,0.20276667589949038,13.86006836962951,0,9,0,0,0,0,0,0,,0,0,0,0
223130,0.0841098353266716,0.2628967861334483,0.39134007078487437,8.14891361547113,1,1,0,0,0,0,1,0,0.99342942237854,0,0,0,0
363188,0.050755580266316734,0.1549033671617508,0.24581298763867318,12.187903494019936,6,18,0,0,0,0,6,0,0.9901056786378225,0,0,0,0
405972,0.057866159826517105,0.17675915360450745,0.26887269668295444,11.409065940061176,3,3,0,0,0,0,3,0,0.962567667166392,0,0,0,0
447187,0.058684803545475006,0.17330040534337363,0.2627854824995704,11.607972618202494,6,7,0,0,0,0,6,0,0.9797845979531606,0,0,0,0
66771,0.040199161817630134,0.10358051458994548,0.1721338750378132,15.282673088009517,7,11,0,0,0,0,7,0,0.9894480279513768,0,0,0,0
165039,0.05343291163444519,0.15734474857648215,0.24728925540154306,12.135895062276143,7,23,0,0,0,0,7,0,0.9799314141273499,0,0,0,0
174018,0.04413154597083727,0.12401676674683888,0.22172903064526017,13.083548832916074,2,2,0,0,0,0,2,0,0.9677733182907104,0,0,0,0
51961,0.07854688415924709,0.2073994129896164,0.3395406811103327,9.382163689920125,1,1,0,0,0,0,1,0,0.9930179715156555,0,0,0,0
236308,0.08697692801554997,0.31885867317517597,0.42177908114022855,7.498299272900514,3,7,0,0,0,0,3,0,0.9859567483266195,0,0,0,0
361103,0.05074239646395048,0.15215994666020075,0.22686037421371458,12.88482711740144,12,26,3,0,2,1,9,0,0.9725951618618436,1,0,1,1
512657,0.052075823148091636,0.1613552967707316,0.2421056302070555,12.319902216995615,6,10,1,0,0,1,5,0,0.9770348906517029,0,0,0,0
280918,0.046731967478990555,0.11797981957594554,0.1979849775728179,14.067355225551111,3,6,0,0,0,0,3,0,0.9852301478385925,0,0,0,0
500464,0.07294719045360883,0.20252719024817148,0.3496613845149277,9.127046542724948,1,5,0,0,0,0,2,1,0.9956452250480652,0,0,0,0
191761,0.05793598790963491,0.1614751915136973,0.24902858923422308,12.07501583447627,1,4,0,0,0,0,2,1,0.9976457953453064,0,0,0,0
223955,0.07157918810844421,0.2650879869858424,0.3784476430523516,8.439883903530012,2,2,0,0,0,0,2,0,0.9939225614070892,0,0,0,0
163117,0.06728626415133476,0.18617685635884604,0.2985251125865284,10.500382583890662,13,27,1,0,1,1,14,2,0.9798685957988104,0,0,0,0
81394,0.05352268678446611,0.1589841345945994,0.25842611719249015,11.753271951355746,2,6,1,0,1,1,1,0,0.9958098530769348,0,0,0,0
510329,0.059438493102788925,0.17837004363536835,0.25933134258527185,11.722899831274256,4,4,0,0,0,0,4,0,0.9825279116630554,0,0,0,0
217614,0.08344900918503602,0.2834133207798004,0.3713611642010205,8.604070307836045,1,1,0,0,0,0,1,0,0.9874998927116394,0,0,0,0
376900,0.06706994026899338,0.20394993325074515,0.3130603971315161,10.087437363412599,3,14,0,0,0,0,3,0,0.9826739231745402,0,0,0,0
216739,0.0651506669819355,0.21396497885386148,0.31207745229749473,10.114752162516428,1,4,0,0,0,0,1,0,0.9955363273620605,0,0,0,0
338625,0.05400962010025978,0.17085515211025873,0.2695712190015467,11.386529549562564,4,14,0,0,0,0,4,0,0.9818498194217682,0,0,0,0
492110,0.0486102265616258,0.13686075806617737,0.20794645955214808,13.64096938865033,7,15,0,0,0,0,7,0,0.9894528899874006,0,0,0,0
203488,0.05685678496956825,0.16455455124378204,0.23105715177826258,12.725611689430867,3,2,1,0,1,1,2,0,0.9909811019897461,1,0,1,1
184978,0.0686433557420969,0.22242342929045358,0.3381685721242592,9.417335125021536,1,2,0,0,0,0,1,0,0.9916984438896179,0,0,0,0
347174,0.06667016943295796,0.18781094253063202,0.33740683295983415,9.43692253175455,3,2,0,0,0,0,3,0,0.9812822937965393,0,0,0,0
196759,0.058916098127762474,0.19901776810487112,0.3358748728944905,9.47644969818596,3,4,1,0,0,1,2,0,0.9925110340118408,0,0,0,0
363875,0.045083191245794296,0.11709717661142349,0.1827053982824754,14.764972412592861,2,3,0,0,0,0,2,0,0.9233178198337555,0,0,0,0
11122,0.06861948159833749,0.21057100594043732,0.26906645993487394,11.402808703441883,1,1,0,0,0,0,1,0,0.9960265755653381,0,0,0,0
486479,0.05661830430229505,0.16378859182198843,0.2561964362208129,11.828538314652594,1,2,0,0,0,0,1,0,0.9971664547920227,0,0,0,0
338718,0.05101856030523777,0.15483731279770532,0.2584906641607047,11.751102751726243,2,2,0,0,0,0,2,0,0.9890659749507904,0,0,0,0
67213,0.046420411517222725,0.14479717860619226,0.2270026820265571,12.879380232132869,8,14,0,0,0,0,8,0,0.9919935241341591,0,0,0,0
20247,0.06255168467760086,0.21563974022865295,0.28571992680027236,10.88118939622233,2,2,0,0,0,0,2,0,0.9886999428272247,0,0,0,0
252507,0.09352577105164528,0.30610672136147815,0.4306874726925541,7.316755205547626,2,2,0,0,0,0,2,0,0.9821086823940277,0,0,0,0
49810,0.04790815835197767,0.14583602050940195,0.23225490661535808,12.680702046710884,3,3,0,0,0,0,3,0,0.9839726289113363,0,0,0,0
295797,0.06998912617564201,0.22251089910666147,0.37085369961462916,8.615947682688912,2,2,0,0,0,0,2,0,0.9895215034484863,0,0,0,0
183716,0.05640054866671562,0.13340632369120917,0.30297012174770316,10.37200397120214,4,5,1,0,1,1,3,0,0.9856401681900024,0,0,0,0
154718,0.05488074819246928,0.1585483824213346,0.2922588557982606,10.684646406330334,1,2,0,0,0,0,1,0,0.9982515573501587,0,0,0,0
516916,0.05302697295943896,0.12567193557818732,0.19431064350092322,14.230068199314816,7,10,0,0,0,0,8,1,0.9914857063974652,0,0,0,0
522751,0.07122360169887543,0.25183824201424915,0.3433884519857199,9.284286281533966,4,6,0,0,0,0,4,0,0.9839601069688797,0,0,0,0
133244,0.05659851556022962,0.1938637544711431,0.2650902224746746,11.532125807737582,6,20,1,0,1,1,5,0,0.9777360916137695,0,0,0,0
115885,0.04930476595958074,0.13173867265383402,0.20282326837853273,13.85764446323128,2,3,0,0,0,0,2,0,0.9913586676120758,0,0,0,0
223959,0.0768097589413325,0.22402277092138925,0.37749044402797827,8.461880756640056,2,2,1,0,1,1,1,0,0.9874919652938843,1,0,1,1
369081,0.06733876839280128,0.23526316384474436,0.3705161875503793,8.623856265961242,3,3,0,0,0,0,3,0,0.994739850362142,0,0,0,0
478420,0.05600683887799581,0.178556427359581,0.3209894457891451,9.8701849413661,2,3,0,0,0,0,2,0,0.9930907785892487,0,0,0,0
476491,0.07481979578733444,0.22233355542023978,0.3652863123160448,8.747332019598712,1,0,0,0,0,0,1,0,0.9832523465156555,0,0,0,0
8690,0.047660515954097114,0.1349632516503334,0.2101078219398078,13.55115558566839,1,5,0,0,0,0,1,0,0.9939876198768616,0,0,0,0
256518,0.05073206747571627,0.13213240603605905,0.23238681586962806,12.675770293059998,3,8,0,0,0,0,4,1,0.9951669971148173,0,0,0,0
176606,0.06530474374691646,0.2164274056752523,0.30353702194222787,10.355766622604872,2,4,0,0,0,0,2,0,0.9900418519973755,0,0,0,0
463174,0.04929534407953421,0.15787974745035172,0.2376819718432182,12.480075164421356,3,3,1,0,1,1,2,0,0.989312469959259,1,0,1,1
133087,0.0640936146179835,0.2067550172408422,0.29079326603902417,10.72831309490888,2,4,0,0,0,0,2,0,0.991161048412323,0,0,0,0
123131,0.06614221384127934,0.21527184545993805,0.3306514684255196,9.612590885016765,2,4,0,0,0,0,2,0,0.9822657704353333,0,0,0,0
30785,0.045526270444194473,0.12003653744856517,0.18747705633432035,14.541037483215522,3,10,1,0,0,1,2,0,0.9935504794120789,1,0,0,1
276018,0.05227260602017244,0.1363809530933698,0.27514192252041214,11.208864649337453,7,12,1,0,0,1,6,0,0.9924019575119019,0,0,0,0
551820,0.05691022612154484,0.16809040556351343,0.23988241457087642,12.400031767176227,9,16,0,0,0,0,9,0,0.9490902821222941,0,0,0,0
226802,0.0692765439550082,0.24042257169882456,0.354754667075613,9.0014376469741,7,22,0,0,0,0,7,0,0.9746178388595581,0,0,0,0
394940,0.05156958599885305,0.14372727771600088,0.311426836734162,10.132879309772454,4,4,0,0,0,0,4,0,0.9930375814437866,0,0,0,0
469192,0.062197270492712654,0.19203496972719827,0.28677704227022555,10.849112374898882,9,15,2,0,2,1,7,0,0.9833048241479057,0,0,0,0
185599,0.05224404111504555,0.12984059502681097,0.21444530876578058,13.37366900010176,5,6,5,0,5,1,0,0,,4,0,4,1
109055,0.047276308139165245,0.1338350847363472,0.1989698050618122,14.024256511003287,2,2,0,0,0,0,2,0,0.9785513579845428,0,0,0,0
180296,0.05340410148104032,0.16108702619870505,0.2553313574020293,11.857916918925168,1,5,0,0,0,0,1,0,0.995761513710022,0,0,0,0
447342,0.05699122448762258,0.19986751675605774,0.29767113402675405,10.525265560388775,4,13,0,0,0,0,4,0,0.992007777094841,0,0,0,0
119828,0.052733875811100006,0.14366315801938376,0.21820448969445422,13.222726355479013,4,6,0,0,0,0,4,0,0.9797884225845337,0,0,0,0
535578,0.07720472539464633,0.2378459870815277,0.354634695895301,9.004375543977543,6,11,1,0,1,1,5,0,0.9894673466682434,0,0,0,0
496597,0.08798227583368619,0.2887609601020813,0.3689382727856687,8.660925795033066,1,3,0,0,0,0,1,0,0.9752611517906189,0,0,0,0
545129,0.0545591302216053,0.17121016482512155,0.23968215761046202,12.407285889183635,3,3,0,0,0,0,3,0,0.9929414391517639,0,0,0,0
563702,0.061594841380914055,0.1980657527844111,0.28586561823554746,10.876761503437407,4,5,0,1,1,1,3,0,0.9720953305562338,0,0,0,0
311394,0.04963787148396174,0.13896096497774124,0.2901568507398015,10.74734342162582,2,2,1,0,1,1,2,1,0.9941942691802979,1,0,1,1
410934,0.054195184260606766,0.15564810236295065,0.21853598675157032,13.209540733528724,1,1,0,0,0,0,1,0,0.9722288846969604,0,0,0,0
190648,0.057107724249362946,0.17213687300682068,0.2565672889935148,11.81597429477791,2,2,0,0,0,0,2,0,0.9931260347366333,0,0,0,0
466339,0.08385117476185162,0.2688314914703369,0.3907866355309569,8.161205941767696,1,1,0,0,0,0,1,0,0.9929949641227722,0,0,0,0
32334,0.045756131410598755,0.12011712789535522,0.20154977977209554,13.912353441046278,9,10,0,0,0,0,9,0,0.9913122322824266,0,0,0,0
187271,0.05324206749598185,0.15757373720407486,0.31834582280666246,9.942016887664067,1,1,0,0,0,0,1,0,0.9963639974594116,0,0,0,0
251824,0.05309475461641947,0.13677429656187692,0.21403058738924816,13.390483132538712,4,3,0,1,1,1,3,0,0.9880058765411377,0,0,0,0
104666,0.06721357628703117,0.20441802342732748,0.27709069626346416,11.147561121256974,1,15,0,0,0,0,1,0,0.9933236837387085,0,0,0,0
404249,0.07648418843746185,0.2512357880671819,0.3750747080239662,8.517644402720592,2,2,0,0,0,0,2,0,0.9942234456539154,0,0,0,0
172877,0.050551339983940125,0.13641539216041565,0.20533392207459486,13.750785946554618,4,8,1,0,1,1,3,0,0.9763849973678589,0,0,0,0
64499,0.05815288983285427,0.17669229209423065,0.2509263166047914,12.009075768774357,2,2,1,0,1,1,1,0,0.9947548508644104,0,0,0,0
121153,0.06395561061799526,0.20046314597129822,0.3127868041112921,10.095031545909773,0,0,0,0,0,0,0,0,,0,0,0,0
548339,0.0456194244325161,0.1181813379128774,0.18364915826470482,14.720221157082342,4,11,1,0,1,1,3,0,0.9840697447458903,0,0,0,0
160012,0.04601213211814562,0.11700621992349625,0.19333626236971665,14.27373363126871,5,9,1,0,1,1,4,0,0.9885297864675522,0,0,0,0
325347,0.07194904237985611,0.2424925516049067,0.33775365308152566,9.427998900622335,5,7,1,0,1,1,4,0,0.9899379014968872,0,0,0,0
269316,0.05946763604879379,0.19286587834358215,0.31877582952959893,9.930292308872952,6,5,1,0,0,1,5,0,0.991023600101471,1,0,0,1
473974,0.05613835404316584,0.18445115288098654,0.2771173881691304,11.146724457362895,4,5,0,0,0,0,4,0,0.9916673898696899,0,0,0,0
195165,0.06228187866508961,0.18493148187796274,0.2554504379893049,11.853866966999774,3,17,0,0,0,0,3,0,0.9831154346466064,0,0,0,0
561465,0.042407032723228134,0.09880058964093526,0.1598613425838607,15.925130879204016,3,6,1,1,2,1,1,0,0.9762510657310486,1,1,2,1
448365,0.07069151724378268,0.24351728955904642,0.3426788060259177,9.3022550990668,2,3,1,0,1,1,1,0,0.9930524230003357,0,0,0,0
179642,0.047331467270851135,0.12437987824281056,0.2017964108742391,13.901731246756643,15,21,1,0,1,1,15,1,0.9888822904654911,0,0,0,0
371699,0.052013356859485306,0.1424174134929975,0.2426807336177473,12.299294017294425,5,18,0,0,0,0,6,1,0.9865255713462829,0,0,0,0
319721,0.04690310483177503,0.13530911008516947,0.27331708426845386,11.26666441908327,2,4,0,0,0,0,2,0,0.9935217797756195,0,0,0,0
72852,0.06773517777522405,0.21174979706605276,0.34821444336976703,9.163064380301499,3,4,0,0,0,0,3,0,0.9872841040293375,0,0,0,0
426297,0.04977689000467459,0.16138066351413727,0.2370361820499061,12.503707133362294,1,1,0,0,0,0,1,0,0.9905344247817993,0,0,0,0
407960,0.04926518723368645,0.15680349866549173,0.23850736788040708,12.449964007078634,3,3,0,0,0,0,3,0,0.994926909605662,0,0,0,0
289938,0.056974880397319794,0.17089602599541345,0.24860804137918396,12.089696558929706,2,27,1,0,1,1,1,0,0.9815359115600586,0,0,0,0
418959,0.08549781267841657,0.29380959272384644,0.36764669549005485,8.691386664666751,1,1,0,0,0,0,1,0,0.991025984287262,0,0,0,0
51738,0.05248614400625229,0.1651822825272878,0.26589091461935066,11.505930041491503,2,3,1,0,1,1,1,0,0.9971118569374084,0,0,0,0
527960,0.06037144983808199,0.21525683999061584,0.3163842237542165,9.995703607615493,1,1,0,0,0,0,1,0,0.9927173852920532,0,0,0,0
19432,0.05838328848282496,0.17167717715104422,0.2567494697670229,11.80980889249052,6,15,1,0,1,1,5,0,0.9915852069854736,0,0,0,0
440508,0.06833436836798985,0.23451779782772064,0.33162048428687496,9.587173016115068,1,1,0,0,0,0,1,0,0.9956595301628113,0,0,0,0
562121,0.07253110781311989,0.23297054568926492,0.29223539218102185,10.685343769531631,3,3,0,0,0,0,3,0,0.9808307687441508,0,0,0,0
239627,0.05476068456967672,0.1468986173470815,0.23162444728042078,12.70431208035566,2,14,0,0,0,0,2,0,0.9912898540496826,0,0,0,0
155341,0.06355868528286616,0.19977776209513345,0.29734413700441437,10.5348124089227,7,9,0,0,0,0,7,0,0.9839421766144889,0,0,0,0
504074,0.058159644405047096,0.17170441150665283,0.2385611207288123,12.44800667255706,4,9,1,0,0,1,3,0,0.9905296365420023,1,0,0,1
560312,0.056394562125205994,0.18750867247581482,0.2551462617158208,11.864215807311794,2,2,0,0,0,0,2,0,0.9906112551689148,0,0,0,0
69224,0.04825931414961815,0.12646824369827905,0.2032482447153459,13.839463927099153,7,13,0,0,0,0,7,0,0.9869262405804226,0,0,0,0
82765,0.0660953198870023,0.19754135111967722,0.32525473316835807,9.755527495699969,2,2,0,0,0,0,2,0,0.9905142486095428,0,0,0,0
378139,0.06005143870910009,0.19605864584445953,0.27427673310442663,11.236220640686414,3,17,1,0,1,1,2,0,0.9838478863239288,0,0,0,0
559160,0.07557954639196396,0.2339882105588913,0.3584914730369102,8.910423397249069,3,8,0,0,0,0,5,2,0.9874860445658366,0,0,0,0
521819,0.06693431362509727,0.21788567304611206,0.28796087247436786,10.81333038529442,12,14,0,0,0,0,12,0,0.9839247018098831,0,0,0,0
440617,0.05590526759624481,0.18821452061335245,0.277364966654823,11.13896789116134,2,2,0,0,0,0,2,0,0.9697227478027344,0,0,0,0
2149,0.05693511416514715,0.14421130468448004,0.22577587251415324,12.926449414193845,1,2,1,0,0,1,0,0,,0,0,0,0
276921,0.0653255848834912,0.18157194058100382,0.3206424491337163,9.879579658092347,2,2,0,0,0,0,2,0,0.9934748411178589,0,0,0,0
443426,0.08191387727856636,0.24402198692162833,0.3701778758606652,8.631790819104378,2,3,1,0,1,1,1,0,0.9938281774520874,1,0,1,1
455301,0.060363960141936936,0.15319188187519708,0.24355260631514045,12.268144371548422,1,4,0,0,0,0,1,0,0.987671971321106,0,0,0,0
365208,0.04873743839561939,0.12826080371936163,0.22788085505263164,12.845843193123812,3,4,0,0,0,0,4,1,0.9533561865488688,0,0,0,0
433915,0.06358275438348453,0.20023074249426523,0.2866421415709281,10.85319920226996,2,4,1,0,0,1,1,0,0.975697934627533,0,0,0,0
414676,0.08166176577409108,0.2472928911447525,0.38695716810854947,8.246742078617507,2,2,0,0,0,0,2,0,0.9765132069587708,0,0,0,0
571598,0.04396712531646093,0.12765365839004517,0.19593980722128138,14.157546471498971,7,15,0,0,0,0,7,0,0.9884559001241412,0,0,0,0
267946,0.06302130036056042,0.20767739911874136,0.2986900691686091,10.495584331109306,0,0,0,0,0,0,0,0,,0,0,0,0
172648,0.05317419953644276,0.1617068499326706,0.2550220791920183,11.868444355543966,4,4,0,0,0,0,4,0,0.9865006357431412,0,0,0,0
217957,0.0716300184528033,0.18999180694421133,0.33803184883546267,9.420847584868685,1,1,0,0,0,0,1,0,0.9957718253135681,0,0,0,0
196754,0.06428044972320397,0.19497672220071158,0.3262227400961068,9.729715375170644,1,2,0,0,0,0,1,0,0.9921277761459351,0,0,0,0
79031,0.06314347311854362,0.20070061584313711,0.3290389384838901,9.655054091575767,2,2,0,0,0,0,2,0,0.9907135665416718,0,0,0,0
479030,0.05443936213850975,0.18570799628893533,0.27953855140998035,11.071165794186356,3,12,1,0,0,1,2,0,0.9834426045417786,0,0,0,0
167159,0.045608182127277054,0.11777752886215846,0.18664128474170813,14.579845694925364,3,2,0,0,0,0,3,0,0.9830355644226074,0,0,0,0
116208,0.04526889075835546,0.10668942580620448,0.1878198770099154,14.525168963558041,13,21,3,0,3,1,10,0,0.9821502149105072,0,0,0,0
484296,0.04814539973934492,0.16689990212519965,0.23798938366525071,12.468848314200375,2,2,0,0,0,0,2,0,0.9924242198467255,0,0,0,0
157767,0.05339736491441727,0.16624199350674948,0.23383403044394035,12.621845692522186,11,25,1,0,1,1,10,0,0.9872718155384064,0,0,0,0
135673,0.10006129244963329,0.3673030336697896,0.42722927561717283,7.386779904076661,2,2,0,0,0,0,2,0,0.9889416694641113,0,0,0,0
516038,0.0808785930275917,0.2698543469111125,0.39393796528971553,8.091443251484552,4,7,0,0,0,0,5,1,0.9890924245119095,0,0,0,0
117492,0.05531057467063268,0.17503891388575235,0.23964266437330384,12.408717210427389,9,23,0,0,0,0,9,0,0.9916210836834378,0,0,0,0
109900,0.06703678021828334,0.22248571117719015,0.3503215006621089,9.11066414874399,9,13,0,0,0,0,9,0,0.9822101725472344,0,0,0,0
395343,0.048608177031079926,0.13557389626900354,0.22287268009060657,13.038863288364693,3,7,1,0,1,1,4,2,0.994168609380722,0,0,0,0
450488,0.0648137095073859,0.1922743171453476,0.3594908737080046,8.886242609019106,2,4,0,0,0,0,2,0,0.990278422832489,0,0,0,0
322211,0.05894329336782297,0.14907205353180566,0.21909276794082544,13.18743915761565,8,13,4,0,4,1,4,0,0.9896455109119415,1,0,1,1
445792,0.056453507393598557,0.15456119179725647,0.2339099674622899,12.61902542943137,3,7,1,0,0,1,2,0,0.9880586266517639,0,0,0,0
227482,0.07316689317425092,0.2392577975988388,0.3422956161994284,9.311973257241839,2,2,0,0,0,0,2,0,0.9946188032627106,0,0,0,0
9769,0.06376087417205174,0.21128120024998984,0.318729194680765,9.9315630914883,1,5,0,0,0,0,2,1,0.9976949095726013,0,0,0,0
157756,0.07040898936490218,0.2112878660360972,0.31073480692520733,10.152201931431964,2,20,0,0,0,0,3,1,0.9638893008232117,0,0,0,0
295138,0.06240409364302953,0.19222583870093027,0.2762694483305231,11.173342790637836,3,4,1,0,1,1,2,0,0.9837267994880676,0,0,0,0
548506,0.04986328507463137,0.12265094369649887,0.21705464369248034,13.268618367577119,7,8,4,1,4,1,2,0,0.994708389043808,0,1,1,1
532071,0.062499468525250755,0.21758086482683817,0.30256431072016227,10.383646018748351,1,1,1,0,1,1,0,0,,0,0,0,0
575081,0.05797764038046201,0.16085483382145563,0.24141444155485198,12.344735074169865,2,4,0,0,0,0,2,0,0.9826779067516327,0,0,0,0
76547,0.04779284447431564,0.12570947408676147,0.19795293248902399,14.068761203886657,5,13,1,0,0,1,4,0,0.9694318920373917,0,0,0,0
369037,0.05303680275877317,0.14090462774038315,0.2877915953599188,10.818437866230632,2,4,0,0,0,0,2,0,0.9951513707637787,0,0,0,0
84170,0.05583910892407099,0.18745588262875876,0.26090477553088565,11.670359432351212,5,7,1,0,1,1,4,0,0.9861236810684204,0,0,0,0
570782,0.05453371008237203,0.1508802448709806,0.22397275356964497,12.996096213144428,6,8,0,0,0,0,6,0,0.988245944182078,0,0,0,0
68409,0.05981570233901342,0.19832134743531546,0.2755023772006222,11.1974929888277,6,16,1,0,1,1,5,0,0.987956964969635,0,0,0,0
329456,0.04676709324121475,0.1380222737789154,0.2185960832202392,13.207152479114823,5,9,0,0,0,0,5,0,0.9771251320838928,0,0,0,0
259690,0.05654973164200783,0.17120699087778726,0.24826402337577436,12.101724213936102,10,25,1,0,0,1,9,0,0.9812712139553494,0,0,0,0
74860,0.10794211303194363,0.38788796464602154,0.4618399245438928,6.7101705293022125,2,2,0,0,0,0,2,0,0.9856102168560028,0,0,0,0
396863,0.05888159076372782,0.18949278692404428,0.27009497524232134,11.369669904168887,3,4,0,0,0,0,3,0,0.9822585781415304,0,0,0,0
445846,0.06580557425816853,0.20773487289746603,0.296431112573005,10.561524319545324,2,4,0,0,0,0,2,0,0.9929689168930054,0,0,0,0
499775,0.06496819605429967,0.21841474870840707,0.2952435088158879,10.59639283899213,2,2,0,0,0,0,2,0,0.9904294312000275,0,0,0,0
15440,0.0779040331641833,0.2340895583232244,0.3579686130146503,8.923101019754954,2,3,0,0,0,0,2,0,0.9944343268871307,0,0,0,0
138550,0.06759581963221233,0.19191116591294607,0.27748252111863575,11.135287365838913,1,4,1,0,1,1,0,0,,0,0,0,0
436883,0.04876070221265157,0.1429787576198578,0.24556257324528588,12.196756486094387,5,12,2,0,0,1,4,1,0.9822000662485758,0,1,0,1
414385,0.06497455015778542,0.2105936606725057,0.2991122952922414,10.483314690371694,5,9,0,0,0,0,5,0,0.9859011888504028,0,0,0,0
512248,0.07390944038828214,0.2369728535413742,0.4118430747810527,7.705364647249802,1,1,0,0,0,0,1,0,0.9969083666801453,0,0,0,0
476215,0.08591410145163536,0.29088280101617175,0.379082994685308,8.425313943757274,3,3,0,0,0,0,3,0,0.9749880830446879,0,0,0,0
474164,0.04428892831007639,0.14284737159808478,0.2878121232682491,10.817818331851118,3,3,0,0,0,0,3,0,0.9746249715487162,0,0,0,0
222559,0.0676330861945947,0.22340435783068338,0.2747717132136535,11.220559568169516,10,25,1,0,1,1,9,0,0.9777729445033603,0,0,0,0
45550,0.04613915209968885,0.12022505948940913,0.19549766398067223,14.177168553225709,6,10,1,0,0,1,5,0,0.9896541476249695,0,0,0,0
462904,0.05147133146723112,0.14478507141272226,0.21636505422629326,13.296257642311453,12,38,3,0,3,1,10,1,0.9790318409601847,0,0,0,0
399655,0.051082510501146317,0.12898999949296316,0.20464200468958801,13.780104369216007,2,2,1,0,1,1,1,0,0.9882557392120361,1,0,1,1
35197,0.07613341882824898,0.23144383231798807,0.3640463495067942,8.77686639000921,3,3,1,0,1,1,2,0,0.9876765608787537,0,0,0,0
44195,0.073429636657238,0.2270797739426295,0.3489958246191036,9.143595378050243,3,3,1,0,1,1,2,0,0.9805452525615692,0,0,0,0
242946,0.04072225218017896,0.10034786909818649,0.16364021013630492,15.722199429601476,15,41,1,0,1,1,14,0,0.9898000487259456,0,0,0,0
306893,0.051370504001776375,0.15521101901928583,0.22128410298765153,13.100995691877461,7,21,1,0,1,1,6,0,0.9645210305849711,0,0,0,0
11615,0.05656149052083492,0.1694367453455925,0.314573962538181,10.045544540418625,0,1,0,0,0,0,0,0,,0,0,0,0
441247,0.05597338452935219,0.16008637845516205,0.23251496721926415,12.670981718145507,9,24,0,0,0,0,9,0,0.9890144202444289,0,0,0,0
370486,0.05211641639471054,0.13577737162510553,0.2812121545106207,11.01931824467906,6,19,0,0,0,0,7,1,0.9851336578528086,0,0,0,0
434297,0.06061657518148422,0.15840785950422287,0.2503859275743741,12.027801668061024,5,4,0,0,0,0,5,0,0.9909084439277649,0,0,0,0
188296,0.04016466438770294,0.10302326579888661,0.15602680439810937,16.1360157249354,6,13,0,0,0,0,6,0,0.9902079105377197,0,0,0,0
473015,0.07346298048893611,0.2564137230316798,0.3272940046803128,9.701238999131979,1,5,0,0,0,0,1,0,0.9904062151908875,0,0,0,0
22192,0.06174498672286669,0.1802809238433838,0.25934745993221586,11.7223600232228,1,3,0,0,0,0,1,0,0.9919965267181396,0,0,0,0
35279,0.044217867155869804,0.11529608070850372,0.20045633331173104,13.959604357849052,7,9,3,0,3,1,4,0,0.9939129799604416,1,0,1,1
399296,0.059639040380716324,0.1668198307355245,0.21417309257492395,13.384701844711238,8,12,0,0,0,0,8,0,0.981669507920742,0,0,0,0
474344,0.06803266083200772,0.24116258323192596,0.33813029313634996,9.418318379857144,3,3,1,0,1,1,2,0,0.982490748167038,0,0,0,0
329319,0.053311758364240326,0.16913155217965445,0.3054519817098879,10.301141058183896,2,4,0,0,0,0,2,0,0.9959777891635895,0,0,0,0
354072,0.08384262770414352,0.25035349031289417,0.3757031142572785,8.503104099842464,2,3,0,0,0,0,2,0,0.9943463206291199,0,0,0,0
262227,0.05621315414706866,0.15224007765452066,0.28653228061277863,10.856528869934014,1,11,0,0,0,0,1,0,0.9937918186187744,0,0,0,0
374083,0.06036031246185303,0.1525642822186152,0.2901177393789207,10.74851430510238,4,8,0,0,0,0,4,0,0.9866131246089935,0,0,0,0
402992,0.05271821655333042,0.14835313459237418,0.21916979926911284,13.18438580251244,11,10,0,0,0,0,11,0,0.9864806749603965,0,0,0,0
155179,0.048011706521113716,0.11481323589881261,0.19409906168938162,14.239531281321753,1,2,0,0,0,0,1,0,0.9959530234336853,0,0,0,0
426372,0.05016342674692472,0.15449933211008707,0.25410795784530316,11.899634680560007,2,5,0,0,0,0,2,0,0.9938749372959137,0,0,0,0
309391,0.0624890091518561,0.1871017018953959,0.2852420549029961,10.895728870523902,13,35,3,0,2,1,10,0,0.9790760755538941,0,0,0,0
327605,0.06383404259880383,0.21920180320739746,0.3289484496662416,9.657443121829793,2,3,0,0,0,0,2,0,0.9772186279296875,0,0,0,0
463522,0.05349908396601677,0.17488621175289154,0.28564236006721955,10.883547746090729,5,21,2,0,1,1,3,0,0.9751037160555521,0,0,0,0
432553,0.05632826313376427,0.16730145613352457,0.30859509932236967,10.212219501565771,4,5,1,0,0,1,3,0,0.9893293182055155,0,0,0,0
84752,0.05742240697145462,0.18942877650260925,0.30674005397221626,10.264590206901797,7,13,1,0,0,1,6,0,0.9810989201068878,0,0,0,0
8629,0.037279099225997925,0.0849738319714864,0.14758475082084802,16.619170272548025,7,7,1,0,0,1,6,0,0.9775932729244232,0,0,0,0
166747,0.06779801100492477,0.21336269875367483,0.3642009421275898,8.773178701833274,6,17,1,0,1,1,7,2,0.9739338040351868,0,0,0,0
10995,0.050467332204182945,0.1741731564203898,0.25174212072897734,11.980882270698594,2,1,0,0,0,0,2,0,0.994728147983551,0,0,0,0
57244,0.05356378977497419,0.17231473326683044,0.27934565651655757,11.077161539991241,1,1,0,0,0,0,1,0,0.9976377487182617,0,0,0,0
44279,0.055598363280296326,0.15062456329663595,0.2275925513933782,12.856839111065563,2,11,0,0,0,0,2,0,0.9962029457092285,0,0,0,0
170278,0.04351869970560074,0.11188770085573196,0.17043013349725603,15.369072316435581,2,2,0,0,0,0,2,0,0.985848069190979,0,0,0,0
27768,0.04078759253025055,0.10937721778949101,0.1584243166282433,16.003563151022814,3,9,2,0,2,1,1,0,0.9987510442733765,0,0,0,0
182611,0.04677637045582136,0.11461172004540761,0.19451389955437726,14.220987189173282,8,25,0,0,0,0,8,0,0.9870043471455574,0,0,0,0
90956,0.08629105985164642,0.3218693981568019,0.41117996702983645,7.719361052450885,2,2,0,0,0,0,2,0,0.9374646842479706,0,0,0,0
507975,0.05538608133792877,0.14650864650805792,0.24841344483298153,12.09649805245672,8,11,0,0,0,0,8,0,0.9832902476191521,0,0,0,0
493799,0.04258894734084606,0.10465848445892334,0.17916093923771118,14.935133389306321,3,6,2,0,2,1,1,0,0.9852468967437744,1,0,1,1
391290,0.07151077066858609,0.22111593186855316,0.315461776465094,10.021065107221014,6,6,0,0,0,0,6,0,0.9894909858703613,0,0,0,0
530162,0.04641188060243925,0.14018448193868002,0.21670859160090938,13.282477407115438,10,12,1,0,1,1,9,0,0.980418860912323,0,0,0,0
86582,0.05390379329522451,0.1562203293045362,0.22466975127134542,12.969107909895051,5,7,1,0,0,1,4,0,0.9553120136260986,0,0,0,0
528705,0.06164593373735746,0.18613587319850922,0.33480633065996135,9.50412677554122,3,2,1,0,0,1,3,1,0.9806264638900757,0,0,0,0
213547,0.05284407610694567,0.13622293869654337,0.2897219916859699,10.760370758308582,4,19,1,0,1,1,3,0,0.9252340396245321,0,0,0,0
379332,0.04669337968031565,0.1440794343749682,0.2396493315880234,12.408475559443273,4,5,1,0,1,1,3,0,0.9610756238301595,1,0,1,1
266981,0.06895832220713298,0.21732202668984732,0.32164385220148567,9.852494903023658,9,28,1,0,2,1,8,0,0.9808697775006294,0,0,0,0
149770,0.08536340792973836,0.28601492444674176,0.36132149357070176,8.842124064432003,2,2,1,0,1,1,1,0,0.9892253279685974,0,0,0,0
319184,0.062716756016016,0.19079492489496866,0.2811523638919102,11.021165212972662,9,9,0,0,0,0,9,0,0.9876503149668375,0,0,0,0
125129,0.0453414556880792,0.12326267113288243,0.20487020084517818,13.770424135993874,7,10,0,0,0,0,7,0,0.9909339121409825,0,0,0,0
357978,0.050162908931573234,0.14229349295298258,0.20290187149153172,13.854278943542369,5,14,1,0,1,1,5,1,0.988193690776825,0,0,0,0
579307,0.08379191656907399,0.26167984306812286,0.4251732697528009,7.428680939596078,3,5,0,0,0,0,3,0,0.9885520935058594,0,0,0,0
287347,0.046881762643655144,0.1285663271943728,0.22206287590319673,13.070480800034812,7,15,0,0,0,0,7,0,0.9858478733471462,0,0,0,0
168593,0.05441746239860853,0.15885759890079498,0.2267685965380624,12.888341755240855,3,3,0,0,0,0,3,0,0.9895829359690348,0,0,0,0
207306,0.06278272780279319,0.1766075094540914,0.3191475156178233,9.920170639138778,2,2,0,0,0,0,2,0,0.9616285860538483,0,0,0,0
22969,0.07120434443155925,0.24194665253162384,0.3344775786455297,9.512659787931325,2,2,0,0,0,0,2,0,0.9936821758747101,0,0,0,0
190753,0.05921996384859085,0.18839031457901,0.2547430849323052,11.877951923977527,11,21,0,0,0,0,11,0,0.9785208593715321,0,0,0,0
33759,0.06032074615359306,0.19499788681666055,0.2966661550536467,10.554639940656996,3,5,0,0,0,0,3,0,0.9784690141677856,0,0,0,0
170474,0.05339903694887956,0.1586782361070315,0.24747368717867982,12.129419419101218,4,4,1,0,1,1,3,0,0.9938605030377706,0,0,0,0
516871,0.060617281744877495,0.15771243224541345,0.25192634540151954,11.97452826859891,3,5,2,0,1,1,1,0,0.9918932318687439,0,0,0,0
338191,0.04525728399554888,0.12057604392369588,0.16461602060432168,15.670558021420389,9,9,2,0,2,1,7,0,0.9900483233588082,0,0,0,0
376264,0.04108327627182007,0.10597828030586243,0.17879607869762265,14.952840205059188,2,9,1,0,0,1,1,0,0.9939170479774475,0,0,0,0
526197,0.054064394906163216,0.18082028379042944,0.33402568456354387,9.524402745484702,1,7,0,0,0,0,1,0,0.9884654879570007,0,0,0,0
492362,0.06072663143277168,0.15550696104764938,0.30813827776916775,10.225086981966399,3,13,1,0,1,1,2,0,0.9928881227970123,0,0,0,0
22396,0.0988977166513602,0.3551127016544342,0.45642136781461295,6.812680637103235,1,1,0,0,0,0,1,0,0.9982466697692871,0,0,0,0
183437,0.06861485913395882,0.20729791124661764,0.3156355951489368,10.01628052084504,6,6,1,0,0,1,5,0,0.9862111449241638,0,0,0,0
442161,0.045247151205937065,0.1232745498418808,0.20266402814152185,13.864466591606648,7,8,2,0,2,1,5,0,0.993596076965332,0,0,0,0
150726,0.05697679271300634,0.18824767569700876,0.3219999913802368,9.84288279859988,2,2,0,0,0,0,2,0,0.9955662786960602,0,0,0,0
331352,0.05108342319726944,0.1459195762872696,0.3223970966688189,9.83217755733823,1,2,0,0,0,0,1,0,0.9894108772277832,0,0,0,0
26465,0.04876204952597618,0.13644163310527802,0.23214037333284274,12.684986429067633,4,6,0,0,0,0,4,0,0.9897721856832504,0,0,0,0
305309,0.06296659881869952,0.23943442106246948,0.3438302302721768,9.273118837841553,2,4,0,0,0,0,2,0,0.9895523190498352,0,0,0,0
193181,0.05599608520666758,0.17175262669722238,0.3212694034364723,9.862612663039506,5,15,2,0,2,1,3,0,0.9871026674906412,0,0,0,0
18193,0.056917766109108925,0.1671072244644165,0.24246344074583462,12.307074723033109,1,3,0,0,0,0,2,1,0.8300215601921082,0,0,0,0
92124,0.06873427703976631,0.21948981285095215,0.3394307973757225,9.384975112875045,3,3,0,0,0,0,3,0,0.9895200729370117,0,0,0,0
397327,0.05909679954250654,0.18934535483519235,0.2658817090649928,11.506230765619282,2,2,0,0,0,0,2,0,0.9909914433956146,0,0,0,0
161978,0.054437646021445595,0.1514738549788793,0.21651305460356288,13.290318256755917,21,19,1,0,1,1,21,1,0.9784170687198639,0,0,0,0
419974,0.05517817412813505,0.15747028837601343,0.29704156100687884,10.54365562960426,6,25,1,0,1,1,5,0,0.9885465502738953,0,0,0,0
58350,0.05870239933331808,0.159783403078715,0.2616528821414041,11.645489541726217,4,6,0,0,0,0,4,0,0.9918337017297745,0,0,0,0
572462,0.046423111110925674,0.10757255802551906,0.17038486681715703,15.371379617402798,7,17,0,0,0,0,8,1,0.9684551869119916,0,0,0,0
575205,0.07427838693062465,0.25097066660722095,0.35718886850482806,8.942041680006717,1,1,0,0,0,0,1,0,0.9024263620376587,0,0,0,0
9400,0.04489398126800855,0.11357820530732472,0.17949459197897896,14.918972636317015,18,24,2,0,2,1,16,0,0.9758017845451832,0,0,0,0
153299,0.04237239621579647,0.11379154026508331,0.15714341503137877,16.074076260532735,2,2,0,0,0,0,2,0,0.989863783121109,0,0,0,0
570688,0.05556580300132433,0.1498140941063563,0.2167944020200173,13.279038723411427,18,35,2,0,2,1,17,1,0.9775630757212639,0,0,0,0
54967,0.06801063443223636,0.20970254639784494,0.3546412131851575,9.004215920734428,10,16,1,0,0,1,9,0,0.9803037113613553,0,0,0,0
572900,0.06804840390880902,0.21884015699227652,0.3123317722116215,10.107676691039353,3,11,0,0,0,0,3,0,0.9888238906860352,0,0,0,0
172330,0.04815791795651118,0.13677288591861725,0.2409517940017694,12.361396716396897,4,4,0,0,0,0,4,0,0.9946384131908417,0,0,0,0
533816,0.04575084522366524,0.13597041368484497,0.20454754798539357,13.784114444827262,12,15,2,0,2,1,10,0,0.9887792527675628,0,0,0,0
179141,0.05326369901498159,0.14767037332057953,0.23263369263956685,12.66654771237759,6,7,0,1,1,1,6,0,0.9673811435699463,0,0,0,0
507667,0.048276438688238464,0.1385629748304685,0.19566517645762857,14.169729221947943,9,15,0,0,0,0,9,0,0.9851022428936429,0,0,0,0
161642,0.08331045260032018,0.2622283200422923,0.4104415618584023,7.734973368653698,1,1,0,0,0,0,1,0,0.996559202671051,0,0,0,0
212895,0.08948948979377747,0.2730686664581299,0.41547136201570856,7.629178125789274,1,1,0,0,0,0,1,0,0.9864084720611572,0,0,0,0
270297,0.06587352355321248,0.21571840842564902,0.3425962250701435,9.304348533203415,1,3,0,0,0,0,1,0,0.9971871376037598,0,0,0,0
167240,0.06039643163482348,0.17864159246285757,0.2606921743561519,11.677440111957655,1,1,0,0,0,0,1,0,0.9957699775695801,0,0,0,0
288762,0.05671045929193497,0.15022318065166473,0.23178528989974131,12.698282594203222,4,15,0,1,1,1,3,0,0.980279544989268,0,1,1,1
200252,0.054932632793982826,0.1670047491788864,0.2678432210055072,11.442386819099077,1,3,0,0,0,0,1,0,0.9964417219161987,0,0,0,0
48396,0.052577284475167595,0.16078765193621317,0.24168045729339732,12.335169319755831,5,7,1,0,1,1,4,0,0.992995873093605,0,0,0,0
519688,0.05041895930965742,0.13466506699721018,0.21338476470185133,13.41673183338726,2,2,0,0,0,0,2,0,0.9855653047561646,0,0,0,0
465180,0.056118372827768326,0.17362239956855774,0.2541990888915538,11.896520207825871,9,12,0,0,0,0,9,0,0.9880068633291457,0,0,0,0
384350,0.06885091215372086,0.2318736414114634,0.33752484095583857,9.433885174108546,1,2,0,0,0,0,1,0,0.991389274597168,0,0,0,0
1268,0.06398426120479901,0.19267412026723227,0.26422857470724237,11.560404357697882,6,11,0,0,0,0,6,0,0.975667417049408,0,0,0,0
163951,0.0908544088403384,0.2857594887415568,0.3977079261214362,8.008715073088991,2,2,0,0,0,0,2,0,0.9922727942466736,0,0,0,0
243626,0.04884065998097261,0.1150892898440361,0.20524594660833692,13.75450821966518,5,2,2,0,1,1,3,0,0.9901960690816244,1,0,1,1
449432,0.05923905471960703,0.1962453325589498,0.29539626574796596,10.59189998246535,12,17,2,0,1,1,11,1,0.979847002029419,1,0,1,1
491213,0.040048304945230484,0.12526232252518335,0.1992626736018419,14.011480936874829,2,8,0,0,0,0,2,0,0.9962733387947083,0,0,0,0
427256,0.0427962193886439,0.11205186943213145,0.1721490069626864,15.281909563382436,10,15,2,0,1,1,8,0,0.9924411773681641,0,0,0,0
24027,0.08273635432124138,0.2597089062134425,0.3367035847373614,9.455045196837714,3,3,0,0,0,0,3,0,0.9744530121485392,0,0,0,0
263068,0.08862378324071567,0.28969145317872363,0.3853158259259709,8.283663060271,2,2,0,0,0,0,2,0,0.914957731962204,0,0,0,0
365521,0.06008997435371081,0.21217556297779083,0.33168938941102794,9.585368422727345,7,14,0,0,0,0,8,1,0.9837262119565692,0,0,0,0
224675,0.04920616187155247,0.14464463045199713,0.23864076903912376,12.445107201894928,3,5,0,0,0,0,3,0,0.990826408068339,0,0,0,0
62692,0.07883884012699127,0.26880908012390137,0.3798366904393999,8.40806173533187,2,3,0,0,0,0,2,0,0.9875833988189697,0,0,0,0
309938,0.05107503881057104,0.1186385303735733,0.1867458530872439,14.574980668572369,2,7,0,0,0,0,2,0,0.9927854239940643,0,0,0,0
160728,0.06707543631394704,0.21689707040786743,0.29946084398219935,10.473199115187978,8,37,1,0,0,1,7,0,0.9647099886621747,0,0,0,0
336356,0.04935690015554428,0.12980452924966812,0.27784795929097594,11.123855772563797,12,14,0,0,0,0,12,0,0.9908775885899862,0,0,0,0
76625,0.06233709305524826,0.1967041790485382,0.2745243200320571,11.22838350967935,7,15,0,0,0,0,7,0,0.9836117880684989,0,0,0,0
245576,0.04671991243958473,0.1120581825574239,0.19039881638731737,14.406715114624852,3,6,0,0,0,0,3,0,0.9947243531545004,0,0,0,0
215723,0.047820997734864555,0.13003943115472794,0.21473147718469937,13.36208576561952,4,6,0,0,0,0,5,1,0.9847844541072845,0,0,0,0
383921,0.0627928264439106,0.1620323732495308,0.23846393505616525,12.451545874653283,9,10,0,0,0,0,10,1,0.9904409580760531,0,0,0,0
116439,0.06211256422102451,0.17299492905537286,0.32076928736693144,9.876144414091465,3,12,0,0,0,0,3,0,0.9725592931111654,0,0,0,0
289702,0.053511157631874084,0.1619347557425499,0.23680470551191035,12.512193441216034,2,2,0,0,0,0,2,0,0.9870637357234955,0,0,0,0
214720,0.04915138830741247,0.12826253225406012,0.2305969774801516,12.742927789247416,7,11,0,0,0,0,7,0,0.9285848396165031,0,0,0,0
374545,0.062245321149627365,0.21025977035363516,0.28909594888098483,10.779159881630836,3,15,1,0,1,1,2,0,0.9754219651222229,0,0,0,0
307074,0.07381696999073029,0.22183595101038614,0.32933727436751953,9.647182261801058,6,20,2,0,1,1,4,0,0.9824914187192917,0,0,0,0
92091,0.04397691537936529,0.11608732740084331,0.19166475621238663,14.349154778397526,8,9,0,0,0,0,8,0,0.991471067070961,0,0,0,0
31735,0.047230522458752,0.1268134887019793,0.20525054284689204,13.754313711688294,3,5,0,0,0,0,3,0,0.9661664565404257,0,0,0,0
386352,0.050154992689689,0.12735648701588312,0.20827736830612387,13.62715837000845,9,13,2,0,2,1,8,1,0.9826051677976336,1,0,1,1
153011,0.05409985842804114,0.1633255034685135,0.22767259985599062,12.853784661950778,12,25,2,0,2,1,11,1,0.9830516099929809,0,0,0,0
416330,0.0488555325816075,0.1338508352637291,0.23258542328621912,12.668350141655456,1,2,0,0,0,0,1,0,0.9923834204673767,0,0,0,0
14226,0.04918614712854227,0.13078109423319498,0.1971617261549772,14.103547764870527,5,8,1,0,0,1,4,0,0.9875669777393341,0,0,0,0
240767,0.07396759403248628,0.23473982512950897,0.29746596050076685,10.5312544819007,0,0,0,0,0,0,0,0,,0,0,0,0
303653,0.06646320099631946,0.18676413595676422,0.26659335336704215,11.483013649981109,5,7,0,0,0,0,5,0,0.9794006824493409,0,0,0,0
578093,0.04658362828195095,0.14803472409645715,0.2188436662844947,13.197320362100138,1,5,0,0,0,0,1,0,0.9923735857009888,0,0,0,0
278353,0.04115369605521361,0.11684636026620865,0.15908460726323276,15.967436797268526,1,1,0,0,0,0,1,0,0.9959601759910583,0,0,0,0
553221,0.0724716807405154,0.23149295151233673,0.2889154347634492,10.784585123411077,9,20,0,0,0,0,9,0,0.9812628957960341,0,0,0,0
16010,0.0697990208864212,0.23235075175762177,0.33419886811733995,9.519900506639853,1,5,0,0,0,0,1,0,0.9885059595108032,0,0,0,0
528977,0.07179464772343636,0.2386841078599294,0.3781528375485191,8.446652728732285,0,0,0,0,0,0,0,0,,0,0,0,0
261712,0.06318835355341434,0.21882393459479013,0.29522116188669906,10.597050297330988,2,2,0,0,0,0,2,0,0.9920997321605682,0,0,0,0
454404,0.05255071818828583,0.14306460320949554,0.2260613798319631,12.915472517665147,1,5,0,0,0,0,1,0,0.985500693321228,0,0,0,0
358195,0.06946060558160146,0.22711890935897827,0.37389919865403354,8.544909312615221,2,2,0,0,0,0,2,0,0.9949490427970886,0,0,0,0
492905,0.07346633200844128,0.20631110668182373,0.2806961430380141,11.03527109671026,2,3,0,0,0,0,2,0,0.9930493831634521,0,0,0,0
214703,0.10183824847141902,0.33890600502491,0.44477715570380594,7.0371505349299115,1,4,0,0,0,0,1,0,0.9946935772895813,0,0,0,0
243495,0.05011251879235109,0.14923463016748428,0.2965118346003667,10.559159361403234,1,1,0,0,0,0,1,0,0.9959344863891602,0,0,0,0
460379,0.0831872820854187,0.2833654036124547,0.38943434547259126,8.191314985880188,3,3,1,0,1,1,2,0,0.9833897352218628,0,0,0,0
565962,0.06881802901625633,0.21272750198841095,0.2961060984360063,10.57105296063469,2,2,2,0,1,1,0,0,,1,0,0,1
124277,0.05961663896838824,0.1428984229763349,0.21564262711540305,13.325307718395297,1,7,0,0,0,0,1,0,0.9838303923606873,0,0,0,0
336209,0.07601917659242947,0.23620633284250894,0.3534945736212294,9.03234497054926,2,3,0,0,0,0,2,0,0.9830380976200104,0,0,0,0
332351,0.08593715230623881,0.29926957190036774,0.3767484945049211,8.478969489198882,8,21,1,0,0,1,7,0,0.978377708366939,0,0,0,0
412286,0.08132714281479518,0.26584964493910473,0.3842646728760303,8.307390805650606,3,3,0,0,0,0,3,0,0.9695021112759908,0,0,0,0
127263,0.060693019380172096,0.18170349299907684,0.28020481098007133,11.050488247231822,3,6,0,0,0,0,3,0,0.986653208732605,0,0,0,0
476119,0.0661777953306834,0.22014591097831726,0.31842180315994306,9.939944053118225,4,5,0,0,0,0,4,0,0.9884948879480362,0,0,0,0
97022,0.0644814061621825,0.1857601801554362,0.2662759258656296,11.493361931178525,3,6,1,0,1,1,3,1,0.9868112802505493,1,0,1,1
522638,0.06264807283878326,0.19932187596956888,0.2984893528150202,10.501423112880072,0,1,0,0,0,0,1,1,,0,0,0,0
384513,0.06274573318660259,0.19650586446126303,0.2781997135574889,11.112866430119276,1,1,0,0,0,0,1,0,0.992774248123169,0,0,0,0
84031,0.06080412988861402,0.1875672290722529,0.2896283330132527,10.763179107134064,4,16,0,0,0,0,4,0,0.9914747923612595,0,0,0,0
264535,0.043922847136855125,0.12435062229633331,0.1718952488773454,15.29472253779672,3,5,0,0,0,0,3,0,0.990949789683024,0,0,0,0
35326,0.05333198420703411,0.1383278767267863,0.1938096165081751,14.25249355573386,1,6,0,0,0,0,1,0,0.9671956896781921,0,0,0,0
36861,0.06862794794142246,0.19207858045895895,0.3044274094508259,10.330324959360107,2,2,2,0,2,1,0,0,,2,0,2,1
384468,0.051174684117237725,0.15643640359242758,0.23651855268010238,12.522695744563684,7,6,0,0,0,0,7,0,0.9821971740041461,0,0,0,0
278463,0.06317977234721184,0.16881729662418365,0.2610890536802028,11.664226717194065,5,15,0,0,0,0,6,1,0.9489802360534668,0,0,0,0
377723,0.05753078435858091,0.17771867414315543,0.2829143501845102,10.966900467764589,10,20,0,0,0,0,10,0,0.9815038979053498,0,0,0,0
433515,0.07365256175398827,0.23531220853328705,0.33093242947981477,9.605213447734391,5,26,0,0,0,0,5,0,0.9730103373527527,0,0,0,0
86220,0.054224733263254166,0.1787457267443339,0.2833071559976072,10.954849111707514,3,6,1,0,1,1,2,0,0.9890463650226593,0,0,0,0
182441,0.06217942386865616,0.17450477927923203,0.23647176663472724,12.52441408175352,1,26,0,0,0,0,1,0,0.9914547204971313,0,0,0,0
297595,0.098574115584294,0.35711752871672314,0.43570158231842265,7.2162172570612935,1,2,0,0,0,0,1,0,0.9873464107513428,0,0,0,0
330554,0.06068334107597669,0.17721364398797354,0.24207726924590542,12.320919767095543,0,0,0,0,0,0,0,0,,0,0,0,0
352900,0.053876769418517746,0.14473075916369757,0.22798868730263724,12.84173403928299,6,9,2,0,2,1,4,0,0.9859481304883957,1,0,1,1
327769,0.06035336727897326,0.16783576210339865,0.2539536752299477,11.904909953180493,4,7,2,0,2,1,2,0,0.9848594665527344,1,0,1,1
262631,0.04892827322085699,0.13837103297313055,0.24943187218704915,12.060961070832759,3,13,2,0,1,1,1,0,0.9943311214447021,0,0,0,0
389804,0.06252912431955338,0.1794480582078298,0.2618456314833955,11.63909334557884,1,2,0,0,0,0,1,0,0.9922688603401184,0,0,0,0
512564,0.05582439216474692,0.177682692805926,0.2723466524474256,11.297559169891207,4,17,0,0,0,0,4,0,0.9854949116706848,0,0,0,0
244496,0.08126898730794589,0.23438505828380585,0.37372325827289316,8.54899746900356,2,2,1,0,1,1,1,0,0.994115948677063,1,0,1,1
389812,0.05078542418777943,0.1515851393342018,0.22714525120833493,12.873926765855613,1,4,0,0,0,0,1,0,0.9879252314567566,0,0,0,0
346703,0.03999777821203073,0.0962629367907842,0.1555709958911628,16.161427362679134,16,19,0,0,0,0,17,1,0.9843297153711319,0,0,0,0
19221,0.05694201588630676,0.15616033971309662,0.22261953886483526,13.04873442367519,1,2,0,0,0,0,1,0,0.9854593873023987,0,0,0,0
343934,0.04926889203488827,0.1471119523048401,0.2263973461910309,12.902573364281881,1,1,0,0,0,0,1,0,0.9967908263206482,0,0,0,0
361586,0.06442969913283984,0.17997379104296365,0.2517226375784371,11.98155452627433,10,18,1,0,0,1,9,0,0.9843550258212619,0,0,0,0
580418,0.05095400537053744,0.15992239117622375,0.23410933299339037,12.611625447833056,6,10,0,0,0,0,6,0,0.9921837647755941,0,0,0,0
303818,0.06320613250136375,0.20844987531503043,0.3517729971422695,9.07475001969729,8,18,0,0,0,0,8,0,0.9859110936522484,0,0,0,0
334555,0.055128210534652076,0.17541842659314474,0.2810707895188872,11.023685728188177,11,20,1,0,1,1,11,1,0.9790484249591828,0,0,0,0
519611,0.052309067298968635,0.16534719616174698,0.21871916787417758,13.202263101276738,1,1,1,0,1,1,0,0,,0,0,0,0
62025,0.06356859145065148,0.1813680330912272,0.321328112184083,9.86102554920368,4,6,2,0,2,1,2,0,0.979539304971695,0,0,0,0
409268,0.05203810768822829,0.1525224025050799,0.22782755349857722,12.847875068812204,1,1,0,0,0,0,1,0,0.9667736291885376,0,0,0,0
461751,0.05206675827503204,0.12643525997797647,0.1934397664024164,14.269084818727563,1,6,0,0,0,0,2,1,0.9811988472938538,0,0,0,0
25386,0.04783657379448414,0.13653958092133203,0.301507537805861,10.414036517138639,2,8,0,0,0,0,2,0,0.9941801130771637,0,0,0,0
240049,0.05391248191396395,0.15966415156920752,0.3198073009163636,9.902232518393767,3,4,0,0,0,0,4,1,0.994960884253184,0,0,0,0
148508,0.06368592505653699,0.19956697026888529,0.29024916748919943,10.744580345163504,6,16,0,0,0,0,6,0,0.9834472835063934,0,0,0,0
189310,0.06604531655708949,0.20192555586496988,0.2853584490190062,10.892185282835992,1,1,0,0,0,0,1,0,0.9938219785690308,0,0,0,0
579091,0.05285549287994703,0.14342683305342993,0.23827907309101645,12.458281959632378,2,3,0,0,0,0,2,0,0.9766676425933838,0,0,0,0
283318,0.06282018062969048,0.19155154128869376,0.27468301174726256,11.223363989059898,3,9,0,0,0,0,3,0,0.988753875096639,0,0,0,0
66635,0.0508728064596653,0.14589582135279974,0.241118769497318,12.355379627221945,3,4,1,0,1,1,2,0,0.9912025332450867,0,0,0,0
318114,0.04844564261535803,0.12141608446836472,0.19726384144940007,14.099050276520979,5,6,3,0,3,1,2,0,0.9953393340110779,1,0,1,1
573258,0.06356315438946088,0.21359497805436453,0.3152774454062766,10.026141941588747,4,3,1,0,1,1,3,0,0.9860387841860453,1,0,1,1
132796,0.05043338487545649,0.15487143397331238,0.23758719854132904,12.483539266463108,5,9,1,0,0,1,5,1,0.9857349395751953,0,0,0,0
300276,0.05191064874331156,0.14286685983339945,0.23525616854821932,12.569179606147525,8,29,2,0,1,1,6,0,0.9675009648005167,0,0,0,0
361919,0.0665962149699529,0.247566228111585,0.3969958103268667,8.024281530305657,6,21,1,0,1,1,5,0,0.9875562191009521,0,0,0,0
58384,0.06959616392850876,0.22943496704101562,0.30441126476148983,10.33078561009005,2,4,0,0,0,0,2,0,0.9815705120563507,0,0,0,0
442463,0.0768937033911546,0.2439665844043096,0.3768214377860377,8.477287953711738,2,2,0,0,0,0,2,0,0.9911209642887115,0,0,0,0
152465,0.0660076333830754,0.20182039340337118,0.28976670138236743,10.759030461270601,2,1,2,0,1,1,0,0,,0,1,1,1
466567,0.054063959047198296,0.154315747320652,0.2857951170427888,10.878903912544652,1,1,1,0,0,1,0,0,,1,0,0,1
401244,0.0827577921251456,0.25721730788548786,0.3811738863127107,8.377537198384719,2,2,0,0,0,0,2,0,0.9951462745666504,0,0,0,0
399205,0.04348327281574408,0.11433726300795873,0.19356663968800877,14.263389784336347,10,16,0,0,0,0,10,0,0.9871638178825378,0,0,0,0
152214,0.055238811299204826,0.1646741727987925,0.30572938147680817,10.293256446277592,2,2,1,0,1,1,1,0,0.9859669804573059,1,0,1,1
17899,0.042780560751756035,0.10864609231551488,0.1948419481462125,14.206350734856896,7,11,0,0,0,0,8,1,0.9925893545150757,0,0,0,0
570471,0.04629236894349257,0.1246412346760432,0.24325491881867461,12.278767383436017,5,10,1,0,0,1,4,0,0.9901899993419647,0,0,0,0
491071,0.08659093330303828,0.25558513899644214,0.37488609645137566,8.522013322612796,2,2,0,0,0,0,3,1,0.9846720993518829,0,0,0,0
458054,0.05447489644090334,0.14933561285336813,0.22669668513685684,12.891096605612285,8,10,1,0,0,1,7,0,0.9866547414234706,1,0,0,1
51314,0.0695059100786845,0.21209597090880075,0.29749057477734536,10.530535784391464,2,2,0,0,0,0,2,0,0.9789439737796783,0,0,0,0
341196,0.08877246702710788,0.3136261800924937,0.4061134497143026,7.827052545093131,4,4,0,0,0,0,4,0,0.9706145375967026,0,0,0,0
91406,0.049284705271323524,0.1313531125585238,0.1992285512022508,14.012968464726438,13,36,2,0,0,1,11,0,0.9845137867060575,0,0,0,0
31050,0.054376731937130295,0.1428276871641477,0.28522350645716454,10.896293706561062,3,1,1,0,1,1,2,0,0.9888607859611511,0,0,0,0
1675,0.04659731065233549,0.13162186990181604,0.20699246857692868,13.680909121294986,2,2,0,0,0,0,2,0,0.9861457049846649,0,0,0,0
423617,0.04022288384536902,0.11369396994511287,0.18026817364159364,14.88161882460928,6,12,0,0,0,0,7,1,0.993103434642156,0,0,0,0
166165,0.06436369692285855,0.19116738190253577,0.30171701329156364,10.408004000655282,3,4,1,0,1,1,2,0,0.9890167117118835,1,0,1,1
410456,0.06357863793770473,0.18678067127863565,0.25388217446106115,11.907355813558675,7,11,0,0,0,0,7,0,0.9850456884929112,0,0,0,0
437205,0.055633426954348884,0.15830038487911224,0.30108203668237943,10.426303096482737,2,3,1,0,1,1,1,0,0.9817305207252502,1,0,1,1
549674,0.040478515128294625,0.10326596597830455,0.165034662226761,15.648496626891934,7,6,1,0,0,1,6,0,0.9923165639241537,0,0,0,0
17182,0.06558254112799962,0.22730119029680887,0.3111414754071377,10.140841864623859,0,8,0,0,0,0,0,0,,0,0,0,0
63047,0.05180877695480982,0.14418423424164453,0.18834269608482987,14.501024340810746,4,7,0,0,0,0,4,0,0.9823019504547119,0,0,0,0
245320,0.07684821262955666,0.24788944919904074,0.3680136723247619,8.682720925176515,2,4,0,0,0,0,2,0,0.991805374622345,0,0,0,0
223747,0.06448978185653687,0.18139556547005972,0.2640665363790105,11.565732618553447,1,3,0,0,0,0,1,0,0.9914944767951965,0,0,0,0
186873,0.06518676069875558,0.208217720190684,0.2734397752043344,11.262766233159955,7,10,0,0,0,0,7,0,0.9809269819940839,0,0,0,0
9891,0.050972880174716316,0.14244022220373154,0.22391037594167304,12.998515617494588,6,13,0,0,0,0,6,0,0.9796990056832632,0,0,0,0
389315,0.05287854000926018,0.10857770095268886,0.180910205132818,14.850738678518237,3,14,0,0,0,0,5,2,0.9938766757647196,0,0,0,0
467176,0.053706022600332894,0.16327925026416779,0.24320948207975032,12.280389942045563,6,29,0,0,0,0,6,0,0.9895894428094228,0,0,0,0
579970,0.06687599793076515,0.21001147230466208,0.2828560608041433,10.968690222466833,2,8,0,0,0,0,2,0,0.9893178343772888,0,0,0,0
337055,0.05892284462849299,0.18354137241840363,0.2749400564604313,11.215239649662397,2,2,0,0,0,0,2,0,0.9945011734962463,0,0,0,0
267670,0.06050098004440466,0.17781594892342886,0.32811463458635615,9.679487975128286,2,2,1,0,1,1,1,0,0.966157078742981,0,0,0,0
59044,0.055758328487475715,0.1555910805861155,0.2478472701189211,12.116317204235951,9,19,1,0,1,1,10,2,0.979471430182457,0,0,0,0
269866,0.06478828440109889,0.1779253532489141,0.2538478329602019,11.908530794286872,1,1,1,0,1,1,0,0,,1,0,1,1
393569,0.05694507248699665,0.1609780266880989,0.22027191710682412,13.140817367286111,4,10,1,0,1,1,3,0,0.9901782075564066,0,0,0,0
168458,0.06143203874429067,0.18176932632923126,0.34178307735627134,9.324988884542773,2,1,0,0,0,0,2,0,0.9916537404060364,0,0,0,0
219440,0.0639489156504472,0.2060804714759191,0.3207163566259384,9.877577807278282,4,5,0,0,0,0,4,0,0.9846086502075195,0,0,0,0
276434,0.05551261827349663,0.1556727041800817,0.2530035792421214,11.937466696317058,5,11,0,0,0,0,6,1,0.9899609208106994,0,0,0,0
15956,0.07071853056550026,0.2279091626405716,0.35246379924066823,9.057709635713527,2,4,0,0,0,0,3,1,0.9874436557292938,0,0,0,0
389451,0.06473687539498012,0.22801348567008972,0.3199715485025058,9.897772738458286,7,17,0,0,0,0,7,0,0.9869575500488281,0,0,0,0
330396,0.07315525785088539,0.2350019415219625,0.3369848223061276,9.44779318359021,5,6,1,0,1,1,4,0,0.9866264760494232,0,0,0,0
565607,0.07341434558232625,0.23568200568358103,0.3233358758819883,9.806922107387363,1,10,1,0,1,1,0,0,,0,0,0,0
319607,0.05256744412084421,0.13667460282643637,0.1832899613141194,14.737226408914063,2,10,1,0,1,1,1,0,0.9455586671829224,0,0,0,0
433204,0.0836456132431825,0.29091347257296246,0.40846983303720225,7.776800243060085,5,8,1,0,0,1,5,1,0.9753289520740509,0,0,0,0
300233,0.046822442983587585,0.13799589624007544,0.2230969066726192,13.030129026804254,3,4,0,0,0,0,3,0,0.9941220283508301,0,0,0,0
367228,0.07111401731769244,0.22012925148010254,0.3611048327553621,8.84733398527452,2,2,0,0,0,0,2,0,0.9933381080627441,0,0,0,0
205282,0.05540614823500315,0.1837374617656072,0.2989979279317964,10.486636426882983,3,5,0,0,0,0,3,0,0.983534574508667,0,0,0,0
182162,0.061693248649438225,0.1683828408519427,0.26476945614335834,11.542642332795868,2,9,0,0,0,0,2,0,0.9875553846359253,0,0,0,0
186637,0.06617751531302929,0.20340857406457266,0.2750464524106457,11.211879045436214,1,1,0,0,0,0,1,0,0.9824196100234985,0,0,0,0
361147,0.06750663618246715,0.20196807384490967,0.34687499333788174,9.196540157487096,8,15,1,0,1,1,7,0,0.9876511863299778,1,0,1,1
97679,0.07366979494690895,0.2401466170946757,0.3816485444412984,8.36672779245589,3,5,0,0,0,0,3,0,0.9833484490712484,0,0,0,0
437351,0.05104502042134603,0.1368001624941826,0.228212109004091,12.833226310175814,4,4,0,0,0,0,4,0,0.9770507365465164,0,0,0,0
438269,0.08376941209038098,0.27257617314656574,0.41269605224086214,7.687393709353044,1,1,0,0,0,0,1,0,0.9954401254653931,0,0,0,0
4495,0.05573193356394768,0.1910489797592163,0.33290307411412434,9.553643888717856,3,3,0,0,0,0,3,0,0.9948822458585104,0,0,0,0
231339,0.05280157923698425,0.1592352638641993,0.299418616728013,10.474424006987586,2,3,0,0,0,0,2,0,0.9950417280197144,0,0,0,0
12670,0.05258635555704435,0.1394868642091751,0.21020415246682747,13.547174179512638,4,28,4,0,3,1,0,0,,0,0,0,0
148719,0.05285582939783732,0.17492942015329996,0.3118703847365711,10.120517279217156,3,6,0,0,0,0,3,0,0.9916944702466329,0,0,0,0
41633,0.06044345100720724,0.19876121977965036,0.3170686833190138,9.976933017130019,1,3,0,0,0,0,1,0,0.9944412112236023,0,0,0,0
546556,0.07414922614892323,0.25356146693229675,0.30232080333752903,10.390639341337085,7,4,2,0,0,1,5,0,0.9789444923400878,0,0,0,0
289417,0.0780651904642582,0.24988401432832083,0.3389097781176242,9.398318017099205,6,12,1,0,1,1,5,0,0.9813413858413697,0,0,0,0
169169,0.05005947748819987,0.14168911427259445,0.18530080162753257,14.642454037619794,11,19,0,0,0,0,11,0,0.980867326259613,0,0,0,0
366199,0.05459889893730482,0.18196886281172434,0.2939079868633048,10.635772238838268,1,2,0,0,0,0,1,0,0.9522832036018372,0,0,0,0
359135,0.05130296697219213,0.15180162092049918,0.25058818425443186,12.020788214648913,2,2,0,0,0,0,2,0,0.9946367740631104,0,0,0,0
205542,0.05574683410425981,0.1609671488404274,0.29494002701553357,10.605325686139967,1,1,0,0,0,0,1,0,0.9876400828361511,0,0,0,0
123321,0.052067410200834274,0.10129814594984055,0.18394526660202967,14.706227664682972,5,21,1,0,0,1,4,0,0.9874275326728821,0,0,0,0
131386,0.07331153998772304,0.2612261970837911,0.3438945766353659,9.271493462676112,1,4,0,0,0,0,1,0,0.9939338564872742,0,0,0,0
185473,0.08795510108272235,0.29141464332739514,0.36916624905267126,8.655560222272939,9,16,0,0,0,0,10,1,0.9726749526129829,0,0,0,0
299887,0.05105650921662649,0.1507589096824328,0.23354542852986107,12.63257258539478,3,4,0,0,0,0,3,0,0.9794355233510336,0,0,0,0
199771,0.04725604131817818,0.13076999535163245,0.207850865495597,13.644963254843631,8,20,0,0,0,0,8,0,0.9921777993440628,0,0,0,0
28449,0.06446898231903712,0.18314015865325928,0.2711583582490364,11.335540084538124,3,5,0,0,0,0,3,0,0.9914558132489523,0,0,0,0
206994,0.06029749164978663,0.1914931684732437,0.2747358289345136,11.221693990774803,1,2,0,0,0,0,1,0,0.9933745861053467,0,0,0,0
79188,0.04779511441787084,0.1538839489221573,0.30074716643216826,10.435969115750424,2,1,0,0,0,0,2,0,0.9941659271717072,0,0,0,0
89880,0.08113508919874828,0.2815192292133967,0.3598163882280323,8.878381202526572,2,2,0,0,0,0,2,0,0.9908775389194489,0,0,0,0
46497,0.053237674136956535,0.16002536316712698,0.25017453975860615,12.035137810116046,6,4,0,0,0,0,6,0,0.9826957980791727,0,0,0,0
451714,0.07552588110168774,0.21929075320561728,0.346005094325173,9.218350138536119,3,6,0,0,0,0,3,0,0.9893102447191874,0,0,0,0
383384,0.07335284724831581,0.24611384173234305,0.3407126059773719,9.352235954698722,6,12,0,0,0,0,6,0,0.9864217638969421,0,0,0,0
503755,0.051611714685956635,0.1517134035627047,0.28231673814891445,10.985267448027686,2,2,1,0,1,1,1,0,0.9927340745925903,1,0,1,1
527220,0.07140488922595978,0.2550346553325653,0.3629751710609528,8.802461628204124,3,4,0,0,0,0,3,0,0.9841755032539368,0,0,0,0
409542,0.06571444496512413,0.1895388513803482,0.31989705191316736,9.89979524481634,6,8,0,0,0,0,6,0,0.9719371497631073,0,0,0,0
211825,0.04527857775489489,0.126693365474542,0.21108512131442722,13.510847551636529,5,6,2,0,2,1,3,0,0.990364650885264,1,0,1,1
338901,0.05185744042197863,0.14216780165831247,0.2195462597411598,13.169479145467593,4,4,1,0,0,1,4,1,0.9828811685244242,1,0,0,1
568195,0.04704558849334717,0.13498433927694956,0.2976189444278385,10.526788559390447,8,13,0,0,0,0,9,1,0.9859711974859238,0,0,0,0
115870,0.049379533156752586,0.13783028970162073,0.21798945500877928,13.231290287748667,7,15,1,0,1,1,6,0,0.9746634463469187,0,0,1,1
210855,0.07282579566041629,0.2313139239947001,0.34174357506989617,9.325992832228119,2,5,0,0,0,0,2,0,0.9713449478149414,0,0,0,0
271728,0.04708872735500336,0.12989369283119837,0.2001987723901439,13.970771798454786,6,8,1,0,1,1,5,0,0.9937536954879761,0,0,0,0
34071,0.06348321090141933,0.20096666614214578,0.2783533344670819,11.108071435983689,0,2,0,0,0,0,0,0,,0,0,0,0
196141,0.05698225771387418,0.16878588994344076,0.25200713699645194,11.971743191171868,9,13,0,0,0,0,9,0,0.981029835012224,0,0,0,0
359540,0.06545078133543332,0.21272529661655426,0.28439372459558543,10.921599818731336,7,9,0,0,0,0,7,0,0.9806714313370841,0,0,0,0
500565,0.04794115759432316,0.1303273638089498,0.2064903110729586,13.702006429426984,3,3,0,0,0,0,3,0,0.9752527674039205,0,0,0,0
132622,0.04725770031412443,0.1342870369553566,0.19342210503469312,14.26987789089277,1,1,0,0,0,0,1,0,0.996338427066803,0,0,0,0
118209,0.05059220517675082,0.16323661307493845,0.23934428756810774,12.419538667359422,2,2,0,0,0,0,2,0,0.9956728518009186,0,0,0,0
270883,0.05457112813989321,0.15237082044283548,0.23782231059823533,12.474948115019586,2,3,0,0,0,0,2,0,0.9831191897392273,0,0,0,0
121586,0.05826596481104692,0.16679265101750693,0.2087145805693339,13.608944210869433,1,15,0,0,0,0,1,0,0.9969183802604675,0,0,0,0
348881,0.0634037038932244,0.19923745095729828,0.27274501145043595,11.28486367964015,3,5,0,0,0,0,3,0,0.9824402928352356,0,0,0,0
347163,0.05489728848139445,0.1779934416214625,0.3053593037515534,10.303776865816507,1,1,1,0,1,1,0,0,,1,0,1,1
7816,0.06440224995215733,0.21172734598318735,0.28762502824961406,10.823466513365549,9,11,0,0,0,0,9,0,0.9853886167208353,0,0,0,0
232692,0.0710235523680846,0.21668531994024912,0.2875244297220282,10.82650498521026,3,9,0,0,0,0,4,1,0.9810184041659037,0,0,0,0
332318,0.06583337485790253,0.2277552435795466,0.2862886297813221,10.863918000887459,5,17,2,0,1,1,3,0,0.9566738406817118,0,0,0,0
456143,0.05680358409881592,0.15615618228912354,0.23433121853738323,12.60339698219215,3,8,0,0,0,0,4,1,0.9718656142552694,0,0,0,0
168337,0.06640187278389931,0.2106573780377706,0.28225515051125816,10.987162488983916,5,6,1,0,1,1,4,0,0.9771726876497269,0,0,0,0
297578,0.06464070950945218,0.20090797046820322,0.29595033261585646,10.5756233518456,5,10,0,0,0,0,5,0,0.984013307094574,0,0,0,0
92939,0.05770094382266203,0.152229905128479,0.30419147917018063,10.337059106199533,7,14,1,0,1,1,7,1,0.9898857971032461,0,0,0,0
439290,0.060111645609140396,0.20150827368100485,0.3170537243531714,9.97734281790305,1,8,0,0,0,0,1,0,0.9723196625709534,0,0,0,0
76417,0.05281096510589123,0.16581049064795175,0.23820964984748708,12.460812985475595,3,5,0,0,0,0,3,0,0.9899903138478597,0,0,0,0
438226,0.05966457476218542,0.1913457065820694,0.292901721529921,10.665561514900087,5,6,1,0,1,1,4,0,0.9926822930574417,0,0,0,0
172396,0.06031699478626251,0.18123088280359903,0.27288827101347685,11.280302606029887,1,2,0,0,0,0,2,1,0.9879098534584045,0,0,0,0
539962,0.06156543890635172,0.188241978486379,0.2503874131874843,12.027750132284377,0,18,0,0,0,0,0,0,,0,0,0,0
110449,0.04935168040295442,0.1390889286994934,0.21427069616111472,13.380744387444327,3,4,0,0,0,0,3,0,0.9811766942342123,0,0,0,0
360325,0.05652584508061409,0.142059455315272,0.22633722002693715,12.904880452221338,6,13,3,0,3,1,3,0,0.9789502422014872,0,0,0,0
379441,0.0620944711069266,0.18475525081157684,0.2644149097160694,11.5542811936484,2,19,0,0,0,0,2,0,0.9838610887527466,0,0,0,0
377393,0.055054692551493645,0.15112530688444772,0.20556199405721567,13.741143561725522,2,15,1,0,0,1,1,0,0.9831013083457947,0,0,0,0
290771,0.05106429445246855,0.1405568321545919,0.19655118271075647,14.130486770969945,3,17,0,0,0,0,3,0,0.9851847092310587,0,0,0,0
550471,0.05932122593124708,0.16841871539751688,0.2589352136078473,11.73617768302551,2,2,2,0,2,1,0,0,,1,0,1,1
192191,0.052687015384435654,0.1263667419552803,0.27654291917506413,11.164749141478383,2,2,0,0,0,0,2,0,0.9946979880332947,0,0,0,0
559842,0.05633409818013509,0.1832384616136551,0.23979131741766424,12.403330925649534,16,17,2,0,0,1,14,0,0.9829775435583932,0,0,0,0
563603,0.07268672933181126,0.23099298775196075,0.3261344678035508,9.732065999603499,3,4,0,0,0,0,3,0,0.9936320583025614,0,0,0,0
218439,0.04958831643064817,0.11813035110632579,0.20345641811264642,13.830572112090834,4,13,1,0,0,1,3,0,0.9949085315068563,0,0,0,0
171740,0.04635171592235565,0.12995792677005133,0.19949992153566729,14.001145415748512,1,3,0,0,0,0,1,0,0.9979429841041565,0,0,0,0
459662,0.045212600380182266,0.11587970703840256,0.1911063408329492,14.374498059729133,4,5,0,0,0,0,4,0,0.995708554983139,0,0,0,0
267300,0.05675399303436279,0.13729271292686462,0.22380953273872153,13.002428389428182,3,3,1,0,1,1,2,0,0.9857975244522095,0,0,0,0
369751,0.07038491343458493,0.21763734022776285,0.3412539756568198,9.33844560659819,6,10,1,0,1,1,5,0,0.9890177845954895,1,0,1,1
332901,0.0552259994049867,0.16111442198355994,0.24392045707836058,12.25503549649866,4,9,1,0,1,1,3,0,0.9881656765937805,0,0,0,0
312263,0.05873753875494003,0.1687834933400154,0.21802522674548636,13.22986506345738,1,1,0,0,0,0,1,0,0.990915060043335,0,0,0,0
370813,0.08173114185531934,0.2552560766537984,0.3397129799164748,9.377757181621721,2,2,1,0,0,1,1,0,0.9815272092819214,0,0,0,0
74200,0.055070665975411735,0.13968353470166525,0.2189282311786217,13.193964635745685,6,9,2,0,1,1,4,0,0.9874210953712463,1,0,0,1
240023,0.062174251303076744,0.19063716133435568,0.332730784389421,9.558140323353348,7,9,1,0,1,1,6,0,0.9874441623687744,0,0,0,0
356261,0.06599809726079305,0.23021647334098816,0.30630761499052617,10.276844124772493,1,2,0,0,0,0,1,0,0.9941114187240601,0,0,0,0
2153,0.06630601609746616,0.2280216763416926,0.2995748961289102,10.46989165185999,5,5,0,0,0,0,5,0,0.9799921154975891,0,0,0,0
400922,0.06303546205163002,0.20887751380602518,0.2940716660944034,10.63093635798104,2,2,1,0,1,1,1,0,0.9883244633674622,1,0,1,1
544605,0.07472198208173116,0.2557835429906845,0.32846557888228833,9.67020270075865,1,1,0,0,0,0,1,0,0.9869295358657837,0,0,0,0
374727,0.0624136496335268,0.21609236796696982,0.29042766989096613,10.739240189982844,0,0,0,0,0,0,0,0,,0,0,0,0
535156,0.05517244152724743,0.1698660304148992,0.2748201984858049,11.219027021146514,2,3,0,0,0,0,2,0,0.9880630970001221,0,0,0,0
563281,0.043487196788191795,0.12290133535861969,0.1752088654530571,15.128878451951067,1,2,0,0,0,0,1,0,0.9900935888290405,0,0,0,0
334767,0.06525477021932602,0.19471165041128793,0.2672261900488371,11.462419603847732,5,11,0,0,0,0,5,0,0.9836455821990967,0,0,0,0
90631,0.10028493404388428,0.3595552345116933,0.4553820091226551,6.83248262299438,1,1,0,0,0,0,1,0,0.9930143356323242,0,0,0,0
163562,0.051562910278638206,0.1778853784004847,0.2693561469232656,11.3934621811321,2,2,0,0,0,0,2,0,0.9980325698852539,0,0,0,0
153568,0.04875755123794079,0.12942083676656088,0.19316372127756076,14.281488731126215,0,1,0,0,0,0,0,0,,0,0,0,0
262487,0.07063364113370578,0.22439790765444437,0.3197563697712149,9.903615906247431,4,4,0,0,0,0,4,0,0.9803440123796463,0,0,0,0
248616,0.05310598388314247,0.17247511943181357,0.25758699175243965,11.781521456118814,6,7,1,0,1,1,5,0,0.9732924699783325,0,0,0,0
254368,0.06395596514145534,0.1675285150607427,0.3013660395615651,10.41811378375851,2,2,1,0,0,1,1,0,0.9389393925666809,0,0,0,0
125936,0.0486732783416907,0.14140894263982773,0.21249655811274115,13.452961999779243,8,29,1,0,1,1,7,0,0.984442915235247,0,0,0,0
134886,0.0889183667798837,0.3157758166392644,0.4248389552410764,7.435513356866297,3,12,1,0,1,1,2,0,0.9831440150737762,0,0,0,0
447789,0.05837126697103182,0.2079382687807083,0.2669544995983823,11.471255091605304,0,0,0,0,0,0,0,0,,0,0,0,0
561335,0.06497379516561826,0.20902744432290396,0.2737484806251224,11.252965651836977,0,2,0,0,0,0,0,0,,0,0,0,0
368900,0.05698294068376223,0.1591290906071663,0.22946781943011765,12.785564226400616,2,6,0,0,0,0,2,0,0.9898575246334076,0,0,0,0
200961,0.06483443702260654,0.22048242886861166,0.279242379928315,11.08037338485495,5,8,1,0,1,1,4,0,0.9873456656932831,0,0,0,0
5600,0.05868427579601606,0.1582025537888209,0.2565105813636256,11.817894300474185,4,3,0,0,0,0,4,0,0.9849437177181244,0,0,0,0
502910,0.0733987068136533,0.2375786950190862,0.3642600821071456,8.7717683769987,0,0,0,0,0,0,0,0,,0,0,0,0
541634,0.03880402321616808,0.08283305913209915,0.1342317571496486,17.442894493587403,4,11,1,0,1,1,3,0,0.9941245913505554,0,0,0,0
128699,0.06759775678316753,0.21914676825205484,0.35868552996185976,8.905722864276868,7,13,0,0,0,0,8,1,0.987699202128819,0,0,0,0
204186,0.04193231711784998,0.13202361514170965,0.20911118135882586,13.592454889068986,3,19,1,0,1,1,3,1,0.9901510775089264,0,0,0,0
357737,0.04307248629629612,0.12649284799893698,0.201284575708426,13.923790070172164,5,11,0,0,0,0,5,0,0.987342119216919,0,0,0,0
463918,0.05692439650495847,0.1534104918440183,0.2552040785718418,11.862247783414784,7,10,1,0,0,1,7,1,0.9809719522794088,0,0,0,0
287667,0.046311640491088234,0.12992178152004877,0.18830556356669037,14.502736967630723,4,5,3,0,3,1,1,0,0.996077299118042,1,0,1,1
256941,0.059941393633683525,0.1805530016620954,0.31866071176932337,9.933429562880912,1,3,0,0,0,0,1,0,0.9781564474105835,0,0,0,0
499622,0.049818335101008415,0.14539450903733572,0.21901147485312938,13.190662604125396,2,2,0,0,0,0,2,0,0.9891763031482697,0,0,0,0
488710,0.046727766593297325,0.12105854600667953,0.18051401986334992,14.869781247705152,1,1,0,0,0,0,1,0,0.993279218673706,0,0,0,0
236426,0.05844139556090037,0.18400087455908457,0.2372401379861104,12.496236640793876,10,19,2,0,2,1,8,0,0.9793547913432121,1,0,1,1
50943,0.10055924703677495,0.35743539532025653,0.43705080926760753,7.189361425266552,1,2,0,0,0,0,1,0,0.9779508709907532,0,0,0,0
482487,0.07821014026800792,0.2329003314177195,0.3349600223343407,9.500140463181957,2,2,1,0,1,1,1,0,0.990135133266449,0,0,0,0
75456,0.06030574937661489,0.18005559841791788,0.26679035200815654,11.476597598961444,1,1,0,0,0,0,1,0,0.9786199927330017,0,0,0,0
475191,0.07275256514549255,0.24245458841323853,0.3204563037260783,9.884623618966081,3,2,1,0,0,1,2,0,0.9912529587745667,1,0,0,1
311518,0.06142618010441462,0.21275047461191812,0.29179683936554324,10.698388330656543,1,1,0,0,0,0,2,1,0.9706158638000488,0,0,0,0
27186,0.05090810606877009,0.15789444744586945,0.2616184413853794,11.646632920286686,3,4,0,0,0,0,3,0,0.9875151515007019,0,0,0,0
81594,0.048946733896931015,0.14006041983763376,0.27158269091947534,11.321958257617597,2,3,0,0,0,0,2,0,0.9921100437641144,0,0,0,0
249550,0.06235491608579954,0.2128711442152659,0.3777205218914224,8.456588378531025,2,3,0,0,0,0,2,0,0.9804944097995758,0,0,0,0
540962,0.05261430020133654,0.1435346578558286,0.2094100856078996,13.580048113279348,5,4,2,0,1,1,3,0,0.9932168324788412,0,0,0,0
493286,0.056273120145003,0.1785318007071813,0.284013953318274,10.933206459603538,3,8,0,0,0,0,4,1,0.986775815486908,0,0,0,0
134096,0.05136630808313688,0.1322876363992691,0.2057417492667472,13.73355144015305,1,4,0,0,0,0,1,0,0.9979509711265564,0,0,0,0
198805,0.05812073747316996,0.19755079845587412,0.28397231361519665,10.934480004008378,3,8,0,0,0,0,3,0,0.9791215260823568,0,0,0,0
260105,0.047441599890589714,0.11600635945796967,0.20286791680338961,13.855732608566694,3,5,1,0,1,1,2,0,0.993131548166275,1,0,1,1
31217,0.07337284212311108,0.25868084530035657,0.33947185726486645,9.38392447133269,3,3,0,0,0,0,3,0,0.9692334532737732,0,0,0,0
89670,0.05258495733141899,0.1491573601961136,0.23740708818492434,12.490126372022477,2,3,2,0,1,1,0,0,,0,0,0,0
290081,0.0370309092104435,0.08872675150632858,0.14556064702536525,16.739120452356158,5,4,1,2,0,1,2,0,0.9964598715305328,0,0,0,0
453302,0.05997953936457634,0.1651590516169866,0.25224177210197696,11.96365982304901,4,7,0,0,0,0,5,1,0.9857658594846725,0,0,0,0
125806,0.05657878518104553,0.1666980137427648,0.24921066714084808,12.068667444008675,2,2,2,0,0,1,0,0,,0,0,0,0
368940,0.06361277649799983,0.19546020527680716,0.2689631784800559,11.406143431736295,1,1,0,0,0,0,1,0,0.9917090535163879,0,0,0,0
312552,0.06012096938987573,0.18582996726036072,0.26361212091222475,11.58069249428648,2,2,0,0,0,0,2,0,0.9918110370635986,0,0,0,0
386912,0.04983878073592981,0.11695155749718349,0.1674804679469238,15.520716686869676,2,17,1,0,1,1,1,0,0.9880977272987366,0,0,0,0
313454,0.05736510703961054,0.16855104267597198,0.23342692044153737,12.636981189890369,6,7,0,0,0,0,6,0,0.9875398774941763,0,0,0,0
468501,0.060954573253790535,0.1700065682331721,0.24842923031668232,12.095946123340271,3,11,0,0,0,0,3,0,0.9912523428599039,0,0,0,0
343315,0.06636125966906548,0.2270674705505371,0.3103888875166948,10.161876713262165,1,1,0,0,0,0,1,0,0.9947705864906311,0,0,0,0
3553,0.05875106404225031,0.18218102057774863,0.2803775788122981,11.045134378117965,2,2,1,0,1,1,1,0,0.9864299297332764,1,0,1,1
163258,0.0618128969023625,0.1908180465300878,0.2557779351288357,11.842738459469889,2,2,0,0,0,0,2,0,0.9941609501838684,0,0,0,0
559956,0.04569852352142334,0.11632673442363739,0.1949743145687894,14.200451954880561,8,9,2,0,2,1,6,0,0.989272932211558,0,0,0,0
564091,0.053566900392373405,0.160420094927152,0.3160972891823269,10.003584572180568,4,5,0,0,0,0,4,0,0.9812067002058029,0,0,0,0
551304,0.06306968877712886,0.18343025942643484,0.33725585584911044,9.4408100167608,1,1,0,0,0,0,1,0,0.9917269945144653,0,0,0,0
269682,0.07295928771297137,0.2619478106498718,0.3980702299420731,8.000806006485549,5,10,0,0,0,0,5,0,0.9780866026878356,0,0,0,0
515077,0.04845360418160757,0.12641518066326776,0.2015269138977944,13.91333891335956,10,12,1,1,1,1,8,0,0.9899012893438339,0,1,1,1
372466,0.06155982116858164,0.19122105836868286,0.2619505290123305,11.635614403041522,4,7,1,0,1,1,3,0,0.9885344703992208,1,0,1,1
776,0.05064070597290993,0.13096319884061813,0.2848976293678223,10.906223290167066,1,4,1,0,1,1,0,0,,0,0,0,0
81738,0.05563190703590711,0.1625964492559433,0.2613975425253834,11.65396999331012,3,5,1,0,1,1,2,0,0.9748493134975433,0,0,0,0
202001,0.048590874299407005,0.12259278943141301,0.21681359225270594,13.27826989882529,2,3,0,0,0,0,2,0,0.9877225756645203,0,0,0,0
286182,0.044732751324772835,0.1223610093196233,0.24764879316812463,12.123275681246179,8,35,1,0,0,1,7,0,0.9873757702963692,0,0,0,0
440171,0.05675883591175079,0.18310454487800598,0.33820471498414717,9.416406842079342,3,3,0,0,0,0,3,0,0.9740094741185507,0,0,0,0
370208,0.044947925955057144,0.13587654381990433,0.2148402345409542,13.357687643545113,3,4,0,0,0,0,3,0,0.994665265083313,0,0,0,0
461275,0.0766459380586942,0.2690610686937968,0.3618491363401763,8.829449192174515,0,0,0,0,0,0,0,0,,0,0,0,0
155291,0.056475566079219185,0.16646087169647217,0.25932107447811054,11.723243751952815,1,1,0,0,0,0,1,0,0.9892488718032837,0,0,0,0
141328,0.05540840265651544,0.12823728223641714,0.18379921348506814,14.713127027640773,5,15,2,0,2,1,3,0,0.9853394428888956,0,0,0,0
295478,0.05726777265469233,0.1812417209148407,0.2733873990660166,11.264430134955232,2,3,0,0,0,0,2,0,0.9919511079788208,0,0,0,0
140420,0.07340146725376447,0.2682897498210271,0.35775394109884023,8.9283114650995,1,1,0,0,0,0,1,0,0.9893093109130859,0,0,0,0
172617,0.05183396364251772,0.14513729512691498,0.28329704051949006,10.955159246814564,3,12,1,0,1,1,2,0,0.9941532909870148,0,0,0,0
164883,0.04745942788819472,0.1234978437423706,0.19342036022378775,14.269956244415585,4,4,1,0,1,1,3,0,0.9920978943506876,0,0,1,1
74457,0.07904786244034767,0.2889627416928609,0.3679057444843164,8.685268620742887,2,2,0,0,0,0,2,0,0.9902254641056061,0,0,0,0
451308,0.06813966358701389,0.16701729347308478,0.3136068107946941,10.07229028082127,11,22,2,0,2,1,9,0,0.9777021474308438,0,0,0,0
506933,0.0515406367679437,0.13664001723130545,0.21994936731452192,13.153545658712321,2,5,1,0,1,1,1,0,0.9970995187759399,1,0,1,1
521717,0.06839645405610402,0.2044810652732849,0.2817127391852247,11.003870271306706,5,6,0,0,0,0,5,0,0.9865788221359253,0,0,0,0
277584,0.05605368067820867,0.16689834743738174,0.2441655138960574,12.24631352217854,1,2,0,0,0,0,1,0,0.9807202816009521,0,0,0,0
3501,0.042075383787353836,0.09541241079568863,0.1528508493743558,16.314642872147328,1,3,0,0,0,0,3,2,0.9992974400520325,0,0,0,0
388215,0.06587658946712811,0.22806301216284433,0.32606253570174826,9.733981967621956,3,3,0,0,0,0,3,0,0.975366493066152,0,0,0,0
355240,0.06739632909496625,0.19807613889376322,0.2867535190331178,10.849824874825993,1,4,0,0,0,0,1,0,0.9585610032081604,0,0,0,0
402096,0.06436757619182269,0.20241755743821463,0.36212628503346356,8.822799013149782,0,0,0,0,0,0,0,0,,0,0,0,0
158956,0.05374889696637789,0.1866569072008133,0.27234723631322866,11.297540548812346,2,5,0,0,0,0,2,0,0.9884757697582245,0,0,0,0
72813,0.04795223847031593,0.13785831878582636,0.23258113739385916,12.668510199540894,3,3,0,0,0,0,3,0,0.9856802225112915,0,0,0,0
427055,0.057967888191342354,0.18231950203577676,0.26689044680459917,11.473339425283944,3,9,0,0,0,0,3,0,0.9674776792526245,0,0,0,0
490125,0.06562097743153572,0.19436254103978476,0.28610519161613956,10.86948522978885,13,14,1,0,0,1,12,0,0.9761191159486771,1,0,0,1
78823,0.047588884830474854,0.14041951298713684,0.22316474371654682,13.02748831106741,4,5,0,0,0,0,4,0,0.9936365038156509,0,0,0,0
456394,0.05176494208474954,0.1262705127398173,0.17392437305045352,15.192791069593888,1,3,0,0,0,0,1,0,0.9946056008338928,0,0,0,0
415727,0.05010740334788958,0.13139339039723077,0.1998577154972627,13.985581623263236,3,11,0,0,0,0,3,0,0.9824806253115336,0,0,0,0
322968,0.06326213913659255,0.19483544925848642,0.3344659297919385,9.512962296754377,2,1,1,0,0,1,1,0,0.9712197184562683,0,0,0,0
251537,0.05196865648031235,0.17873488863309225,0.2510201308163307,12.005828968636267,0,2,0,0,0,0,0,0,,0,0,0,0
342367,0.05070845472315947,0.14309076716502508,0.2012293007210291,13.926175639820356,4,6,0,0,0,0,4,0,0.9883435368537903,0,0,0,0
319935,0.05542605991164843,0.17099582652250925,0.25713368609637105,11.796820487567565,6,13,0,0,0,0,6,0,0.9837650756041209,0,0,0,0
278705,0.05222917472322782,0.14786228785912195,0.20339224087588703,13.833312376255781,6,6,0,0,0,0,6,0,0.980488508939743,0,0,0,0
118405,0.06720474983255069,0.2171537528435389,0.32167443527191075,9.85166905622316,0,2,0,0,0,0,0,0,,0,0,0,0
379533,0.08105359102288882,0.26915641129016876,0.40243898765829295,7.905999042906715,3,3,0,0,0,0,3,0,0.9837554494539896,0,0,0,0
158227,0.06063977132240931,0.18204016983509064,0.2684270665716619,11.423473893007854,2,2,1,0,1,1,1,0,0.9935877323150635,1,0,1,1
268378,0.05329331258932749,0.16208497683207193,0.2427622810672612,12.296375808021745,15,21,1,0,1,1,15,1,0.9797083224569049,1,0,1,1
562243,0.05082349479198456,0.1649248550335566,0.2708341060029652,11.34593292114027,2,2,1,0,1,1,1,0,0.9943092465400696,1,0,1,1
100283,0.05957669268051783,0.18740644057591757,0.31290636296327373,10.091712107370718,2,6,1,0,1,1,1,0,0.983159065246582,1,0,1,1
122217,0.07419951943059762,0.2549152672290802,0.3694082262946793,8.649868751028368,6,4,0,0,0,0,6,0,0.9765589535236359,0,0,0,0
506279,0.051603282491366066,0.16363623241583505,0.24416322029279988,12.246395114693474,1,2,1,0,1,1,0,0,,0,0,0,0
182021,0.08586786687374115,0.2819160272677739,0.36237309484634683,8.81688109813492,3,5,1,0,1,1,2,0,0.9943226873874664,0,0,0,0
446206,0.05989346653223038,0.18500139315923056,0.27822512792920717,11.112072984494061,2,6,0,0,0,0,2,0,0.9832289218902588,0,0,0,0
243075,0.058834501231710114,0.15225627273321152,0.200597961605847,13.953469688309063,1,1,0,0,0,0,1,0,0.9978124499320984,0,0,0,0
249219,0.05116957674423853,0.17566165824731192,0.2971317839173615,10.541017792494955,2,1,0,0,0,0,2,0,0.9894015192985535,0,0,0,0
361180,0.07269040370980899,0.21430094043413797,0.28976375652208164,10.759118735255491,1,1,1,0,1,1,0,0,,0,0,0,0
99114,0.06250173971056938,0.19998095432917276,0.28249684358368415,10.979728006225141,9,20,1,0,1,1,8,0,0.9878337606787682,0,0,0,0
361142,0.07725307097037633,0.22259982923666635,0.3704208508730365,8.626091500048584,7,16,0,0,0,0,7,0,0.9862319912229266,0,0,0,0
325306,0.049504668141404785,0.1612625097235044,0.23257826029160827,12.668617647408242,2,2,0,0,0,0,2,0,0.9882582426071167,0,0,0,0
139872,0.0517201212545236,0.16486276189486185,0.24640145239107997,12.167134731810311,3,4,0,0,0,0,4,1,0.9931186238924662,0,0,0,0
558558,0.06523798654476802,0.2036004662513733,0.27314975697246996,11.271983631017424,0,5,0,0,0,0,1,1,,0,0,0,0
333772,0.04931222523252169,0.1274597371617953,0.21000389095001026,13.55545317175359,4,8,0,0,0,0,4,0,0.989647388458252,0,0,0,0
276055,0.05139985432227453,0.14654628932476044,0.22684969724547796,12.885235920174942,4,8,0,0,0,0,4,0,0.9873828589916229,0,0,0,0
322864,0.05511392839252949,0.1635083258152008,0.3089212207982315,10.203045151612605,6,6,0,0,0,0,6,0,0.9918651779492696,0,0,0,0
503823,0.0821507362027963,0.27513329188028973,0.35617066128936614,8.966837147478032,1,4,0,0,0,0,1,0,0.9901366829872131,0,0,0,0
124442,0.10209734241167705,0.33251016835371655,0.5006291554259096,6.009677234712536,2,2,0,0,0,0,2,0,0.9932919442653656,0,0,0,0
14439,0.0589673767487208,0.17333603401978812,0.2382522366876495,12.459260271165707,11,20,2,0,2,1,10,1,0.9842042922973633,0,0,0,0
469828,0.07420152674118678,0.2527505209048589,0.3320421510483463,9.576135626778932,1,2,0,0,0,0,1,0,0.9920343160629272,0,0,0,0
132116,0.03804048461218675,0.08345377445220947,0.15265540324090476,16.32575638463624,4,8,0,0,0,0,5,1,0.9889982342720032,0,0,0,0
8211,0.05962481598059336,0.17250591019789377,0.25790058549099304,11.770953438340989,4,6,0,0,0,0,4,0,0.9944761991500854,0,0,0,0
491867,0.06119623780250549,0.17391592264175415,0.30629808474287695,10.277114375863356,4,6,1,0,1,1,3,0,0.9923164248466492,1,0,1,1
503855,0.07074752449989319,0.2265398104985555,0.31926847705667805,9.916879187380104,15,17,1,0,1,1,14,0,0.9832045606204441,0,0,0,0
165518,0.09667661413550377,0.3483852843443553,0.49579450582903145,6.093965803939785,2,2,0,0,0,0,2,0,0.9897035658359528,0,0,0,0
189213,0.061681740606824555,0.1847051978111267,0.2489806225668418,12.076689029150565,1,3,0,0,0,0,1,0,0.9913816452026367,0,0,0,0
55167,0.07471417014797528,0.25272924701372784,0.3433477924859131,9.285314810117733,6,11,1,0,1,1,5,0,0.9752276778221131,0,0,0,0
343218,0.07090996950864792,0.23217082023620605,0.3163434845875318,9.996822116893952,9,22,0,0,0,0,9,0,0.923414409160614,0,0,0,0
185802,0.05917121904591719,0.15414934108654657,0.2699448675191688,11.37449850771797,1,4,0,0,0,0,1,0,0.9929837584495544,0,0,0,0
214224,0.06044907743732134,0.18795277178287506,0.258987083365663,11.734437904699382,4,8,0,0,0,0,4,0,0.9876186102628708,0,0,0,0
459437,0.05226095703740915,0.15393450607856116,0.23838559403916149,12.454399862724706,4,6,0,0,0,0,4,0,0.9877750128507614,0,0,0,0
325527,0.058063375453154244,0.18012039363384247,0.25662534017980276,11.814009238497114,1,1,0,0,0,0,1,0,0.9914085865020752,0,0,0,0
127530,0.06216579054792722,0.18666325012842813,0.2804534708252358,11.042783617926503,3,3,1,0,1,1,2,0,0.9952276647090912,0,0,0,0
261535,0.06219742757578691,0.19075040022532144,0.3303449820954604,9.620645713835133,8,7,0,0,0,0,8,0,0.9828212037682533,0,0,0,0
270386,0.06424629501998425,0.18847802529732385,0.2541463953080671,11.898320914890908,0,0,0,0,0,0,0,0,,0,0,0,0
482978,0.053594283759593964,0.17376231153806052,0.2819584658125898,10.996297223463532,1,2,0,0,0,0,1,0,0.9970981478691101,0,0,0,0
365886,0.04906847576300303,0.15073810517787933,0.2448239974442601,12.222920305134966,2,2,1,0,1,1,1,0,0.9973677396774292,1,0,1,1
14888,0.05648336994151274,0.15561659882465997,0.23449644933921093,12.597274576595204,0,1,0,0,0,0,0,0,,0,0,0,0
221708,0.061816323548555374,0.1850285828113556,0.32763813855495694,9.692111002707165,5,9,1,0,1,1,5,1,0.9909915179014206,1,0,1,1
569972,0.08328220993280411,0.27034400403499603,0.3798081048851875,8.40871543814344,2,2,0,0,0,0,2,0,0.9847673773765564,0,0,0,0
138979,0.04892046873768171,0.1480455274383227,0.24728649344291695,12.13599207499004,6,7,1,0,1,1,5,0,0.989773952960968,0,0,0,0
427338,0.05895303996900717,0.2049923837184906,0.2667820156003818,11.476869011509436,1,4,1,0,1,1,1,1,,0,0,0,0
250137,0.04832395911216736,0.1144479513168335,0.22822845963671512,12.832604017591393,7,14,3,0,2,1,4,0,0.9858209937810898,1,0,1,1
150638,0.05026756972074509,0.12111068516969681,0.18956539528049457,14.44481878409059,9,18,0,0,0,0,9,0,0.9885345233811272,0,0,0,0
6460,0.07570417101184528,0.26006341973940533,0.33487942698680884,9.50223064254685,2,2,0,0,0,0,2,0,0.9503398835659027,0,0,0,0
184762,0.055359731117884316,0.13683227449655533,0.21707518570493575,13.267796375439364,1,1,1,0,1,1,0,0,,0,0,0,0
231237,0.06024098147948583,0.17673205335934958,0.31446527422685894,10.04854611689052,0,2,0,0,0,0,0,0,,0,0,0,0
378673,0.06813892473777135,0.22770232955614725,0.3232835134499939,9.808328852418464,2,19,0,0,0,0,4,2,0.9932502806186676,0,0,0,0
130599,0.05716173971692721,0.16338633000850677,0.24459740385352474,12.230963137169809,2,1,0,0,0,0,2,0,0.9943177700042725,0,0,0,0
161925,0.04718232216934363,0.12248590340216954,0.230483632257204,12.74719821006566,3,3,1,0,0,1,2,0,0.9950575232505798,0,0,0,0
189451,0.044020513693491616,0.12881389260292053,0.2027117363553084,13.862422126604127,3,2,1,0,1,1,2,0,0.9908334612846375,1,0,1,1
357060,0.1005912038187186,0.37728722890218097,0.4751962072924362,6.46254068539162,1,1,0,0,0,0,1,0,0.988260805606842,0,0,0,0
349152,0.046444895987709366,0.12569223592678705,0.28562323821627245,10.884129227935823,11,15,0,1,1,1,11,1,0.9849327504634857,0,0,0,0
458045,0.060317566618323326,0.17803987363974252,0.24709702317245713,12.142649731987781,8,11,0,0,0,0,8,0,0.9869263991713524,0,0,0,0
514540,0.06798622943460941,0.2168289522329966,0.3458438503551758,9.222398847042005,0,0,0,0,0,0,0,0,,0,0,0,0
237928,0.06508312995235126,0.1737735172112783,0.3252906607340141,9.754568107243776,3,4,0,0,0,0,3,0,0.9664162596066793,0,0,0,0
477118,0.06925434743364652,0.20700296759605408,0.3258970221629277,9.738392156399293,0,0,0,0,0,0,0,0,,0,0,0,0
215259,0.06962140649557114,0.19836447139581045,0.33774109849328876,9.428321768468859,3,8,0,0,0,0,3,0,0.9868379433949789,0,0,0,0
520009,0.054690767700473465,0.1701551874478658,0.302788693705118,10.377206913238028,6,10,0,0,0,0,6,0,0.976164182027181,0,0,0,0
560178,0.07156156127651532,0.23304964105288187,0.3475050644762884,9.180777233962047,1,4,0,0,0,0,1,0,0.9896170496940613,0,0,0,0
140929,0.05623531589905421,0.18759625653425852,0.27033725129544517,11.361882125805497,1,1,1,0,1,1,0,0,,0,0,0,0
170595,0.041298639650146164,0.09417906403541565,0.14422669388358453,16.819087034572853,0,2,0,0,0,0,0,0,,0,0,0,0
40083,0.05126603692770004,0.1386281947294871,0.2111414473065064,13.508530116447858,8,11,0,0,0,0,8,0,0.9849148839712143,0,0,0,0
232649,0.04978784422079722,0.14591926336288452,0.29720215217673657,10.53896099950135,4,3,1,0,0,1,3,0,0.9938598275184631,0,0,0,0
15335,0.04793097265064716,0.13434778650601706,0.21078046331580721,13.52339290404167,5,15,0,0,0,0,5,0,0.989085578918457,0,0,0,0
507037,0.053421189387639366,0.14960655321677527,0.20695153907155192,13.682626789198052,16,26,0,0,0,0,16,0,0.9830900058150291,0,0,0,0
523229,0.04476926289498806,0.13886634012063345,0.28022723019489776,11.049793316137412,1,1,0,0,0,0,1,0,0.9922944903373718,0,0,0,0
295713,0.05804447953899702,0.15969101091225943,0.24589111488116555,12.185143278645494,9,12,0,0,0,0,10,1,0.9760751061969333,0,0,0,0
11197,0.05445680891474088,0.17365374664465585,0.2676438697771878,11.448853988441508,7,16,0,0,0,0,7,0,0.9813949550901141,0,0,0,0
178028,0.06256416998803616,0.17898763219515482,0.3160156245129071,10.005828887379602,2,10,0,0,0,0,3,1,0.9868223071098328,0,0,0,0
347664,0.08598003163933754,0.30162674685319263,0.39408569990103104,8.088186479889165,12,13,1,0,1,1,11,0,0.9693169377066873,0,0,0,0
350019,0.05586643144488335,0.15873894095420837,0.3319993013202939,9.577256605019288,2,2,0,0,0,0,2,0,0.9942462742328644,0,0,0,0
380706,0.05976648877064387,0.19156594077746072,0.2755764608375067,11.195157634052936,6,9,0,0,0,0,6,0,0.9775038162867228,0,0,0,0
163057,0.0727282240986824,0.23498331010341644,0.35007663955626206,9.116737370549021,6,22,0,0,0,0,7,1,0.978137602408727,0,0,0,0
123213,0.050700667003790535,0.15232486029465994,0.23784789007811266,12.4740139360901,9,16,0,0,0,0,10,1,0.9884684814347161,0,0,0,0
16598,0.05523498853047689,0.1523215820391973,0.30654041329413756,10.270245227894206,3,3,1,0,1,1,2,0,0.9938682019710541,1,0,1,1
286523,0.04986711467305819,0.1336441015203794,0.19889527640808585,14.027510617477377,2,2,0,0,0,0,2,0,0.987503707408905,0,0,0,0
291490,0.05421419069170952,0.16635953883330026,0.2727935178080249,11.283319074273981,2,2,0,0,0,0,2,0,0.9896552860736847,0,0,0,0
70229,0.052403468638658524,0.166505495707194,0.2732463982663743,11.268911077837691,3,4,1,0,1,1,2,0,0.9900006353855133,0,0,0,0
336628,0.04941512644290924,0.14033337930838266,0.2963656719359066,10.56344204301766,5,8,1,0,1,1,4,0,0.9879000037908554,0,0,0,0
215072,0.049949572732051216,0.1408911794424057,0.22786387775938277,12.846490322470414,3,9,0,0,0,0,3,0,0.9778465827306112,0,0,0,0
468505,0.056960086027781166,0.15198951214551926,0.2129366330689307,13.434992344639351,4,14,0,0,0,0,4,0,0.9812285304069519,0,0,0,0
558854,0.041972145438194275,0.10316387315591176,0.1912840026064662,14.366426984215943,5,7,2,0,2,1,3,0,0.9937366445859274,1,0,1,1
48153,0.04739207526048025,0.1384714568654696,0.21812994740148692,13.225694107191167,1,2,0,0,0,0,1,0,0.9750947952270508,0,0,0,0
284445,0.048960222552220024,0.13969232141971588,0.20017051727057975,13.97199777086071,14,23,1,0,1,1,13,0,0.9655465896313007,0,0,0,0
410428,0.0599092332025369,0.18549265464146933,0.2735075823477629,11.260612587623953,5,10,0,0,0,0,5,0,0.9782586336135864,0,0,0,0
441543,0.05261435483892759,0.14320210615793863,0.2193833845132659,13.175925355413598,10,16,4,0,3,1,6,0,0.988874614238739,0,0,0,0
569976,0.05208975821733475,0.1561878944436709,0.3030680078643222,10.369198114699383,4,7,2,0,0,1,2,0,0.9835662245750427,0,0,0,0
34205,0.0538768395781517,0.15122683346271515,0.22339488619305287,13.018535453733005,1,3,1,0,1,1,0,0,,0,0,0,0
341681,0.07828375324606895,0.2593544125556946,0.37455392297411305,8.529712997779178,3,3,0,0,0,0,3,0,0.9814135233561198,0,0,0,0
80666,0.054133142034212746,0.14149336516857147,0.23037014332436953,12.751476149915124,2,2,0,0,0,0,2,0,0.9630262553691864,0,0,0,0
266206,0.06925486400723457,0.22106100618839264,0.37649400992964155,8.484838581839186,0,2,0,0,0,0,0,0,,0,0,0,0
323828,0.06557613424956799,0.19133213410774866,0.3385978627808253,9.406315749433787,1,9,0,0,0,0,1,0,0.9910820126533508,0,0,0,0
397351,0.0438913032412529,0.12360077599684398,0.2046163933305795,13.781191493825766,3,12,1,0,1,1,2,0,0.982560783624649,0,0,0,0
508370,0.05631992220878601,0.1621870423356692,0.325716073383742,9.74321618825897,2,6,1,0,0,1,2,1,0.9988820552825928,0,0,0,0
352491,0.06274516880512238,0.1879785160223643,0.2801978756220996,11.050703234616384,1,6,0,0,0,0,1,0,0.9906666278839111,0,0,0,0
80932,0.049947756653030716,0.13039840757846832,0.2717391203017294,11.31695669736402,6,10,0,0,0,0,6,0,0.9893025656541189,0,0,0,0
557258,0.05630013346672058,0.1675106237332026,0.3236338013879412,9.798922510686307,1,1,0,0,0,0,1,0,0.996006429195404,0,0,0,0
381360,0.09035225088397662,0.28308315575122833,0.37781450163496216,8.454427531821366,2,2,0,0,0,0,2,0,0.9906061291694641,0,0,0,0
456303,0.07407485445340474,0.22651214400927225,0.3360383573314941,9.472222938713164,1,6,0,0,0,0,1,0,0.9751738905906677,0,0,0,0
494188,0.050605835393071175,0.13735409329334894,0.2453314677936431,12.204934856285146,7,16,1,0,1,1,7,1,0.9873854219913483,0,0,0,0
84650,0.059264110401272774,0.16700526575247446,0.24767233859853663,12.122449901778772,2,7,1,0,1,1,1,0,0.9882434606552124,0,0,0,0
388846,0.06822300205628078,0.2264170249303182,0.29692226419050033,10.54714472759714,9,31,0,1,0,1,10,2,0.9789390787482262,0,0,0,0
393014,0.04502570070326328,0.12759803980588913,0.19311767023347723,14.283559730647873,3,4,1,0,0,1,2,0,0.9945960938930511,1,0,0,1
518213,0.07041872044404347,0.22470562160015106,0.3319729617855183,9.57794573709607,2,2,0,0,0,0,2,0,0.9891626238822937,0,0,0,0
474095,0.07727476706107457,0.21516712506612143,0.35723238323985157,8.940983581061346,1,2,0,0,0,0,1,0,0.9795094132423401,0,0,0,0
158660,0.0405207642664512,0.09280822426080704,0.15330646907330842,16.288790376681032,4,10,0,0,0,0,5,1,0.9850344806909561,0,0,0,0
34873,0.056904406597216926,0.16363767782847086,0.2272294469462019,12.870707771054855,3,9,0,0,0,0,3,0,0.988240659236908,0,0,0,0
566758,0.05564621277153492,0.16779440641403198,0.2607597797954895,11.675187887630432,1,2,0,0,0,0,1,0,0.9979024529457092,0,0,0,0
482719,0.04884989932179451,0.12657963236172995,0.2054510106885635,13.745834358873406,3,6,0,0,0,0,3,0,0.9931595126787821,0,0,0,0
464476,0.06482178221146266,0.18332462012767792,0.2625807827792896,11.61474122664496,1,4,0,0,0,0,1,0,0.9504128694534302,0,0,0,0
398377,0.04386495053768158,0.11760879556337993,0.19276914424207664,14.299249611757528,6,14,0,0,0,0,6,0,0.9899811744689941,0,0,0,0
241677,0.05861680954694748,0.1837774415810903,0.25844334541017683,11.752692917737512,12,16,4,0,3,1,8,0,0.967724159359932,0,0,0,0
312421,0.053012728691101074,0.14248199512561163,0.23417050354945196,12.609356203417176,7,12,1,0,0,1,6,0,0.9644136230150858,0,0,0,0
411938,0.056075705836216606,0.1615800162156423,0.2530018617652822,11.937525659375838,11,17,2,0,2,1,9,0,0.9798907703823514,0,0,1,1
293625,0.056805964559316635,0.1572846199075381,0.23509088356893215,12.57528423523599,3,8,1,0,0,1,2,0,0.9909094274044037,0,0,0,0
64574,0.07055305689573288,0.22833717862764993,0.3816252648901238,8.36725762489588,0,0,0,0,0,0,0,0,,0,0,0,0
234779,0.05091893672943115,0.14483259618282318,0.2490734026099902,12.073452925499211,3,2,0,0,0,0,3,0,0.9940177003542582,0,0,0,0
558114,0.04430299376447996,0.12173921366532643,0.17585364624762975,15.096972446991032,5,17,0,0,0,0,5,0,0.9887726902961731,0,0,0,0
554328,0.047909135619799294,0.13683317104975382,0.2111700185095416,13.507354840203394,4,6,0,0,0,0,4,0,0.9943419545888901,0,0,0,0
183675,0.05866182719667753,0.1962206612030665,0.3230490436663459,9.81463080558837,2,2,0,0,0,0,2,0,0.9961923062801361,0,0,0,0
190841,0.06774498149752617,0.2285374104976654,0.32588254181322407,9.738778098906295,2,2,0,0,0,0,2,0,0.9763399958610535,0,0,0,0
57150,0.053821160147587456,0.14191002895434698,0.25665664973765123,11.812949581740138,9,23,3,0,2,1,6,0,0.9852214356263479,0,0,0,0
529966,0.05079242090384165,0.14803282419840494,0.20774430264047355,13.649417556964398,14,12,1,0,0,1,13,0,0.9907716650229234,0,0,0,0
267933,0.060107061018546425,0.20867441594600677,0.2753803455161181,11.201341189969531,6,11,0,0,0,0,7,1,0.9820685784022013,0,0,0,0
17207,0.04851526953279972,0.15294849375883737,0.24547124051383115,12.199987652717452,5,5,1,0,1,1,4,0,0.9882240146398544,0,0,0,0
359855,0.05579050195713838,0.17979981005191803,0.24680067374072728,12.153073181148633,1,1,1,0,1,1,0,0,,0,0,0,0
217948,0.0477222657452027,0.1469616318742434,0.22209924827624178,13.069058227502614,2,3,1,0,1,1,1,0,0.9950013160705566,0,0,0,0
543300,0.07334939514597257,0.22845524549484253,0.34824101870668606,9.162401508212028,1,1,0,0,0,0,1,0,0.9896572232246399,0,0,0,0
325483,0.05505117277304331,0.16026435295740762,0.2594831371392284,11.717817202194018,6,27,1,0,0,1,5,0,0.9887678861618042,1,0,0,1
349184,0.07047121475140254,0.2096033195654551,0.3376941745655277,9.429528622996095,6,9,1,0,0,1,5,0,0.9815636396408081,0,0,0,0
556193,0.05699919412533442,0.17685497303803763,0.2598730766944696,11.704774236735782,3,6,0,0,0,0,3,0,0.9922556479771932,0,0,0,0
250758,0.060301211973031364,0.1903360734383265,0.2874777535065847,10.82791515188016,2,2,0,0,0,0,2,0,0.9870381057262421,0,0,0,0
252219,0.05592114105820656,0.1609438806772232,0.261387355954119,11.654308486002092,5,7,0,0,0,0,5,0,0.9880252599716186,0,0,0,0
128112,0.08442587777972221,0.29086928566296893,0.40620371764771945,7.825122123473978,1,2,0,0,0,0,1,0,0.9852912425994873,0,0,0,0
423519,0.06481864179174106,0.1985579033692678,0.3366656981413487,9.456022606412052,1,1,0,0,0,0,1,0,0.9957431554794312,0,0,0,0
190923,0.05652482248842716,0.16594543059666952,0.284127904220211,10.929722241855726,9,16,1,0,1,1,10,2,0.9802693948149681,1,0,1,1
3661,0.061333627750476204,0.15609781940778097,0.24791466170642115,12.11395576477242,3,3,1,0,0,1,2,0,0.9820628762245178,0,0,0,0
180751,0.044538221011559166,0.11450844754775365,0.18377101218578024,14.714459852535924,12,21,1,0,1,1,11,0,0.9828071756796404,0,0,0,0
486112,0.05232518911361694,0.1544510473807653,0.23788460422096525,12.472673287732343,3,2,0,0,0,0,3,0,0.9651394685109457,0,0,0,0
529528,0.0554619717101256,0.1564428706963857,0.23942588968676354,12.416577802053217,0,3,0,0,0,0,1,1,,0,0,0,0
459809,0.10223743319511414,0.3481719642877579,0.41416974198093387,7.656432651136181,4,8,0,0,0,0,5,1,0.9730832725763321,0,0,0,0
345385,0.04884595920642217,0.1280206268032392,0.21928714682302294,13.17973646151793,3,3,1,0,1,1,2,0,0.9716763496398926,0,0,0,0
157807,0.05939282476902008,0.18752736846605936,0.2665943341559857,11.482981694912674,2,3,0,0,0,0,2,0,0.993744969367981,0,0,0,0
515577,0.0659158540268739,0.2360349496205648,0.30898150004452607,10.201350454810727,2,4,0,0,0,0,2,0,0.9922445118427277,0,0,0,0
465836,0.0692315585911274,0.22859797378381094,0.3060089576089267,10.285317210029245,5,7,0,0,0,0,5,0,0.9762060046195984,0,0,0,0
531707,0.07276794066031773,0.2571013073126475,0.3356888079431934,9.481262762739469,5,5,0,0,0,0,5,0,0.9807236552238464,0,0,0,0
170545,0.06563174352049828,0.2192546675602595,0.2940850480637506,10.630541108530982,3,11,1,0,0,1,2,0,0.976436585187912,0,0,0,0
66561,0.05894545093178749,0.1834187606970469,0.29878100671126345,10.492940275196176,2,2,0,0,0,0,2,0,0.9950733780860901,0,0,0,0
204871,0.0397233118613561,0.11331211278835933,0.17102876502529446,15.338616804887536,5,11,0,0,0,0,5,0,0.988749873638153,0,0,0,0
211069,0.06627955536047618,0.23579738040765127,0.3105713154795274,10.156773168171831,2,2,0,0,0,0,2,0,0.9834975898265839,0,0,0,0
104619,0.05758930059770743,0.17160597443580627,0.27101764187044336,11.340048756858192,1,1,0,0,0,0,1,0,0.9935765862464905,0,0,0,0
439180,0.06680405015746753,0.211754376689593,0.2726105891410753,11.289145573385735,20,26,3,0,1,1,17,0,0.9805185409153209,0,0,0,0
424162,0.04608404698471228,0.12787553668022156,0.1903428830827023,14.409267136193016,9,13,2,0,2,1,7,0,0.9842724970408848,0,1,1,1
63552,0.05010500301917394,0.12697664399941763,0.2016869784593836,13.906442805778385,2,2,1,0,0,1,1,0,0.8628851771354675,0,0,0,0
197796,0.05568201343218485,0.15491331120332083,0.21457695540119015,13.368338422750492,4,7,0,0,0,0,6,2,0.9858997762203217,0,0,0,0
313182,0.053270649164915085,0.18752997120221457,0.29697014769711233,10.54574410066037,4,14,0,0,0,0,4,0,0.9909857511520386,0,0,0,0
164885,0.07981356978416443,0.2754160612821579,0.3779872550035524,8.450456869654651,2,8,0,0,0,0,2,0,0.9838827252388,0,0,0,0
26564,0.05552473540107409,0.1623157188296318,0.22359021796395592,13.010944013673399,6,19,1,0,1,1,5,0,0.9876984477043151,0,0,0,0
388903,0.05613529682159424,0.15391378849744797,0.22774381389269224,12.851068214981193,3,9,1,0,1,1,2,0,0.9945893883705139,0,0,0,0
486040,0.06440459067622821,0.1583430916070938,0.2794409569293325,11.074198803032507,5,6,2,0,2,1,3,0,0.986055056254069,0,0,0,0
157138,0.05122151846686999,0.14870472252368927,0.23383845716636914,12.621681261115615,2,2,1,0,0,1,2,1,0.9946587085723877,1,0,0,1
511321,0.06938203051686287,0.22528169055779776,0.36490952551747285,8.756295995207381,2,4,0,0,0,0,2,0,0.9885712563991547,0,0,0,0
493334,0.057715997099876404,0.15756183365980783,0.23934778168484205,12.41941186554136,2,2,0,0,0,0,2,0,0.9909836947917938,0,0,0,0
109441,0.0642697016398112,0.2096812129020691,0.32880413799166036,9.66125451025313,4,13,1,0,1,1,4,1,0.98651651541392,0,0,0,0
5193,0.05297934760649999,0.13851876805226007,0.21201058216887514,13.472849228325753,9,9,1,0,1,1,8,0,0.9878227412700653,1,0,1,1
18575,0.04228963889181614,0.11115903655687968,0.19431440865018287,14.22989989482307,8,8,1,0,1,1,8,1,0.9893856048583984,1,0,1,1
500257,0.05809847265481949,0.16945241391658783,0.25110437123081697,12.00291454025377,4,30,0,0,0,0,4,0,0.988001212477684,0,0,0,0
9914,0.0407987330108881,0.10545021543900172,0.18655855002123425,14.58369684702194,5,7,3,0,3,1,2,0,0.9920599162578583,1,1,2,1
516173,0.08092569932341576,0.24786298473676047,0.3715606727466636,8.599405189206381,3,3,0,0,0,0,3,0,0.9876502156257629,0,0,0,0
296634,0.048960485185186066,0.13674896210432053,0.20979891114582785,13.563935402409342,3,12,0,0,0,0,3,0,0.9913087685902914,0,0,0,0
230993,0.04587826877832413,0.13736710945765176,0.22910831838524626,12.79918284622279,6,7,1,0,0,1,5,0,0.9891371726989746,0,0,0,0
8844,0.05765751004219055,0.15981117387612662,0.23851502829274882,12.44968503696435,3,7,1,0,1,1,2,0,0.9904307126998901,0,0,0,0
463849,0.05652719363570213,0.17535647004842758,0.2852767997484029,10.894670921638925,9,24,1,0,1,1,8,0,0.9858276844024658,0,0,0,0
71451,0.06425006315112114,0.2036584715048472,0.34871423109894467,9.150606572318274,1,1,0,0,0,0,1,0,0.9630059003829956,0,0,0,0
297427,0.04578157141804695,0.09244095037380855,0.15002080685744287,16.476970061992034,1,4,0,0,0,0,1,0,0.9967787265777588,0,0,0,0
347456,0.07918272415796916,0.2708568722009659,0.3474341327611882,9.182550353261657,2,2,0,0,0,0,2,0,0.9962693452835083,0,0,0,0
24610,0.05946822712818781,0.1896824687719345,0.2637521108558894,11.576081118859694,3,16,0,0,0,0,4,1,0.9858840902646383,0,0,0,0
255536,0.04592682917912801,0.1283929944038391,0.17380717952465374,15.19864575872057,4,8,0,0,0,0,5,1,0.9896986335515976,0,0,0,0
272049,0.05340185388922691,0.16113423804442087,0.26958794135626674,11.385990753087187,2,2,1,0,0,1,1,0,0.9895710349082947,0,0,0,0
169356,0.05334547907114029,0.14595616608858109,0.19309424972160869,14.284613183278905,2,2,1,0,1,1,1,0,0.9851568341255188,0,0,0,0
509824,0.040897479901711144,0.09555038064718246,0.13693069534173835,17.26998372932008,6,8,0,0,0,0,6,0,0.9927394787470499,0,0,0,0
147518,0.06252886541187763,0.18720933298269907,0.3179686366391065,9.95231430511069,2,4,0,0,0,0,2,0,0.9823585748672485,0,0,0,0
78748,0.04250840346018473,0.10791821777820587,0.16922031679243132,15.43094992509552,12,19,1,0,1,1,11,0,0.9896503253416582,0,0,0,0
318455,0.04928590854008993,0.14578126122554144,0.19822852713319455,14.056676917799644,10,15,1,0,0,1,10,1,0.980154275894165,0,0,0,0
164602,0.05076040451725324,0.1448452572027842,0.23393575500990563,12.61806790098943,3,6,0,0,0,0,3,0,0.9660516579945883,0,0,0,0
127092,0.05365106463432312,0.1734251802166303,0.24905047165606845,12.074252629129132,6,8,0,0,0,0,6,0,0.9752348264058431,0,0,0,0
109798,0.046547189354896545,0.14079125970602036,0.2391062621868051,12.428180991481224,3,4,3,0,3,1,0,0,,0,1,1,1
311295,0.08205127716064453,0.2868527223666509,0.39399592501082004,8.09016539874063,4,10,0,0,0,0,4,0,0.9835827052593231,0,0,0,0
311928,0.06730328996976216,0.22841253876686096,0.32122493518167294,9.86381499691542,3,3,1,0,1,1,2,0,0.994971364736557,1,0,1,1
344621,0.057803490509589515,0.18281138936678568,0.27106022990399503,11.33868395309344,4,7,0,0,0,0,4,0,0.990558922290802,0,0,0,0
315450,0.05932310844461123,0.18455974757671356,0.29251897764310986,10.676919062177998,5,19,0,0,0,0,5,0,0.9882783532142639,0,0,0,0
207585,0.05206229413549105,0.15402659525473913,0.2651230259613103,11.531051042194228,3,6,0,0,0,0,3,0,0.9935972094535828,0,0,0,0
409358,0.05793751962482929,0.1798682858546575,0.24544554591126544,12.200896892281285,1,2,0,0,0,0,1,0,0.9976577162742615,0,0,0,0
163746,0.0536703293522199,0.174063041806221,0.2500317798779545,12.04009575068206,7,13,0,0,0,0,7,0,0.9891983866691589,0,0,0,0
574297,0.06275572503606479,0.21739541490872702,0.2933278322750629,10.652934544684445,2,2,0,0,0,0,2,0,0.9936560690402985,0,0,0,0
456865,0.07341934492190678,0.2333503564198812,0.31698389822401357,9.979255960065514,2,1,0,0,0,0,2,0,0.965565025806427,0,0,0,0
355169,0.052807084595163666,0.16327095280090967,0.25187174855728905,11.97641085676713,1,1,0,0,0,0,1,0,0.9902973771095276,0,0,0,0
344888,0.07058172176281612,0.23786701758702597,0.33151374176447707,9.589969293975027,2,9,0,0,0,0,2,0,0.9891049265861511,0,0,0,0
152686,0.05908078451951345,0.19571253657341003,0.277785127363886,11.125820202688226,4,4,0,0,0,0,4,0,0.9852670133113861,0,0,0,0
15751,0.05333474030097326,0.17491674423217773,0.24703324082425712,12.144892081751657,2,4,0,0,0,0,2,0,0.9817821979522705,0,0,0,0
100274,0.0684937263528506,0.21206776797771454,0.29734302775072946,10.534844812026915,5,9,1,0,0,1,4,0,0.9597902745008469,0,0,0,0
25139,0.04700844114025434,0.13736489415168762,0.21479733306532925,13.359422303230033,1,2,0,0,0,0,1,0,0.8343111276626587,0,0,0,0
449579,0.08240713303287824,0.30538612604141235,0.4315231634654929,7.29991774195367,2,2,0,0,0,0,2,0,0.988340437412262,0,0,0,0
181499,0.04591702918211619,0.11213584492603938,0.18281877238820143,14.75958423265432,2,3,0,0,0,0,2,0,0.9867559373378754,0,0,0,0
140556,0.047757215797901154,0.14166377484798431,0.25356522324660263,11.91820621357995,4,6,1,0,1,1,3,0,0.9930410583813986,0,0,0,0
370999,0.05608381579319636,0.15738024562597275,0.2341206247337796,12.611206513464408,4,0,4,0,0,1,0,0,,3,0,0,1
562229,0.05161292913059393,0.16008993486563364,0.19726674437696337,14.098922456223397,2,4,1,0,1,1,2,1,0.9923725724220276,1,0,1,1
495146,0.05647122859954834,0.17960533996423086,0.32661674394080076,9.719231100211251,8,16,0,0,0,0,8,0,0.9811427742242813,0,0,0,0
91495,0.05172511811057726,0.16650023559729257,0.2545502726141146,11.884528670254937,5,4,1,0,0,1,4,0,0.995516300201416,0,0,0,0
470924,0.04248962923884392,0.09512149542570114,0.1553514744946067,16.173692407004424,19,55,2,0,1,1,18,1,0.9747976800974678,2,0,1,1
187990,0.0691671073436737,0.20259352525075278,0.2743185762756464,11.234895637858969,2,2,0,0,0,0,2,0,0.9876091480255127,0,0,0,0
287527,0.041009508073329926,0.11180203159650166,0.16345198515079704,15.732196009497088,2,3,1,0,1,1,2,1,0.9928185343742371,0,0,0,0
548524,0.09230278804898262,0.3397119144598643,0.43033603521960917,7.323845714102024,1,4,0,0,0,0,1,0,0.9816523790359497,0,0,0,0
126137,0.055612473438183464,0.16043060769637427,0.24347933808251213,12.270757751613967,4,15,1,0,1,1,4,1,0.9912893176078796,0,0,0,0
475779,0.05752829027672609,0.17901216944058737,0.27718366020737856,11.14464749353704,1,1,0,0,0,0,1,0,0.998013436794281,0,0,0,0
402519,0.06702718076606591,0.19970345000425974,0.29377850985459986,10.639599527818893,1,1,0,0,0,0,1,0,0.9793741703033447,0,0,0,0
475223,0.06527831343313058,0.19905829429626465,0.2621621352394286,11.628600688012165,2,2,1,0,1,1,1,0,0.9866985082626343,0,0,0,0
151938,0.051354262977838516,0.1356653794646263,0.2580131250701907,11.767164020225833,5,9,2,0,2,1,3,0,0.9828056693077087,0,0,0,0
258793,0.06693234418829282,0.227908656001091,0.33166700484988,9.585954622934306,2,4,0,0,0,0,2,0,0.9754518866539001,0,0,0,0
226662,0.04868923003474871,0.1340708335240682,0.23671200924248648,12.51559416415262,1,4,0,0,0,0,3,2,0.9770278930664062,0,0,0,0
480122,0.03862306165198485,0.08900989840428035,0.13791394219970207,17.20783654532646,10,21,0,0,0,0,10,0,0.9917828619480134,0,0,0,0
580757,0.06738691652814548,0.2333096613486608,0.3358900261990715,9.476057835105758,1,1,0,0,0,0,1,0,0.9977446794509888,0,0,0,0
382734,0.08532833059628804,0.24646280705928802,0.3624986133782868,8.813873006869972,0,0,0,0,0,0,0,0,,0,0,0,0
232088,0.05575765545169512,0.16445010900497437,0.23589083648670153,12.545778591406972,1,7,0,0,0,0,1,0,0.9892668724060059,0,0,0,0
416758,0.052038644130031265,0.15565338730812073,0.24076497750922773,12.36813373538441,3,4,0,0,0,0,3,0,0.9946557482083639,0,0,0,0
312237,0.08284074068069458,0.2697933465242386,0.34737311927988224,9.18407583062207,2,22,0,0,0,0,2,0,0.9727088510990143,0,0,0,0
476787,0.045165994515021644,0.1122224157055219,0.1786242362552721,14.961192302250959,7,11,0,0,0,0,7,0,0.9840895278113229,0,0,0,0
308793,0.0576835156728824,0.16805346558491388,0.2277218796443546,12.851904802514373,4,4,1,0,0,1,3,0,0.9879076878229777,1,0,0,1
262895,0.06346630677580833,0.17757917443911234,0.33716917159063514,9.44304282211643,2,2,1,0,1,1,1,0,0.9850999712944031,0,0,0,0
106281,0.04858585695425669,0.15826546400785446,0.24131050436760085,12.348475452450835,2,2,0,0,0,0,2,0,0.9848365485668182,0,0,0,0
455624,0.05430593341588974,0.17311497529347739,0.252081909365773,11.969166406148073,13,14,2,0,2,1,11,0,0.971387960694053,0,0,0,0
5477,0.07831309239069621,0.27518896758556366,0.38580096208902565,8.272733873426203,2,2,1,0,0,1,1,0,0.9929561614990234,0,0,0,0
149375,0.05948218206564585,0.20291668176651,0.28753960742385765,10.826046490731155,4,6,0,0,0,0,4,0,0.9892813712358475,0,0,0,0
214205,0.10841914390524228,0.3907216091950734,0.48101893232480786,6.356756599659184,1,1,0,0,0,0,1,0,0.9888513088226318,0,0,0,0
229948,0.0625489999850591,0.1741295208533605,0.2524243545579034,11.957374910916261,6,18,1,0,1,1,6,1,0.9846737027168274,0,0,0,0
170613,0.0777316614985466,0.22427588204542795,0.34103180028399926,9.344102446898471,3,4,0,0,0,0,4,1,0.9860104123751322,0,0,0,0
507235,0.04006444290280342,0.08827576289574306,0.15711610007627513,16.075586188949792,2,3,0,0,0,0,3,1,0.9800383746623993,0,0,0,0
248314,0.0452802541355292,0.10771108418703079,0.18046359909418278,14.872207709714434,6,8,1,0,1,1,7,2,0.9931834936141968,1,0,1,1
10977,0.061624874671300255,0.19870237012704214,0.27404043852373877,11.243706923747324,3,2,1,0,1,1,2,0,0.9853255450725555,0,0,0,0
395701,0.05461006114880244,0.1566885088880857,0.21743234234209044,13.25351711152674,4,19,0,0,0,0,4,0,0.9927307963371277,0,0,0,0
291791,0.04122892084221045,0.12001159290472667,0.20242984720323517,13.874509054036636,4,7,0,0,0,0,4,0,0.9892163276672363,0,0,0,0
50331,0.06435528956353664,0.17224288235108057,0.2525685141827648,11.952415812666231,2,4,0,0,0,0,2,0,0.9882777333259583,0,0,0,0
574425,0.056592258314291634,0.19238542020320892,0.3309498759270597,9.60475554785055,3,2,2,0,0,1,2,1,0.9951135516166687,1,0,0,1
427500,0.05997543533643087,0.20640359818935394,0.3426469582075811,9.303062384156375,2,2,2,0,2,1,0,0,,0,0,0,0
233727,0.06235364576180776,0.19063787162303925,0.2966011061011334,10.556544674195694,5,18,0,0,0,0,5,0,0.9856930613517761,0,0,0,0
297084,0.03843811713159084,0.08336234589417775,0.14400620282622126,16.83237601987519,10,13,2,0,2,1,8,0,0.9893111810088158,1,0,1,1
61418,0.0563948800166448,0.15763596693674722,0.22229204913174944,13.061521414482629,11,15,0,0,0,0,11,0,0.9853000315752897,0,0,0,0
281179,0.06988275982439518,0.23652736842632294,0.3464478414875401,9.20724280310564,0,10,0,0,0,0,1,1,,0,0,0,0
289222,0.055181304613749184,0.15527232736349106,0.23179645543739597,12.697864188479478,5,5,2,0,1,1,3,0,0.992516815662384,2,0,1,1
167572,0.05171219383676847,0.13382254540920258,0.21005807415262837,13.55321241034272,3,14,1,0,0,1,2,0,0.995029091835022,0,0,0,0
472030,0.06680210617681344,0.2237609624862671,0.2943714962146047,10.622084894572428,2,1,0,0,0,0,2,0,0.9854212701320648,0,0,0,0
360137,0.06095069150129954,0.19884603222211203,0.33524366981013604,9.492788278027346,3,3,0,0,0,0,4,1,0.9928301175435384,0,0,0,0
113354,0.06011932839949926,0.1932108998298645,0.2753227299787813,11.203158656487663,3,3,0,0,0,0,3,0,0.9900188247362772,0,0,0,0
385205,0.05203769480188688,0.1343904733657837,0.2167034891351535,13.282681921278332,2,2,0,0,0,0,2,0,0.9917114078998566,0,0,0,0
61333,0.04601484164595604,0.11265098303556442,0.17841392998600772,14.971424806386388,1,14,0,0,0,0,1,0,0.9951158165931702,0,0,0,0
347544,0.057315987845261894,0.1943968484799067,0.29844221032976437,10.50279504376907,1,2,0,0,0,0,1,0,0.9969165921211243,0,0,0,0
114770,0.05720502634843191,0.16978065172831217,0.2482278692538366,12.102989212290877,2,3,0,0,0,0,2,0,0.9771977365016937,0,0,0,0
102805,0.06263173247377078,0.1953557233015696,0.2826130968842089,10.976154318061639,4,10,0,0,0,0,4,0,0.9904055446386337,0,0,0,0
459954,0.05336704229315122,0.1314831500252088,0.19210373240975182,14.329283941786187,2,10,1,0,1,1,1,0,0.9897800087928772,0,0,0,0
514586,0.06146663365264734,0.16467932860056558,0.28652862256994305,10.856639759915115,3,7,1,0,1,1,2,0,0.9775753319263458,1,0,1,1
363784,0.051488145564993225,0.1560765504837036,0.21161986496554544,13.488871341434303,2,3,0,0,0,0,2,0,0.9922154545783997,0,0,0,0
270066,0.050360542411605515,0.14716192334890366,0.24425462390897396,12.24314412072877,2,2,0,0,0,0,2,0,0.9938672780990601,0,0,0,0
232684,0.08723264560103416,0.2806348502635956,0.3543156430784794,9.012193461793132,2,2,1,0,1,1,1,0,0.9875950813293457,0,0,1,1
367082,0.041791150346398354,0.09196732193231583,0.1425915203503354,16.918126007853644,1,3,0,0,0,0,1,0,0.9903075695037842,0,0,0,0
435081,0.03164050541818142,0.07226185003916423,0.12899352778437773,17.788641595262465,14,62,4,0,2,1,15,5,0.9894179165363312,2,0,1,1
369675,0.04670337835947672,0.1495086724559466,0.24847097396556464,12.09448675292742,3,8,0,0,0,0,3,0,0.9784270723660787,0,0,0,0
99039,0.05467573863764604,0.1541858414808909,0.22462495671989197,12.97083987123214,7,13,1,0,1,1,6,0,0.9874266882737478,1,0,1,1
362434,0.05780061210195223,0.14962842563788095,0.2199058069962723,13.155266043694699,1,2,0,0,0,0,1,0,0.9966565370559692,0,0,0,0
63154,0.08626909429828326,0.3125249743461609,0.39557864434022355,8.055343244204128,0,2,0,0,0,0,1,1,,0,0,0,0
33221,0.05836346372961998,0.1801787962516149,0.25496196836453777,11.870491933378872,6,18,0,0,0,0,6,0,0.9878268043200175,0,0,0,0
239717,0.038456594571471214,0.10117739687363307,0.1574439979833971,16.05747781421975,4,9,0,0,0,0,4,0,0.984527587890625,0,0,0,0
84674,0.04936991942425569,0.1596283713976542,0.2780803566164413,11.116593765643131,4,9,0,0,0,0,4,0,0.9813559204339981,0,0,0,0
534041,0.045653220266103745,0.11555646608273189,0.195935504591294,14.157737206501146,6,15,1,0,0,1,5,0,0.9894891977310181,0,0,0,0
74092,0.07597453022996585,0.22791636983553568,0.34155441256499014,9.330801992251946,5,15,0,0,0,0,5,0,0.977055025100708,0,0,0,0
185950,0.07430264477928479,0.23059611519177756,0.3547279126266016,9.002092733365787,4,2,0,0,0,0,4,0,0.9873223006725311,0,0,0,0
416104,0.0451850692431132,0.11012591421604156,0.17776053510186463,15.003293021412794,20,36,4,0,2,1,16,0,0.9799585528671741,0,1,1,1
60770,0.057358257472515106,0.19230492413043976,0.2699406609105155,11.374633862850086,2,2,0,0,0,0,2,0,0.994290292263031,0,0,0,0
533855,0.06106749549508095,0.18158125380674997,0.2852474851951298,10.89556351458006,1,1,1,0,1,1,0,0,,1,0,1,1
10583,0.04484405927360058,0.09151465694109599,0.14188449998546007,16.96130091938642,1,4,0,0,0,0,2,1,0.9907650947570801,0,0,0,0
300039,0.0549003171424071,0.1380375325679779,0.22354050521856408,13.01287543730175,5,9,2,0,2,1,3,0,0.9873812198638916,0,0,0,0
511398,0.05460376168290774,0.1631330077846845,0.24131882116862804,12.348176097181485,1,1,0,0,0,0,1,0,0.9980643391609192,0,0,0,0
173371,0.038110723719000816,0.08387197057406108,0.1499048528391712,16.483686151952433,9,10,3,0,3,1,8,2,0.9786546727021536,2,0,2,1
157601,0.04505763575434685,0.11665897071361542,0.18454742289682913,14.677840302186967,4,5,3,0,2,1,1,0,0.9533771276473999,0,0,0,0
236690,0.07514695699016254,0.26979563136895496,0.36255445350930904,8.812535115235432,1,1,0,0,0,0,1,0,0.9978571534156799,0,0,0,0
261796,0.05699170070389906,0.17391470074653625,0.22581266021121724,12.925034259227374,0,0,0,0,0,0,0,0,,0,0,0,0
501368,0.06535016745328903,0.19299814105033875,0.33924894286734364,9.389629939398086,0,4,0,0,0,0,0,0,,0,0,0,0
383289,0.048294653495152794,0.1390565981467565,0.2275571993225192,12.858188399672635,2,6,0,0,0,0,2,0,0.9911815524101257,0,0,0,0
64462,0.059354435031612716,0.19693409899870554,0.2734618498731397,11.262065053538787,2,2,0,0,0,0,2,0,0.9845456182956696,0,0,0,0
476810,0.048693399876356125,0.1323143889506658,0.2009862232025225,13.936674213996174,2,9,1,0,1,1,1,0,0.9912514090538025,1,0,1,1
508917,0.059807716558376946,0.19228889048099518,0.2718830179114602,11.312358360767195,6,18,1,0,1,1,5,0,0.9818084001541137,0,0,0,0
138492,0.06985541557272275,0.21850423018137613,0.36567837836272266,8.738014352733886,2,2,0,0,0,0,2,0,0.9892966449260712,0,0,0,0
559547,0.06144642333189646,0.1681202550729116,0.24188091651317803,12.327967889476232,3,6,0,0,0,0,3,0,0.9599069555600485,0,0,0,0
296969,0.054856947312752403,0.1770605891942978,0.2591169484656186,11.730083590197381,6,7,1,0,1,1,5,0,0.9878399014472962,0,0,0,0
176857,0.05770159140229225,0.16270563503106436,0.2400884341928429,12.392575215120269,5,16,0,0,0,0,5,0,0.9896176815032959,0,0,0,0
113235,0.05558045394718647,0.1751869171857834,0.2710840137744711,11.33792185305581,4,4,2,0,1,1,2,0,0.9891114830970764,2,0,1,1
157365,0.07528908426562946,0.226066122452418,0.36006238389013157,8.872444949539647,6,9,0,0,0,0,6,0,0.9868639806906382,0,0,0,0
320490,0.06195830677946409,0.19640539586544037,0.2606838608287455,11.677717111193092,2,6,0,0,0,0,2,0,0.9902332425117493,0,0,0,0
476514,0.0631777433057626,0.19220760464668274,0.3320427758502631,9.57611928260283,3,5,0,0,0,0,3,0,0.9867959221204122,0,0,0,0
243989,0.05233744035164515,0.14869355907042822,0.2865536858817524,10.855880018575107,6,8,1,0,1,1,5,0,0.9928550362586975,1,0,1,1
522713,0.08566715195775032,0.29332828521728516,0.4148654122816222,7.6418554239982095,1,13,0,0,0,0,1,0,0.9927613735198975,0,0,0,0
117425,0.04763552422324816,0.12426902105410893,0.23119434038675055,12.720456032096672,3,7,0,0,0,0,3,0,0.9946006735165914,0,0,0,0
427997,0.08540431906779607,0.2696931262811025,0.3620831465497772,8.823833785944931,2,17,0,0,0,0,2,0,0.9827234148979187,0,0,0,0
394611,0.09489174808065097,0.3436838736136754,0.43743043641985646,7.181820040539439,2,2,0,0,0,0,2,0,0.9602229297161102,0,0,0,0
350607,0.0642363652586937,0.20652920504411063,0.3045464113245208,10.326930274335789,1,1,0,0,0,0,1,0,0.9960935115814209,0,0,0,0
106912,0.07566262533267339,0.2575979381799698,0.3528753109512869,9.047574522951153,2,2,0,0,0,0,2,0,0.991576075553894,0,0,0,0
135890,0.07807315761844318,0.2534543474515279,0.39404761155797025,8.08902601081565,4,12,1,0,1,1,3,0,0.9758812586466471,0,0,0,0
312213,0.0416977604230245,0.11157233268022537,0.18946815804011824,14.449275339188405,2,2,0,0,0,0,2,0,0.9891784489154816,0,0,0,0
259097,0.07729186366001765,0.28629787762959796,0.34255384481256834,9.305423072218387,2,2,0,0,0,0,2,0,0.9816780686378479,0,0,0,0
334309,0.05579161333541075,0.15743616223335266,0.23868543442497442,12.443481652698354,4,10,0,0,0,0,4,0,0.9853722006082535,0,0,0,0
340894,0.05084359521667162,0.12222372492154439,0.20603791252295192,13.721057176640237,8,11,0,0,0,0,8,0,0.990121066570282,0,0,0,0
546964,0.04487632897992929,0.10804448773463567,0.16710384341472648,15.540271223004513,8,28,1,0,0,1,7,0,0.988247105053493,0,0,0,0
110972,0.04723842007418474,0.1560694401462873,0.21614933674942313,13.304921855070857,1,1,1,0,1,1,0,0,,0,0,0,0
170739,0.04508287273347378,0.12586049983898798,0.20956231781814533,13.573736135569456,5,3,0,0,0,0,5,0,0.9908090353012085,0,0,0,0
267903,0.05997697512308756,0.20070057610670725,0.2761973599094153,11.175609540654815,2,2,0,0,0,0,2,0,0.9955106675624847,0,0,0,0
349860,0.077840156853199,0.2724009652932485,0.39838393865001714,7.993963580482727,4,8,0,0,0,0,4,0,0.9811249524354935,0,0,0,0
460494,0.04788342987497648,0.11987301707267761,0.194161231742675,14.236749630787568,5,9,1,0,1,1,4,0,0.9926797151565552,1,0,1,1
54654,0.054551697025696434,0.1523814002672831,0.3009133972058358,10.431169525155573,1,2,0,0,0,0,2,1,0.9944140315055847,0,0,0,0
131556,0.07170318563779195,0.24636588990688324,0.34436280810352915,9.259675187783154,2,6,0,0,0,0,2,0,0.9451460242271423,0,0,0,0
304984,0.05189258853594462,0.13848606497049332,0.22957172075206847,12.781632210301233,5,8,1,0,1,1,4,0,0.9851390868425369,1,0,1,1
558073,0.06842600430051486,0.2256238361199697,0.3328745613013352,9.554387858272058,1,1,0,0,0,0,1,0,0.9954848885536194,0,0,0,0
56350,0.047292064875364304,0.1172441045443217,0.17753440658867914,15.014349343044662,3,10,1,0,1,1,2,0,0.9849881529808044,1,0,1,1
20992,0.04897050311168035,0.15726389984289804,0.24300399014332297,12.287731903918536,2,2,1,0,1,1,1,0,0.9476795196533203,0,0,0,0
407574,0.053523214533925056,0.15077016750971475,0.30510589469343086,10.310988032789403,1,2,0,0,0,0,1,0,0.9876470565795898,0,0,0,0
200839,0.059598405535022415,0.19807386895020804,0.30208178599067526,10.397509194118118,4,7,2,0,0,1,2,0,0.9839303195476532,1,0,0,1
242724,0.07019621506333351,0.24061843752861023,0.3483375770081125,9.159993467653905,4,4,0,0,0,0,4,0,0.9763449728488922,0,0,0,0
252776,0.05087322493394216,0.14693028231461844,0.30775054349457237,10.23602342843753,4,5,0,0,0,0,4,0,0.9883513301610947,0,0,0,0
351589,0.04922499259312948,0.1688327044248581,0.26884436413778895,11.409981266646964,1,3,0,0,0,0,1,0,0.9911366701126099,0,0,0,0
513484,0.05387049665053686,0.153745137155056,0.23570101324427328,12.55277101006076,1,1,0,0,0,0,1,0,0.9959033727645874,0,0,0,0
311909,0.04605009655157725,0.14767499268054962,0.27120562930766806,11.334026004662585,1,1,0,0,0,0,1,0,0.9974105954170227,0,0,0,0
532901,0.05943205704291662,0.165966326991717,0.2439230370372548,12.25494362589468,3,4,0,0,0,0,3,0,0.9835652311642965,0,0,0,0
349302,0.06279497593641281,0.20289351542790732,0.2857929228263732,10.87897059946005,2,2,0,0,0,0,2,0,0.9919145703315735,0,0,0,0
416991,0.06938158596555392,0.2231359084447225,0.2895124511641984,10.766655073575638,3,38,2,0,1,1,1,0,0.9951955676078796,0,0,0,0
269942,0.06692364749809106,0.21148353815078735,0.3602815399368665,8.867159792738232,3,10,0,0,0,0,3,0,0.9905553062756857,0,0,0,0
205324,0.06356390193104744,0.23241632183392844,0.35738195861691885,8.937347507278178,2,3,0,0,0,0,2,0,0.988311231136322,0,0,0,0
233139,0.0685701494415601,0.19121523201465607,0.28286778634713877,10.968330164205433,2,2,1,0,1,1,1,0,0.9897289872169495,0,0,0,0
393226,0.0523072804013888,0.16643051306406656,0.23263664179929647,12.66643759972247,6,15,1,0,1,1,5,0,0.9905505657196045,0,0,0,0
164969,0.05291301757097244,0.15298530956109366,0.2613330481227045,11.656113320204724,1,1,0,0,0,0,1,0,0.9976690411567688,0,0,0,0
94871,0.040018413215875626,0.11268406609694163,0.24472517053785997,12.226427203604274,7,10,0,0,0,0,7,0,0.9923121333122253,0,0,0,0
115946,0.07146482231716315,0.22181761264801025,0.3540262773607942,9.019290031277846,7,17,1,0,0,1,6,0,0.9795865515867869,0,0,0,0
13923,0.05396969119707743,0.15076804409424463,0.22033756932036327,13.138228916955,11,19,1,0,0,1,10,0,0.9438197135925293,0,0,0,0
218249,0.05271354069312414,0.14134816328684488,0.22457458266926003,12.972787974058964,1,2,0,0,0,0,1,0,0.9936079978942871,0,0,0,0
257865,0.07029973343014717,0.2749476283788681,0.35992925948527693,8.875656942102383,2,2,1,0,0,1,1,0,0.9966689348220825,0,0,0,0
245513,0.07626210898160934,0.2626274675130844,0.3490522025534219,9.14219234416858,2,4,0,0,0,0,2,0,0.9674257338047028,0,0,0,0
439854,0.0711579682926337,0.23683253427346548,0.31001177706862393,10.172436147910455,9,14,1,0,1,1,8,0,0.9830523803830147,0,0,0,0
419096,0.04308377827207247,0.13994074364503226,0.23124043117973814,12.718724589881845,1,1,0,0,0,0,1,0,0.9977145195007324,0,0,0,0
282046,0.10318231210112572,0.3552960455417633,0.4243667754843154,7.4451725043044785,1,1,0,0,0,0,1,0,0.9912678599357605,0,0,0,0
188465,0.05884319171309471,0.1797343691190084,0.27669165936311,11.160078642057854,4,23,0,0,0,0,4,0,0.9872641414403915,0,0,0,0
270474,0.06178384398420652,0.20538631081581116,0.3124385141904976,10.10470872320392,2,2,1,0,1,1,1,0,0.9951509237289429,1,0,1,1
103723,0.07807973896463712,0.23953548073768616,0.38833541474589645,8.215860032118936,4,8,1,0,1,1,3,0,0.9858508308728536,0,0,0,0
412362,0.04343816017111143,0.1278384526570638,0.21467362692215305,13.364426124382119,6,7,1,0,1,1,6,1,0.9906814217567443,0,0,0,0
302165,0.055460790172219276,0.14408405125141144,0.21717906116150137,13.263640972121829,4,10,0,0,0,0,4,0,0.993294283747673,0,0,0,0
334417,0.056594440092643104,0.1842744598786036,0.26141726634612183,11.653314621934447,3,4,2,0,2,1,1,0,0.9983123540878296,1,0,1,1
263679,0.07291861871878307,0.22648408015569052,0.32690096311528544,9.711675997995695,3,7,0,0,0,0,3,0,0.9854122400283813,0,0,0,0
125245,0.06064454031487306,0.18497947851816812,0.256582539589304,11.815458012847756,0,1,0,0,0,0,0,0,,0,0,0,0
206831,0.05304629169404507,0.1709046314160029,0.2711147852909212,11.336935949005014,1,1,0,0,0,0,1,0,0.9989871382713318,0,0,0,0
464089,0.05053999833762646,0.14787507802248,0.23391396685313287,12.61887691942607,9,14,0,0,0,0,9,0,0.9797008832295736,0,0,0,0
234413,0.052923829605182014,0.16712850828965506,0.24232267125737603,12.312119043591183,1,1,0,0,0,0,1,0,0.9947340488433838,0,0,0,0
563653,0.06977748746673267,0.22664851446946463,0.32846713776512754,9.670161478015567,7,15,0,0,0,0,7,0,0.9806177020072937,0,0,0,0
530836,0.06121385470032692,0.17834112544854483,0.24972934132084035,12.050608566259925,2,23,0,0,0,0,2,0,0.9914060533046722,0,0,0,0
372718,0.061512077848116554,0.19754719734191895,0.31783441761216663,9.9559815151527,1,1,1,0,1,1,0,0,,0,0,0,0
404923,0.06820637732744217,0.231223593155543,0.34696847478642023,9.194199659702143,4,5,0,0,0,0,4,0,0.9875277876853943,0,0,0,0
73533,0.04727731520930926,0.11464886367321014,0.1900892493739195,14.42084888516444,3,4,1,0,1,1,2,0,0.9857508540153503,0,0,0,0
417608,0.051889205972353615,0.13849101463953653,0.234003413245161,12.615556155837508,3,9,0,0,0,0,3,0,0.9942893187204996,0,0,0,0
199977,0.108561256279548,0.346915528178215,0.4645961665595646,6.658487558769743,1,1,0,0,0,0,1,0,0.9955816268920898,0,0,0,0
392933,0.10309086988369624,0.3189990222454071,0.42279286346385614,7.477447039611285,1,1,0,0,0,0,1,0,0.9675722122192383,0,0,0,0
148739,0.0859551082054774,0.2957471162080765,0.39345478282762486,8.102103420955508,1,2,0,0,0,0,1,0,0.9938599467277527,0,0,0,0
94751,0.07260148972272873,0.23733945190906525,0.3661415539493086,8.727019591898106,4,17,0,0,0,0,4,0,0.9853252470493317,0,0,0,0
227187,0.054852026204268135,0.14959488064050674,0.2071522884418161,13.674205292482638,7,11,2,0,2,1,6,1,0.9845559954643249,0,0,0,0
78915,0.057400129114588104,0.18067664404710135,0.28360860011317757,10.945612075910125,14,12,4,0,3,1,10,0,0.9857079565525055,0,0,0,0
481390,0.044480484599868454,0.12364511440197627,0.17945346691612984,14.920962939649083,10,34,1,0,0,1,9,0,0.983774893813663,0,0,0,0
115118,0.05888232464591662,0.19708875318368277,0.2878911290491801,10.815434341503726,1,1,0,0,0,0,1,0,0.9965528845787048,0,0,0,0
417085,0.07574186225732167,0.2671869844198227,0.3495226531112614,9.130493433994044,2,2,0,0,0,0,2,0,0.9882612228393555,0,0,0,0
438862,0.05056728174289068,0.16354392965634665,0.2561891879463947,11.82878405812664,6,10,0,0,0,0,6,0,0.9929656585057577,0,0,0,0
577149,0.06638347295423348,0.22054368257522583,0.29319271836865207,10.656936397642962,4,4,0,0,0,0,4,0,0.9919710606336594,0,0,0,0
390246,0.08971606815854709,0.3143882205088933,0.3835254698615019,8.324115786685745,2,2,0,0,0,0,2,0,0.9900277256965637,0,0,0,0
43581,0.053412863363822304,0.14717339475949606,0.2433232894435796,12.27632642041616,1,4,0,0,0,0,3,2,0.9950724840164185,0,0,0,0
415882,0.054700193305810295,0.1406047890583674,0.20803316980884215,13.637348270317212,1,2,0,0,0,0,1,0,0.9925122261047363,0,0,0,0
468632,0.057393780599037804,0.2006281465291977,0.3067606629521588,10.264006646620732,3,5,0,0,0,0,4,1,0.9846420089403788,0,0,0,0
489924,0.058367736637592316,0.18903026978174844,0.28471854499212995,10.911684887798714,1,2,0,0,0,0,1,0,0.9778000116348267,0,0,0,0
7574,0.05430749182899793,0.1482167492310206,0.20851896570532646,13.617088758497475,7,12,0,0,0,0,8,1,0.9877498320170811,0,0,0,0
67315,0.05104721710085869,0.14436949541171393,0.22745339290853722,12.862151608822526,4,4,3,0,2,1,1,0,0.9763365983963013,2,0,2,1
289960,0.07816285640001297,0.26257679363091785,0.32646254603010266,9.72333273405633,2,2,0,0,0,0,2,0,0.9884543120861053,0,0,0,0
39951,0.06670150284965833,0.22742527226607004,0.3179456666526672,9.952941794589236,3,5,0,0,0,0,3,0,0.984738826751709,0,0,0,0
226171,0.0469018816947937,0.12391019364198048,0.19233510487951705,14.318828827550153,5,7,1,0,1,1,4,0,0.9907846450805664,0,0,0,0
326128,0.08018296957015991,0.25403094788392383,0.398533604093576,7.99070106592898,2,3,1,0,1,1,1,0,0.9917541742324829,0,0,0,0
458255,0.05367985864480337,0.16044452786445618,0.25443755036446847,11.888375886207797,4,5,0,0,0,0,4,0,0.9918957352638245,0,0,0,0
483999,0.05117984116077423,0.1345970407128334,0.20237501329682128,13.876862194074828,20,41,2,0,2,1,19,1,0.984801236126158,0,0,0,0
364587,0.06380409374833107,0.2108752280473709,0.2911840599928104,10.716648057416318,1,1,0,0,0,0,1,0,0.9933412671089172,0,0,0,0
294855,0.06087900201479594,0.17380713919798532,0.25286117265170155,11.942357046776005,1,2,0,0,0,0,1,0,0.9920283555984497,0,0,0,0
286708,0.046467592318852745,0.12289930631717046,0.188082738882073,14.51302119183608,1,1,0,0,0,0,1,0,0.9980767369270325,0,0,0,0
235784,0.08812713250517845,0.3138363113005956,0.4110719894658493,7.721642302625268,2,2,1,0,0,1,1,0,0.9842731952667236,0,0,0,0
188906,0.05621959641575813,0.1676179269949595,0.25634996292531503,11.823334820670762,2,1,1,0,0,1,1,0,0.9879487156867981,1,0,0,1
177861,0.06662357598543167,0.1924552023410797,0.2975385760522757,10.52913439497431,6,19,0,0,0,0,6,0,0.9773682653903961,0,0,0,0
327780,0.053746564934651055,0.13927711794773737,0.2237853496832567,13.003366967411678,2,2,1,0,1,1,1,0,0.9962026476860046,1,0,1,1
195754,0.056392211467027664,0.16503600031137466,0.2278989633585226,12.845153005712127,4,8,0,0,0,0,4,0,0.9808477759361267,0,0,0,0
77595,0.04864750367899736,0.14013617485761642,0.23602227494543726,12.540940158447002,3,3,1,0,1,1,2,0,0.9967451095581055,0,0,0,0
350002,0.060011774922410645,0.17575383434693018,0.3241441370316296,9.785236586132143,1,2,0,0,0,0,1,0,0.9896959066390991,0,0,0,0
179765,0.05863647721707821,0.18313742677370706,0.27910467855947585,11.084657669687527,1,1,0,0,0,0,1,0,0.9953194856643677,0,0,0,0
39914,0.06456229214866956,0.20892295241355896,0.32386568487194844,9.792701302855809,3,11,1,0,1,1,2,0,0.9745096564292908,0,0,0,0
24243,0.052269451320171356,0.1394145910938581,0.2140852880877942,13.388263526770757,5,18,0,0,0,0,5,0,0.9883373022079468,0,0,0,0
239857,0.07023436203598976,0.23558769126733145,0.332764898771344,9.557249817932465,10,19,1,0,1,1,9,0,0.9860755801200867,0,0,0,0
308391,0.06404848396778107,0.2132790486017863,0.30535699029307684,10.303842671969726,0,0,0,0,0,0,0,0,,0,0,0,0
433243,0.053769806399941444,0.17484872539838156,0.25926443890271006,11.725140952498451,2,2,0,0,0,0,2,0,0.9952922761440277,0,0,0,0
305343,0.06273035705089569,0.18764803310235342,0.261092264682819,11.664119894474176,2,2,1,0,0,1,1,0,0.9963981509208679,0,0,0,0
301718,0.04831087216734886,0.12785804023345312,0.24569680060983531,12.19200997471589,7,11,0,0,0,0,7,0,0.9896750109536308,0,0,0,0
82688,0.05358727897206942,0.16034391025702158,0.25150605299112677,11.989031166514021,2,6,0,0,0,0,2,0,0.9914093613624573,0,0,0,0
98497,0.06004209443926811,0.18468017131090164,0.25299815753484334,11.93765283145315,0,0,0,0,0,0,0,0,,0,0,0,0
322574,0.0571167084077994,0.13750204692284265,0.21731807342671963,13.258083074777506,2,4,0,0,0,0,2,0,0.9793138206005096,0,0,0,0
181859,0.06574648121992747,0.18881123264630637,0.33193018527566165,9.579065033023118,3,2,1,0,0,1,2,0,0.9673139750957489,0,0,0,0
430973,0.04803259546558062,0.11773948123057683,0.21245443803768904,13.454683846900261,1,1,0,0,0,0,1,0,0.995096743106842,0,0,0,0
540466,0.05837761424481869,0.18811574578285217,0.25024405635503494,12.032724576502554,1,2,0,0,0,0,1,0,0.9975975751876831,0,0,0,0
375469,0.10899721582730611,0.3687679171562195,0.4553876701301822,6.832374646438416,2,4,0,0,0,0,3,1,0.9925307333469391,0,0,0,0
209753,0.055955142403642334,0.18099732200304666,0.33564356635128767,9.482433459967801,1,3,0,0,0,0,1,0,0.9957570433616638,0,0,0,0
405691,0.04675224175055822,0.12125466515620549,0.19189110626806483,14.338903067897215,8,13,4,0,4,1,4,0,0.9849185943603516,1,0,1,1
59598,0.04887805009881655,0.13091293970743814,0.2077931382067799,13.64737595830394,7,10,1,0,1,1,6,0,0.9773369630177816,0,0,0,0
135561,0.060853476325670876,0.1829036921262741,0.236368429756523,12.528210597958209,2,8,0,0,0,0,2,0,0.9866935610771179,0,0,0,0
513041,0.04327020918329557,0.11159542948007584,0.18364058855454488,14.720626480439925,7,10,2,0,2,1,5,0,0.9742888927459716,0,0,0,0
538364,0.058297012001276016,0.16282671689987183,0.2640551979837389,11.566105578208807,8,17,0,0,0,0,8,0,0.9812039062380791,0,0,0,0
2587,0.06806265811125438,0.1974423180023829,0.26292557926997323,11.603343211657087,0,2,0,0,0,0,0,0,,0,0,0,0
331799,0.05084337666630745,0.13630971560875574,0.20194934941914533,13.895150831472364,3,19,0,0,0,0,4,1,0.9911531805992126,0,0,0,0
156924,0.05635891606410345,0.16118252525726953,0.237414643735383,12.48984994542684,3,7,1,0,0,1,3,1,0.9639772772789001,0,0,0,0
49060,0.05396769319971403,0.16537432869275412,0.24818836290849872,12.104371712435317,5,7,0,0,0,0,5,0,0.9820338487625122,0,0,0,0
39484,0.060457891474167504,0.179575577378273,0.28570636948006173,10.881601548718379,9,35,2,0,1,1,7,0,0.9872306415012905,0,0,0,0
37777,0.06511270875732104,0.19810680548350015,0.28790525734109834,10.815008090880063,8,14,2,0,2,1,6,0,0.9771588742733002,0,0,0,0
250901,0.04969561658799648,0.1504011650880178,0.24624128364905384,12.172782670829601,3,6,1,0,1,1,2,0,0.9776295721530914,0,0,0,0
320425,0.05626655680437883,0.1459051345785459,0.1958381259076813,14.162055110773066,7,10,0,0,0,0,7,0,0.9408154828207833,0,0,0,0
201934,0.05034547609587511,0.16066474467515945,0.2377793121148651,12.476518673505257,2,6,0,0,0,0,3,1,0.9913190305233002,0,0,0,0
551660,0.055968787521123886,0.1547476276755333,0.29506301054793166,10.601704615273647,5,12,1,0,1,1,4,0,0.9894315302371979,0,0,0,0
239318,0.057675438622633614,0.1384455809990565,0.27574341754071846,11.189896922079232,1,4,0,0,0,0,1,0,0.9863833785057068,0,0,0,0
464144,0.0733488289018472,0.24425298472245535,0.3786356263865254,8.43557050078055,2,2,0,0,0,0,2,0,0.9865111112594604,0,0,0,0
431896,0.05597393587231636,0.17351897557576498,0.2838324044416842,10.938760474481517,1,1,0,0,0,0,1,0,0.9958178400993347,0,0,0,0
408120,0.08340983465313911,0.26008204619089764,0.33798232221260555,9.422120288310348,4,5,0,0,0,0,4,0,0.9785149246454239,0,0,0,0
50326,0.07250405848026276,0.24666022260983786,0.35328346411774214,9.037533795910146,2,3,1,0,0,1,1,0,0.9940626621246338,0,0,0,0
436315,0.0571215512851874,0.1428413192431132,0.29939586709721294,10.475083980277706,1,1,0,0,0,0,1,0,0.9988775253295898,0,0,0,0
389532,0.08038507029414177,0.28721533715724945,0.3836261187290291,8.321836641407144,3,4,0,0,0,0,3,0,0.9945649902025858,0,0,0,0
335081,0.054794239501158394,0.14550640682379404,0.2428986250863951,12.291498869733674,5,4,2,1,1,1,2,0,0.9871659576892853,0,1,0,1
269932,0.055808436746398606,0.16166835526625314,0.30271710991794837,10.379260630558015,2,2,0,0,0,0,2,0,0.9946646690368652,0,0,0,0
484404,0.05294498118261496,0.143965482711792,0.22022589832689615,13.142632196014798,5,16,2,0,3,1,3,0,0.9801990787188212,0,0,0,0
82986,0.0691506378352642,0.2399471402168274,0.3354774145730754,9.486734252460439,3,5,0,0,0,0,3,0,0.9908187786738077,0,0,0,0
283113,0.042336790512005486,0.10426423698663712,0.21704880546149075,13.26885199958423,3,3,3,0,3,1,0,0,,0,0,0,0
220584,0.08112190042932828,0.2821606794993083,0.3868687759160964,8.248726413306157,2,2,0,0,0,0,2,0,0.9904400706291199,0,0,0,0
165681,0.04493414921065172,0.11535429209470749,0.18795710524527737,14.518825044601574,5,28,0,1,1,1,6,2,0.9720447659492493,0,0,0,0
52462,0.059304470817248024,0.21251650154590607,0.27142356745770185,11.327048913005198,2,2,0,0,0,0,2,0,0.9892047345638275,0,0,0,0
345252,0.047898893555005394,0.13854958365360895,0.2131647240577684,13.425693273831074,4,5,0,0,0,0,4,0,0.9895376861095428,0,0,0,0
571893,0.06538995852073033,0.1864940126736959,0.2589452510045623,11.735840988648764,1,17,1,0,1,1,0,0,,0,0,0,0
530975,0.05267420535286268,0.1325071801741918,0.20471336841105306,13.777075912985463,10,23,5,0,5,1,5,0,0.9869979023933411,0,0,0,0
221291,0.10236519575119019,0.33733489612738293,0.4769793050111545,6.430009270955946,2,2,0,0,0,0,2,0,0.9851904511451721,0,0,0,0
29393,0.05958912707865238,0.17345510174830756,0.22581447414764286,12.924964486397512,2,4,1,0,1,1,1,0,0.9944168329238892,0,0,0,0
368038,0.06410721813639005,0.2159500370422999,0.3199911981568575,9.89723934888188,1,1,0,0,0,0,1,0,0.98734450340271,0,0,0,0
46048,0.05250687773029009,0.16587411860624948,0.262933222699131,11.603090710484237,2,4,0,0,0,0,2,0,0.9963709712028503,0,0,0,0
190756,0.07559463381767273,0.2746772716442744,0.45418180361868987,6.85540538763155,2,2,0,0,0,0,2,0,0.9925276637077332,0,0,0,0
416534,0.06767813861370087,0.21279531717300415,0.30581107657594625,10.290935767048735,4,18,1,0,1,1,3,0,0.9907021323839823,0,0,0,0
184611,0.04835595438877741,0.13137926906347275,0.19974461016442377,13.990498613989573,12,22,2,0,1,1,11,1,0.9824242055416107,0,0,0,0
537802,0.048813601955771446,0.1262721618016561,0.2037352704210706,13.818675598369513,5,2,1,0,0,1,4,0,0.9899642467498779,0,0,0,0
368982,0.052509533862272896,0.13651449978351593,0.2099757501030775,13.55661717242054,1,1,1,0,1,1,0,0,,0,0,0,0
465675,0.06781695410609245,0.2716412643591563,0.352545368761937,9.05569972181485,0,3,0,0,0,0,0,0,,0,0,0,0
405249,0.04136700866123041,0.10349106788635254,0.17649402604080916,15.065399800018326,10,18,0,0,0,0,10,0,0.9837447762489319,0,0,0,0
368456,0.045727542911966644,0.1397442320982615,0.20734982885361292,13.665926375322844,1,1,0,0,0,0,1,0,0.9923318028450012,0,0,0,0
331280,0.05199455966552099,0.1354864090681076,0.20025084889905176,13.968512683761642,8,15,0,0,0,0,8,0,0.9812050089240074,0,0,0,0
421834,0.05623454973101616,0.16854279239972433,0.24725703951739678,12.137026699971372,0,1,0,0,0,0,1,1,,0,0,0,0
177015,0.04668326613803705,0.12880790730317435,0.19984348627025303,13.986200052704763,3,6,0,0,0,0,3,0,0.9848467707633972,0,0,0,0
194832,0.051295249412457146,0.13651232669750848,0.21442448282746013,13.374512574564449,5,14,0,0,0,0,7,2,0.988369596004486,0,0,0,0
125952,0.0784271831313769,0.2318649689356486,0.3532909620986235,9.037349451184298,1,1,1,0,0,1,0,0,,1,0,0,1
298251,0.0901357630888621,0.31880251069863635,0.3728708231396311,8.5688319704894,6,9,0,0,0,0,6,0,0.9818116625150045,0,0,0,0
142472,0.06050047961374124,0.18889719247817993,0.25405724927477163,11.901368168184232,6,12,1,0,1,1,5,0,0.9866027951240539,0,0,0,0
425221,0.07176930829882622,0.20824562013149261,0.3385580611910468,9.407336820665375,2,23,1,0,1,1,1,0,0.9880293011665344,1,0,1,1
142971,0.06716018418471019,0.2199290692806244,0.3151626394047354,10.029305421494998,5,6,0,0,0,0,5,0,0.992671012878418,0,0,0,0
412894,0.05513619879881541,0.1829821119705836,0.3047184559643571,10.322024819009577,9,19,1,0,0,1,8,0,0.9855925813317299,0,0,0,0
504389,0.07253209128975868,0.2565268576145172,0.34951240781812404,9.130748040638206,4,4,0,0,0,0,4,0,0.9777204394340515,0,0,0,0
312340,0.05903996775547663,0.18516420324643454,0.2570290114306957,11.80035708254379,1,1,0,0,0,0,1,0,0.9931362867355347,0,0,0,0
161820,0.054029714316129684,0.1505179430047671,0.32892711467016406,9.658006491048743,1,1,0,0,0,0,1,0,0.9909666776657104,0,0,0,0
364126,0.08721002067128818,0.3134368310372035,0.41052662879743823,7.733173342646921,2,2,0,0,0,0,2,0,0.9799860715866089,0,0,0,0
579070,0.043754562735557556,0.11422132203976314,0.18587598525345242,14.615534328888302,25,30,0,0,0,0,26,1,0.9867284512519836,0,0,0,0
438955,0.07345250124732654,0.23442837595939636,0.309382132813024,10.190095418729804,8,15,0,0,0,0,9,1,0.9598302245140076,0,0,0,0
411754,0.05529077351093292,0.1655936340490977,0.28246718093365275,10.98064008732624,4,8,0,0,0,0,5,1,0.9775492399930954,0,0,0,0
101068,0.06502773240208626,0.22002969682216644,0.2925641016951156,10.675579277964909,2,2,0,0,0,0,2,0,0.9910838305950165,0,0,0,0
180560,0.0526065801580747,0.16755761206150055,0.2527607900968001,11.94580591517633,2,3,0,0,0,0,2,0,0.9956813454627991,0,0,0,0
559348,0.05480125670631727,0.1580819214383761,0.21739652536349016,13.254948029973512,3,15,0,0,0,0,3,0,0.9869970480600992,0,0,0,0
135670,0.055340735241770744,0.16326756527026495,0.29677453535785225,10.551467325812931,1,1,0,0,0,0,1,0,0.9931342601776123,0,0,0,0
213445,0.041520449022452034,0.09892457475264867,0.16397169985510032,15.70462202164764,3,14,0,0,0,0,3,0,0.9926025668780009,0,0,0,0
277689,0.060760164012511574,0.2083053489526113,0.2811957211472663,11.019825842053478,3,22,1,0,2,1,2,0,0.995784193277359,0,0,0,0
255824,0.05140841876467069,0.15064443151156107,0.2499373031092843,12.043378412845467,3,3,0,0,0,0,3,0,0.9945984482765198,0,0,0,0
2532,0.08470781023303668,0.29615413149197894,0.4172898593547625,7.591243380761306,2,2,0,0,0,0,2,0,0.9833570718765259,0,0,0,0
112626,0.06939634929100673,0.2217872440814972,0.3542139796219919,9.014686053608754,2,2,0,0,0,0,2,0,0.9972208440303802,0,0,0,0
546659,0.0635604498287042,0.1953535278638204,0.3481701735927034,9.164168719452677,2,4,1,0,1,1,1,0,0.9978440999984741,0,0,0,0
343524,0.07511368518074353,0.2653878529866536,0.3740001096430928,8.542565409606269,2,3,0,0,0,0,2,0,0.9909215271472931,0,0,0,0
5503,0.06637543812394142,0.18661927183469137,0.3326377197577303,9.560570102100929,2,1,2,0,1,1,0,0,,0,0,0,0
373705,0.07688424115379651,0.21442453563213348,0.3238828154213069,9.792241883617836,6,7,1,0,1,1,5,0,0.9877184748649597,0,0,0,0
551350,0.05402537869910399,0.16310403247674307,0.21935127380565222,13.177196784774111,1,8,0,0,0,0,1,0,0.9957098364830017,0,0,0,0
61584,0.07046681642532349,0.22406605382760367,0.3049529692877618,10.315342672325832,3,6,0,0,0,0,4,1,0.9904625614484152,0,0,0,0
7991,0.062401736776034035,0.17021790146827698,0.2645984153543817,11.548255221481964,2,3,1,0,1,1,1,0,0.9896646738052368,0,0,0,0
369757,0.0508460688094298,0.13292352358500162,0.19772168780563912,14.078913818812813,7,5,0,0,0,0,7,0,0.9886583174977984,0,0,0,0
449312,0.03578599045674006,0.09493359923362732,0.1455728195341496,16.738394125223586,3,5,1,0,1,1,2,0,0.9948959946632385,0,0,0,0
502737,0.05080542899668217,0.12969405949115753,0.22470635606627437,12.96769285820677,3,4,1,0,1,1,2,0,0.9792547523975372,0,0,0,0
21879,0.07120237126946449,0.2378494292497635,0.31541667561820497,10.022306997724755,5,7,1,0,0,1,4,0,0.9914462119340897,0,0,0,0
202339,0.04678924443821112,0.14814789841572443,0.2561182801153035,11.831188464221267,5,7,0,0,0,0,5,0,0.989419949054718,0,0,0,0
48924,0.0658445122341315,0.23097661137580872,0.3149059813101692,10.036381806301764,1,3,0,0,0,0,1,0,0.9810077548027039,0,0,0,0
468954,0.04815134406089783,0.13571630169947943,0.22592737464373971,12.920622886113097,3,7,1,0,1,1,2,0,0.9643994867801666,0,0,0,0
137576,0.049357470124959946,0.14324920872847238,0.23342272682243884,12.637137237186916,4,9,0,0,0,0,4,0,0.9697383642196655,0,0,0,0
285894,0.054572224617004395,0.16905030608177185,0.2615759898663812,11.648042450617172,5,5,0,0,0,0,5,0,0.990221107006073,0,0,0,0
421757,0.0777819628516833,0.276088868578275,0.3987212712165382,7.9866118944498705,2,3,0,0,0,0,2,0,0.9944511353969574,0,0,0,0
55528,0.050897919262448944,0.1449349746108055,0.23202114084131062,12.689448842490002,3,7,0,0,0,0,3,0,0.9722643494606018,0,0,0,0
466125,0.04722468927502632,0.12843037645022073,0.2842330811506534,10.926507541184023,3,9,0,0,0,0,3,0,0.9874070286750793,0,0,0,0
532493,0.0827675312757492,0.3121089239915212,0.3979648425263313,8.00310586361341,2,2,0,0,0,0,2,0,0.9883731007575989,0,0,0,0
474786,0.0676188034315904,0.19807389875253043,0.3531926133778705,9.039767755500707,5,6,2,0,0,1,3,0,0.9925597707430521,0,0,0,0
463527,0.04383158000806967,0.11193179835875829,0.17238134381827905,15.270194760388344,7,11,2,0,1,1,5,0,0.9937239050865173,1,0,0,1
512403,0.04308887136479219,0.11523329466581345,0.16480912458452845,15.660374949014686,2,3,1,0,1,1,1,0,0.9797703623771667,0,0,0,0
205289,0.0692976824939251,0.24168148140112558,0.33699365231570166,9.447565590301831,2,2,1,0,1,1,1,0,0.979276180267334,0,0,0,0
553990,0.06950993711749713,0.2231907198826472,0.3252445136784885,9.75580041027013,2,2,0,0,0,0,2,0,0.9900757670402527,0,0,0,0
450202,0.046499223758776985,0.11961312592029572,0.21257640638245967,13.449698779933932,7,7,3,1,3,1,4,0,0.9619693756103516,0,0,0,0
335954,0.03560404976209005,0.09344832599163055,0.13929478808108056,17.12130266074866,3,3,1,0,0,1,2,0,0.9979987740516663,1,0,0,1
284623,0.056791373838980995,0.15936877330144247,0.2596914670230303,11.71084640484904,3,5,0,0,0,0,3,0,0.9903672734896342,0,0,0,0
134322,0.06966562320788701,0.22233952085177103,0.3246826926095813,9.77081722128885,7,14,2,0,0,1,5,0,0.9810450553894043,0,0,0,0
446005,0.05389934157331785,0.16996261477470398,0.2510662799778277,12.004232245378423,3,5,0,0,0,0,3,0,0.9916748205820719,0,0,0,0
378453,0.0665481649339199,0.21898395319779715,0.29716425161920035,10.540068733916769,9,13,0,1,1,1,8,0,0.986023873090744,0,0,0,0
361238,0.04839672396580378,0.1217571571469307,0.2092847660777773,13.585247659613673,5,10,0,0,0,0,5,0,0.9837909936904907,0,0,0,0
117719,0.06061277041832606,0.17475852370262146,0.24099731407806124,12.359755952450932,4,18,1,0,0,1,4,1,0.9776294231414795,0,0,0,0
120572,0.0735033651192983,0.2534862806399663,0.34369951420185657,9.276421634218083,1,2,0,0,0,0,1,0,0.9715582728385925,0,0,0,0
151962,0.050185813258091606,0.13267408311367035,0.2002852575569843,13.967020334875668,2,3,0,0,0,0,2,0,0.9908065795898438,0,0,0,0
133000,0.05341357116897901,0.1591257005929947,0.23244842898930043,12.673467693303271,1,3,0,0,0,0,1,0,0.9890052676200867,0,0,0,0
352618,0.06736866633097331,0.20134211083253226,0.28736481378098455,10.831328197680048,3,4,2,0,1,1,1,0,0.964619517326355,0,0,0,0
561889,0.04445383635660013,0.11177372187376022,0.18696118757625912,14.564970839426332,3,8,1,0,0,1,2,0,0.9814493060112,1,0,0,1
277197,0.05663104479511579,0.17211978634198508,0.2569897085237115,11.801685363790885,5,9,0,0,0,0,5,0,0.9748564958572388,0,0,0,0
263474,0.05722761402527491,0.17324140419562659,0.30614466036668003,10.281466218506454,1,1,0,0,0,0,1,0,0.9959428310394287,0,0,0,0
381587,0.04407580569386482,0.11900306244691213,0.24698238228984065,12.146680493283547,22,30,3,0,1,1,21,2,0.9898083806037903,0,0,0,0
389197,0.06425647810101509,0.20434783399105072,0.2845307933000118,10.917414505477765,6,11,0,0,0,0,6,0,0.9871602952480316,0,0,0,0
522156,0.053413073221842446,0.15920204917589822,0.2629602789310795,11.60219696509965,0,1,0,0,0,0,0,0,,0,0,0,0
196442,0.08480470130840938,0.28960079948107403,0.39018443405063974,8.174601205275744,7,5,3,0,1,1,4,0,0.9713166356086731,0,0,0,0
544811,0.08509957293669383,0.30261050661404926,0.3634405003704076,8.79133356547342,2,2,0,0,0,0,2,0,0.9897515177726746,0,0,0,0
130465,0.06617940589785576,0.21552136540412903,0.35001919726921515,9.118162710740242,2,2,1,0,1,1,1,0,0.984075665473938,0,0,0,0
492077,0.05090868038435777,0.15031393617391586,0.2286128427517396,12.81798751909945,8,26,0,0,0,0,8,0,0.9756796360015869,0,0,0,0
268000,0.06436769912640254,0.21219288806120554,0.30307839086682475,10.368900544297095,2,3,0,0,0,0,2,0,0.9828748404979706,0,0,0,0
274687,0.05238058231770992,0.15125248581171036,0.23581543386802176,12.548555484024318,1,3,0,0,0,0,1,0,0.9797902703285217,0,0,0,0
393469,0.0616495336095492,0.19673046469688416,0.2916776492249297,10.70193697739932,3,4,0,0,0,0,3,0,0.9852144916852316,0,0,0,0
63602,0.057867322117090225,0.17557052274545035,0.2444635597819805,12.235717370075763,2,8,0,0,0,0,2,0,0.9856999218463898,0,0,0,0
157213,0.08128239462773006,0.2923216273387273,0.35844442352618106,8.911563434622744,1,1,0,0,0,0,1,0,0.9937083125114441,0,0,0,0
233567,0.05672977430125078,0.16175786157449087,0.262469978193502,11.618407296630448,3,7,0,0,0,0,3,0,0.9940654635429382,0,0,0,0
115245,0.04064862368007501,0.09674154967069626,0.14908550679854093,16.53129148014961,6,16,0,0,0,0,6,0,0.9921533366044363,0,0,0,0
322829,0.06382505223155022,0.20563950637976328,0.30768104380793776,10.237985195181423,1,1,0,0,0,0,1,0,0.9948643445968628,0,0,0,0
289741,0.051290507117907204,0.12890778481960297,0.19371604632472647,14.256688066604193,11,38,2,0,1,1,9,0,0.9842735264036391,0,0,0,0
247806,0.06760980126758416,0.21250582238038382,0.3490824914088384,9.141438662514162,1,1,0,0,0,0,1,0,0.978264331817627,0,0,0,0
513580,0.06940473119417827,0.23034681876500449,0.3497963680588206,9.12369408240708,3,3,0,0,0,0,3,0,0.988941510518392,0,0,0,0
532129,0.05012661342819532,0.13145805398623148,0.2437918883624037,12.259614973372752,2,4,0,0,0,0,2,0,0.9951376914978027,0,0,0,0
81988,0.07731164122621219,0.24715996285279593,0.34429948062543625,9.261272648530824,8,9,0,0,0,0,8,0,0.986297681927681,0,0,0,0
184384,0.04255742703874906,0.10243667662143707,0.17595891252284424,15.091774615056865,5,6,2,0,2,1,3,0,0.9893139004707336,1,0,1,1
268996,0.05844295832018057,0.18513824542363486,0.25840008573938217,11.754146931485327,0,0,0,0,0,0,0,0,,0,0,0,0
578792,0.0625203512609005,0.21612990895907083,0.3377994564998066,9.426821070393443,2,2,1,0,1,1,1,0,0.995374321937561,0,0,0,0
575357,0.07317077616850536,0.23747054735819498,0.3240917262668836,9.786641118479691,2,2,0,0,0,0,2,0,0.9919114708900452,0,0,0,0
98261,0.08090901623169582,0.238695094982783,0.34451245756158594,9.25590138790294,2,2,0,0,0,0,2,0,0.9345034956932068,0,0,0,0
422836,0.05253092758357525,0.14689606924851736,0.2202876845062601,13.140195640323686,2,22,0,0,0,0,2,0,0.9901716709136963,0,0,0,0
375078,0.07291903967658679,0.23870048920313516,0.34598051502026533,9.218967183535366,1,2,1,0,1,1,0,0,,1,0,1,1
498919,0.0509469552586476,0.11485645920038223,0.16839689657275556,15.473318329618913,3,23,1,0,0,1,2,0,0.9928597807884216,1,0,0,1
376625,0.05255901627242565,0.16812680661678314,0.25852829750085143,11.749838275704889,9,17,3,0,3,1,6,0,0.9792638719081879,0,0,0,0
535523,0.05394942810138067,0.14828592787186304,0.22016274715449213,13.14512328711537,3,17,0,0,0,0,3,0,0.940237283706665,0,0,0,0
632,0.05638327325383822,0.14163198322057724,0.22286029875660818,13.039345832424987,4,17,0,0,0,0,5,1,0.9900384098291397,0,0,0,0
530466,0.051371059070030846,0.14940916001796722,0.23777712212609028,12.476598672426256,1,3,0,0,0,0,1,0,0.9899946451187134,0,0,0,0
255747,0.0453521062930425,0.1154191642999649,0.21464113348027325,13.365740938018636,2,3,0,0,0,0,2,0,0.9918853342533112,0,0,0,0
117908,0.05747159322102865,0.16683238248030344,0.255939096443111,11.837267352003702,5,9,0,0,0,0,5,0,0.9838620185852051,0,0,0,0
565624,0.05721187839905421,0.19976960122585297,0.3040580042036731,10.340871189493733,2,2,0,0,0,0,2,0,0.9949901103973389,0,0,0,0
265108,0.07869469995299976,0.23176213105519614,0.36116420453836284,8.845905994514032,2,2,0,0,0,0,2,0,0.9679225087165833,0,0,0,0
383386,0.047683946788311005,0.1247664416829745,0.2109461443577651,13.516568163589358,3,4,0,0,0,0,3,0,0.9947325984636942,0,0,0,0
219271,0.08393125608563423,0.2473001331090927,0.3565810609949552,8.956834542551974,6,18,2,0,0,1,5,1,0.9792643487453461,0,0,0,0
471567,0.06574021776517232,0.20136809349060059,0.3393902586550439,9.386012543435493,1,4,0,0,0,0,1,0,0.9948056936264038,0,0,0,0
88485,0.05591464042663574,0.19066237906614938,0.26120727030212115,11.660294786212537,2,2,0,0,0,0,2,0,0.9971864819526672,0,0,0,0
449198,0.07083899155259132,0.22512772679328918,0.3134591328515803,10.07638144333001,0,2,0,0,0,0,0,0,,0,0,0,0
402765,0.05567691847681999,0.1537687877813975,0.22538626587994157,12.941451032371651,1,2,1,0,1,1,0,0,,1,0,1,1
516316,0.07755861431360245,0.26024611790974933,0.3450152512381203,9.243234134351288,2,11,0,0,0,0,2,0,0.9899807572364807,0,0,0,0
286660,0.05045505613088608,0.14984048654635748,0.3060537296322739,10.284046474653712,2,2,0,0,0,0,2,0,0.9938998222351074,0,0,0,0
110721,0.0504013920823733,0.16117011258999506,0.25554434592888037,11.850674472539385,2,2,1,0,1,1,1,0,0.9876296520233154,0,0,0,0
284279,0.04976570544143518,0.1459273820122083,0.20476725083367606,13.774790008563908,1,1,0,0,0,0,1,0,0.9937677979469299,0,0,0,0
205647,0.06824625159303348,0.25534134606520337,0.3816606122706605,8.36645314663749,1,1,0,0,0,0,1,0,0.9923871159553528,0,0,0,0
6723,0.07555274044473966,0.2450438290834427,0.33560579648880345,9.483410935331474,3,6,0,0,0,0,3,0,0.9821609258651733,0,0,0,0
439773,0.05044619863231977,0.14484729369481406,0.21979406513647176,13.159680770851045,3,3,1,0,0,1,2,0,0.994158148765564,1,0,0,1
426329,0.05420198912421862,0.15668217837810516,0.2190563745451026,13.188882086467393,10,15,0,0,0,0,10,0,0.9686963379383087,0,0,0,0
1503,0.05467317998409271,0.13817478468020758,0.19878531183514142,14.032314171873907,4,5,1,0,1,1,4,1,0.9841757019360861,0,0,0,0
280710,0.047150908038020134,0.1394775261481603,0.2007216782338883,13.948114410844797,11,22,0,0,0,0,11,0,0.9825824444944208,0,0,0,0
190307,0.06917570841809113,0.22253345449765524,0.3215168620267669,9.855924909342944,1,2,0,0,0,0,1,0,0.9899192452430725,0,0,0,0
459195,0.060258480409781136,0.18669013182322183,0.2595585628403016,11.715292783365888,6,7,1,0,0,1,5,0,0.9663768887519837,1,0,0,1
82846,0.05307783621052901,0.16327514251073202,0.2613365630606731,11.655996495493179,1,3,0,0,0,0,1,0,0.9961183071136475,0,0,0,0
440184,0.06528827175498009,0.24148215353488922,0.3466781118594634,9.20147154868538,6,13,0,0,0,0,6,0,0.9678850968678793,0,0,0,0
337498,0.044328429425756134,0.11012346297502518,0.18076730284296227,14.857602437286374,4,6,1,0,1,1,3,0,0.994916578133901,0,0,0,0
575372,0.08016743883490562,0.2626729706923167,0.3453612559289441,9.234527700168835,4,4,0,0,0,0,4,0,0.9761984795331955,0,0,0,0
495054,0.06634507576624553,0.2121542493502299,0.3158965863586315,10.009101342841609,2,8,0,0,0,0,2,0,0.9866632521152496,0,0,0,0
322944,0.06949726492166519,0.18707694113254547,0.3254614126359795,9.750009897533223,1,2,0,0,0,0,1,0,0.9865726828575134,0,0,0,0
430875,0.08874170854687691,0.30184848606586456,0.3857353886934162,8.274210312684705,3,3,0,0,0,0,3,0,0.9878241419792175,0,0,0,0
232563,0.048686319341262184,0.1254545971751213,0.2643540104864359,11.55628193147458,4,5,0,0,0,0,4,0,0.9906621128320694,0,0,0,0
166509,0.06470812608798344,0.2249624232451121,0.2934199570590391,10.650207015999483,2,2,0,0,0,0,2,0,0.9872377812862396,0,0,0,0
409475,0.05420805265506109,0.18006709714730582,0.27147810222630486,11.325303908303363,2,2,0,0,0,0,2,0,0.9976677298545837,0,0,0,0
400161,0.053586989641189575,0.13742365688085556,0.2099628492140513,13.557150849003412,4,18,0,0,0,0,4,0,0.9938170313835144,0,0,0,0
175535,0.04568096001942953,0.11652049422264099,0.24967456149528458,12.052514084091863,4,7,2,0,2,1,2,0,0.9965119957923889,0,0,0,0
377000,0.05528094060719013,0.14906937132279077,0.20515081688230632,13.758534987855903,1,1,0,0,0,0,1,0,0.992802619934082,0,0,0,0
424135,0.05691007524728775,0.1755805810292562,0.30175710873517586,10.40684980170621,0,3,0,0,0,0,0,0,,0,0,0,0
148783,0.05976544631024202,0.19600448509057364,0.3491162138614502,9.140599619130874,2,2,1,0,1,1,1,0,0.9972690939903259,0,0,0,0
108495,0.07242783531546593,0.2137626459201177,0.36177545348721357,8.831218068302443,1,2,0,0,0,0,1,0,0.9894753694534302,0,0,0,0
262048,0.046045729890465736,0.11459825187921524,0.20364571542845708,13.822494455026689,6,13,1,0,1,1,6,1,0.9807828664779663,0,0,0,0
104782,0.08884142339229584,0.3025895357131958,0.4405228942667177,7.120630321868182,1,1,1,0,1,1,0,0,,1,0,1,1
176037,0.05804424236218134,0.1820613145828247,0.26218982562306564,11.627683305664114,2,15,0,0,0,0,3,1,0.9932798147201538,0,0,0,0
87244,0.05983687254289786,0.1918740471204122,0.3379668532378042,9.422517838341747,1,3,0,0,0,0,1,0,0.992987334728241,0,0,0,0
522940,0.057215314358472824,0.17514650275309881,0.29508191455075794,10.601148148292944,1,1,1,0,1,1,0,0,,1,0,1,1
570756,0.07248462364077568,0.23015684882799783,0.3315171259612022,9.589880626129535,6,26,2,0,1,1,4,0,0.9770365506410599,1,0,0,1
352584,0.05882930010557175,0.1731606125831604,0.32847996269074564,9.669822346026184,0,1,0,0,0,0,0,0,,0,0,0,0
190676,0.07305485010147095,0.2639146347840627,0.3510668532187517,9.092203470149427,8,14,1,0,0,1,7,0,0.9720197319984436,0,0,0,0
418281,0.0633006642262141,0.22751698394616446,0.32308806505636534,9.813581692379831,2,2,0,0,0,0,2,0,0.9935640692710876,0,0,0,0
303566,0.045735141883293785,0.12235295524199803,0.1825911564581245,14.770405214505915,14,53,1,0,1,1,13,0,0.9790462438876812,0,0,0,0
395903,0.07547622049848239,0.2831253657738368,0.36406798312102456,8.7763502425381,2,2,0,0,0,0,2,0,0.9924435913562775,0,0,0,0
7088,0.07099250517785549,0.2282079110542933,0.33735681810631907,9.438210163351199,3,4,0,0,0,0,3,0,0.9914928078651428,0,0,0,0
386210,0.06504606517652671,0.1642609437306722,0.3038910030694678,10.345643147142386,3,15,1,0,0,1,2,0,0.9581413865089417,0,0,0,0
356968,0.05835543014109135,0.18109660844008127,0.28583693018113515,10.877633219946123,1,1,0,0,0,0,1,0,0.9965977072715759,0,0,0,0
53529,0.053740775833527245,0.16181920220454535,0.25152266021311714,11.988457646579,2,3,0,0,0,0,2,0,0.9807523787021637,0,0,0,0
501523,0.050742623706658684,0.1321035921573639,0.2024439275961357,13.873904911479347,3,5,0,0,0,0,3,0,0.9919301072756449,0,0,0,0
350054,0.058403839667638145,0.15957502524058023,0.22553918185300095,12.935559986197685,1,5,0,0,0,0,1,0,0.9939370155334473,0,0,0,0
422886,0.046516675502061844,0.11361721654733022,0.16173898115908597,15.823705939282448,2,3,1,0,1,1,1,0,0.9774185419082642,0,0,0,0
232646,0.07783934722344081,0.26848099132378894,0.382349406665598,8.35079158835844,1,1,0,0,0,0,1,0,0.9914623498916626,0,0,0,0
80949,0.048755381256341934,0.1261241858204206,0.20442714259766723,13.78922883436733,3,4,0,0,0,0,3,0,0.973112165927887,0,0,0,0
336265,0.12079472839832306,0.4004786213239034,0.48462099675665726,6.291955469756031,2,2,0,0,0,0,2,0,0.9818365275859833,0,0,0,0
283520,0.06680975357691447,0.22966785728931427,0.32555892140431314,9.747407980626674,3,4,0,0,0,0,3,0,0.9816246032714844,0,0,0,0
400803,0.06981889779369037,0.2292064776023229,0.35400722599746026,9.01975746124727,1,3,0,0,0,0,1,0,0.9452115297317505,0,0,0,0
136915,0.057582464069128036,0.16328834493954977,0.24681272190721787,12.152649168974644,3,9,0,0,0,0,3,0,0.9894349773724874,0,0,0,0
395633,0.06766388441125552,0.23214711745580038,0.39095591045008976,8.157444336884813,1,3,0,0,0,0,1,0,0.9975212216377258,0,0,0,0
284743,0.06872684756914775,0.1997691293557485,0.28962701268440494,10.76321870359439,5,6,2,0,2,1,3,0,0.918733278910319,1,0,1,1
398652,0.05739780391256014,0.16022518028815588,0.24169405671208458,12.33468057636342,7,13,3,0,2,1,4,0,0.9611417204141617,0,0,0,0
128148,0.056786288817723594,0.17272070050239563,0.2487993634674939,12.083014701723139,7,22,1,0,0,1,6,0,0.9871997733910879,0,0,0,0
68286,0.05680957684914271,0.1820223033428192,0.2956812571759475,10.583524078503315,1,1,0,0,0,0,1,0,0.9923728704452515,0,0,0,0
74256,0.04785909317433834,0.11545916895071666,0.19724521168239967,14.099870618153112,6,13,1,0,0,1,5,0,0.9783600568771362,0,0,0,0
539445,0.052613929534951843,0.15992319335540137,0.24657370672046644,12.161064721474224,1,4,0,0,0,0,1,0,0.9965553879737854,0,0,0,0
17115,0.05355026697119077,0.15343229720989862,0.32704938303837516,9.70773331610321,2,2,0,0,0,0,2,0,0.9926727116107941,0,0,0,0
128476,0.04720238968729973,0.12922958781321844,0.21916306293864396,13.184652773246635,6,13,0,2,2,1,5,0,0.9768712818622589,0,0,0,0
42178,0.07979913863042991,0.25116096436977386,0.3541512384233251,9.01622470377091,0,3,0,0,0,0,0,0,,0,0,0,0
398203,0.04516057359675566,0.13138367732365927,0.2198689693450114,13.156721187515306,7,13,0,0,0,0,7,0,0.9916346754346576,0,0,0,0
548267,0.07208380848169327,0.2462558150291443,0.4048298000035369,7.85455052115428,11,13,0,0,0,0,11,0,0.9809937260367654,0,0,0,0
547519,0.058588288724422455,0.21055970589319864,0.2733770723867202,11.264758233803603,1,1,1,0,1,1,0,0,,0,0,0,0
572303,0.060478356356422104,0.19097272058327994,0.28004265482380525,11.055516277174874,1,2,0,0,0,0,2,1,0.975080668926239,0,0,0,0
223188,0.07161419217785199,0.2111880580584208,0.3519700831383099,9.069884984989208,1,3,0,0,0,0,1,0,0.9893845915794373,0,0,0,0
228942,0.0608334814508756,0.20103931427001953,0.2974525684082693,10.531645534563623,8,18,2,0,2,1,7,1,0.9827264448006948,1,0,1,1
480944,0.06204992284377416,0.1923182929555575,0.28469007510555994,10.912553460153378,7,14,1,0,1,1,6,0,0.9749308824539185,0,0,0,0
297698,0.08653424556056659,0.3000825047492981,0.40247270367890847,7.9052713764125535,1,6,0,0,0,0,1,0,0.9493700861930847,0,0,0,0
210099,0.050933459773659706,0.13292116671800613,0.20054545678129684,13.95574344424377,2,2,0,0,0,0,2,0,0.9627628326416016,0,0,0,0
122166,0.055134159202377,0.16584134101867676,0.23203626871177743,12.688882537499822,10,29,1,0,1,1,9,0,0.9841210775905185,0,0,0,0
579321,0.05576778699954351,0.16635672251383463,0.2295129195108484,12.783857251393083,3,2,1,0,0,1,2,0,0.816508024930954,0,0,0,0
357081,0.05910245950023333,0.20749233663082123,0.29668664244285947,10.554040124822315,2,2,0,0,0,0,2,0,0.993409126996994,0,0,0,0
151657,0.06464752554893494,0.19835720459620157,0.34312950351650306,9.290838762541064,3,3,0,0,0,0,3,0,0.9731955925623575,0,0,0,0
291634,0.05768081980446974,0.15424596021572748,0.3310945809837801,9.600958545520454,8,17,0,0,0,0,9,1,0.9513879492878914,0,0,0,0
506310,0.0510471041003863,0.16062231361865997,0.23250319715811002,12.671421414742635,5,6,0,0,0,0,5,0,0.9946501970291137,0,0,0,0
98633,0.05511388803521792,0.15036932875712714,0.3155304907263276,10.01917334238322,1,1,0,0,0,0,1,0,0.9896122217178345,0,0,0,0
558213,0.07231413821379344,0.24311517179012299,0.3478942970765343,9.171053808979929,4,6,0,0,0,0,4,0,0.9835098087787628,0,0,0,0
174004,0.0559292466690143,0.19583359360694885,0.28949088910981663,10.767301997735789,1,1,0,0,0,0,1,0,0.9905867576599121,0,0,0,0
309467,0.09175477176904678,0.34423963725566864,0.44861342208000266,6.962554737750326,4,6,0,0,0,0,4,0,0.9848480969667435,0,0,0,0
521259,0.051975980401039124,0.1558119604984919,0.25153177400115295,11.988142923751058,11,19,1,0,1,1,11,1,0.9825676679611206,0,0,0,0
278006,0.05728420242667198,0.1988151619831721,0.27838469519597164,11.107092893775752,0,0,0,0,0,0,0,0,,0,0,0,0
450559,0.06658171117305756,0.21711312731107077,0.34558525640443166,9.228895879347998,2,2,1,0,1,1,1,0,0.9966345429420471,0,0,0,0
541664,0.0493184265991052,0.12431040902932484,0.19263493538603002,14.305298968372107,1,2,1,0,1,1,0,0,,0,0,0,0
344059,0.07214701796571414,0.2444231460491816,0.373086452256754,8.563810420789375,2,2,0,0,0,0,2,0,0.9950759708881378,0,0,0,0
193926,0.049497182170550026,0.11721632381280263,0.17684279464597927,15.04825261115933,7,12,2,0,1,1,6,1,0.9856724500656128,1,0,0,1
23666,0.07031456815699737,0.2116351972023646,0.35163061748121865,9.078266333841183,1,1,0,0,0,0,1,0,0.9937233924865723,0,0,0,0
571264,0.065836600959301,0.20743619898955026,0.3006156003245353,10.439769712569564,2,2,0,0,0,0,2,0,0.9876733124256134,0,0,0,0
243148,0.06505132963260014,0.1962889184554418,0.2875228823563268,10.826551730051701,2,4,0,0,0,0,2,0,0.9887247383594513,0,0,0,0
326541,0.05524782588084539,0.17244655887285867,0.25918429656728154,11.727826299915808,5,9,0,0,0,0,5,0,0.9890138864517212,0,0,0,0
453634,0.05383800156414509,0.15226699163516363,0.287540352778524,10.826023975363482,2,2,1,0,1,1,1,0,0.9791277647018433,0,0,0,0
108864,0.07540518293778102,0.2693561514218648,0.39913669650207817,7.977566829651041,2,2,0,0,0,0,2,0,0.9691538214683533,0,0,0,0
431568,0.04492033769687017,0.11973314235607783,0.20236665459399045,13.877220955112183,2,5,0,0,0,0,2,0,0.9925657510757446,0,0,0,0
177065,0.048420277734597526,0.1293897827466329,0.20121906814279505,13.926617331486412,7,11,2,0,1,1,5,0,0.9850600004196167,0,0,0,0
136633,0.056028369814157486,0.16072331120570502,0.30229751452202835,10.391308471184344,6,18,1,0,1,1,5,0,0.9861577153205872,0,0,0,0
219578,0.049789030104875565,0.13253333419561386,0.23244272621836995,12.6736807910935,2,4,1,0,1,1,1,0,0.9966082572937012,0,0,0,0
20553,0.06520036732157071,0.20416566729545593,0.27654184639561014,11.164782836291634,3,11,1,0,0,1,2,0,0.985911101102829,0,0,0,0
350023,0.06764147554834683,0.21684048076470694,0.3110877636732752,10.142341421907432,12,25,3,0,2,1,9,0,0.9759430752860175,0,0,0,0
278848,0.057279457648595176,0.15551896393299103,0.2802560593543295,11.048899776929117,9,10,0,0,0,0,9,0,0.9832023448414273,0,0,0,0
6040,0.06144695977369944,0.2127453237771988,0.3240383732899165,9.788071134061939,2,12,1,0,1,1,1,0,0.9963679313659668,0,0,0,0
120420,0.04906603880226612,0.14739853888750076,0.21102633575667507,13.513266840957844,8,26,2,0,2,1,6,0,0.9884353280067444,1,0,1,1
191013,0.07399314021070798,0.19828217724959055,0.3490702782937807,9.141742555226882,5,8,1,0,1,1,4,0,0.9925226420164108,0,0,0,0
2261,0.08666327719887097,0.3024969945351283,0.3755588672435518,8.506439590491796,1,2,0,0,0,0,1,0,0.982548177242279,0,0,0,0
193884,0.07261908302704494,0.24463448921839395,0.37111355039218263,8.609863761145336,1,1,0,0,0,0,1,0,0.9964326620101929,0,0,0,0
138241,0.0647769570350647,0.14770173529783884,0.27024036941118224,11.364995482080014,2,2,0,0,0,0,2,0,0.9814742803573608,0,0,0,0
66038,0.05992471923430761,0.18211995561917624,0.2674001385202495,11.456767441962034,7,16,1,0,1,1,8,2,0.9747924307982127,0,0,0,0
347265,0.08511556933323543,0.2774520516395569,0.37810876384788533,8.44766512787928,2,2,0,0,0,0,2,0,0.9880955219268799,0,0,0,0
217219,0.05522483090559641,0.182222381234169,0.28860225969751707,10.794005455819276,1,1,0,0,0,0,1,0,0.9978713989257812,0,0,0,0
7977,0.08673381308714549,0.27062860627969104,0.371954996549814,8.59019205894326,2,6,0,0,0,0,2,0,0.9873143136501312,0,0,0,0
169076,0.053062889724969864,0.12806354463100433,0.20703878976741907,13.678965592916036,3,6,1,0,1,1,2,0,0.9652300477027893,1,0,1,1
329455,0.04052663346131643,0.09160384287436803,0.16536143392825106,15.631315407776611,10,13,2,0,1,1,8,0,0.9918862283229828,1,0,1,1
327617,0.08296639348069827,0.25317362944285077,0.3617850328790431,8.830988079125854,2,2,1,0,1,1,1,0,0.9884725213050842,1,0,1,1
25057,0.06359752764304479,0.2104885776837667,0.2922602102920453,10.684606151070202,3,4,0,0,0,0,3,0,0.9922182957331339,0,0,0,0
341921,0.055526514848073326,0.1711214929819107,0.25519648968233344,11.862506075669337,2,9,0,0,0,0,2,0,0.9807329773902893,0,0,0,0
118515,0.07855409011244774,0.27791563669840497,0.36655379647265623,8.717245561156162,2,2,0,0,0,0,2,0,0.9871878325939178,0,0,0,0
65798,0.05237748473882675,0.16932374238967896,0.27945717749603194,11.07369463225941,3,17,0,0,0,0,5,2,0.9844839374224345,0,0,0,0
334530,0.08943132435282071,0.30753964682420093,0.41340189085716955,7.672550825729676,2,2,0,0,0,0,2,0,0.9821698069572449,0,0,0,0
75393,0.059722582499186196,0.16975265741348267,0.24871135686859694,12.086087663097306,0,4,0,0,0,0,0,0,,0,0,0,0
236730,0.04420343289772669,0.13693112134933472,0.29321455517599565,10.656289502192383,1,1,0,0,0,0,1,0,0.9934006929397583,0,0,0,0
307598,0.04995838676889738,0.17645451426506042,0.282662844791064,10.974625490110803,1,4,0,0,0,0,1,0,0.9961680173873901,0,0,0,0
470173,0.06868936618169148,0.2008629490931829,0.3387426259018932,9.402603003677667,1,2,0,0,0,0,1,0,0.9728072285652161,0,0,0,0
25393,0.057052114978432655,0.17060835659503937,0.2554927268717946,11.852429168855782,5,9,0,0,1,1,5,0,0.9783982276916504,0,0,1,1
395801,0.05895363166928291,0.18227355678876242,0.2867866975587731,10.848819940893966,6,25,1,0,1,1,7,2,0.9876366019248962,1,0,1,1
409198,0.06340833256642024,0.21761498351891836,0.3065058061035922,10.271225885562643,2,6,0,0,0,0,2,0,0.9985471963882446,0,0,0,0
424551,0.07700899864236514,0.2674627850453059,0.3471321882007392,9.19010228088883,3,3,0,0,0,0,3,0,0.9791787465413412,0,0,0,0
25603,0.04971837749083837,0.11974693089723587,0.18593768604181216,14.612651561068997,13,23,0,0,0,0,13,0,0.9874317049980164,0,0,0,0
151516,0.08588158090909322,0.30332209169864655,0.37758047236206066,8.459809491118179,0,1,0,0,0,0,1,1,,0,0,0,0
394199,0.046996805196007095,0.13870834559202194,0.2182762042722403,13.219872140287801,2,2,0,0,0,0,2,0,0.9938195943832397,0,0,0,0
95069,0.06462927845617135,0.22443134089310965,0.34078172154758346,9.350474149228184,1,1,0,0,0,0,1,0,0.9714019894599915,0,0,0,0
576052,0.0743558369576931,0.2679061343272527,0.3879204967839546,8.225145454402917,2,2,0,0,0,0,2,0,0.9949296414852142,0,0,0,0
394328,0.057355670258402824,0.18855689962704977,0.35028403310248357,9.111593171061227,1,1,0,0,0,0,1,0,0.9958746433258057,0,0,0,0
534270,0.07494562615950902,0.2265099585056305,0.3563365203112679,8.962793305611058,5,10,0,0,0,0,5,0,0.9778078198432922,0,0,0,0
80659,0.05427440876762072,0.1569685935974121,0.24641614288846517,12.166616892998238,6,7,0,0,0,0,6,0,0.9891574283440908,0,0,0,0
400794,0.04798396738866965,0.14384478827317557,0.30008410242412603,10.455140232279849,5,5,1,0,1,1,4,0,0.9856162667274475,1,0,1,1
404484,0.0590705294162035,0.17008635898431143,0.24460363978545613,12.23074169603736,2,5,1,0,0,1,2,1,0.9936771988868713,0,0,0,0
140439,0.05959530919790268,0.1706502785285314,0.3208568088549667,9.873774803518502,4,9,0,0,0,0,4,0,0.9842323064804077,0,0,0,0
109976,0.058523001770178475,0.16258707642555237,0.23878841615030036,12.439734901274328,2,7,1,0,1,1,1,0,0.9941112399101257,1,0,1,1
289659,0.06036564956108729,0.21576117475827536,0.29702570213660484,10.544119376407235,1,1,0,0,0,0,1,0,0.9960905313491821,0,0,0,0
479596,0.05448881288369497,0.13395011176665625,0.198907727899938,14.026966869527154,4,14,0,0,0,0,6,2,0.9900425970554352,0,0,0,0
398438,0.05321889619032542,0.16299214959144592,0.23467328400661058,12.590726982542204,3,3,1,0,1,1,2,0,0.9761040210723877,0,0,0,0
495732,0.05392966978251934,0.15656025956074396,0.3072553417379302,10.250011160391388,3,6,0,0,0,0,3,0,0.9899715185165405,0,0,0,0
529148,0.04819388687610626,0.12840993205706278,0.1938821300363841,14.249244353158625,7,17,1,0,0,1,6,0,0.9850464959939321,0,0,0,0
89296,0.061300767585635185,0.17936915159225464,0.2658408012549624,11.507567254923625,6,6,0,0,0,0,6,0,0.980053981145223,0,0,0,0
216296,0.07151062414050102,0.2302626222372055,0.3340089917773943,9.524836829832154,5,5,1,0,0,1,4,0,0.9871392548084259,0,0,0,0
203095,0.05709534945587317,0.15001735587914786,0.2023812857697455,13.876592985132518,5,5,0,0,0,0,5,0,0.9888983607292176,0,0,0,0
492282,0.0634856577962637,0.198392520348231,0.28756192856995366,10.825372248012094,7,9,0,0,0,0,7,0,0.9845053809029716,0,0,0,0
566524,0.06578597550590833,0.20928429067134857,0.30294488540810516,10.372727505223098,3,7,0,0,0,0,3,0,0.9707221786181132,0,0,0,0
239843,0.08005858461062114,0.27201121548811596,0.4009590021573242,7.938000629745773,1,1,1,0,1,1,0,0,,1,0,1,1
460929,0.05028222439189752,0.14098037282625833,0.2793804028279985,11.076081215843665,2,2,2,0,2,1,0,0,,0,0,0,0
35062,0.06771698656181495,0.20408229529857635,0.33520104675673257,9.493892676732415,1,2,0,0,0,0,1,0,0.9950464963912964,0,0,0,0
39956,0.0554065965116024,0.17617624501387277,0.25793295958622137,11.76986317260958,2,2,0,0,0,0,2,0,0.9932387471199036,0,0,0,0
70774,0.048240190371870995,0.14609907567501068,0.22274907702958205,13.04368173610592,1,12,0,0,0,0,1,0,0.9962040185928345,0,0,0,0
338624,0.06597480550408363,0.21469839413960776,0.2853324023541909,10.892978141020555,11,18,0,0,0,0,12,1,0.9842368418520148,0,0,0,0
433192,0.059030925234158836,0.1851785033941269,0.2730513537617845,11.27511331867457,3,3,1,0,0,1,2,0,0.9863735139369965,0,0,0,0
552371,0.05285495643814405,0.14656391988197962,0.23896305987301408,12.433384586329545,2,2,0,0,0,0,2,0,0.9944950640201569,0,0,0,0
352582,0.057725186149279274,0.19599461555480957,0.33318141917339,9.546384525585472,3,3,0,0,0,0,3,0,0.9914207259813944,0,0,0,0
422706,0.06789420917630196,0.21684318780899048,0.29788051821602834,10.519157985913651,2,6,0,0,0,0,2,0,0.8901029229164124,0,0,0,0
370677,0.04199393093585968,0.1296345293521881,0.20440803948296438,13.790040543111813,5,15,1,0,1,1,4,0,0.9931843727827072,0,0,0,0
33114,0.07519076392054558,0.24483340978622437,0.3649042915139589,8.756420580343555,1,8,0,0,0,0,1,0,0.9898540377616882,0,0,0,0
179174,0.06112022822101911,0.1889407436052958,0.31520038982993787,10.028265081207628,13,22,1,0,1,1,12,0,0.9858594040075938,0,0,0,0
538458,0.060970745980739594,0.19823701679706573,0.28021810188107515,11.050076260866948,5,9,0,0,0,0,5,0,0.9922041893005371,0,0,0,0
118594,0.07285965358217557,0.22813793023427328,0.32882818979092415,9.66061916656557,1,2,0,0,0,0,1,0,0.9803925156593323,0,0,0,0
279541,0.0692170603821675,0.17001363883415857,0.27037042255558064,11.360816404274301,7,11,0,0,0,0,7,0,0.9789172836712429,0,0,0,0
367195,0.05667571350932121,0.17657546202341715,0.2898362053323022,10.756947298351843,2,3,0,0,0,0,2,0,0.9899309575557709,0,0,0,0
124636,0.04863739262024561,0.14338059475024542,0.23425832043685194,12.606099496049088,3,3,1,0,1,1,2,0,0.9924142062664032,0,0,0,0
281759,0.05516931787133217,0.16033733387788138,0.2548305010824684,11.87497183607192,11,12,0,0,0,0,12,1,0.9902734919027849,0,0,0,0
542625,0.04938534771402677,0.13718900829553604,0.20366897543158294,13.821502426873097,7,15,0,0,0,0,7,0,0.990677263055529,0,0,0,0
320664,0.04893238718310992,0.12078097711006801,0.20562900952180485,13.738312327921511,4,5,3,0,3,1,1,0,0.7941674590110779,2,0,2,1
445675,0.08490829169750214,0.2667987396319707,0.3669001788348805,8.709041531194323,1,1,0,0,0,0,1,0,0.9888732433319092,0,0,0,0
55299,0.07237827405333519,0.26178476214408875,0.38249033365337126,8.347590718392752,1,3,0,0,0,0,1,0,0.9966370463371277,0,0,0,0
107094,0.06200005610783895,0.20350196460882822,0.2882688407211062,10.80404596834529,2,3,0,0,0,0,2,0,0.9883908927440643,0,0,0,0
464251,0.05244398551682631,0.15711668382088342,0.23472837197748073,12.588688267802027,3,3,0,0,0,0,3,0,0.9901676376660665,0,0,0,0
363461,0.05135255617400011,0.13096350928147635,0.18877801023621682,14.480971915723458,7,6,0,0,0,0,7,0,0.987293575491224,0,0,0,0
183648,0.05003747840722402,0.1348713090022405,0.23372232828221817,12.625995920187378,4,4,0,0,0,0,4,0,0.9928089827299118,0,0,0,0
328430,0.06739726724723975,0.2128950705130895,0.3327495476127993,9.557650525895106,5,17,0,0,0,0,5,0,0.9835559487342834,0,0,0,0
521509,0.06219043458501498,0.1923596958319346,0.25652529277501995,11.817396161056386,3,8,0,0,0,0,3,0,0.9048686623573303,0,0,0,0
101022,0.0729624405503273,0.23093824088573456,0.3418583219706246,9.32307686921013,0,0,0,0,0,0,0,0,,0,0,0,0
306733,0.058336799343427025,0.1798806389172872,0.2565564080020741,11.816342670245167,1,7,0,0,0,0,2,1,0.9835634827613831,0,0,0,0
128675,0.07377986485759418,0.2346216638882955,0.309767825359215,10.17927386159471,5,7,1,0,1,1,4,0,0.9860362708568573,0,0,0,0
27982,0.05753245453039805,0.1941759685675303,0.25966441905185056,11.711751124326042,2,2,0,0,0,0,2,0,0.990095853805542,0,0,0,0
16958,0.056367211043834686,0.16342496871948242,0.2452731259402934,12.207000678368088,5,8,0,0,0,0,5,0,0.988873016834259,0,0,0,0
523811,0.061323986699183784,0.19683914383252463,0.27926529683018936,11.07966057932363,1,1,0,0,0,0,1,0,0.9793504476547241,0,0,0,0
448410,0.04810576389233271,0.13994495073954263,0.2347636949728279,12.587381273876257,10,20,0,0,0,0,10,0,0.9782515466213226,0,0,0,0
564280,0.04614883164564768,0.11764258146286011,0.2244815883922727,12.976385466268106,4,4,1,0,1,1,3,0,0.9898613492647806,0,0,0,0
42889,0.051134644697109856,0.13976007948319116,0.2851620945217766,10.89816408089865,1,2,0,0,0,0,3,2,0.995448648929596,0,0,0,0
437110,0.08766084412733714,0.2703174153963725,0.4568952804108635,6.803666561017882,1,1,0,0,0,0,1,0,0.9735763072967529,0,0,0,0
366178,0.08044905898471673,0.227836012840271,0.3400607173732943,9.368870667040587,3,3,0,0,0,0,3,0,0.9854592283566793,0,0,0,0
444142,0.06315816938877106,0.18631483614444733,0.3151038551563754,10.030925667849829,3,13,0,0,0,0,3,0,0.9736462036768595,0,0,0,0
31248,0.051335117469231285,0.1483556181192398,0.21407705987845566,13.388597368915363,4,21,0,0,0,0,4,0,0.9903573542833328,0,0,0,0
389381,0.040599185352524124,0.10354619721571605,0.18364280944610464,14.720521436655797,3,6,0,0,0,0,3,0,0.981262723604838,0,0,0,0
334719,0.07200038433074951,0.24038013815879822,0.31763071921067654,9.961550040608683,7,9,2,0,1,1,5,0,0.9847345590591431,0,0,0,0
146667,0.039969916765888534,0.09594068676233292,0.14522691206378016,16.759057937484705,10,24,0,0,0,0,10,0,0.9833866417407989,0,0,0,0
78959,0.07317459272841613,0.20093697309494019,0.31974781212325015,9.903848370046394,1,13,0,0,0,0,1,0,0.9850042462348938,0,0,0,0
465585,0.05680218214790026,0.13388283799091974,0.28602688637740753,10.87186282996936,2,17,1,0,0,1,1,0,0.9974008202552795,0,0,0,0
135872,0.05612139900525411,0.1751249978939692,0.2559918177323997,11.835478316455053,5,12,0,0,0,0,5,0,0.9891920804977417,0,0,0,0
396526,0.05685621500015259,0.17026417702436447,0.2255753051948062,12.934168927519865,5,11,0,0,0,0,5,0,0.9910734295845032,0,0,0,0
457848,0.059177263329426445,0.155299112200737,0.23703286778192306,12.503828581349428,3,8,0,0,0,0,3,0,0.9778244892756144,0,0,0,0
31749,0.05143993223706881,0.1295437142252922,0.18753141907898002,14.538519199844337,1,1,1,0,1,1,0,0,,0,0,0,0
51326,0.05430277188618978,0.1578754559159279,0.24514326212747578,12.2116007806482,1,1,1,0,0,1,0,0,,1,0,0,1
315257,0.0488388209293286,0.13632289816935858,0.1966540920141024,14.125940245633391,2,1,0,0,0,0,2,0,0.9915217459201813,0,0,0,0
272148,0.08299904192487399,0.2932121356328328,0.3767565100525734,8.478784693711454,1,21,0,0,0,0,1,0,0.9706042408943176,0,0,0,0
225670,0.06397575015823047,0.20258132119973501,0.2915329383534453,10.706247402181408,2,15,0,0,0,0,2,0,0.9887186288833618,0,0,0,0
124798,0.05928560594717661,0.19546028971672058,0.2812626375236127,11.017759099676178,9,16,0,0,0,0,9,0,0.9888233476214938,0,0,0,0
157390,0.04613210385044416,0.10364382962385814,0.17950222099954577,14.918603469637512,12,22,1,0,1,1,11,0,0.9849796782840382,0,0,0,0
577864,0.06667482852935791,0.22963227331638336,0.3272756487675464,9.701726151054459,3,4,0,0,0,0,3,0,0.9323149720827738,0,0,0,0
363840,0.04578574001789093,0.12410917629798253,0.19340434660683103,14.270675394496825,8,12,0,0,0,0,8,0,0.990980826318264,0,0,0,0
364166,0.05143007139364878,0.16138953467210135,0.26300671901842776,11.600663129417523,2,2,0,0,0,0,2,0,0.9942856132984161,0,0,0,0
385190,0.05961234432955583,0.179250401755174,0.25403781795720454,11.902032525273594,3,5,0,0,0,0,3,0,0.9646939436594645,0,0,0,0
287874,0.059974124655127525,0.19668889045715332,0.29312342163504806,10.658989569104904,1,15,0,0,0,0,1,0,0.9855815768241882,0,0,0,0
246522,0.08852864429354668,0.2696957141160965,0.40949265346408886,7.755077706575644,1,1,0,0,0,0,1,0,0.9946205615997314,0,0,0,0
466602,0.069513405362765,0.208480104804039,0.3349830359341453,9.499543715187665,2,3,1,0,0,1,1,0,0.9901875853538513,0,0,0,0
60932,0.05835679918527603,0.15568464497725168,0.2240372827296868,12.993594067562753,9,17,1,0,1,1,8,0,0.9844162911176682,0,0,0,0
573626,0.07663360486427943,0.26868681112925213,0.3644892357402003,8.766305858726009,2,2,0,0,0,0,2,0,0.9929941594600677,0,0,0,0
239041,0.06833200032512347,0.21272845069567362,0.2717078482680389,11.317956336517065,4,4,0,0,0,0,4,0,0.9669069796800613,0,0,0,0
479248,0.053979840129613876,0.1407544861237208,0.1980026338657962,14.066580652772071,11,26,2,0,2,1,9,0,0.9828884800275167,0,0,0,0
551815,0.053426979730526604,0.15511626998583475,0.2566637825673041,11.812708192668994,3,3,1,0,0,1,2,0,0.98816978931427,0,0,0,0
172856,0.06372854486107826,0.21660549938678741,0.3215927209160415,9.853875796840695,1,1,1,0,1,1,0,0,,1,0,1,1
285,0.03543435844282309,0.09453119337558746,0.1338041495037992,17.470608362356575,1,1,1,0,1,1,0,0,,0,0,0,0
17031,0.05564170330762863,0.19427944719791412,0.2800745557925237,11.054526883209885,2,1,0,0,0,0,2,0,0.9951745867729187,0,0,0,0
221017,0.08265833184123039,0.30536631246407825,0.4230894216045028,7.471356661713713,1,1,0,0,0,0,1,0,0.9925953149795532,0,0,0,0
560880,0.07651177669564883,0.27120306094487506,0.3477594834921995,9.174420357003129,2,4,0,0,0,0,2,0,0.985668808221817,0,0,0,0
458325,0.05309753740827242,0.16393266866604486,0.22403400888848454,12.993720994790216,19,34,1,0,1,1,19,1,0.978811588552263,0,0,0,0
396518,0.06647695911427338,0.21765201290448508,0.3019771633560286,10.400517975523488,1,2,0,0,0,0,1,0,0.9873422384262085,0,0,0,0
508312,0.05463722596565882,0.15894521524508795,0.25934310308449654,11.722505941044172,1,4,0,0,0,0,1,0,0.9635636806488037,0,0,0,0
274460,0.05516695355375608,0.16123993694782257,0.21472955975202143,13.362163326130005,17,20,2,1,3,1,14,0,0.9801601554666247,0,0,0,0
192670,0.05754221727450689,0.1698858936627706,0.26734141876271017,11.458675030136785,9,21,0,0,0,0,10,1,0.9874492088953654,0,0,0,0
404601,0.06220282862583796,0.19284865260124207,0.3155566817900591,10.018452387500558,1,0,1,0,0,1,0,0,,0,0,0,0
72795,0.0454559667656819,0.1276318704088529,0.17463663366503196,15.157292975523866,6,14,0,0,0,0,6,0,0.9923834304014841,0,0,0,0
491008,0.04970516450703144,0.15091950446367264,0.20795007240274127,13.640818481782295,13,25,1,0,0,1,12,0,0.984965960184733,0,0,0,0
86956,0.05114632099866867,0.15366786221663156,0.3050790300931551,10.31175285979131,4,6,0,0,0,0,4,0,0.9945779293775558,0,0,0,0
29640,0.04274170349041621,0.10737173755963643,0.17334638114786244,15.221704408553101,5,14,2,0,1,1,3,0,0.9864139358202616,0,0,0,0
475365,0.051051728427410126,0.1648496687412262,0.24921048013575597,12.068673961812344,1,1,0,0,0,0,1,0,0.9881758689880371,0,0,0,0
502347,0.08877109239498775,0.31600228945414227,0.4368123935900534,7.194100959573132,1,10,1,0,1,1,0,0,,0,0,0,0
361730,0.056289431949456535,0.1493318279584249,0.22171938444657088,13.083926715954568,8,29,0,0,0,0,8,0,0.9905335083603859,0,0,0,0
477441,0.06113631837069988,0.15439331283171973,0.23350563028392748,12.634052865403918,2,4,1,0,0,1,1,0,0.9856210350990295,0,0,0,0
351823,0.0606594601025184,0.18432608246803284,0.27387959049864713,11.248806603118682,2,2,0,0,0,0,2,0,0.9839616119861603,0,0,0,0
438907,0.0626466100414594,0.18868840485811234,0.3215323108598436,9.855507563781126,3,4,0,0,0,0,3,0,0.9874191284179688,0,0,0,0
144003,0.053068177153666816,0.1240606630841891,0.20206501875104987,13.890177290142969,6,13,0,0,0,0,6,0,0.9854631721973419,0,0,0,0
154705,0.057171477004885674,0.16430136313041052,0.24355914376940443,12.267911227485504,5,8,0,0,0,0,6,1,0.9787976622581482,0,0,0,0
312278,0.06120610609650612,0.20266841351985931,0.2951649123732618,10.598705407736501,1,2,1,0,1,1,0,0,,0,0,0,0
538236,0.049432595570882164,0.1318825880686442,0.20656465750926825,13.698879654557484,8,14,7,0,0,1,1,0,0.9916672706604004,4,0,0,1
13004,0.05348018556833267,0.15659376978874207,0.3118333941527915,10.121547563591275,1,2,0,0,0,0,1,0,0.9733833074569702,0,0,0,0
286422,0.06392431631684303,0.20486911137898764,0.2912170743775689,10.71566330898138,3,6,0,0,0,0,3,0,0.9857109983762106,0,0,0,0
35770,0.05727739570041498,0.14938361446062723,0.277393302721744,11.138080571534566,0,4,0,0,0,0,0,0,,0,0,0,0
553669,0.04961436986923218,0.12886259953180948,0.18793082167262368,14.520039748216067,8,23,1,0,0,1,7,0,0.9722253850528172,0,0,0,0
212166,0.04975067389508089,0.10772340993086497,0.1707478965746212,15.352892752830416,1,1,0,0,0,0,1,0,0.9918915033340454,0,0,0,0
531036,0.050233228132128716,0.15650392572085062,0.2873981769085809,10.830319822230335,3,4,0,0,0,0,3,0,0.9960260589917501,0,0,0,0
563470,0.06739567716916402,0.2339943746725718,0.32008454873924097,9.894705796045631,2,4,0,0,0,0,2,0,0.9952503442764282,0,0,0,0
489305,0.0474243201315403,0.1271772707502047,0.20819357001316524,13.630653753082509,3,8,0,0,0,0,3,0,0.9883786042531332,0,0,0,0
575970,0.056614975134531655,0.1517848918835322,0.23961550677934584,12.409701597876182,10,29,1,0,0,1,9,0,0.9738068249490526,0,0,0,0
61471,0.05560162787636121,0.157451460758845,0.2331110956675547,12.648741087073887,2,3,0,0,0,0,2,0,0.9919942617416382,0,0,0,0
448076,0.05349956825375557,0.1561760207017263,0.22391867471014296,12.998193699177921,8,17,0,0,0,0,9,1,0.985175184905529,0,0,0,0
279887,0.049605331073204674,0.14475666731595993,0.21740161528315446,13.2547446690281,3,10,1,0,1,1,2,0,0.9500243365764618,0,0,0,0
359219,0.048201207692424454,0.13138864686091742,0.2140492458553704,13.389725958922625,3,5,1,0,1,1,2,0,0.9574613273143768,1,0,1,1
151051,0.10023707399765651,0.3384622633457184,0.4582305365542042,6.77831945460893,1,2,0,0,0,0,1,0,0.9772710800170898,0,0,0,0
241668,0.05580313069125017,0.15271800259749094,0.2943424361394914,10.622942399692114,3,5,0,0,0,0,3,0,0.9841530521710714,0,0,0,0
533958,0.043848784640431404,0.1114549661676089,0.15925469761418815,15.958154964112195,1,1,0,0,0,0,1,0,0.9934242367744446,0,0,0,0
497867,0.05551484475533167,0.17691325644652048,0.3029711422151409,10.371974715338343,2,4,0,0,0,0,2,0,0.9921020865440369,0,0,0,0
31296,0.04692040880521139,0.12877073138952255,0.18239851073680474,14.779574239168307,22,52,2,0,1,1,20,0,0.9815977960824966,0,0,0,0
304396,0.07219017048676808,0.22314385076363882,0.35973202893711326,8.88041785628536,1,2,0,0,0,0,2,1,0.9866979122161865,0,0,0,0
300913,0.04816971222559611,0.13501220444838205,0.2208974051707524,13.11618771305048,1,3,0,0,0,0,1,0,0.9930899143218994,0,0,0,0
322895,0.059474135438601174,0.16780374447504678,0.2394685088393901,12.415031802524723,7,9,0,0,0,0,7,0,0.9850063920021057,0,0,0,0
7818,0.06091206024090449,0.18350139756997427,0.2566940304333537,11.811684619558996,2,11,0,0,0,0,2,0,0.988406240940094,0,0,0,0
567432,0.08892724538842837,0.3135226269563039,0.4083458316012157,7.779437466714926,1,1,0,0,0,0,1,0,0.9970178008079529,0,0,0,0
515266,0.05409675588210424,0.16477749248345694,0.2912974372929079,10.713266721757984,3,4,0,0,0,0,3,0,0.9892666538556417,0,0,0,0
189226,0.06195114801327387,0.2200671136379242,0.3023262336409405,10.390483326296076,1,1,1,0,1,1,0,0,,0,0,0,0
472298,0.06758974989255269,0.23793705801169077,0.30386554430503077,10.346370846479587,3,3,0,0,0,0,3,0,0.9801610906918844,0,0,0,0
472046,0.056223915268977485,0.169051061073939,0.2369397944497077,12.507239852786284,5,19,0,0,0,0,6,1,0.9849071621894836,0,0,0,0
304817,0.0607489508887132,0.19277341663837433,0.2648667597045668,11.539450828973932,0,1,0,0,0,0,0,0,,0,0,0,0
468925,0.04483696445822716,0.11641350388526917,0.19743554516819053,14.09149313457191,4,7,1,0,0,1,3,0,0.9907675186793009,0,0,0,0
493019,0.04918686238427957,0.15860290080308914,0.24335932037166186,12.275040322827548,7,8,1,0,1,1,6,0,0.9847275614738464,0,0,0,0
402118,0.08085687706867854,0.2582414497931798,0.3509656378747001,9.094708041733663,2,2,1,0,1,1,1,0,0.9954099059104919,0,0,0,0
383838,0.05295973022778829,0.16030001640319824,0.25846782052601125,11.751870385089024,3,4,1,0,1,1,2,0,0.9814450740814209,1,0,1,1
143572,0.05010168130199114,0.13407300412654877,0.19057079031920962,14.398873299066835,6,14,2,0,1,1,4,0,0.9868596345186234,0,0,0,0
462728,0.09588218852877617,0.30926576753457385,0.38297301186429994,8.336636594329082,4,3,1,0,0,1,3,0,0.8291963537534078,0,0,0,0
100510,0.05540567636489868,0.17464771370093027,0.254916202603639,11.872051193500488,4,6,1,0,1,1,3,0,0.9931430617968241,0,0,0,0
146498,0.07979476203521092,0.26209327578544617,0.3990540961595232,7.979364538842017,1,6,1,0,1,1,0,0,,1,0,1,1
519522,0.0820519042511781,0.2531111886103948,0.38617152850975733,8.264394977104201,2,3,0,0,0,0,2,0,0.9856525957584381,0,0,0,0
343803,0.07501236473520596,0.21719888349374136,0.35367532836339444,9.027904691708805,2,2,0,0,0,0,2,0,0.98679319024086,0,0,0,0
357903,0.053013324116667114,0.13844836751619974,0.26718657190717954,11.463707442878645,2,2,0,0,0,0,2,0,0.9927405118942261,0,0,0,0
436551,0.061683824906746544,0.20707908272743225,0.28285122707503596,10.968838656961024,2,2,0,0,0,0,2,0,0.9919065535068512,0,0,0,0
186042,0.08361990253130595,0.31259387731552124,0.4228716791721528,7.475827994442713,1,2,0,0,0,0,1,0,0.9842007756233215,0,0,0,0
100489,0.06254165371259053,0.20346623162428537,0.33475878778299295,9.505360269257492,1,1,0,0,0,0,1,0,0.9928717613220215,0,0,0,0
567640,0.051403832932313286,0.14660321921110153,0.2189265793000385,13.194030173612237,9,11,0,0,0,0,9,0,0.9863519867261251,0,0,0,0
202445,0.04514063832660516,0.10676517337560654,0.15909833778647753,15.96668715426279,2,2,0,0,0,0,2,0,0.9907205700874329,0,0,0,0
548555,0.04685986662904421,0.12425188223520915,0.21890775384859734,13.194777103587006,1,2,1,0,1,1,0,0,,0,0,0,0
193348,0.05402111572523912,0.1547625089685122,0.31163186213846633,10.127162904232215,2,2,1,0,1,1,1,0,0.9979459047317505,1,0,1,1
550714,0.04844408854842186,0.11656675736109416,0.1920595584955054,14.331281476453345,2,2,0,0,0,0,2,0,0.9895773530006409,0,0,0,0
376365,0.05696656554937363,0.1814881612857183,0.278022793196637,11.118391955470193,2,7,1,0,1,1,1,0,0.9930335879325867,0,0,0,0
470952,0.0590913991133372,0.17156620572010675,0.3092010999250666,10.195179396591897,9,12,1,0,1,1,8,0,0.9874707609415054,0,0,0,0
551822,0.045824685444434486,0.11876801649729411,0.19104012541707519,14.37750810876096,5,7,2,0,2,1,3,0,0.9937536915143331,0,0,0,0
189078,0.04837291066845258,0.14111734181642532,0.23186431351811645,12.695321778839235,4,7,0,0,0,0,4,0,0.9912517368793488,0,0,0,0
429011,0.06772264962395032,0.22009767591953278,0.32489014670239313,9.765269195548422,2,4,0,0,0,0,2,0,0.9909147322177887,0,0,0,0
498807,0.0615365244448185,0.2136216660340627,0.2993040307059661,10.477748690154263,2,2,0,0,0,0,2,0,0.9896797835826874,0,0,0,0
23272,0.047856210420529045,0.1368476798137029,0.19425087445538372,14.232740349352493,3,2,0,0,0,0,3,0,0.9711072643597921,0,0,0,0
555412,0.054361953710516296,0.15516923616329828,0.24200688916282548,12.323445417348866,1,1,0,0,0,0,1,0,0.9954105615615845,0,0,0,0
550349,0.048882980520526566,0.14789402981599173,0.2646205606863249,11.547528293997964,4,9,0,0,0,0,4,0,0.9844770580530167,0,0,0,0
341058,0.08617918814222018,0.21747188766797385,0.33964612738037747,9.379466656761462,0,7,0,0,0,0,0,0,,0,0,0,0
181421,0.07768436893820763,0.2708468238512675,0.3685924687657805,8.66907085422594,5,5,0,0,0,0,5,0,0.9817521810531616,0,0,0,0
409211,0.05518547942241033,0.1714519808689753,0.23748301277332662,12.48734900269022,8,15,0,0,0,0,8,0,0.9868607521057129,0,0,0,0
556873,0.0783069512496392,0.23121033112208048,0.365205640783705,8.749250463810759,1,1,0,0,0,0,1,0,0.959908127784729,0,0,0,0
245448,0.05872996896505356,0.16830702871084213,0.25111662604447904,12.002490647347646,7,11,0,0,0,0,7,0,0.9873534781592233,0,0,0,0
206838,0.06994221359491348,0.22194108863671622,0.3633756749253576,8.792882971449991,4,4,0,0,0,0,4,0,0.9675795584917068,0,0,0,0
349678,0.08408621946970622,0.2564834753672282,0.3809280954587326,8.383139892923737,1,1,0,0,0,0,1,0,0.9873121976852417,0,0,0,0
80274,0.0582186554869016,0.18173523743947348,0.2571255452405241,11.797095487299776,1,2,0,0,0,0,2,1,0.989754855632782,0,0,0,0
401991,0.05540942152341207,0.15584895263115564,0.2550837514253234,11.86634409248999,3,4,0,0,0,0,3,0,0.9965504010518392,0,0,0,0
203931,0.05171435885131359,0.15464929987986883,0.3115096361767079,10.130570288369608,5,16,1,0,1,1,5,1,0.9892784208059311,0,0,0,0
463283,0.04299034861226877,0.09740871687730153,0.15734321599640555,16.063039547400432,4,4,0,0,0,0,4,0,0.9892076849937439,0,0,0,0
426241,0.06658100833495458,0.19822598497072855,0.2947560232016985,10.610746230745056,5,7,0,0,0,0,6,1,0.9772014260292053,0,0,0,0
274708,0.07061762983600299,0.2102039953072866,0.29412727486857276,10.629294016782698,3,7,1,0,1,1,2,0,0.9884386956691742,0,0,0,0
491470,0.07228549631933372,0.21351414422194162,0.3490729835373418,9.141675241114433,0,3,0,0,0,0,0,0,,0,0,0,0
528980,0.0675382489959399,0.22795452177524567,0.3659961644821058,8.730469316865058,3,9,0,0,0,0,3,0,0.9770376284917196,0,0,0,0
372307,0.07778561115264893,0.27187171081701916,0.39153353865330714,8.144620609377506,1,1,0,0,0,0,1,0,0.9894851446151733,0,0,0,0
94157,0.09402748197317123,0.2897611657778422,0.40257426321782636,7.903079864643212,6,14,2,0,2,1,6,2,0.9827989786863327,0,0,0,0
6763,0.06219455103079478,0.16781740387280783,0.29922040291535323,10.480175931963826,3,7,0,0,0,0,3,0,0.9635050296783447,0,0,0,0
364636,0.0490232165902853,0.1471506580710411,0.2553322677700131,11.857885949984176,1,2,0,0,0,0,1,0,0.9914037585258484,0,0,0,0
563648,0.051112821946541466,0.1511587599913279,0.26376040616468427,11.57580794188517,7,21,2,0,1,1,5,0,0.990301764011383,1,0,1,1
208208,0.06455339180926482,0.2157302846511205,0.2973941548891767,10.533351430761646,1,1,0,0,0,0,1,0,0.9965800046920776,0,0,0,0
186282,0.05992672095696131,0.16796340545018515,0.24231493792223976,12.312396244098371,2,3,0,0,0,0,3,1,0.988665372133255,0,0,0,0
81061,0.05335923656821251,0.15594487388928732,0.23265122688145556,12.665893057633301,3,3,0,0,0,0,3,0,0.9942601323127747,0,0,0,0
61171,0.04605608806014061,0.12313137451807658,0.1929166097783548,14.292607575215632,5,7,0,0,0,0,5,0,0.9877429485321045,0,0,0,0
83531,0.06378850092490514,0.18644783397515616,0.22971072794135625,12.776374438551608,10,19,2,0,2,1,10,2,0.9619620069861412,0,0,0,0
547816,0.06954950839281082,0.21819772819677988,0.3616635493426763,8.833905197565432,0,4,0,0,0,0,1,1,,0,0,0,0
536947,0.053266528993844986,0.16121851404507956,0.22337356215216428,13.019364600314965,1,6,0,0,0,0,1,0,0.9935051202774048,0,0,0,0
160556,0.053183274964491524,0.15136133382717767,0.2291415563040993,12.797922831058974,5,9,0,0,0,0,5,0,0.9875416278839111,0,0,0,0
150930,0.07153626407186191,0.22991822163263956,0.3536758370453696,9.027892199029885,1,1,1,0,1,1,0,0,,0,0,1,1
317433,0.05308056188126405,0.17011487980683646,0.2515501935290547,11.98750688431042,3,3,0,0,0,0,3,0,0.9919041196505228,0,0,0,0
287291,0.05966241657733917,0.1775344262520472,0.2611677651883864,11.661608543706217,9,18,2,0,2,1,8,1,0.9846046056066241,0,0,0,0
33005,0.06887408842643102,0.23847918212413788,0.34477323440285346,9.249329137824668,2,2,0,0,0,0,2,0,0.9773586094379425,0,0,0,0
404805,0.08028582483530045,0.28588688373565674,0.38024408141039523,8.398750742386087,2,2,0,0,0,0,2,0,0.9868486225605011,0,0,0,0
471756,0.06649567186832428,0.24242680271466574,0.3215297470012875,9.855576824258227,1,2,0,0,0,0,1,0,0.9987515211105347,0,0,0,0
565778,0.06445440898338954,0.21036692460378012,0.2914771546902862,10.707909571495687,2,7,0,0,0,0,2,0,0.9875064194202423,0,0,0,0
455555,0.052200792357325554,0.15766422202189764,0.2222755331973091,13.062166785803376,3,3,1,0,1,1,2,0,0.9961429238319397,0,0,0,0
121497,0.048376757030685745,0.1274960661927859,0.19708839509399528,14.106778939577886,4,6,0,0,0,0,4,0,0.9723242968320847,0,0,0,0
325991,0.06738386675715446,0.2411140501499176,0.33652435826868343,9.459669904947667,2,2,1,0,1,1,1,0,0.9972100257873535,0,0,0,0
320232,0.06759810323516528,0.20444393654664358,0.3123697068557061,10.106621799564229,4,10,2,0,1,1,2,0,0.9774793088436127,0,0,0,0
451144,0.0799156737824281,0.2746398945649465,0.38617950452925326,8.264215579855717,4,4,1,0,1,1,3,0,0.9739271004994711,0,0,0,0
457262,0.04944252409040928,0.11846848328908284,0.1801574472085033,14.886955612853285,1,3,1,0,2,1,0,0,,1,0,2,1
532761,0.05368523299694061,0.15536481142044067,0.23979615594796014,12.403155662772598,6,6,0,0,0,0,6,0,0.985191414753596,0,0,0,0
95707,0.05901857713858286,0.1633199950059255,0.2662461308918935,11.49433389412589,3,9,1,0,1,1,2,0,0.9946766495704651,0,0,0,0
104803,0.05801426557203134,0.1762638638416926,0.3158555975264315,10.010228444519969,1,1,0,0,0,0,1,0,0.9914760589599609,0,0,0,0
393282,0.06854760274291039,0.2392333596944809,0.3298208193484466,9.634438675299393,2,2,0,0,0,0,2,0,0.9920168817043304,0,0,0,0
284725,0.05690782765547434,0.18190284570058188,0.2711319772038951,11.336385177403827,4,13,0,0,0,0,4,0,0.9886643290519714,0,0,0,0
311081,0.06500878433386485,0.2104197939236959,0.32915916286371016,9.65188101737699,1,1,0,0,0,0,1,0,0.9894375205039978,0,0,0,0
380913,0.049658955385287605,0.13233387718598047,0.20154910663868628,13.912382450119248,8,14,0,0,0,0,8,0,0.988634780049324,0,0,0,0
287714,0.06208288917938868,0.18265649676322937,0.2625440125021611,11.615957633002044,3,5,0,0,0,0,3,0,0.9865595102310181,0,0,0,0
66523,0.056972648948431015,0.1715975676973661,0.3172848149975436,9.971014247911835,1,1,0,0,0,0,1,0,0.9941157102584839,0,0,0,0
494863,0.05044369709988435,0.16466697057088217,0.2717809855043425,11.315618617957547,2,2,0,0,0,0,3,1,0.9817639291286469,0,0,0,0
170893,0.0561267559727033,0.16019941866397858,0.2524176997327428,11.957603905614375,2,2,0,0,0,0,2,0,0.9962842762470245,0,0,0,0
291664,0.06030795102318128,0.17032640178998312,0.2853179591639228,10.893417821655762,2,2,1,0,1,1,1,0,0.9938632845878601,0,0,0,0
44590,0.08115208273132642,0.29163703322410583,0.3691808922927584,8.655215697156676,15,25,0,0,0,0,15,0,0.9843080520629883,0,0,0,0
226147,0.04348346839348475,0.11281414578358333,0.23516624457577914,12.57250032254264,8,21,1,0,0,1,7,0,0.9896919216428485,0,0,0,0
454978,0.07580045362313588,0.26562755803267163,0.3566660834181977,8.954763744528238,1,1,0,0,0,0,1,0,0.9883171916007996,0,0,0,0
110999,0.0731457993388176,0.2167382389307022,0.33254806804461007,9.562911417580063,10,11,1,1,1,1,8,0,0.9713682681322098,0,1,1,1
278973,0.07130931193629901,0.24488091468811035,0.33936911985438567,9.386553557808101,2,2,0,0,0,0,2,0,0.9861004948616028,0,0,0,0
126216,0.06821245017151038,0.22879681984583536,0.30898874516390235,10.201146787052263,3,4,0,0,0,0,3,0,0.991748571395874,0,0,0,0
553776,0.06731033697724342,0.2136505643526713,0.3322391594342709,9.570983613253693,2,2,0,0,0,0,2,0,0.9836426079273224,0,0,0,0
373353,0.0528786468009154,0.1617600073417028,0.22984608959600394,12.77125761128399,13,34,0,0,0,0,14,1,0.9871373589222248,0,0,0,0
343453,0.06509422386686008,0.21417159338792166,0.3019291753589943,10.40189838311436,1,2,0,0,0,0,1,0,0.9948998689651489,0,0,0,0
274411,0.07537493358055751,0.21432706713676453,0.3304907373346028,9.616814159623802,4,5,1,0,1,1,3,0,0.9851665298144022,0,0,0,0
144784,0.05264909317096075,0.14351378132899603,0.2867207263150866,10.850818237413318,1,1,0,0,0,0,1,0,0.9946142435073853,0,0,0,0
157418,0.04654053101936976,0.12603946775197983,0.2352444178582639,12.569613464038863,3,8,1,0,1,1,2,0,0.9925122261047363,0,0,0,0
255483,0.05043369593719641,0.12189135700464249,0.22338063137725128,13.019089717572612,6,3,2,1,1,1,3,0,0.9794740676879883,0,1,0,1
36678,0.07659413044651349,0.27587192753950757,0.3635735677768815,8.788153960371945,3,6,0,0,0,0,3,0,0.9692526857058207,0,0,0,0
31620,0.060331939409176506,0.18682563304901123,0.30696909644015125,10.25810688270843,3,10,1,0,1,1,2,0,0.9881943762302399,0,0,0,0
320743,0.056281602631012596,0.16108131408691406,0.24689291094340407,12.149827596449336,16,18,1,0,1,1,16,1,0.9796301086743673,0,0,0,0
89648,0.05389749879638354,0.13791861136754355,0.2144318833310515,13.374212800735542,16,37,2,0,1,1,14,0,0.9860569366386959,0,0,0,0
348481,0.04383617453277111,0.10472832868496577,0.1689183658285974,15.446462574667393,3,6,0,0,0,0,3,0,0.9925826191902161,0,0,0,0
320554,0.05401798399786154,0.17461475233236948,0.27039024556600094,11.360179595826377,2,2,0,0,0,0,2,0,0.9924664795398712,0,0,0,0
314709,0.09012195592125256,0.3265951971213023,0.4312541445587344,7.305334362415637,2,2,0,0,0,0,2,0,0.9754003882408142,0,0,0,0
256868,0.05816428114970525,0.18359137574831644,0.27874481744663937,11.095863969476563,5,12,0,0,0,0,5,0,0.9848408102989197,0,0,0,0
146457,0.049112903575102486,0.13542850563923517,0.20617029705447498,13.715478066649638,8,13,2,1,3,1,6,1,0.992322039604187,0,0,0,0
133567,0.05733545869588852,0.17778084675470987,0.2841880623933281,10.927883380077523,2,2,0,0,0,0,2,0,0.99410679936409,0,0,0,0
7281,0.07685226450363795,0.2677733302116394,0.34386020153315183,9.272361732454398,8,12,2,0,1,1,6,0,0.9779467880725861,1,0,0,1
574315,0.04482783439258734,0.11505400389432907,0.20228071307530704,13.880910481437956,4,5,0,0,0,0,4,0,0.994896873831749,0,0,0,0
356427,0.057079228262106575,0.1844295064608256,0.2698306322204125,11.378174981411426,3,8,1,0,0,1,2,0,0.986322671175003,0,0,0,0
193743,0.06363548338413239,0.19875086347262064,0.34416814806243146,9.264586501250825,5,5,0,0,0,0,5,0,0.9862037420272827,0,0,0,0
169996,0.05585560823480288,0.1712187578280767,0.24840854672088947,12.096669318873229,9,16,1,0,1,1,8,0,0.9749905690550804,0,0,0,0
510095,0.073867862423261,0.25774381558100384,0.33193743384226115,9.578875355901635,2,3,0,0,0,0,2,0,0.9744826555252075,0,0,0,0
353096,0.048506781458854675,0.1451812982559204,0.21651373656749934,13.29029089834018,3,3,0,0,0,0,3,0,0.9901535709698995,0,0,0,0
413395,0.050550815959771477,0.1664957751830419,0.24087173426050787,12.36428320924193,2,5,0,0,0,0,3,1,0.9896122515201569,0,0,0,0
436738,0.04823713128765424,0.1560930833220482,0.24990430228219393,12.044525342350319,8,10,1,0,1,1,7,0,0.9897121276174273,0,0,0,0
468124,0.05750614404678345,0.19618733723958334,0.3106920803724227,10.153396337822393,2,3,0,0,0,0,2,0,0.9860810935497284,0,0,0,0
37751,0.07013808190822601,0.2487271030743917,0.3431481956638804,9.290365607346159,3,4,0,0,0,0,3,0,0.9844158291816711,0,0,0,0
556158,0.08217120915651321,0.2721412529548009,0.38346343566718155,8.325520819178244,2,2,0,0,0,0,2,0,0.9667029082775116,0,0,0,0
348045,0.04931928279499213,0.1487818881869316,0.19138151530171968,14.362000222524713,3,3,0,0,0,0,3,0,0.9913339813550314,0,0,0,0
297147,0.044446831569075584,0.13890388856331506,0.23941891002885302,12.416831013692406,2,4,0,0,0,0,2,0,0.9846846461296082,0,0,0,0
530470,0.0899117315808932,0.2895938952763875,0.3791213051161844,8.424436185150658,1,7,0,0,0,0,2,1,0.9792962670326233,0,0,0,0
244411,0.0682192196448644,0.2171537528435389,0.3059670007932723,10.286508211949846,4,10,0,0,0,0,4,0,0.9916546940803528,0,0,0,0
192047,0.07558935259779294,0.2369400809208552,0.3714378548281352,8.602276750470745,1,1,0,0,0,0,1,0,0.9878431558609009,0,0,0,0
35963,0.059297446782390274,0.16931597888469696,0.3294345317970211,9.644617588275674,1,2,0,0,0,0,1,0,0.9960018396377563,0,0,0,0
37988,0.08395627761880557,0.26064249873161316,0.36270760530271146,8.808866759559095,5,5,0,0,0,0,5,0,0.9723165988922119,0,0,0,0
15517,0.06117271321515242,0.18881410360336304,0.28057267060963875,11.039092680512654,3,13,0,0,0,0,4,1,0.9868296186129252,0,0,0,0
263425,0.04941413551568985,0.1585658391316732,0.23516398424359466,12.572583808547567,3,2,0,0,0,0,3,0,0.9822319348653158,0,0,0,0
149406,0.0439727958291769,0.1319308951497078,0.1685229339830829,15.466819768310533,1,1,0,0,0,0,1,0,0.9962426424026489,0,0,0,0
111036,0.053041670471429825,0.15028472244739532,0.30553459075402084,10.298792289562277,2,2,0,0,0,0,2,0,0.9876056909561157,0,0,0,0
329041,0.04870956391096115,0.12215893467267354,0.23764622246846934,12.481381693796216,8,10,4,0,4,1,4,0,0.9907374680042267,0,1,1,1
492937,0.04868090028564135,0.1078031634291013,0.17468837162354756,15.154720069523737,2,3,0,0,0,0,2,0,0.9888371229171753,0,0,0,0
129113,0.04002575452129046,0.11513147751490276,0.19059830174369008,14.397619466045144,1,2,0,0,0,0,1,0,0.99853515625,0,0,0,0
241319,0.05602563420931498,0.15921494364738464,0.2182970030088628,13.219044533242577,4,10,0,1,1,1,3,0,0.9901280204455057,0,1,1,1
112110,0.06427147115270297,0.2144829829533895,0.3136653329482694,10.070669558543441,1,2,0,0,0,0,1,0,0.9954823851585388,0,0,0,0
430073,0.05375003069639206,0.1542415792743365,0.21266916138016773,13.445909629629615,11,27,0,0,0,0,13,2,0.984260764988986,0,0,0,0
260261,0.05925042678912481,0.17440275847911835,0.31207784157592,10.114741327938964,4,4,0,0,0,0,4,0,0.976344421505928,0,0,0,0
17959,0.07536792506774266,0.22349841396013895,0.3339801182539841,9.525587717037325,4,24,1,0,1,1,4,1,0.9646240075429281,0,0,0,0
78843,0.0498966301480929,0.12923858066399893,0.20068922797464514,13.949518754208503,3,3,0,0,0,0,3,0,0.9921703735987345,0,0,0,0
375493,0.07510973637302716,0.23437796036402384,0.30815244863424407,10.224687538765725,5,7,0,0,0,0,5,0,0.9643771290779114,0,0,0,0
452784,0.04715963080525398,0.12750853846470514,0.2484197737214653,12.096276762797126,3,6,1,0,2,1,2,0,0.9924498200416565,0,0,0,0
96427,0.05997204904754957,0.19293134907881418,0.2786123721101392,11.09999204252963,4,4,1,0,0,1,3,0,0.9902036388715109,1,0,0,1
172935,0.08100583652655284,0.2649650226036708,0.3296606747687064,9.638657135363875,1,5,0,0,0,0,1,0,0.989940881729126,0,0,0,0
264968,0.05787905305624008,0.18401925265789032,0.3100842317841872,10.170406353630153,6,8,1,0,1,1,5,0,0.9808876156806946,1,0,1,1
287649,0.04075355020662149,0.10038582732280095,0.1683412370023993,15.476189717451865,2,3,1,0,1,1,1,0,0.9969415664672852,1,0,1,1
186449,0.05590438097715378,0.149962787826856,0.2876578913614338,10.822474148207435,9,15,3,0,3,1,6,0,0.9692206581433614,0,0,0,0
116206,0.047355989615122475,0.11923131098349889,0.1998289425095288,13.98683219788933,2,3,2,0,2,1,0,0,,1,0,1,1
180101,0.045563481748104095,0.12195458759864171,0.2049641913525828,13.766440130726396,8,11,1,0,1,1,7,0,0.9927888853209359,0,0,0,0
93717,0.05486366152763367,0.17189510663350424,0.24294547285858023,12.289823786792574,11,22,2,0,1,1,9,0,0.9807789193259345,0,0,0,0
500663,0.0729303869108359,0.26464490592479706,0.365726533559375,8.7368706067256,3,3,0,0,0,0,3,0,0.983019212881724,0,0,0,0
1761,0.08940439050396283,0.28416680296262103,0.4164925349198007,7.607855566881785,2,7,0,0,0,0,2,0,0.9898681342601776,0,0,0,0
12062,0.0604842926065127,0.17211247980594635,0.2672252164956328,11.462451248167815,2,4,1,0,1,1,1,0,0.989828884601593,0,0,0,0
200152,0.07582661385337512,0.23505294819672903,0.30723534437961625,10.250576489862944,0,0,0,0,0,0,0,0,,0,0,0,0
2299,0.05616971602042516,0.1785314530134201,0.2398526435840242,12.401109810159126,6,22,4,0,3,1,2,0,0.9914142787456512,0,0,0,0
578500,0.07447493200500806,0.2401240517695745,0.3425852186489787,9.30462758500913,5,14,1,0,0,1,4,0,0.9892576634883881,1,0,0,1
396274,0.0647586074968179,0.18835042417049408,0.258175632489146,11.761695007069793,0,1,0,0,0,0,0,0,,0,0,0,0
378873,0.045043814927339554,0.11734888205925624,0.18433579032791325,14.687806694113743,5,23,1,0,0,1,4,0,0.9861612617969513,0,0,0,0
12576,0.04297260008752346,0.10641541580359141,0.18455791676903427,14.677346412740897,11,15,1,0,1,1,10,0,0.9907259225845337,0,0,0,0
127270,0.06569206217924754,0.19063139955202738,0.32676948795113286,9.715170048490137,5,9,0,0,0,0,5,0,0.9844746589660645,0,0,0,0
80153,0.06580449019869168,0.21713327368100485,0.3346142503491311,9.509111350185725,3,3,0,0,0,0,3,0,0.9831777811050415,0,0,0,0
521141,0.0649222619831562,0.20068229734897614,0.32387936785448235,9.79233434096015,8,14,0,0,0,0,8,0,0.9783221110701561,0,0,0,0
177934,0.05114441861708959,0.1520797535777092,0.22144404156547448,13.094720017229873,14,18,1,0,1,1,13,0,0.9872283706298242,0,0,0,0
393838,0.04853791991869608,0.13770130525032678,0.22066171345998858,13.125460276095142,2,15,0,0,0,0,2,0,0.9867828786373138,0,0,0,0
46252,0.06892210245132446,0.22328299283981323,0.3292141498091561,9.650430136754721,5,5,0,0,0,0,6,1,0.9830326914787293,0,0,0,0
445439,0.04524559403459231,0.14568815380334854,0.22867219355925367,12.81573284411139,1,1,0,0,0,0,1,0,0.9970540404319763,0,0,0,0
294831,0.06333941221237183,0.1778393586476644,0.28389450534644256,10.93686025943796,2,5,0,0,0,0,2,0,0.9927096366882324,0,0,0,0
308587,0.08933735638856888,0.2881246606508891,0.38979212064560537,8.183338881316152,5,17,1,0,1,1,4,0,0.9750349670648575,1,0,1,1
468233,0.06113286316394806,0.17807337641716003,0.2579184622996722,11.770351382298294,1,1,0,0,0,0,1,0,0.9858736991882324,0,0,0,0
33854,0.04812742335100969,0.16353665788968405,0.24996020472022537,12.042582566248148,12,22,1,0,1,1,11,0,0.9820697470144792,0,0,0,0
139,0.06080662334958712,0.16965204974015555,0.23739532475032854,12.490556765347788,10,20,2,0,0,1,8,0,0.9402353540062904,1,0,0,1
533493,0.06570202236374219,0.2226984202861786,0.3214179790372708,9.858596678504481,3,4,0,0,0,0,3,0,0.991954505443573,0,0,0,0
462371,0.059110196928183235,0.15457083781560263,0.25755495384233196,11.78260184863652,4,11,1,0,1,1,4,1,0.9360379974047343,0,0,0,0
500270,0.07659811650713284,0.25150864322980243,0.3541972294956484,9.01509680303507,4,12,0,0,0,0,4,0,0.9839867055416107,0,0,0,0
424349,0.051431273420651756,0.13337990393241247,0.21379753927545395,13.399945953100648,3,6,0,0,0,0,3,0,0.9904643098513285,0,0,0,0
152740,0.0714150071144104,0.23162557681401572,0.2888806814399746,10.785630002475354,15,14,4,0,3,1,11,0,0.9846648302945223,0,0,0,0
244019,0.0640820140639941,0.21202481786410013,0.2889920531981694,10.782281989134457,1,1,0,0,0,0,1,0,0.9846634268760681,0,0,0,0
59920,0.054817126442988716,0.16826647768417993,0.33265348517316184,9.560158442792803,2,2,0,0,0,0,2,0,0.9661680459976196,0,0,0,0
423506,0.05208425658444563,0.1373173495133718,0.27353297975437685,11.259806069473811,4,5,1,0,1,1,3,0,0.9873764912287394,1,0,1,1
159311,0.048472057407101,0.17174768447875977,0.24170212883131137,12.334390489106413,2,2,0,0,0,0,2,0,0.9831735193729401,0,0,0,0
42628,0.07140389333168666,0.23904717961947122,0.32141832303798823,9.858587382351613,6,8,0,0,0,0,6,0,0.968545138835907,0,0,0,0
396729,0.060616948952277504,0.17424500485261282,0.28940590447589315,10.769852252512369,3,5,1,0,0,1,2,0,0.9962005317211151,1,0,0,1
540502,0.06129213919242223,0.17733035484949747,0.2650023499768111,11.535005496551653,4,20,0,0,0,0,4,0,0.976159006357193,0,0,0,0
379476,0.06170151196420193,0.1826371798912684,0.28075309785240404,11.033508859992086,4,23,0,1,1,1,4,0,0.9823097785313925,0,1,1,1
26941,0.05743894726037979,0.17633575201034546,0.24907232087205516,12.073490648823444,8,10,0,0,0,0,8,0,0.9725825935602188,0,0,0,0
558421,0.06632892539103825,0.2316877692937851,0.3326070020361596,9.561372245224938,1,14,0,0,0,0,1,0,0.9937366247177124,0,0,0,0
541291,0.062023925284544625,0.20683676997820535,0.2846475834158746,10.913849977684944,0,2,0,0,0,0,0,0,,0,0,0,0
358525,0.05090814704696337,0.13440045714378357,0.20977778834597038,13.564809951967439,2,4,0,0,0,0,2,0,0.9918466508388519,0,0,0,0
425925,0.056617425133784614,0.18194237848122916,0.2579442856542223,11.769481775765222,5,12,1,0,1,1,4,0,0.9870579242706299,0,0,0,0
210273,0.05288646866877874,0.16974530120690665,0.2195330286925164,13.170002620071724,20,41,1,0,1,1,19,0,0.9818822804250216,0,0,0,0
226111,0.059542945275704064,0.1768895462155342,0.30835552430574914,10.218965332364231,0,0,0,0,0,0,0,0,,0,0,0,0
154339,0.059416347493728004,0.1791073133548101,0.26820614329065817,11.430625576170282,0,2,0,0,0,0,0,0,,0,0,0,0
316015,0.04894912615418434,0.12311108907063802,0.19260278992267438,14.306748524993258,3,9,1,0,1,1,2,0,0.9938814640045166,0,0,0,0
181666,0.0665008934835593,0.20921201010545096,0.3066082982109324,10.26832190688997,10,16,0,0,0,0,10,0,0.9824769377708436,0,0,0,0
1353,0.06502982849876086,0.17223783085743585,0.3080429727471706,10.227773882643525,6,7,1,0,1,1,5,0,0.9800443291664124,0,0,0,0
78420,0.04328807070851326,0.11460935821135838,0.20751232266789102,13.659122171060352,3,3,0,0,0,0,3,0,0.9954106609026591,0,0,0,0
393093,0.048655311887462936,0.15333904574314752,0.22772077564306212,12.851946912023774,6,9,0,0,0,0,7,1,0.9852824111779531,0,0,0,0
367569,0.06827384481827418,0.20567142963409424,0.3512212894285855,9.088383340447951,2,5,1,0,1,1,1,0,0.9803319573402405,0,0,0,0
293200,0.05881852035721143,0.16609236598014832,0.24786870559711688,12.11556602328886,6,19,1,0,0,1,6,1,0.9855509400367737,1,0,0,1
128598,0.04770054047306379,0.11160456885894139,0.22260719360896244,13.0492161087236,5,11,5,0,5,1,0,0,,1,1,2,1
341828,0.04907350800931454,0.11721113075812657,0.17011064473151122,15.385370188240993,1,3,0,0,0,0,1,0,0.9846357703208923,0,0,0,0
273232,0.06583662951985995,0.21972937881946564,0.3039526068557357,10.343882550561606,4,16,0,0,0,0,4,0,0.982121080160141,0,0,0,0
334483,0.04180177735785643,0.11699358870585759,0.20765319233998236,13.653227758216019,9,20,1,0,1,1,8,0,0.9858812019228935,0,0,0,0
458109,0.04040525543193022,0.12116339057683945,0.19286800855222558,14.29479607557883,1,5,0,0,0,0,1,0,0.9964408278465271,0,0,0,0
226417,0.06357268244028091,0.177858034769694,0.25937306944962496,11.721502368938921,16,25,1,0,1,1,15,0,0.9867961724599202,0,0,0,0
130586,0.07563995569944382,0.22355703512827554,0.35192304110844386,9.07104596203615,2,2,0,0,0,0,2,0,0.9960635602474213,0,0,0,0
266400,0.048917219042778015,0.14916634311278662,0.2574564633725709,11.785924017165526,5,12,1,0,1,1,4,0,0.9791001081466675,0,0,0,0
516677,0.05279898022611936,0.17002608875433603,0.23295629554355077,12.654510968716997,11,22,0,0,0,0,11,0,0.9785588166930459,0,0,0,0
41888,0.08046018953124683,0.27258703112602234,0.3580923992729082,8.920097941050214,3,3,1,0,0,1,2,0,0.9914766550064087,0,0,0,0
318908,0.05516619483629862,0.15526215235392252,0.2505453703310865,12.022272357990156,1,1,0,0,0,0,1,0,0.9939796924591064,0,0,0,0
76261,0.09764261543750763,0.3547361691792806,0.41667181568947625,7.604117497670051,2,2,0,0,0,0,2,0,0.980177104473114,0,0,0,0
435208,0.057331349700689316,0.15657266726096472,0.27487382617812967,11.217332244788558,8,11,3,0,2,1,5,0,0.9790245771408081,0,0,0,0
10092,0.0474380807330211,0.15205413103103638,0.22687897547105995,12.88411495316603,3,5,0,0,0,0,3,0,0.9934323032697042,0,0,0,0
532575,0.056288292010625206,0.1734383205572764,0.25784124138726017,11.772952331240909,2,2,0,0,0,0,2,0,0.9951227605342865,0,0,0,0
148707,0.05492058706780275,0.147943044702212,0.22549018106356722,12.937447293259565,2,2,0,0,0,0,2,0,0.9918949604034424,0,0,0,0
235252,0.07960958157976468,0.283253292242686,0.40238894846763373,7.907079111996504,3,3,0,0,0,0,3,0,0.9894969264666239,0,0,0,0
368294,0.052350917210181556,0.15211458255847296,0.21878121320692986,13.199799474090291,1,2,0,0,0,0,1,0,0.9973331689834595,0,0,0,0
338986,0.07575690497954686,0.24571460485458374,0.40806735797683547,7.785362876282437,3,4,0,0,0,0,3,0,0.988437294960022,0,0,0,0
294162,0.05757981166243553,0.14106803387403488,0.3025202523221472,10.384910920902,2,2,0,0,0,0,2,0,0.9949973821640015,0,0,0,0
481159,0.05433270583550135,0.17555387069781622,0.24207013010142694,12.321175928013224,1,1,0,0,0,0,1,0,0.9933539628982544,0,0,0,0
542423,0.06763559207320213,0.24261887868245444,0.3082868265237426,10.220900656315155,2,14,0,0,0,0,2,0,0.9923825263977051,0,0,0,0
387916,0.0642871583501498,0.20480002462863922,0.28334457357489246,10.953702005185695,13,20,4,0,3,1,9,0,0.9848624401622348,0,0,0,0
449406,0.06906023000677426,0.24031923711299896,0.32727592040887665,9.701718941701591,1,1,0,0,0,0,1,0,0.9940968155860901,0,0,0,0
11051,0.04663048995037874,0.13186969856421152,0.21373758019442884,13.402382234661069,3,3,0,0,0,0,3,0,0.9904517332712809,0,0,0,0
166521,0.05522143468260765,0.1804455022017161,0.25619071801052673,11.828732182680177,3,16,0,0,0,0,3,0,0.9944308400154114,0,0,0,0
419379,0.07055920672913392,0.17062592754761377,0.3173097075005375,9.970332825282847,5,5,0,0,0,0,5,0,0.9930094957351685,0,0,0,0
113720,0.04661622395118078,0.12781041115522385,0.1981451520462769,14.060330978865004,13,21,1,0,1,1,13,1,0.9867902000745138,0,0,0,0
235064,0.04441666913529237,0.15434032926956812,0.229031896320135,12.802080621219702,1,1,1,0,1,1,0,0,,0,0,0,0
502168,0.0745426615079244,0.2534512182076772,0.3356288100950602,9.48281533539596,8,14,0,0,0,0,8,0,0.9837280586361885,0,0,0,0
324614,0.0758710006872813,0.2713549733161926,0.36717860624102444,8.702452620338661,2,2,0,0,0,0,2,0,0.9650152623653412,0,0,0,0
155451,0.0651292409747839,0.20568769673506418,0.2691884775274539,11.398870675985219,1,10,1,0,1,1,0,0,,0,0,0,0
153229,0.0494339062521855,0.1447300836443901,0.2178486497103587,13.236902552081883,8,9,0,0,0,0,8,0,0.9863985553383827,0,0,0,0
53626,0.060535650700330734,0.19424034158388773,0.26288725517914185,11.604609361139264,6,9,0,0,0,0,6,0,0.9805890520413717,0,0,0,0
190140,0.05250107248624166,0.16203181942303976,0.25835094367792694,11.75579895537836,3,4,0,0,0,0,3,0,0.9769715666770935,0,0,0,0
162366,0.06153320521116257,0.22394862274328867,0.29281604728271576,10.668102523901284,1,1,1,0,1,1,0,0,,1,0,1,1
543047,0.0503556119898955,0.1371712659796079,0.20069630530734822,13.949212450539337,6,16,0,0,0,0,6,0,0.9872755706310272,0,0,0,0
447917,0.06217020625869433,0.22566314041614532,0.29037421067040264,10.740839154816822,5,6,0,0,0,0,6,1,0.9918248534202576,0,0,0,0
341094,0.05679560266435146,0.16629080971082053,0.24222054359924863,12.315780510941982,1,2,1,0,0,1,0,0,,0,0,0,0
244833,0.05361481383442879,0.14677806943655014,0.22272432747474855,13.044646875213765,6,20,1,0,1,1,5,0,0.9818761467933654,0,0,0,0
186980,0.0562371090054512,0.14912530034780502,0.28873688474214065,10.789954671067969,4,14,1,0,1,1,3,0,0.9827087124188741,0,0,0,0
570736,0.07058073704441388,0.2133660763502121,0.3470840086536,9.191307905971712,2,2,0,0,0,0,2,0,0.9824582040309906,0,0,0,0
97230,0.07386414582530658,0.26995286842187244,0.39210021841396087,8.132058315640775,2,2,0,0,0,0,2,0,0.9643749296665192,0,0,0,0
34257,0.06393950060009956,0.1718168631196022,0.25392829040427267,11.905778224981418,1,6,1,0,1,1,0,0,,0,0,0,0
445658,0.05335850392778715,0.16515928506851196,0.2594080833500066,11.720329902000469,5,12,0,0,0,0,5,0,0.9864167928695678,0,0,0,0
476258,0.06835180148482323,0.25076521933078766,0.3401797946277058,9.365829707607741,2,2,1,0,1,1,1,0,0.9956151843070984,0,0,0,0
565153,0.07086241245269775,0.2326067586739858,0.3509088281945609,9.096114112582498,3,2,0,0,0,0,3,0,0.9927342732747396,0,0,0,0
171611,0.061940050373474755,0.20179644227027893,0.31667880908787266,9.9876199390104,6,5,2,0,1,1,4,0,0.9867560714483261,1,0,0,1
414133,0.06647868702809016,0.20407984654108682,0.29211868533272267,10.688813250987545,5,7,0,0,0,0,5,0,0.9881566166877747,0,0,0,0
332455,0.05058793475230535,0.1497310275832812,0.3166818119303268,9.987537577217475,1,1,0,0,0,0,1,0,0.989561915397644,0,0,0,0
286553,0.044264212250709534,0.1281476765871048,0.20314329758371072,13.843950040261458,7,18,0,0,0,0,7,0,0.9907315288271222,0,0,0,0
67180,0.05656555977960428,0.16578621665636697,0.2953977919039257,10.591855107192604,2,2,0,0,0,0,2,0,0.9794658422470093,0,0,0,0
207844,0.05911961570382118,0.16248789926369986,0.2717553366634317,11.316438371827067,10,33,1,0,1,1,10,1,0.9769513275888231,0,0,0,0
65455,0.05944195265571276,0.17654049396514893,0.23340860883401252,12.637662597333305,2,15,0,0,0,0,3,1,0.9901016354560852,0,0,0,0
244592,0.04921567688385645,0.13808228075504303,0.2053401377082962,13.750523021214784,3,3,1,0,1,1,2,0,0.987046629190445,0,0,0,0
97924,0.06437856207291286,0.19289468228816986,0.28232294502274485,10.985076486525344,4,6,1,0,1,1,3,0,0.9913714130719503,0,0,0,0
404191,0.053292096902926765,0.1559314082066218,0.2952957309088934,10.59485663171856,1,1,0,0,0,0,1,0,0.9982789158821106,0,0,0,0
516601,0.08590717862049739,0.30988018214702606,0.3865554513086337,8.255763956259674,5,19,0,0,0,0,5,0,0.9834477543830872,0,0,0,0
18770,0.06428348397215207,0.21311444540818533,0.31594898280641825,10.00766077006194,2,2,0,0,0,0,2,0,0.9897973537445068,0,0,0,0
57027,0.049246290077765785,0.13611183563868204,0.2212065897107352,13.104038792158558,4,4,0,0,0,0,4,0,0.9949945360422134,0,0,0,0
196843,0.044910253336032234,0.1298670619726181,0.2337591339446129,12.624628208532016,3,4,0,0,0,0,3,0,0.993968645731608,0,0,0,0
455597,0.05373523632685343,0.1495445022980372,0.21533533872854305,13.337693843344372,4,15,1,0,1,1,4,1,0.9850154320398966,0,0,0,0
121031,0.06208625063300133,0.20959251622358957,0.2959317641015871,10.576168338986227,7,8,0,0,0,0,7,0,0.987355249268668,0,0,0,0
175387,0.07394587621092796,0.2593532552321752,0.32645519181542837,9.723528403107224,1,1,0,0,0,0,1,0,0.9927337169647217,0,0,0,0
183391,0.04540101687113444,0.11282714456319809,0.1656499028140943,15.616176291603592,6,27,2,0,2,1,4,0,0.9789542704820633,1,0,1,1
17905,0.05711193693180879,0.17239495118459067,0.33938776070207616,9.386076472859195,2,3,1,0,0,1,1,0,0.9949023127555847,1,0,0,1
32285,0.0708636852602164,0.20938473443190256,0.2834830039480911,10.949459477066938,2,1,0,0,0,0,2,0,0.9906841218471527,0,0,0,0
112378,0.05164702050387859,0.1439380794763565,0.1987812571511427,14.032491342393156,3,9,0,0,0,0,5,2,0.9924203157424927,0,0,0,0
350833,0.06706998248895009,0.22044524550437927,0.30322708874572873,10.364640073511659,2,2,0,0,0,0,3,1,0.9934146404266357,0,0,0,0
87875,0.06009036054213842,0.1992796411116918,0.28852720145841937,10.79626473256318,1,1,0,0,0,0,1,0,0.9969248175621033,0,0,0,0
369812,0.048743064204851784,0.1470921734968821,0.2124924994888592,13.453127899387676,5,18,0,0,0,0,5,0,0.9866652369499207,0,0,0,0
116825,0.05769282331069311,0.16590030988057455,0.24492939173635828,12.219181920780711,2,3,0,0,0,0,2,0,0.9811220169067383,0,0,0,0
549220,0.05058419704437256,0.14330624540646872,0.2655891541172178,11.51579328511805,5,8,0,1,0,1,4,0,0.9894696921110153,0,0,0,0
178618,0.09391301001111667,0.3106244405110677,0.4297774272701199,7.335127964395726,1,3,0,0,0,0,1,0,0.9957122206687927,0,0,0,0
121506,0.05828824577232202,0.1204683780670166,0.20308328107139778,13.846516572505262,5,9,2,0,1,1,3,0,0.9847234884897867,0,0,0,0
22755,0.05370651806394259,0.14929340531428656,0.21440335588918938,13.375368425037717,2,4,0,0,0,0,2,0,0.9759776592254639,0,0,0,0
69106,0.06109253937999407,0.20098918676376343,0.2607566455798435,11.67529228875714,4,4,0,0,0,0,4,0,0.978991225361824,0,0,0,0
507081,0.049992796033620834,0.1372705946365992,0.19534809852468443,14.183816234906903,2,6,0,0,0,0,3,1,0.9870348572731018,0,0,0,0
547336,0.04864627681672573,0.13121908903121948,0.19359175544983798,14.262262841263588,1,7,0,0,0,0,1,0,0.9931827187538147,0,0,0,0
41488,0.058036973079045616,0.19472971061865488,0.27505723805756055,11.211538444417126,0,0,0,0,0,0,0,0,,0,0,0,0
205776,0.05780621121327082,0.1745209644238154,0.2542867913948473,11.893523962298998,1,1,1,0,1,1,0,0,,0,0,0,0
140840,0.09336496144533157,0.2528955489397049,0.3291671031149294,9.651671491646796,5,19,3,0,2,1,2,0,0.9866733253002167,1,0,1,1
578871,0.04925176811714967,0.1273457184433937,0.22442791791928918,12.978462391799084,8,11,3,0,3,1,5,0,0.9925997376441955,0,0,0,0
57760,0.07930972054600716,0.3054573635260264,0.40042605103152273,7.949553516401762,7,18,1,0,1,1,7,1,0.979130357503891,0,0,0,0
404534,0.07053865926961105,0.23861883580684662,0.38051056956404217,8.392665503776923,0,1,0,0,0,0,0,0,,0,0,0,0
314034,0.05916020646691322,0.19746728738149008,0.25476272629490476,11.87728224483273,10,25,0,0,0,0,11,1,0.9861476182937622,0,0,0,0
163155,0.06544006864229839,0.19817247986793518,0.2952120539444304,10.597318272029092,1,1,0,0,0,0,1,0,0.9931051135063171,0,0,0,0
352760,0.0692904790242513,0.21716982622941336,0.3260913745877244,9.733213770492153,2,2,1,0,1,1,1,0,0.9951884150505066,1,0,1,1
207538,0.05338049679994583,0.16031725704669952,0.232178628151857,12.683555184015109,1,1,1,0,1,1,0,0,,1,0,1,1
113589,0.05103181799252828,0.13055974741776785,0.20748788475374141,13.660145134527538,7,7,2,0,0,1,5,0,0.9878369808197022,1,0,0,1
256407,0.06750608173509438,0.20477675894896188,0.3337825859610239,9.530726499828944,2,13,0,0,0,0,2,0,0.984908401966095,0,0,0,0
13659,0.04610356688499451,0.11936153223117192,0.17993448093064676,14.897712092399967,14,18,0,0,0,0,14,0,0.9646909194333213,0,0,0,0
228981,0.060490342477957405,0.18735932310422262,0.26402783253808143,11.567005789832177,3,2,3,0,2,1,0,0,,2,0,1,1
180011,0.05182693526148796,0.14195110897223154,0.2777743083560159,11.126158502075556,5,6,0,0,0,0,5,0,0.9780698418617249,0,0,0,0
318080,0.05083776513735453,0.161793219546477,0.2410826695824841,12.356680162024889,3,2,1,0,1,1,2,0,0.9878360033035278,1,0,1,1
560371,0.07929981127381325,0.2870323161284129,0.3637367688874327,8.784255908089749,0,0,0,0,0,0,0,0,,0,0,0,0
461009,0.04746311716735363,0.1270197629928589,0.18865103005850825,14.486816383073137,8,10,2,0,2,1,7,1,0.9788335164388021,0,0,0,0
111179,0.0774259294072787,0.24525370200475058,0.40608308207637867,7.827702067570447,1,2,0,0,0,0,2,1,0.9907022714614868,0,0,0,0
307145,0.057884580766161285,0.15910052011410394,0.22483920009488836,12.962559369111439,3,2,1,0,0,1,2,0,0.9854793548583984,0,0,0,0
79229,0.0817011979719003,0.3020244936148326,0.40864435044610986,7.77309001747012,3,3,0,0,0,0,3,0,0.9942326347033182,0,0,0,0
339823,0.06280774871508281,0.18756051361560822,0.33769497522488123,9.429508029124296,2,2,0,0,0,0,2,0,0.9758212268352509,0,0,0,0
466085,0.05596726139386495,0.1806392470995585,0.31809672069963607,9.94881616135437,1,1,0,0,0,0,1,0,0.9955188632011414,0,0,0,0
427655,0.05947947377959887,0.17141027748584747,0.3415522021838815,9.330858203466866,6,14,0,0,0,0,6,0,0.9840796689192454,0,0,0,0
260925,0.052795526261130966,0.14550051589806876,0.2316479658125919,12.703430182926459,2,3,0,0,0,0,2,0,0.9904673993587494,0,0,0,0
552902,0.061144030963381134,0.21191200613975525,0.2972060751660877,10.538846348825304,1,1,0,0,0,0,1,0,0.9940197467803955,0,0,0,0
397639,0.07919984062512715,0.30731987953186035,0.416901037058739,7.599340490933992,2,2,0,0,0,0,2,0,0.9957152903079987,0,0,0,0
562581,0.07432268063227336,0.28846945365269977,0.3579610272004637,8.923285086850774,2,4,0,0,0,0,2,0,0.9680829048156738,0,0,0,0
201676,0.0694492980837822,0.21609128514925638,0.3034358237935053,10.358662949732851,5,7,0,0,0,0,5,0,0.9882348418235779,0,0,0,0
222458,0.07190097495913506,0.22081738710403442,0.2988015842778049,10.492342083499281,8,9,1,0,0,1,7,0,0.9604926194463458,0,0,0,0
493566,0.06206226969758669,0.22456001242001852,0.32372693670073854,9.79642324557383,0,2,0,0,0,0,1,1,,0,0,0,0
261097,0.06073961779475212,0.18355057636896768,0.3100557130897126,10.17120523857556,2,25,0,0,0,0,2,0,0.980561375617981,0,0,0,0
497344,0.05169872070352236,0.1477731317281723,0.22745572416519205,12.862062584279988,4,4,0,0,0,0,4,0,0.9692210555076599,0,0,0,0
370042,0.06107606987158457,0.18625493347644806,0.23833213177717516,12.456348048345728,11,13,3,0,1,1,8,0,0.9842743650078773,0,0,0,0
512985,0.06368924180666606,0.21804552773634592,0.27089102186119923,11.344107770931547,2,2,0,0,0,0,2,0,0.9812698066234589,0,0,0,0
78032,0.06811485067009926,0.21884605288505554,0.3051950754415062,10.308449566756932,2,3,0,0,0,0,2,0,0.9802504777908325,0,0,0,0
33707,0.04813955413798491,0.1549082100391388,0.23247447948655944,12.672494320125395,2,2,0,0,0,0,2,0,0.9899236261844635,0,0,0,0
144798,0.06304093947013219,0.18816005190213522,0.33334608623306267,9.542092789911134,2,4,1,0,1,1,1,0,0.9859175086021423,0,0,0,0
127135,0.06775499507784843,0.1975716551144918,0.3342367970001993,9.518914783979747,1,0,1,0,0,1,0,0,,0,0,0,0
85772,0.06146547322471937,0.20397035777568817,0.3007842142079352,10.434899203515048,4,4,0,0,0,0,4,0,0.9756048172712326,0,0,0,0
64523,0.06458984563748042,0.1996210515499115,0.26789927043579803,11.440569381896182,11,23,2,0,2,1,10,1,0.9789696998066373,0,0,0,0
453341,0.051341633622845016,0.13769770661989847,0.2177469961280117,13.240956549508368,1,7,0,0,0,0,1,0,0.9902032613754272,0,0,0,0
244750,0.05354118471344312,0.1376905416448911,0.20860721583517408,13.613413463424855,10,9,1,0,0,1,10,1,0.9726678662829928,0,0,0,0
28993,0.0478256493806839,0.14160902053117752,0.21626430104829245,13.300303280869961,2,15,0,0,0,0,2,0,0.9840714633464813,0,0,0,0
176901,0.0789795070886612,0.2590184857447942,0.3352224036422217,9.493339284543273,4,6,1,0,1,1,3,0,0.9943211873372396,0,0,0,0
179265,0.06316506986816724,0.21162636578083038,0.2905468029795023,10.735677978828683,4,8,0,0,0,0,4,0,0.9913453757762909,0,0,0,0
173830,0.05025001553197702,0.160932128628095,0.2233644010317106,13.019720838144702,1,2,0,0,0,0,1,0,0.9859898686408997,0,0,0,0
275727,0.05877808295190334,0.1796350578467051,0.2806283457611827,11.037369275852392,1,2,0,0,0,0,1,0,0.9967707991600037,0,0,0,0
227898,0.0687918687860171,0.21815242866675058,0.3046010145930147,10.32537308819297,5,8,0,0,0,0,6,1,0.9602265954017639,0,0,0,0
549055,0.07770493999123573,0.2836589068174362,0.3585736610871841,8.908432291271662,2,2,0,0,0,0,2,0,0.9462508857250214,0,0,0,0
299609,0.07921048998832703,0.2547101080417633,0.3330410114307564,9.550045663724564,1,1,0,0,0,0,1,0,0.9857810139656067,0,0,0,0
364884,0.05246569340427717,0.173774724205335,0.2214353791081514,13.095059798871558,1,14,0,0,0,0,1,0,0.9789829850196838,0,0,0,0
568439,0.05176205684741338,0.17128239075342813,0.24415472661509077,12.246697274987508,9,24,1,0,1,1,8,0,0.9918482676148415,0,0,0,0
88040,0.052779449770847954,0.1343483179807663,0.27383669782879844,11.250167019105168,9,13,1,0,0,1,8,0,0.9883580952882767,0,0,0,0
423104,0.08581243082880974,0.2912984987099965,0.3880798175163291,8.22157885193536,1,2,0,0,0,0,1,0,0.9942969083786011,0,0,0,0
273132,0.05492885783314705,0.13679726918538412,0.20678131467024996,13.689774157039263,1,3,0,0,0,0,1,0,0.9778844714164734,0,0,0,0
561009,0.058600922425587974,0.20017801225185394,0.27497538158409535,11.214123732178393,1,1,0,0,0,0,1,0,0.9942535161972046,0,0,0,0
520077,0.056686477114756904,0.1406495968500773,0.19699861987339687,14.110736327881606,11,16,8,0,7,1,3,0,0.9785980979601542,1,1,1,1
189828,0.06238331211109956,0.2035301278034846,0.2975936828337855,10.527525840180903,1,1,0,0,0,0,1,0,0.9946449398994446,0,0,0,0
512836,0.0670398510992527,0.19768479466438293,0.3285915546402988,9.666872057230918,5,7,0,0,0,0,5,0,0.9599421620368958,0,0,0,0
314177,0.06902707368135452,0.20122098922729492,0.3384487700298035,9.410141197015639,1,2,0,0,0,0,1,0,0.9888249039649963,0,0,0,0
520301,0.060045269007484116,0.1706721136967341,0.32101151867351413,9.86958767547925,1,1,0,0,0,0,1,0,0.9920455813407898,0,0,0,0
121673,0.0782234917084376,0.2766833504041036,0.4234046397570045,7.464887744006965,2,2,0,0,0,0,2,0,0.9947667121887207,0,0,0,0
276284,0.05982843413949013,0.19982231656710306,0.30094313808136736,10.430311094789959,3,5,0,0,0,0,3,0,0.9905154506365458,0,0,0,0
523175,0.05054661942025026,0.12743165343999863,0.19933544315299975,14.008309480358495,2,6,1,0,1,1,1,0,0.9953580498695374,1,0,1,1
286849,0.06061146408319473,0.1821927676598231,0.31975152518102584,9.903747506110568,3,4,0,0,0,0,3,0,0.9928097724914551,0,0,0,0
105264,0.06753240898251534,0.23456504940986633,0.3524191098886916,9.058811000989259,7,9,0,0,0,0,8,1,0.9836652193750653,0,0,0,0
463690,0.07224715997775395,0.2066262165705363,0.30282783396123775,10.376084196370162,6,6,1,0,0,1,5,0,0.9649123072624206,1,0,0,1
480275,0.04981574478248755,0.13811411708593369,0.20967454844807976,13.569085671989814,3,12,3,0,2,1,0,0,,0,0,0,0
302760,0.05858808010816574,0.1576839710275332,0.22806828269360535,12.838702151452514,3,3,0,0,0,0,3,0,0.9912023941675822,0,0,0,0
78266,0.0596118854979674,0.15058480203151703,0.2241147590694933,12.990590841509723,0,15,0,0,0,0,0,0,,0,0,0,0
87476,0.05526545767982801,0.14258719980716705,0.29177480030708736,10.69904439005543,9,13,0,0,0,0,9,0,0.983929263220893,0,0,0,0
425702,0.09125016629695892,0.3176109393437703,0.3900881166950814,8.176745589117157,2,2,0,0,0,0,2,0,0.9849512577056885,0,0,0,0
515445,0.08031520247459412,0.2803603212038676,0.3565713125067113,8.95707200735242,6,7,1,0,1,1,5,0,0.9803610801696777,0,0,0,0
137246,0.0538330152630806,0.15397648016611734,0.229140527208017,12.797961840286344,9,17,1,0,0,1,9,1,0.9817835167050362,0,0,0,0
225184,0.10180516541004181,0.3477616608142853,0.46705876657863143,6.612569438136877,4,4,0,0,0,0,4,0,0.991475373506546,0,0,0,0
209530,0.050220162918170295,0.1369911382595698,0.21596588020888122,13.312297125821493,10,23,1,0,1,1,9,0,0.9580578804016113,0,0,0,0
540928,0.05949373419086138,0.15778045604626337,0.24306271269937518,12.28563318931565,1,2,0,0,0,0,1,0,0.9938940405845642,0,0,0,0
180487,0.05451742932200432,0.14642021556695303,0.22937895763348365,12.788928503134528,5,6,0,0,0,0,5,0,0.9902555227279664,0,0,0,0
58539,0.04816306258241335,0.13206408669551215,0.21590084922074998,13.314912988316747,7,11,1,0,1,1,7,1,0.9859764178593954,0,0,0,0
308394,0.05175630127390226,0.15547375877698263,0.26762261141616933,11.449543916857643,3,4,0,0,0,0,3,0,0.9903931816418966,0,0,0,0
229659,0.0477383757630984,0.11878252774477005,0.1856535254060904,14.625935989367854,10,29,2,0,2,1,9,1,0.9867157489061356,0,0,0,0
314294,0.06065423476199309,0.21806158125400543,0.3127365293165306,10.09642775703885,1,2,0,0,0,0,1,0,0.9896925687789917,0,0,0,0
466835,0.06036020256578922,0.16361368944247565,0.28194784834518827,10.996624306696265,1,1,0,0,0,0,1,0,0.9806913733482361,0,0,0,0
1000,0.051532684514919914,0.14143098890781403,0.19697452674708024,14.111798685751822,15,17,0,0,0,0,15,0,0.9826564192771912,0,0,0,0
377113,0.05297424520055453,0.1717751920223236,0.23634439868467752,12.529093718641867,3,10,0,0,0,0,4,1,0.9935383796691895,0,0,0,0
89271,0.05423927245040735,0.1397859329978625,0.21681846063988755,13.27807486585439,1,1,0,0,0,0,1,0,0.991801917552948,0,0,0,0
11760,0.04737405478954315,0.16323840618133545,0.2676392657548193,11.449003404806533,3,3,0,0,0,0,3,0,0.987797220547994,0,0,0,0
521231,0.06618507765233517,0.20772256453831991,0.34508993409800126,9.241354168528407,1,1,1,0,1,1,0,0,,0,0,0,0
58029,0.059377457946538925,0.18812129398187002,0.24327979234241015,12.277879271335035,2,2,0,0,0,0,2,0,0.9902482032775879,0,0,0,0
245102,0.06875412041942279,0.2193759928146998,0.28939351945690706,10.770223969910992,0,1,0,0,0,0,0,0,,0,0,0,0
493284,0.05306617418924967,0.14720838516950607,0.2361341993230082,12.536822189669362,5,6,1,0,0,1,4,0,0.9960964024066925,0,0,0,0
419653,0.052456905444463096,0.12478737781445186,0.18904005303016583,14.468923390917773,9,19,1,0,0,1,9,1,0.9868869706988335,0,0,0,0
453722,0.053939446806907654,0.1642605016628901,0.24296147472520588,12.289251700107028,3,4,0,0,0,0,3,0,0.9927052656809489,0,0,0,0
524742,0.04801357972125212,0.15666748334964117,0.21992255693734608,13.154604475903206,1,1,0,0,0,0,1,0,0.9918235540390015,0,0,0,0
190853,0.08048551405469577,0.22236870229244232,0.3671188020411576,8.703867449467094,1,2,0,0,0,0,1,0,0.9938691258430481,0,0,0,0
298396,0.04580265966554483,0.12769982467095056,0.1882105338282492,14.507121469880012,6,27,0,0,0,0,6,0,0.9850087463855743,0,0,0,0
411774,0.07905949279665947,0.24448281526565552,0.3756398527459821,8.504566767441382,2,2,1,0,0,1,1,0,0.9806630611419678,1,0,0,1
335658,0.04688987135887146,0.13927584638198218,0.2168653778414511,13.276195535335988,2,2,1,0,1,1,1,0,0.9933105111122131,0,0,0,0
96960,0.053204876060287155,0.18944410979747772,0.25340322000212673,11.923757416496665,1,1,0,0,0,0,1,0,0.9948921203613281,0,0,0,0
531771,0.05124576141436895,0.1473352462053299,0.31209541938298074,10.114252108352675,1,1,0,0,0,0,1,0,0.9977930188179016,0,0,0,0
449661,0.08410582070549329,0.29349859555562335,0.3690146369023107,8.659128145662436,4,6,1,0,1,1,3,0,0.9701818426450094,0,0,0,0
312192,0.04632030613720417,0.12303637216488521,0.19075291166476366,14.390576484469333,5,11,3,0,3,1,2,0,0.984538733959198,0,0,0,0
68833,0.055223808313409485,0.1573477586110433,0.2370427842697135,12.503465206777523,3,9,0,0,0,0,3,0,0.9880207578341166,0,0,0,0
94852,0.07279279952247937,0.23547236621379852,0.3126813333594509,10.097960895190216,1,2,0,0,0,0,1,0,0.9980278611183167,0,0,0,0
293071,0.06587571402390797,0.21289282043774924,0.3601171608752558,8.87112364889491,4,4,1,0,1,1,3,0,0.9945375919342041,0,0,0,0
141671,0.07158478101094563,0.23012242217858633,0.29790597324714463,10.518415775090437,3,25,1,0,1,1,2,0,0.9331941604614258,0,0,0,0
573094,0.06221099694569906,0.17904665072758993,0.3322637359286436,9.570341121793088,3,14,0,0,0,0,3,0,0.9774731794993082,0,0,0,0
505638,0.04987065556148688,0.15468702713648477,0.2353485016056196,12.565771247464843,2,5,1,0,1,1,1,0,0.9932559728622437,0,0,0,0
235057,0.05152356376250585,0.17132973919312158,0.297661405745806,10.52554943123085,1,1,0,0,0,0,1,0,0.994897723197937,0,0,0,0
90208,0.049481858809789024,0.16649316747983298,0.2752386072019004,11.205812969867033,2,3,0,0,0,0,3,1,0.9940120875835419,0,0,0,0
134689,0.07400591919819514,0.23788699507713318,0.3575845284807633,8.93242559957989,1,1,0,0,0,0,1,0,0.992575466632843,0,0,0,0
267351,0.08412102113167445,0.2981206278006236,0.3890495387526144,8.199901904740436,2,2,1,0,0,1,1,0,0.9029584527015686,0,0,0,0
134034,0.04594988003373146,0.16144412259260812,0.1947257675550984,14.211531512327655,2,2,0,0,0,0,2,0,0.9875476658344269,0,0,0,0
477227,0.06390742709239323,0.18021565675735474,0.2591739893698032,11.728171725781337,0,8,0,0,0,0,0,0,,0,0,0,0
205514,0.05536052957177162,0.16104822854200998,0.24671530875165396,12.156078031681318,6,26,0,0,0,0,6,0,0.9926192263762156,0,0,0,0
556498,0.06573841782907645,0.22944927215576172,0.319945194837201,9.898488159740532,0,0,0,0,0,0,0,0,,0,0,0,0
340697,0.050684355199337006,0.13724768658479056,0.19943708934270274,14.003881454187857,8,13,8,0,7,1,0,0,,0,0,0,0
453584,0.06866069262226422,0.1821368287007014,0.280591175318354,11.038519835847376,2,7,1,0,1,1,1,0,0.9692180752754211,0,0,0,0
288391,0.06171084071199099,0.1938218673070272,0.3391404427713931,9.39240834332696,0,1,0,0,0,0,0,0,,0,0,0,0
383337,0.05356645646194617,0.14573343098163605,0.20994649931104475,13.557827249534517,5,11,1,0,1,1,4,0,0.9931012690067291,0,0,0,0
460841,0.08226254830757777,0.23047426839669546,0.31925006557561086,9.917380097164205,3,4,1,0,1,1,2,0,0.9925482273101807,1,0,1,1
483050,0.05792473008235296,0.1825016885995865,0.3086240108702564,10.211405779144522,2,3,0,0,0,0,2,0,0.9919211566448212,0,0,0,0
243867,0.05743572240074476,0.17360944549242655,0.26056109852602877,11.681808469061178,3,4,0,0,0,0,3,0,0.9946996370951334,0,0,0,0
35682,0.04624168947339058,0.12184746315081914,0.22696063080208842,12.880989403119173,8,18,1,0,0,1,8,1,0.9872236762728009,1,0,0,1
398905,0.062231077502171196,0.18306847910086313,0.2710725399294179,11.338289497977525,1,1,0,0,0,0,1,0,0.989313542842865,0,0,0,0
365098,0.06595234448711078,0.23065449794133505,0.3216857044023521,9.85136477121293,1,1,0,0,0,0,1,0,0.9969420433044434,0,0,0,0
