image,mre_proj,mre_elem,rel_l2,sqnr_db,n_fp32,n_gt,vanished,shifted,missed_gt,error,n_quant,appeared,mean_matched_iou,vanished_tol,shifted_tol,missed_gt_tol,error_tol
323496,0.14877798408269882,0.43865900238355,0.6881852089125261,3.2458933171469506,11,16,0,0,0,0,15,4,0.9726122346791354,0,0,0,0
479155,0.1269292781750361,0.2505761981010437,0.5471058339816948,5.238573083264403,7,19,1,0,1,1,6,0,0.9767685433228811,0,0,0,0
68078,0.17047267655531564,0.45708562930425006,0.7219905825209658,2.829369344614202,3,4,0,0,0,0,4,1,0.9917513529459635,0,0,0,0
340451,0.14732933789491653,0.42374373475710553,0.7188258887304054,2.867525800702286,2,2,0,0,0,0,3,1,0.9688680171966553,0,0,0,0
378605,0.12112338095903397,0.3019806941350301,0.5974084195904883,4.474573218972535,2,4,0,0,0,0,4,2,0.964957058429718,0,0,0,0
156071,0.1236192633708318,0.29869888226191205,0.5209328038190836,5.66436587230812,8,16,1,0,1,1,7,0,0.9776979088783264,0,0,0,0
555050,0.15215425193309784,0.44130905469258624,0.7314195171108913,2.716669103627163,9,18,2,1,2,1,8,1,0.9649141828219095,1,0,1,1
228144,0.13937232146660486,0.35157544414202374,0.6600368891760003,3.6086358249846344,4,4,0,0,0,0,5,1,0.9914682656526566,0,0,0,0
410878,0.1546060343583425,0.4724409381548564,0.7570152487903984,2.417907445696667,1,3,0,0,0,0,2,1,0.991932213306427,0,0,0,0
173091,0.1321407010157903,0.27295951048533124,0.48424463842228527,6.298703582192784,1,4,0,0,0,0,2,1,0.995227038860321,0,0,0,0
382111,0.13387352476517358,0.33436445395151776,0.6068175785764282,4.338836937133806,8,14,0,0,0,0,9,1,0.9879459291696548,0,0,0,0
563349,0.19126958648363748,0.5942837595939636,0.7975370290172051,1.964982877026633,2,2,0,0,0,0,4,2,0.9900341629981995,0,0,0,0
111207,0.15467681735754013,0.36441126465797424,0.5952281689059261,4.50633048368826,4,6,0,0,0,0,4,0,0.948859915137291,0,0,0,0
550939,0.1659125213821729,0.4760687053203583,0.7568722666095722,2.4195481586742504,1,0,0,0,0,0,2,1,0.9391845464706421,0,0,0,0
166277,0.11875689526398976,0.2667381664117177,0.543840398317969,5.290570693524494,3,4,0,0,0,0,4,1,0.9913914601008097,0,0,0,0
17714,0.13574433575073877,0.3053922305504481,0.5368250320586305,5.403344825802639,8,17,0,0,0,0,12,4,0.9758809208869934,0,0,0,0
519208,0.13645976781845093,0.33329348762830097,0.700634982825738,3.0901636415688594,2,2,0,0,0,0,2,0,0.9937087893486023,0,0,0,0
140583,0.1741201380888621,0.46622952818870544,0.7001287411610071,3.096441873002452,11,21,2,0,2,1,9,0,0.9683141907056173,0,0,0,0
98392,0.14591925591230392,0.4218783378601074,0.6889930736591431,3.235702879314355,9,11,1,0,1,1,10,2,0.9813365563750267,0,0,0,0
531135,0.15842569371064505,0.507189134756724,0.7564643511850699,2.4242306706851773,8,17,0,0,0,0,9,1,0.9723444730043411,0,0,0,0
274219,0.1433617870012919,0.360618789990743,0.6814042398048615,3.33190337021674,2,2,0,0,0,0,2,0,0.983824759721756,0,0,0,0
60507,0.14796643207470575,0.4400818844636281,0.7024727049858286,3.067410917549005,6,19,0,0,0,0,7,1,0.9768540263175964,0,0,0,0
524108,0.11982637892166774,0.26674999793370563,0.5885806366834049,4.603880591241048,5,12,1,0,1,1,4,0,0.9742277711629868,0,0,0,0
485844,0.15042242159446081,0.3318885962168376,0.6143212246099466,4.2320895936008,6,11,0,0,0,0,6,0,0.9800540804862976,0,0,0,0
546823,0.13744117319583893,0.4074800709883372,0.6286654165302704,4.0316085987279795,9,25,1,0,1,1,8,0,0.9767510518431664,0,0,0,0
280891,0.12039825568596522,0.2427727331717809,0.500551597958394,6.011022956956033,10,23,1,0,1,1,11,2,0.9913319150606791,0,0,0,0
133631,0.13744912296533585,0.33717815081278485,0.6485418952135211,3.7612392729441413,1,1,0,0,0,0,1,0,0.9940057396888733,0,0,0,0
344611,0.17886598904927573,0.564138243595759,0.7964185454051486,1.977172710879873,0,0,0,0,0,0,0,0,,0,0,0,0
571313,0.1460641473531723,0.3680401047070821,0.6039707830241391,4.379681395732922,4,8,1,0,1,1,5,2,0.9951271216074625,0,0,0,0
91500,0.1167212004462878,0.2587353239456813,0.5524706141435143,5.153816342168147,10,18,1,0,1,1,9,0,0.983796219031016,0,0,0,0
397133,0.13166281332572302,0.29549364745616913,0.5660063203881719,4.943574383500268,7,19,1,0,0,1,6,0,0.9762061436971029,0,0,0,0
412531,0.14570807665586472,0.4128669301668803,0.652189576468167,3.7125229305500858,4,4,0,0,0,0,6,2,0.990264892578125,0,0,0,0
98853,0.13906191537777582,0.36247895161310834,0.5954829140295866,4.502613901058903,18,24,4,1,4,1,15,1,0.9744885242902316,0,1,0,1
212800,0.14081096400817236,0.3759133021036784,0.6497819256443033,3.744647463456125,24,27,1,1,0,1,24,2,0.9730595539916645,0,0,0,0
229311,0.13741342723369598,0.3628009855747223,0.6426589431476445,3.8403888900439833,1,6,1,0,1,1,0,0,,0,0,0,0
55150,0.12669363369544348,0.31525997320810956,0.6048962047850852,4.366382806333917,12,15,3,1,4,1,12,3,0.986039936542511,1,0,1,1
127517,0.11652782807747523,0.23446467022101083,0.47089592052468304,6.541501438599084,10,11,0,0,0,0,14,4,0.9676721811294555,0,0,0,0
99242,0.1981884241104126,0.7095158298810323,0.9163261963977503,0.75899794853469,2,2,0,0,0,0,3,1,0.9925999939441681,0,0,0,0
513688,0.11463368684053421,0.28545889258384705,0.6110176645109684,4.2789246825877,3,4,0,0,0,0,4,1,0.9773623943328857,0,0,0,0
133969,0.12976883600155512,0.3534814914067586,0.6170262909164754,4.193926613769825,15,16,0,0,0,0,18,3,0.9837497115135193,0,0,0,0
298904,0.12860748916864395,0.29829078912734985,0.5725697162834237,4.8434325184926035,1,1,0,0,0,0,1,0,0.9946121573448181,0,0,0,0
567197,0.16587082048257193,0.4651875893274943,0.736251967793628,2.659470629135287,5,9,0,1,1,1,6,1,0.9697732925415039,0,0,0,0
356248,0.11254447201887767,0.23063436150550842,0.44904664650201104,6.954170851818594,12,22,2,1,2,1,13,3,0.9846256441540189,0,0,0,0
107851,0.18331526716550192,0.5676337281862894,0.7644793752787514,2.3326845365820814,7,17,0,0,0,0,7,0,0.9745183161326817,0,0,0,0
534639,0.13053586582342783,0.33353277047475177,0.6339988071842091,3.958231184125701,3,5,0,0,0,0,3,0,0.9809064666430155,0,0,0,0
411530,0.14466335127751032,0.4193345308303833,0.657570563315545,3.6411527316158203,8,21,1,0,1,1,9,2,0.9769378134182521,0,0,0,0
545730,0.16695431371529898,0.518839011589686,0.7385969385846329,2.631849935827966,10,9,0,1,0,1,11,1,0.9797297782368131,0,0,0,0
154431,0.14967458446820578,0.38252584139506024,0.6627131498756308,3.5734882368346272,1,12,0,0,0,0,3,2,0.995466947555542,0,0,0,0
82085,0.1318799282113711,0.3655722439289093,0.678407190094013,3.370191157196469,5,12,0,0,0,0,5,0,0.9841971397399902,0,0,0,0
76468,0.12216805666685104,0.3414062609275182,0.559951355144415,5.036993999518086,8,25,2,0,1,1,6,0,0.9755133887132009,1,0,0,1
251065,0.14758569250504175,0.40427109599113464,0.6748152370964707,3.4163023950367966,1,1,0,0,0,0,1,0,0.9932969808578491,0,0,0,0
254016,0.11609926074743271,0.2717404862244924,0.5092983291091054,5.8605549728395125,11,15,3,0,2,1,9,1,0.9854683727025986,0,0,0,0
411665,0.154340922832489,0.36196135481198627,0.6740931671512158,3.425601500053494,1,2,0,0,0,0,1,0,0.995527982711792,0,0,0,0
376310,0.15335819373528162,0.404684454202652,0.6721822382665052,3.4502593501174945,5,4,0,0,0,0,5,0,0.9764871835708618,0,0,0,0
380203,0.17025396476189295,0.4595197339852651,0.7150924382391901,2.9127562878291373,1,1,0,0,0,0,1,0,0.9933125376701355,0,0,0,0
421455,0.14553782095511755,0.34757710496584576,0.6240925990849283,4.095019350966369,4,5,1,0,1,1,3,0,0.9860532482465109,0,0,0,0
106757,0.12315933282176654,0.3000898559888204,0.6277434070612963,4.044356796257292,2,3,0,0,0,0,2,0,0.9956493675708771,0,0,0,0
66135,0.12834128985802332,0.34773250420888263,0.6934693341059663,3.179454781879543,1,1,0,0,0,0,1,0,0.9966837763786316,0,0,0,0
397303,0.11469128727912903,0.24574068685372671,0.4877356186177986,6.236310547208611,19,38,2,2,2,1,17,2,0.9786648631095887,0,2,0,1
206027,0.11087221403916676,0.22256306310494742,0.5394505445964366,5.360967282582322,6,6,0,1,1,1,7,1,0.9869033932685852,0,0,0,0
200421,0.1241705318291982,0.296271284421285,0.590508246393122,4.57548066251579,3,3,1,0,1,1,2,0,0.9919955134391785,1,0,1,1
427649,0.20416978498299918,0.6535475850105286,0.8548289251701691,1.3624158174486278,1,1,0,0,0,0,1,0,0.9423765540122986,0,0,0,0
343937,0.1959619720776876,0.6534072160720825,0.8777741265957045,1.1323444926579793,2,2,0,0,0,0,2,0,0.9702596962451935,0,0,0,0
73153,0.1625397652387619,0.4241645634174347,0.6899258630553523,3.223951489481118,1,2,0,0,0,0,1,0,0.9935458898544312,0,0,0,0
321214,0.13317170987526575,0.30341506004333496,0.60251537259814,4.400637360144862,2,3,0,0,0,0,3,1,0.9841503798961639,0,0,0,0
15338,0.16337385773658752,0.47021231055259705,0.7209822274750584,2.841508813923297,5,5,0,0,0,0,5,0,0.9709299325942993,0,0,0,0
577584,0.16799586514631906,0.49092137813568115,0.7364949651570047,2.6566043548928335,2,2,1,0,0,1,1,0,0.6589317917823792,1,0,0,1
468245,0.15059985220432281,0.4680003821849823,0.7624385763636942,2.3559027647595836,2,1,0,0,0,0,2,0,0.9881178736686707,0,0,0,0
382743,0.17487240334351858,0.6005201538403829,0.8486165202174317,1.4257703594852824,5,8,0,1,0,1,6,1,0.9844615012407303,0,0,0,0
378244,0.17433792849381766,0.5810628235340118,0.7831426876295002,2.12318205629969,1,3,0,0,0,0,1,0,0.9685205221176147,0,0,0,0
288062,0.11817073822021484,0.2955927550792694,0.5444249729987796,5.281239234884131,1,1,0,0,0,0,1,0,0.9946432709693909,0,0,0,0
154425,0.1523775483171145,0.4415643513202667,0.7349909038620083,2.674360712927834,2,2,0,0,0,0,3,1,0.9962289929389954,0,0,0,0
403353,0.13669860611359277,0.35828445355097455,0.6816009423971778,3.3293963555075505,1,2,0,0,0,0,1,0,0.9932945966720581,0,0,0,0
88250,0.15601815034945807,0.4199044108390808,0.7400785343191737,2.614443842901032,2,2,0,0,0,0,2,0,0.9941059648990631,0,0,0,0
318138,0.12787043551603952,0.26610174278418225,0.5574876816377106,5.075294488676683,5,5,0,0,0,0,7,2,0.9884487390518188,0,0,0,0
273715,0.13874177386363348,0.3896709084510803,0.6728518052938804,3.4416115604004704,5,5,0,0,0,0,6,1,0.9841805338859558,0,0,0,0
309655,0.1525403012832006,0.47823722163836163,0.7269449722909807,2.7699692555804756,12,19,1,0,1,1,11,0,0.983522274277427,0,0,0,0
484760,0.15939734627803168,0.44445502758026123,0.7319303290486947,2.7106051315572968,1,1,0,0,0,0,1,0,0.9871671795845032,0,0,0,0
217872,0.19978033999602,0.6462363004684448,0.8483568047953055,1.428429045368265,2,2,0,0,0,0,3,1,0.9644103944301605,0,0,0,0
338428,0.16247027615706125,0.42799538373947144,0.7299074954979824,2.734643530204561,2,4,0,0,0,0,3,1,0.9906443655490875,0,0,0,0
68093,0.12385222564140956,0.27210409939289093,0.5845996923073644,4.662828351218891,5,5,0,0,0,0,7,2,0.9660939812660218,0,0,0,0
383842,0.12388656785090764,0.2844512015581131,0.558822809928739,5.054517504843373,13,16,0,1,1,1,12,0,0.9776104092597961,0,0,0,0
231879,0.11811207483212154,0.2745685080687205,0.5754827032252708,4.799354500864766,9,9,1,1,2,1,11,3,0.9794011116027832,0,0,0,0
542856,0.1389892448981603,0.4013257424036662,0.7210632091635751,2.840533257963645,2,6,0,0,0,0,2,0,0.9872733056545258,0,0,0,0
177213,0.1386776566505432,0.35169451435407,0.7374603218396832,2.6452268282066447,3,7,0,0,0,0,4,1,0.9923818707466125,0,0,0,0
157098,0.1463639736175537,0.40896371006965637,0.6980051725362952,3.122827180899328,3,3,0,0,0,0,4,1,0.9956103563308716,0,0,0,0
177935,0.12301151702801387,0.27808388074239093,0.5654540650898354,4.952053388184609,3,13,0,0,0,0,3,0,0.9735438426335653,0,0,0,0
163118,0.16522006193796793,0.4746052424112956,0.7685640906907516,2.286398215262554,3,3,0,0,0,0,3,0,0.9527631004651388,0,0,0,0
179487,0.13154087464014688,0.34263303875923157,0.5817851262637497,4.704747719673654,13,15,0,0,0,0,15,2,0.9669009813895593,0,0,0,0
131131,0.1277713030576706,0.3203837772210439,0.6350204070909861,3.944246358897518,3,2,0,0,0,0,4,1,0.966963529586792,0,0,0,0
326082,0.13966753085454306,0.38373570640881854,0.6829774610525066,3.311872564789215,9,17,0,0,0,0,9,0,0.9879152774810791,0,0,0,0
39477,0.14637046307325363,0.39406506220499676,0.6870402663047425,3.26035617812511,6,15,0,0,0,0,6,0,0.9826809068520864,0,0,0,0
182417,0.11322611570358276,0.2436248411734899,0.5193823152468797,5.690256840050746,7,8,0,0,0,0,9,2,0.9867849009377616,0,0,0,0
171050,0.14356765151023865,0.38900885979334515,0.6679236555545849,3.505463500973472,1,1,0,0,0,0,1,0,0.9963552355766296,0,0,0,0
514914,0.17306079218784967,0.4983663062254588,0.7871361198579506,2.079003167522609,2,3,0,0,0,0,3,1,0.9884603321552277,0,0,0,0
206135,0.15213593592246374,0.462369163831075,0.684814788078817,3.2885373991039177,5,5,0,0,0,0,8,3,0.989895761013031,0,0,0,0
232244,0.12219376862049103,0.323275089263916,0.6302164791448709,4.010204898260577,1,1,0,0,0,0,1,0,0.9946762919425964,0,0,0,0
391648,0.15041962762673697,0.44238794843355816,0.6752880118496736,3.4102192017683732,1,1,0,0,0,0,1,0,0.9818227291107178,0,0,0,0
130613,0.12761124720176062,0.2802626887957255,0.5973609273324575,4.475263749765274,4,5,0,0,0,0,7,3,0.9848058074712753,0,0,0,0
455157,0.10771487404902776,0.21943735579649606,0.40850081908366775,7.776141366564704,4,8,0,0,0,0,5,1,0.9874890446662903,0,0,0,0
417249,0.14381033182144165,0.33059178789456684,0.5718430409829658,4.854463192994802,7,9,0,0,0,0,10,3,0.9797316449029105,0,0,0,0
356612,0.14342588931322098,0.3984232544898987,0.6767712509526276,3.391161965628335,13,21,0,0,0,0,18,5,0.9779967344724215,0,0,0,0
550426,0.1448863074183464,0.3499746123949687,0.666753732587292,3.5206908877140553,1,1,0,0,0,0,2,1,0.9471116662025452,0,0,0,0
90284,0.12620594849189123,0.3402755757172902,0.6148277655689457,4.224930560560456,2,2,0,0,0,0,3,1,0.9917891323566437,0,0,0,0
267434,0.13478247572978339,0.3911838134129842,0.6408999136280189,3.864195738887468,7,7,0,0,0,0,12,5,0.9859295402254377,0,0,0,0
493864,0.17601440846920013,0.48867576320966083,0.7211623319336325,2.839339312331482,4,6,0,0,0,0,4,0,0.9567784368991852,0,0,0,0
38048,0.18024425705273947,0.5758717556794485,0.8035452479258743,1.89979325862906,2,4,0,0,0,0,3,1,0.9907557368278503,0,0,0,0
305695,0.14914018909136453,0.4242351750532786,0.6838577927184163,3.3006839965529267,5,7,0,0,0,0,5,0,0.9868147850036622,0,0,0,0
329219,0.1493098313609759,0.38048983613650006,0.646479692285019,3.788902259200831,3,21,0,0,0,0,4,1,0.9807505408922831,0,0,0,0
221155,0.15118775765101114,0.4328406552473704,0.6567695878149921,3.6517393147858996,2,2,0,0,0,0,3,1,0.9864098727703094,0,0,0,0
474039,0.1342459445198377,0.3180949290593465,0.6606208001728109,3.6009551264233974,3,3,1,0,1,1,2,0,0.9960136413574219,0,0,0,0
146831,0.15942198038101196,0.4697856406370799,0.7354388667084897,2.669068442538946,4,5,0,0,0,0,6,2,0.9786153584718704,0,0,0,0
407646,0.146750308573246,0.43716105818748474,0.7238085929924368,2.807525305820664,3,3,1,0,1,1,2,0,0.9878681302070618,0,0,0,0
56545,0.1278350924452146,0.322838028271993,0.580741421475131,4.720343934765648,1,1,0,0,0,0,1,0,0.9923529624938965,0,0,0,0
23230,0.17254469792048135,0.5528508424758911,0.7696864531935305,2.2737231427891285,4,4,0,0,0,0,4,0,0.9764076322317123,0,0,0,0
293324,0.19228316843509674,0.6211264133453369,0.8540236592446053,1.3706019553756335,5,10,1,0,1,1,6,2,0.985432431101799,0,0,0,0
314914,0.15559149285157522,0.42519644896189374,0.6553836609826765,3.670087799613451,1,1,0,0,0,0,2,1,0.98560631275177,0,0,0,0
51309,0.1687537357211113,0.47983527183532715,0.7556683715963984,2.4333750948428943,4,4,0,0,0,0,4,0,0.9874479025602341,0,0,0,0
116479,0.13908998668193817,0.3589283625284831,0.6990298530710594,3.1100855338079727,1,3,0,0,0,0,1,0,0.995125949382782,0,0,0,0
378116,0.18442083895206451,0.587513933579127,0.8095288423649484,1.8353534667656701,2,2,0,0,0,0,2,0,0.9831216931343079,0,0,0,0
416837,0.18761694928010306,0.6107511023680369,0.8245652463036619,1.6754994750157186,1,1,0,0,0,0,2,1,0.9857392907142639,0,0,0,0
9448,0.10300826032956441,0.23827293515205383,0.4750350705309163,6.465486528521135,2,2,0,0,0,0,2,0,0.9955152869224548,0,0,0,0
430961,0.15476896613836288,0.3637058436870575,0.6763174942931264,3.396987570827634,5,4,1,0,0,1,4,0,0.9822719246149063,0,0,0,0
383606,0.17018737395604452,0.48448577523231506,0.7244387370301326,2.7999667047454873,4,4,0,0,0,0,4,0,0.9824866056442261,0,0,0,0
446117,0.1550323242942492,0.38348235686620075,0.7103348612348178,2.970737417092692,2,2,0,0,0,0,2,0,0.9903808832168579,0,0,0,0
340930,0.1250786210099856,0.2895568907260895,0.5410541267429085,5.33518572301025,1,2,0,0,0,0,1,0,0.9950376749038696,0,0,0,0
66706,0.09808532893657684,0.1773078292608261,0.3311667153115178,9.599066389612119,3,8,1,0,0,1,4,2,0.9846742749214172,0,0,0,0
414673,0.13791872064272562,0.40829476714134216,0.6596513735030317,3.6137105790445134,12,24,3,0,3,1,10,1,0.9802133904563056,1,0,1,1
305609,0.10670799513657887,0.19246061146259308,0.35428169367735146,9.013025756063533,7,12,1,0,1,1,7,1,0.9798959990342458,1,0,1,1
230166,0.16029570996761322,0.5023813843727112,0.7388701100408598,2.628638037261022,9,13,0,2,1,1,9,1,0.9742225578853062,0,0,0,0
577976,0.17390184104442596,0.5475575824578603,0.7963721888788081,1.9776782985421357,4,4,0,0,0,0,7,3,0.9757165610790253,0,0,0,0
296222,0.13875369975964227,0.32417264580726624,0.6229133875106191,4.1114467053776735,4,8,0,0,0,0,7,3,0.9904355406761169,0,0,0,0
455981,0.13267803937196732,0.3184419771035512,0.6502943790464336,3.737799997795808,1,1,0,0,0,0,1,0,0.9946292638778687,0,0,0,0
426376,0.18793009718259177,0.5848284463087717,0.8085848193505819,1.8454883303947018,1,2,0,0,0,0,2,1,0.9871876239776611,0,0,0,0
350679,0.1284707859158516,0.30508459607760113,0.5719347289248748,4.853070629916166,17,26,0,1,0,1,22,5,0.979460883885622,0,0,0,0
165351,0.1171227643887202,0.22033012906710306,0.3627241547712337,8.808470452517994,0,6,0,0,0,0,0,0,,0,0,0,0
14007,0.1522722691297531,0.4213242530822754,0.7152617541384046,2.910699931117977,4,2,0,0,0,0,5,1,0.9864616543054581,0,0,0,0
384661,0.11196125795443852,0.2398011436065038,0.5362496735120137,5.412659184423138,4,7,0,0,0,0,4,0,0.9884021133184433,0,0,0,0
516708,0.15629932781060538,0.4131270945072174,0.6644856461656219,3.5502879199597754,1,1,0,0,0,0,1,0,0.9895617961883545,0,0,0,0
5037,0.13388248781363168,0.38378267486890155,0.6977293760919446,3.1262598357859366,5,10,0,0,0,0,5,0,0.9753038048744201,0,0,0,0
368961,0.14097517977158228,0.3747929036617279,0.6585328719760755,3.6284508297917832,5,5,0,0,0,0,6,1,0.9831624388694763,0,0,0,0
156278,0.1376978556315104,0.33549779653549194,0.5941196730277954,4.522521332673098,11,28,1,0,0,1,11,1,0.9730351865291595,0,0,0,0
309495,0.16417230168978372,0.4693802396456401,0.7347122381551621,2.6776545204123336,2,1,0,0,0,0,2,0,0.9621737003326416,0,0,0,0
140203,0.1333934466044108,0.3461002707481384,0.6751209755899545,3.4123679708277748,4,8,0,0,0,0,6,2,0.9824560284614563,0,0,0,0
481582,0.15039126574993134,0.36921364068984985,0.654261067076875,3.6849784473644838,4,4,1,0,1,1,3,0,0.9586910009384155,0,0,0,0
297353,0.1116244246562322,0.2799095958471298,0.5603227540477383,5.0312348197286365,3,4,0,0,0,0,3,0,0.9614526430765787,0,0,0,0
502336,0.15044044454892477,0.3765976031621297,0.6509766658175912,3.7286915677538888,6,10,1,0,0,1,9,4,0.9779861450195313,0,0,0,0
481413,0.19611023366451263,0.6730191310246786,0.8838961666068691,1.0719749920063233,2,2,0,0,0,0,2,0,0.9900901913642883,0,0,0,0
266768,0.10796300570170085,0.2332697957754135,0.39696565636927117,8.024941295190827,12,21,0,0,0,0,15,3,0.9680335621039072,0,0,0,0
326542,0.17486810187498728,0.5999358097712199,0.8482408303991178,1.4296165288196154,3,4,0,0,0,0,4,1,0.9820253849029541,0,0,0,0
224664,0.17293126384417215,0.5266596774260203,0.7539503197642793,2.4531454052323456,7,15,1,0,0,1,8,2,0.9228953421115875,1,0,0,1
82180,0.11572276552518208,0.2788589894771576,0.6393885740341891,3.8847025779972744,3,3,0,1,1,1,3,0,0.9933891594409943,0,0,0,0
159977,0.17798288663228354,0.575555294752121,0.7832155338073741,2.1223741518837484,2,4,0,0,0,0,5,3,0.9911483824253082,0,0,0,0
292082,0.1236117531855901,0.2302791972955068,0.40356226055901007,7.881789078499937,3,5,1,0,1,1,2,0,0.9870835542678833,0,0,0,0
74646,0.18818082412083945,0.6462730964024862,0.8296762947785201,1.6218263648347973,5,13,0,0,0,0,5,0,0.9624886870384216,0,0,0,0
25394,0.1060187394420306,0.2212147911389669,0.4536772808090873,6.865059374622237,17,24,1,0,0,1,16,0,0.9797892682254314,0,0,0,0
361571,0.158135953048865,0.49896280964215595,0.7922984897614261,2.0222234380479525,1,1,0,0,0,0,1,0,0.7848019599914551,0,0,0,0
391722,0.09501555189490318,0.17138838271299997,0.31174372390934196,10.124045621397533,7,9,0,0,0,0,7,0,0.9821098446846008,0,0,0,0
311190,0.11934965352217357,0.2459799846013387,0.5224983240619777,5.638301964694239,1,2,0,0,0,0,1,0,0.9897928833961487,0,0,0,0
482319,0.12308135628700256,0.26179444293181103,0.5213731041335234,5.657027527322961,3,12,0,0,0,0,3,0,0.9589808185895284,0,0,0,0
292446,0.09335246061285336,0.15452186266581217,0.30772760561672663,10.236670846630622,8,13,0,0,0,0,12,4,0.987113431096077,0,0,0,0
43737,0.16358301043510437,0.4635889530181885,0.6902423524295263,3.219967928936776,5,6,0,0,0,0,6,1,0.9740365386009217,0,0,0,0
472623,0.17844572166601816,0.5256950755914053,0.7463405828936721,2.541258852233989,4,4,0,0,0,0,4,0,0.9811128675937653,0,0,0,0
377635,0.17291450997193655,0.5289570589860281,0.7738188725517513,2.227213650860075,3,6,0,0,0,0,5,2,0.9696697990099589,0,0,0,0
167540,0.20073857406775156,0.6685800353686014,0.87090447747149,1.2005895331881724,1,1,0,0,0,0,1,0,0.9956910610198975,0,0,0,0
161781,0.1596000169714292,0.4492710332075755,0.7357406528507294,2.6655049329499265,2,2,0,0,0,0,2,0,0.9360750317573547,0,0,0,0
441491,0.11981662114461263,0.2884136537710826,0.6022595597295953,4.404325953454611,4,5,0,0,0,0,5,1,0.9557531177997589,0,0,0,0
520871,0.12006141990423203,0.26860836148262024,0.5639537794671807,4.975129769443665,4,5,0,0,0,0,7,3,0.974883645772934,0,0,0,0
219283,0.1420482099056244,0.31864895423253375,0.5001000772412425,6.018861567497242,1,5,0,0,0,0,1,0,0.9357150197029114,0,0,0,0
112298,0.17254810531934103,0.5069083273410797,0.7485738783183802,2.5153066355384808,4,9,0,0,0,0,5,1,0.9829090237617493,0,0,0,0
50896,0.1137688085436821,0.19708385070165,0.33367224027617254,9.533598455837685,3,14,1,0,1,1,6,4,0.9935770034790039,1,0,1,1
504589,0.1766023983558019,0.5329876244068146,0.7475162290068704,2.527587482368443,3,3,0,0,0,0,5,2,0.9866239627202352,0,0,0,0
210030,0.13008959343036017,0.30525092283884686,0.6267240075142102,4.0584733748295,3,3,0,0,0,0,4,1,0.9483540058135986,0,0,0,0
122046,0.15600058436393738,0.4314317007859548,0.7012516870201536,3.0825216188108366,2,3,0,0,0,0,3,1,0.9888461530208588,0,0,0,0
442480,0.16349779069423676,0.48233206073443097,0.7693257883202378,2.2777941894755585,4,4,1,0,1,1,4,1,0.9853533705075582,0,0,0,0
508602,0.10834050178527832,0.2905479371547699,0.576998366425973,4.776508327983811,3,3,0,0,0,0,3,0,0.9885987838109335,0,0,0,0
531134,0.12906372795502344,0.3201225697994232,0.5720726270314566,4.85097664383359,9,14,1,0,1,1,9,1,0.9781879782676697,1,0,1,1
402774,0.1590412830313047,0.44718895355860394,0.7074582920635106,3.0059831743235192,2,3,0,0,0,0,2,0,0.9902782142162323,0,0,0,0
492758,0.14418207357327142,0.3781653841336568,0.649886650576526,3.7432476770455714,9,15,2,0,2,1,9,2,0.9752588782991681,0,0,0,0
555705,0.16148802638053894,0.3776208460330963,0.6984094235848634,3.117798187215395,3,2,1,0,0,1,2,0,0.9942312240600586,1,0,0,1
2473,0.18314318855603537,0.599894642829895,0.8425455554819552,1.4881321602408104,5,5,0,0,0,0,7,2,0.9890019774436951,0,0,0,0
460229,0.15184259911378226,0.40571801861127216,0.6802953889661715,3.346049453442899,4,4,1,0,0,1,5,2,0.9859118858973185,0,1,0,1
369771,0.10714772840340932,0.21309746305147806,0.4832073773478515,6.3173288752796815,5,10,0,0,0,0,6,1,0.9745883345603943,0,0,0,0
509656,0.14748547226190567,0.40312673648198444,0.6695878819451524,3.4838482942019597,2,2,1,0,0,1,1,0,0.9882749319076538,0,0,0,0
431140,0.12432654201984406,0.30591439207394916,0.6307123968162373,4.003372655035333,3,2,0,0,0,0,3,0,0.9966262578964233,0,0,0,0
38825,0.1332877352833748,0.35996560255686444,0.676955293982461,3.3888002220965734,2,2,0,0,0,0,2,0,0.9977357983589172,0,0,0,0
142620,0.11904111256202062,0.3064219057559967,0.604707116033281,4.369098414029569,12,15,1,0,0,1,13,2,0.9867842143232172,0,0,0,0
248980,0.1382463425397873,0.27964601914087933,0.59053761318913,4.575048711889772,3,10,1,0,1,1,2,0,0.9852684140205383,0,0,0,0
395575,0.17284553746382395,0.5260966519514719,0.7617628233875007,2.3636045240668992,0,2,0,0,0,0,0,0,,0,0,0,0
407650,0.18496359388033548,0.6060813168684641,0.8475894945456026,1.4362886958824648,2,2,0,0,0,0,2,0,0.9822157025337219,0,0,0,0
15272,0.16983665029207864,0.47395017743110657,0.6924738719419629,3.191932170483282,1,1,0,0,0,0,2,1,0.9842013120651245,0,0,0,0
498032,0.17713631192843118,0.5508809387683868,0.8344170213375807,1.572336905686417,2,2,0,0,0,0,3,1,0.9981646537780762,0,0,0,0
79969,0.14697532604138056,0.4135829011599223,0.6324991249609667,3.9788014196400896,4,18,0,1,0,1,5,1,0.9800785183906555,0,0,0,0
507473,0.12925040970245996,0.3494534492492676,0.6482870088651447,3.7646536242341124,3,3,0,0,0,0,3,0,0.9906506538391113,0,0,0,0
257896,0.13467315832773843,0.32249073187510174,0.622935048658074,4.111144668098043,2,2,0,0,0,0,2,0,0.9822848737239838,0,0,0,0
344795,0.14669366677602133,0.4142645200093587,0.7750901223476417,2.2129559534159933,1,2,0,0,0,0,1,0,0.9720888137817383,0,0,0,0
263403,0.20250835518042246,0.6460936466852824,0.859988414700644,1.3101479859535687,2,2,0,0,0,0,2,0,0.9447876811027527,0,0,0,0
145591,0.14939115941524506,0.4566431740919749,0.7468792932225662,2.534991618932973,1,1,0,0,0,0,2,1,0.9781723618507385,0,0,0,0
69213,0.12029186636209488,0.29328104853630066,0.629604975853316,4.018636966947481,7,8,1,0,0,1,6,0,0.9824419915676117,1,0,0,1
343496,0.17189766466617584,0.5161298215389252,0.7614423380743686,2.367259580092171,6,6,0,0,0,0,6,0,0.9786383807659149,0,0,0,0
505169,0.16395131746927896,0.37535301844278973,0.6554918185896295,3.668654490265185,1,1,0,0,0,0,2,1,0.9924975037574768,0,0,0,0
60052,0.1605472738544146,0.42798330386479694,0.7057990994836103,3.026378001684449,1,2,0,0,0,0,1,0,0.9949057102203369,0,0,0,0
67896,0.12228873620430629,0.3238999644915263,0.623591852676944,4.101991351400926,1,1,0,0,0,0,1,0,0.9949711561203003,0,0,0,0
424975,0.15837430457274118,0.4306674500306447,0.70540247916727,3.0312603663852404,4,4,1,0,1,1,3,0,0.9641987482706705,0,0,0,0
253835,0.14924994856119156,0.4247035086154938,0.6939053212208558,3.1739956420953934,5,9,1,0,1,1,6,2,0.9627202898263931,0,1,1,1
539143,0.1413123682141304,0.4056560893853505,0.7215915891596579,2.8341707510860674,1,1,0,0,0,0,1,0,0.9951818585395813,0,0,0,0
32570,0.17740879456202188,0.584828774134318,0.8143562681021674,1.7837111302019084,2,2,0,0,0,0,2,0,0.9819900989532471,0,0,0,0
2592,0.15950404852628708,0.42521875103314716,0.7579377761735879,2.4073289367965405,2,3,1,0,1,1,2,1,0.9700112342834473,1,0,1,1
292908,0.1950522909561793,0.6303439537684122,0.8184153471974781,1.7405247036920457,2,2,0,0,0,0,2,0,0.8798748254776001,0,0,0,0
379842,0.13365786770979562,0.33706427613894147,0.6767645871166409,3.3912474917626545,2,4,0,0,0,0,2,0,0.97519850730896,0,0,0,0
460967,0.10408419867356618,0.249485582113266,0.4182980356567928,7.570283497553953,1,2,0,0,0,0,1,0,0.9949353933334351,0,0,0,0
51976,0.19424173732598624,0.6608173052469889,0.8409324848738728,1.5047774115980406,2,2,0,0,0,0,2,0,0.9810473322868347,0,0,0,0
504000,0.21781512101491293,0.613284190495809,0.8830715198423943,1.0800824309386703,5,15,0,0,0,0,6,1,0.9843003153800964,0,0,0,0
308631,0.12137547632058461,0.3023759921391805,0.6165540010844606,4.200577591553924,10,13,0,0,0,0,12,2,0.9795525789260864,0,0,0,0
22705,0.13975948840379715,0.3049773375193278,0.5390194573839667,5.367911149624408,5,5,0,0,0,0,5,0,0.9788358807563782,0,0,0,0
242287,0.16163726647694907,0.42576242486635846,0.6700514806564914,3.4778365756511302,1,1,0,0,0,0,1,0,0.9951829314231873,0,0,0,0
236166,0.12833329290151596,0.3006349404652913,0.5924761126339502,4.5465830957374775,2,2,0,0,0,0,2,0,0.9801942110061646,0,0,0,0
44699,0.18001246949036917,0.545910249153773,0.7840918909126287,2.1126607519814695,4,4,1,0,1,1,4,1,0.993149975935618,0,0,0,0
25181,0.165352001786232,0.46174120903015137,0.7329787438135662,2.6981723919885714,2,9,0,0,0,0,2,0,0.9390511810779572,0,0,0,0
449190,0.14838687578837076,0.4078172544638316,0.7127461556832744,2.9413023290559313,4,5,1,0,1,1,3,0,0.9910835027694702,0,0,0,0
286908,0.08093987653652827,0.12058371305465698,0.26364414580779344,11.579637353830199,18,19,0,0,0,0,25,7,0.9925451808505588,0,0,0,0
185157,0.16075271368026733,0.46065635482470196,0.6997997610341643,3.100524203097158,1,6,0,0,0,0,2,1,0.9884200692176819,0,0,0,0
467511,0.14235575745503107,0.32427887121836346,0.6352067007088574,3.941698584870697,3,6,0,0,0,0,5,2,0.9909516175587972,0,0,0,0
437898,0.14090746144453684,0.36632641156514484,0.6303298994126135,4.008641836483955,4,13,0,0,0,0,5,1,0.9803632646799088,0,0,0,0
39670,0.10981546094020207,0.2773195107777913,0.4947354672584902,6.1125390847109795,1,1,0,0,0,0,1,0,0.9888613224029541,0,0,0,0
314251,0.16470962762832642,0.4597071707248688,0.6803417640919249,3.345457364327155,16,21,3,0,3,1,15,2,0.9617813458809485,0,0,0,0
420069,0.15926499416430792,0.495757520198822,0.7413483579616462,2.5995534007509242,8,16,0,0,0,0,8,0,0.9753752946853638,0,0,0,0
377497,0.15400120367606482,0.40909506877263385,0.698546481471738,3.116093810321419,1,1,0,0,0,0,1,0,0.9887207746505737,0,0,0,0
434459,0.10964158177375793,0.23016518354415894,0.5095389672167223,5.8564519505181325,17,33,3,0,3,1,15,1,0.984638124704361,0,0,0,0
365095,0.21099026004473367,0.6820706725120544,0.8725942413170071,1.1837531492965887,2,2,0,0,0,0,2,0,0.9802069365978241,0,0,0,0
281687,0.13435022781292597,0.3749398390452067,0.6576203191814624,3.640495528214911,9,16,1,0,1,1,10,2,0.9848310127854347,0,0,0,0
143998,0.10271112124125163,0.20641993482907614,0.3861778407603258,8.264253001169505,2,7,1,0,4,1,1,0,0.9906720519065857,1,0,4,1
216516,0.15970619022846222,0.4434155722459157,0.670681165570298,3.4696777915928583,2,2,0,0,0,0,2,0,0.9764706492424011,0,0,0,0
260106,0.1498324324687322,0.3871701459089915,0.6419803909496479,3.8495647418136687,5,6,1,0,1,1,6,2,0.9873861521482468,0,0,0,0
376856,0.16770189752181372,0.5012127161026001,0.7255500260971627,2.7866527586962504,1,1,0,0,0,0,1,0,0.980772852897644,0,0,0,0
516804,0.15260993192593256,0.4138521949450175,0.6778771284965146,3.376980377876154,2,2,0,0,0,0,2,0,0.9878807067871094,0,0,0,0
565853,0.17232793072859445,0.4101422429084778,0.6867491978951843,3.264036783030391,6,12,0,0,0,0,6,0,0.9760591189066569,0,0,0,0
478286,0.1743435263633728,0.5189251005649567,0.810236101658256,1.827768197581709,1,1,0,0,0,0,1,0,0.9812877178192139,0,0,0,0
426268,0.17528174817562103,0.46892595291137695,0.7559392723495894,2.4302618344942846,3,4,0,0,0,0,3,0,0.9614863793055216,0,0,0,0
25424,0.17397427062193552,0.5314027965068817,0.7732084872081826,2.234067750721457,3,3,0,0,0,0,3,0,0.9884023666381836,0,0,0,0
255749,0.16401579479376474,0.5147342383861542,0.7980531385219226,1.9593638020953954,4,5,0,0,0,0,4,0,0.960167407989502,0,0,0,0
5586,0.1548614203929901,0.4125058054924011,0.688688225196037,3.2395468454802456,5,14,0,0,0,0,7,2,0.9685677051544189,0,0,0,0
325114,0.15731883545716605,0.48082391421000165,0.7746483445055976,2.2179080582602,3,1,0,0,0,0,3,0,0.9936730066935221,0,0,0,0
157847,0.22418871521949768,0.6731513738632202,0.868868777824245,1.220916171142796,1,1,0,0,0,0,1,0,0.9836632609367371,0,0,0,0
52413,0.11365943898757298,0.23284355302651724,0.5351502802291949,5.430484856417293,4,5,1,0,1,1,3,0,0.9550057450930277,1,0,1,1
226984,0.14790292084217072,0.3592315713564555,0.6260592781736524,4.067690876849326,9,24,1,0,1,1,9,1,0.9859378933906555,0,0,0,0
357888,0.12137842178344727,0.31665201981862384,0.6174529593557535,4.187922470529074,4,35,0,0,0,0,5,1,0.9755119979381561,0,0,0,0
292456,0.13984896739323935,0.36757545669873554,0.6143961325358155,4.231030534779607,4,8,0,0,0,0,6,2,0.9848866164684296,0,0,0,0
336232,0.13074679672718048,0.31958726048469543,0.5960703164851407,4.494050098478007,18,25,0,1,1,1,21,3,0.9861291752142065,0,0,0,0
117197,0.15456666300694147,0.4412831862767537,0.7123235593062811,2.94645383225749,1,2,0,0,0,0,2,1,0.9720876216888428,0,0,0,0
183709,0.11369363963603973,0.26743965844313305,0.5251501051020251,5.594330865216688,17,24,2,0,0,1,17,2,0.9797727624575298,0,0,0,0
129054,0.17989871402581534,0.5772635340690613,0.7961807474184618,1.9797665674678702,10,13,3,0,3,1,7,0,0.9770359737532479,0,0,0,0
500716,0.10863022257884343,0.251728634039561,0.39686262025420616,8.027196090983747,1,2,0,0,0,0,1,0,0.9895291328430176,0,0,0,0
493772,0.14471290508906046,0.44968899091084796,0.6699997432899526,3.478507273976855,2,2,0,0,0,0,2,0,0.9920374751091003,0,0,0,0
174482,0.15008783837159476,0.42627233266830444,0.7263158712472269,2.777489313115718,6,12,1,0,1,1,5,0,0.9882504940032959,0,0,0,0
452793,0.13997905949751535,0.3751795490582784,0.676069239640311,3.4001764701071173,1,2,0,0,0,0,1,0,0.9906206727027893,0,0,0,0
70158,0.13096284369627634,0.32724010944366455,0.6472363230501015,3.7787423601291814,3,3,0,0,0,0,3,0,0.99444713195165,0,0,0,0
574810,0.15171988308429718,0.3794963260491689,0.6615085692594957,3.5892905107689703,1,1,0,0,0,0,1,0,0.9705830812454224,0,0,0,0
263594,0.1484523465236028,0.4206730326016744,0.7114379335750173,2.957259642630901,6,11,1,0,1,1,7,2,0.9823629498481751,0,0,0,0
507223,0.11231132100025813,0.2475496083498001,0.5222939203809986,5.641700588385588,6,9,2,0,2,1,4,0,0.9915856420993805,0,0,0,0
556000,0.11581620822350185,0.25078098475933075,0.5135927238058382,5.787622753042551,9,11,0,0,0,0,9,0,0.983118838734097,0,0,0,0
563882,0.15009760111570358,0.34962864716847736,0.650140469304638,3.7398559916649314,5,13,2,0,1,1,3,0,0.9788692792256674,0,1,0,1
16502,0.19540182252724966,0.5818915963172913,0.7660343933309164,2.3150346204416543,1,1,0,0,0,0,1,0,0.9951786994934082,0,0,0,0
50380,0.13920712967713675,0.3424196143945058,0.6366713859262445,3.921693365958156,4,5,0,0,0,0,5,1,0.9717542678117752,0,0,0,0
147223,0.14825193832317987,0.4165564179420471,0.7272713866445751,2.7660699745941275,5,5,0,0,0,0,6,1,0.9890100002288819,0,0,0,0
407524,0.14313835402329764,0.27413510779539746,0.57050521076325,4.874807691159283,3,3,1,0,0,1,3,1,0.8309052288532257,0,0,0,0
343466,0.16759098569552103,0.48270561297734577,0.7491972388374226,2.5080766376786827,2,2,0,0,0,0,3,1,0.9825192987918854,0,0,0,0
39769,0.11577208091815312,0.2377671798070272,0.5508691112572268,5.179031580547183,5,6,0,0,0,0,7,2,0.9924601912498474,0,0,0,0
267169,0.13895739366610846,0.373752494653066,0.6657208960119598,3.5341562192282483,3,5,0,0,0,0,4,1,0.9805452028910319,0,0,0,0
177714,0.14109531541665396,0.32970815896987915,0.6705248917566601,3.4717019057806913,6,11,1,0,1,1,7,2,0.984824275970459,0,0,0,0
512194,0.13523047914107642,0.3481096724669139,0.6438422404354041,3.824410680804797,1,1,0,0,0,0,2,1,0.9788615703582764,0,0,0,0
258541,0.1487239177028338,0.39485445618629456,0.6603542939160988,3.604459876778525,2,2,0,0,0,0,2,0,0.9453242719173431,0,0,0,0
137950,0.18245529135068259,0.5261672735214233,0.7806932147531875,2.1503919041384165,1,1,0,0,0,0,1,0,0.9948122501373291,0,0,0,0
438774,0.13146315018335977,0.32237348953882855,0.588205103108283,4.609424239824346,16,17,3,0,3,1,15,2,0.9833760628333459,0,0,0,0
160666,0.15626680850982666,0.39239996671676636,0.6567865593882114,3.651514865740018,2,1,2,0,1,1,0,0,,2,0,1,1
185250,0.16183625906705856,0.4838768541812897,0.7310393168849153,2.7211853022384695,4,5,1,0,1,1,5,2,0.989073634147644,0,0,0,0
303499,0.14599579324324927,0.3341958026091258,0.5985381511114265,4.458163244696687,4,8,0,0,0,0,4,0,0.990950420498848,0,0,0,0
453841,0.15365314980347952,0.4303715229034424,0.7251435499625932,2.7915202331181916,11,15,0,0,0,0,12,1,0.9670740365982056,0,0,0,0
459887,0.12029301126797994,0.2446006735165914,0.5196862275605966,5.685175849176484,1,3,0,0,0,0,1,0,0.9921306371688843,0,0,0,0
474854,0.14666854838530222,0.4062458276748657,0.6488433105143622,3.7572033704629453,2,4,0,0,0,0,3,1,0.9807396233081818,0,0,0,0
416269,0.1445326084891955,0.43254972497622174,0.7315071913670952,2.7156280003237843,1,1,0,0,0,0,1,0,0.998340368270874,0,0,0,0
308430,0.10201907654603322,0.2032529910405477,0.4629677684383041,6.688984865457028,2,17,1,0,0,1,1,0,0.9952293038368225,0,0,0,0
54592,0.17044256875912348,0.484436959028244,0.7746639985981055,2.217732535589749,3,5,0,0,0,0,4,1,0.9614054560661316,0,0,0,0
122745,0.16109822193781534,0.47418585419654846,0.7147173363657007,2.9173136682706113,1,1,0,0,0,0,1,0,0.9853418469429016,0,0,0,0
271471,0.12430202960968018,0.26181600491205853,0.5692370799148775,4.8941363573517735,4,7,0,0,0,0,4,0,0.9848754853010178,0,0,0,0
273551,0.12791521350542703,0.3493543565273285,0.6928689410392034,3.186978123529833,3,3,0,0,0,0,4,1,0.985153317451477,0,0,0,0
459153,0.1535280446211497,0.3953794042269389,0.6383079785989966,3.8993945405168047,3,4,0,0,0,0,3,0,0.9890353480974833,0,0,0,0
397681,0.07146185636520386,0.12508037686347961,0.25607349639931115,11.832707373479556,9,28,2,0,0,1,11,4,0.9909298164503915,0,0,0,0
80057,0.13179121414820352,0.3264591097831726,0.6027963369912295,4.396587908479558,1,1,0,0,0,0,1,0,0.9869982600212097,0,0,0,0
388056,0.12827862799167633,0.339456170797348,0.6344223813462967,3.9524300849396337,10,12,1,0,0,1,11,2,0.985737164815267,0,0,0,0
520324,0.16256563365459442,0.5239172577857971,0.7854609212122743,2.0975083480385424,1,3,0,0,0,0,1,0,0.971077024936676,0,0,0,0
398028,0.1288910061120987,0.31911688049634296,0.5949140383306031,4.51091565604156,5,12,0,0,0,0,5,0,0.9924403190612793,0,0,0,0
44068,0.12397138774394989,0.27281541128953296,0.5634675729141019,4.9826214436331515,2,2,0,0,0,0,2,0,0.9963041543960571,0,0,0,0
292488,0.16634976863861084,0.4744858543078105,0.7537447370817408,2.4555141448458166,2,2,0,0,0,0,2,0,0.9904133975505829,0,0,0,0
348216,0.14432672411203384,0.4167262514432271,0.6626245022978622,3.5746501793434904,4,8,0,0,0,0,6,2,0.9869696497917175,0,0,0,0
415716,0.14896903932094574,0.3829798499743144,0.6773076138290411,3.384280846492201,4,7,0,0,0,0,5,1,0.9508989006280899,0,0,0,0
572620,0.15231994787851968,0.44718024134635925,0.7017929690303002,3.075819742265172,9,16,2,1,2,1,9,2,0.961985836426417,0,0,0,0
269121,0.17606881260871887,0.4957774778207143,0.7443864506001284,2.56403081085635,2,2,0,0,0,0,2,0,0.9916761517524719,0,0,0,0
319617,0.11605160186688106,0.2651049792766571,0.577960171880729,4.762041768904166,4,4,0,0,0,0,4,0,0.9912767112255096,0,0,0,0
555005,0.13681533932685852,0.3083864549795787,0.578804723409413,4.749358668465887,5,11,2,0,2,1,3,0,0.9859973986943563,0,0,0,0
220310,0.13248409579197565,0.29639147718747455,0.5876880417592467,4.617062923871273,2,1,0,1,0,1,3,1,0.9288194179534912,0,0,0,0
225532,0.1716628074645996,0.4889214237531026,0.7602282834789628,2.3811195394269107,2,8,0,0,0,0,3,1,0.9689327478408813,0,0,0,0
569030,0.15143184860547385,0.38550278544425964,0.6109947093213209,4.279251007014837,11,24,0,0,0,0,11,0,0.9743952263485302,0,0,0,0
45472,0.13349074870347977,0.3116728862126668,0.6112565563209322,4.275529392254581,9,6,0,1,0,1,9,0,0.9891999438405037,0,0,0,0
559099,0.19429666300614676,0.6112263401349386,0.847804546866606,1.434085171874433,14,17,5,0,3,1,10,1,0.980023980140686,0,0,0,0
540932,0.18350999553998312,0.6010372241338094,0.8119783489185046,1.8091110179002001,7,11,0,0,0,0,7,0,0.9739399382046291,0,0,0,0
214869,0.11356912553310394,0.2639399468898773,0.5499293562007106,5.193861925850186,2,2,0,0,0,0,2,0,0.9911219775676727,0,0,0,0
15746,0.15979195634524027,0.4281626045703888,0.6795171687967322,3.355991316687585,1,1,0,0,0,0,1,0,0.9959933161735535,0,0,0,0
388258,0.16713707397381464,0.4968279202779134,0.7889030501744401,2.059527296047966,3,4,0,0,0,0,3,0,0.989720364411672,0,0,0,0
451693,0.12172215431928635,0.27349579334259033,0.6162833267348948,4.204391635001356,2,1,0,0,0,0,2,0,0.9905588030815125,0,0,0,0
104424,0.1873988707860311,0.5622967779636383,0.7488329761665798,2.512300778672471,2,4,0,0,0,0,2,0,0.9917871356010437,0,0,0,0
93154,0.16966389616330466,0.5042990346749624,0.7345605171112055,2.679448376922011,7,18,0,0,0,0,8,1,0.9716590132032122,0,0,0,0
451435,0.192568709452947,0.6506422360738119,0.842983588069914,1.4836176102348453,3,4,0,0,0,0,6,3,0.9636377890904745,0,0,0,0
398237,0.15690107146898905,0.454251895348231,0.7050769252858884,3.0352699607489875,3,5,1,0,0,1,2,0,0.9830109179019928,1,0,0,1
527784,0.10511946181456248,0.23316843310991922,0.48517581512943014,6.282017116439608,7,8,0,0,0,0,15,8,0.9457640988486153,0,0,0,0
163640,0.14384704579909643,0.3506028354167938,0.6213134268395343,4.1337852200502265,4,6,0,0,0,0,8,4,0.9778639674186707,0,0,0,0
341973,0.14060713847478232,0.37266749143600464,0.6715030921245669,3.459039663195119,4,5,0,0,0,0,4,0,0.9918542802333832,0,0,0,0
560266,0.15769656747579575,0.45632513364156085,0.733319096373833,2.6941401077573874,2,2,0,0,0,0,4,2,0.9859768748283386,0,0,0,0
194716,0.14121515800555548,0.39012575149536133,0.6851657633471178,3.28408692349728,3,4,1,0,0,1,3,1,0.9348079860210419,0,0,0,0
177489,0.12286107987165451,0.2679823338985443,0.5191593478037587,5.693986436469435,11,21,1,0,1,1,10,0,0.9838176548480988,1,0,1,1
289415,0.12986750900745392,0.2872818410396576,0.5922084067622284,4.550508636518581,8,9,0,0,0,0,12,4,0.9837599769234657,0,0,0,0
133819,0.1338911900917689,0.3663555284341176,0.6757306940733253,3.404527068772547,9,21,0,0,0,0,10,1,0.9817209310001798,0,0,0,0
273420,0.1430459221204122,0.3551301062107086,0.6157861277301372,4.211401979916995,4,6,1,0,1,1,4,1,0.9759024779001871,0,0,0,0
494869,0.12759746114412943,0.3217971424261729,0.5836150804652966,4.677469891492036,9,9,2,0,0,1,9,2,0.9852709685053144,1,0,0,1
187243,0.1314124415318171,0.31408161918322247,0.5838535450685604,4.673921569575646,3,3,0,0,0,0,4,1,0.9884956876436869,0,0,0,0
221281,0.1606971174478531,0.4880408048629761,0.7512337560374831,2.484498113149977,3,3,0,0,0,0,4,1,0.9924559593200684,0,0,0,0
334006,0.1495736762881279,0.44132373730341595,0.7096788695771111,2.978762510687244,4,5,1,0,0,1,3,0,0.98843381802241,0,0,0,0
231747,0.14166746536890665,0.31496931115786236,0.584315143142587,4.667057166896004,5,15,1,0,1,1,4,0,0.9603586196899414,1,0,1,1
216277,0.1591517279545466,0.4811331331729889,0.7987952195911293,1.9512908567829856,3,3,0,0,0,0,5,2,0.9842424194018046,0,0,0,0
562207,0.15847391386826834,0.48917703827222186,0.7448438775206594,2.5586949540729664,4,5,0,0,0,0,5,1,0.988687589764595,0,0,0,0
475484,0.15538806468248367,0.42538580298423767,0.693062448380769,3.184552630555582,7,12,1,0,1,1,6,0,0.9740388492743174,0,0,0,0
397279,0.18327975273132324,0.5896641314029694,0.8186748215804498,1.7377713234369412,2,3,0,0,0,0,2,0,0.9879685342311859,0,0,0,0
246454,0.11376546571652095,0.22455668449401855,0.39601744761336766,8.045713592839043,4,5,0,0,0,0,4,0,0.9927842766046524,0,0,0,0
557672,0.14000613242387772,0.3142395615577698,0.6113817627354328,4.273750404821945,3,4,0,0,0,0,3,0,0.9920951724052429,0,0,0,0
60835,0.13065711160500845,0.3683656056722005,0.6306810503455029,4.0038043553680245,2,3,0,0,0,0,2,0,0.9902295768260956,0,0,0,0
566282,0.16542014479637146,0.4520018696784973,0.6895091939673932,3.229198770685477,8,10,0,0,0,0,10,2,0.9791406765580177,0,0,0,0
410487,0.1446818063656489,0.344083974758784,0.6407239759704818,3.86658048701607,1,1,0,0,0,0,1,0,0.9948331713676453,0,0,0,0
491497,0.1221363494793574,0.3010113437970479,0.5692902699943817,4.893324777092791,4,12,0,0,0,0,4,0,0.9868974834680557,0,0,0,0
217400,0.14678064733743668,0.42372798919677734,0.7359066788150125,2.6635451112210315,1,3,0,0,0,0,1,0,0.9939921498298645,0,0,0,0
61268,0.15193443497021994,0.43658651908238727,0.7229555549019477,2.8177680196458037,3,7,1,0,0,1,3,1,0.9685659110546112,0,0,0,0
338325,0.2049506405989329,0.6691286563873291,0.9011776238325112,0.9037920062236161,1,1,0,0,0,0,1,0,0.9960729479789734,0,0,0,0
204329,0.19007900853951773,0.577737440665563,0.7914773474825023,2.0312302074192807,4,9,0,0,0,0,5,1,0.9526583403348923,0,0,0,0
455716,0.14107066889603934,0.34479127327601117,0.689310114376219,3.2317069794981643,3,4,0,0,0,0,5,2,0.9916440844535828,0,0,0,0
50844,0.11824408670266469,0.27517133951187134,0.579429138587701,4.73999337181841,2,2,0,0,0,0,2,0,0.9841694533824921,0,0,0,0
216419,0.1563298503557841,0.4620114366213481,0.6959383938710494,3.148584069456484,1,2,0,0,0,0,1,0,0.9667867422103882,0,0,0,0
342128,0.12275562187035878,0.3111325005690257,0.5421072041680958,5.31829642514401,12,22,1,0,1,1,13,2,0.9815439852801237,0,0,0,0
119995,0.12267474830150604,0.3143683075904846,0.596983918098926,4.480747359823586,6,6,0,0,0,0,6,0,0.9811814328034719,0,0,0,0
255664,0.15978499750296274,0.5165259043375651,0.7617160637051215,2.3641377108989916,2,2,0,0,0,0,2,0,0.995749443769455,0,0,0,0
94944,0.1818373848994573,0.5785472591718038,0.7925018932601922,2.0199938318831547,5,9,0,0,0,0,7,2,0.9722365736961365,0,0,0,0
543528,0.1923997849225998,0.664020856221517,0.8661653248790404,1.2479841266264198,1,1,0,0,0,0,1,0,0.9917815923690796,0,0,0,0
414638,0.12647383163372675,0.2334351440270742,0.4063961382092438,7.821008552001654,5,6,0,0,0,0,5,0,0.9481848001480102,0,0,0,0
236412,0.12663967907428741,0.2560601234436035,0.5402002628628424,5.34890417639401,2,2,0,0,0,0,2,0,0.9824532568454742,0,0,0,0
384616,0.15963647762934366,0.49353540937105816,0.7003123073189759,3.094164825496222,1,1,0,0,0,0,2,1,0.98641437292099,0,0,0,0
347254,0.12224099040031433,0.27625980973243713,0.5240729003740264,5.61216593864448,6,9,0,0,0,0,6,0,0.9658979972203573,0,0,0,0
296284,0.15715200205643973,0.39321009318033856,0.6383952122733374,3.8982075738441377,1,10,0,0,0,0,4,3,0.9888391494750977,0,0,0,0
148662,0.12239128351211548,0.28240956862767536,0.5895486160417378,4.589607515938164,3,4,0,0,0,0,3,0,0.9923056960105896,0,0,0,0
88218,0.17321300506591797,0.48061994711558026,0.7479885775335381,2.522100683139416,2,1,1,0,0,1,1,0,0.9754400849342346,0,0,0,0
127476,0.10877245167891185,0.23483600715796152,0.4918730208012087,6.162939956151914,3,1,0,0,0,0,4,1,0.9576615492502848,0,0,0,0
275198,0.10388157765070598,0.21311655143896738,0.45267497708645615,6.8842702343992945,25,40,1,0,1,1,26,2,0.9752616981665293,0,0,0,0
211042,0.14387776454289755,0.33124517401059467,0.5875220352341273,4.6195168074691155,3,2,0,0,0,0,4,1,0.9529545505841573,0,0,0,0
184338,0.1367184817790985,0.40046872695287067,0.7350929247813797,2.6731551456933795,1,1,0,0,0,0,1,0,0.9948209524154663,0,0,0,0
459272,0.13024378071228662,0.3253486553827922,0.5744242424155892,4.815344797141324,7,11,0,0,0,0,10,3,0.9810375996998378,0,0,0,0
8277,0.11145325005054474,0.18678099910418192,0.34908250734655905,9.141438265950933,2,13,1,0,1,1,1,0,0.9968252182006836,1,0,1,1
246308,0.1316004917025566,0.32512635986010235,0.5663621524941232,4.938115526992478,5,5,0,0,0,0,8,3,0.988850212097168,0,0,0,0
301061,0.13671319683392844,0.3339605430761973,0.6131369217657134,4.248850616411183,1,3,0,0,0,0,2,1,0.9674448370933533,0,0,0,0
93965,0.14060203482707342,0.4253572920958201,0.716931506588597,2.8904466699496862,2,2,0,0,0,0,3,1,0.9925921559333801,0,0,0,0
234807,0.15976405640443167,0.47837725281715393,0.7453379384443654,2.5529354436977196,3,3,0,0,0,0,4,1,0.9818281730016073,0,0,0,0
389566,0.1443367302417755,0.3815654516220093,0.6738238089846548,3.429072953237072,9,14,1,0,0,1,10,2,0.9732334017753601,0,1,0,1
179112,0.15189137309789658,0.44653768340746564,0.7907434226952375,2.039288236086563,2,2,0,0,0,0,3,1,0.9900630712509155,0,0,0,0
572388,0.1328371192018191,0.29315535724163055,0.5907814664683056,4.571462749828618,3,5,0,0,0,0,3,0,0.9886076251665751,0,0,0,0
255917,0.15607429792483649,0.4708670377731323,0.7194784624168556,2.859644042706311,9,16,1,0,0,1,8,0,0.9891730099916458,0,0,0,0
463542,0.13434377064307532,0.39244266351064044,0.6730950739237811,3.4384717567018908,9,25,0,0,0,0,13,4,0.9828361670176188,0,0,0,0
105912,0.1498283644517263,0.4206368327140808,0.6514004956876032,3.7230383058340615,15,16,1,0,1,1,15,1,0.9775295172418866,0,0,0,0
536073,0.1275599772731463,0.29202375809351605,0.5867046984346734,4.631608677259121,3,3,0,0,0,0,5,2,0.9866942763328552,0,0,0,0
328238,0.1688218961159388,0.5068181256453196,0.736959478392106,2.6511278220460426,8,13,0,1,1,1,8,1,0.9814965810094561,0,0,0,0
500613,0.1662255252401034,0.5099289119243622,0.7938556040806732,2.005169700926091,4,6,0,0,0,0,4,0,0.9885950535535812,0,0,0,0
189806,0.12073922157287598,0.2731784035762151,0.552296934706757,5.156547342791896,3,4,0,0,0,0,5,2,0.9809373815854391,0,0,0,0
343706,0.11697674542665482,0.2795637200276057,0.5714346007782063,4.860669326244735,2,2,0,0,0,0,4,2,0.9914499521255493,0,0,0,0
236599,0.1572460432847341,0.4061588943004608,0.7028533788502138,3.0627052605587175,9,15,3,0,2,1,6,0,0.9838702778021494,0,0,0,0
565563,0.14282328387101492,0.3801836172739665,0.6226684168183622,4.114863242802262,7,12,1,0,1,1,6,0,0.9806953171888987,0,0,0,0
425226,0.12898437678813934,0.2976933966080348,0.5440324853461549,5.2875033374572205,5,13,1,0,1,1,6,2,0.9859453439712524,0,0,1,1
361621,0.14702454706033072,0.35051849484443665,0.6458132022999231,3.7978616197187955,2,2,0,0,0,0,2,0,0.9663883447647095,0,0,0,0
266892,0.1574397732814153,0.4979443848133087,0.7329794439181838,2.698164095665396,4,16,0,0,0,0,6,2,0.9834911078214645,0,0,0,0
20571,0.1113550141453743,0.27762062350908917,0.5262348692772761,5.576407563129507,4,12,0,0,0,0,4,0,0.9716990292072296,0,0,0,0
153797,0.17770045002301535,0.6138340334097544,0.843761541927949,1.4756054669497007,3,3,0,0,0,0,4,1,0.9700384736061096,0,0,0,0
357430,0.1334309751788775,0.3229839503765106,0.661346782911926,3.5914150943292755,1,1,0,0,0,0,1,0,0.9942530989646912,0,0,0,0
333237,0.14201634377241135,0.37963274121284485,0.6832041853243831,3.308989636260506,3,3,0,0,0,0,3,0,0.982668141523997,0,0,0,0
310200,0.1310999815662702,0.2907991309960683,0.5757149952556804,4.79584917250981,4,3,1,0,0,1,4,1,0.9662184119224548,1,0,0,1
80273,0.1815284937620163,0.5935855309168497,0.8307780048080148,1.6103002022225983,2,2,0,0,0,0,2,0,0.9343942403793335,0,0,0,0
122969,0.15538578480482101,0.36349661151568097,0.6647016558830334,3.5474647864859428,1,2,0,0,0,0,1,0,0.9962692260742188,0,0,0,0
324715,0.13625346372524896,0.3534964124361674,0.7004093879489548,3.092960829524446,1,2,0,0,0,0,2,1,0.989984929561615,0,0,0,0
414795,0.10005433112382889,0.22853376964728037,0.46344187428023437,6.680094562097932,17,20,1,0,1,1,21,5,0.9893657937645912,0,0,0,0
302536,0.1461396316687266,0.33204294244448346,0.5924219328173679,4.547377425527419,4,10,0,0,0,0,5,1,0.9888761788606644,0,0,0,0
402720,0.10182470331589381,0.21106190979480743,0.3583775081683779,8.913185090961534,14,15,1,0,0,1,20,7,0.9530877470970154,0,0,0,0
446703,0.14652122060457864,0.402303010225296,0.7313676536771349,2.7172850237979773,1,1,0,0,0,0,1,0,0.9935330748558044,0,0,0,0
16228,0.15423626701037088,0.45715485016504925,0.701978667711524,3.0735217071457326,9,20,1,0,0,1,11,3,0.9250305965542793,0,0,0,0
465129,0.13639314472675323,0.31959794958432514,0.6025038546092638,4.400803405595384,9,15,1,0,1,1,10,2,0.9832999929785728,0,0,0,0
555972,0.12969732781251272,0.32031428813934326,0.6126030324932089,4.25641715379469,5,10,1,0,0,1,6,2,0.9643305242061615,1,0,0,1
453166,0.13082599143187204,0.3189980983734131,0.6657832569588688,3.5333426125988368,8,8,0,0,0,0,8,0,0.9802619218826294,0,0,0,0
541123,0.12290385365486145,0.34785161912441254,0.5919678767214402,4.554037194634121,8,23,0,0,0,0,9,1,0.9794411361217499,0,0,0,0
13348,0.1599486917257309,0.4849007527033488,0.7322342940953415,2.706998697082375,3,12,0,0,0,0,5,2,0.9769599040349325,0,0,0,0
456292,0.15069797883431116,0.3887798885504405,0.6366534397444026,3.9219382030205785,1,2,0,0,0,0,2,1,0.9589043259620667,0,0,0,0
72281,0.1444855680068334,0.3735530376434326,0.6644097848248415,3.5512796055644724,2,2,0,0,0,0,3,1,0.972991555929184,0,0,0,0
534605,0.14540337026119232,0.4125740925470988,0.6927045506825888,3.1890391856248383,6,7,0,0,0,0,9,3,0.9716849227746328,0,0,0,0
131273,0.1258756344517072,0.27142979204654694,0.5564527395918271,5.091434301556341,1,1,0,0,0,0,1,0,0.9907971620559692,0,0,0,0
19402,0.13225627690553665,0.3199108342329661,0.5898046220277654,4.585836568092402,2,3,0,0,0,0,2,0,0.9621333181858063,0,0,0,0
82715,0.18163038790225983,0.6046963830788931,0.8179986822806572,1.7449479187177996,2,2,0,0,0,0,3,1,0.9749378561973572,0,0,0,0
284764,0.14020797610282898,0.3455175558725993,0.6533626390159212,3.6969140648923187,1,7,0,0,0,0,1,0,0.9961300492286682,0,0,0,0
485972,0.13638199120759964,0.31737346450487774,0.6139330352773584,4.237579938595185,2,6,0,0,0,0,2,0,0.9671773612499237,0,0,0,0
288430,0.16887114942073822,0.5703257620334625,0.7917965824355778,2.0277275417640137,4,15,0,0,0,0,6,2,0.9887814074754715,0,0,0,0
295809,0.14834496875603995,0.44735132654507953,0.6848807842778932,3.287700372667212,8,20,1,0,1,1,8,1,0.9582407048770359,0,0,0,0
509131,0.16176765660444895,0.3764374256134033,0.6405858511574494,3.8684531595914695,8,9,0,0,0,0,8,0,0.9877285212278366,0,0,0,0
82696,0.14250976095596948,0.3530402183532715,0.5609197159614874,5.021985891098883,5,12,1,0,1,1,7,3,0.9858147352933884,0,0,0,0
513524,0.17178908983866373,0.5465908447901408,0.8006549239778865,1.9310924224561048,2,2,0,0,0,0,3,1,0.9764994382858276,0,0,0,0
241326,0.11600698779026668,0.27454524238904315,0.5987488170842239,4.4551066317748,2,3,0,0,0,0,4,2,0.9870881736278534,0,0,0,0
151000,0.1444816142320633,0.3684631586074829,0.615977211618243,4.208707089552922,8,13,1,0,1,1,12,5,0.9842304246766227,0,0,0,0
136466,0.1257124443848928,0.31923210620880127,0.6505869234830773,3.7338934019691017,1,2,0,0,0,0,1,0,0.9949341416358948,0,0,0,0
292330,0.1563429335753123,0.46295713384946185,0.7322287671487469,2.707064258924701,1,2,0,0,0,0,1,0,0.9956373572349548,0,0,0,0
32735,0.19787534574667612,0.6635569135348002,0.8571267532966148,1.3390989830816766,3,4,0,0,0,0,4,1,0.9862541556358337,0,0,0,0
308799,0.16517614821592966,0.39916564027468365,0.6444393916993352,3.8163584192218813,1,8,0,0,0,0,1,0,0.9225019216537476,0,0,0,0
285349,0.11266282945871353,0.2472213457028071,0.5084563670513955,5.874926198457308,1,1,1,0,0,1,0,0,,0,0,0,0
540280,0.13349184145530066,0.3380580445130666,0.6218849393593217,4.125799213700301,1,3,0,0,0,0,2,1,0.986740231513977,0,0,0,0
292997,0.16830110053221384,0.4762840469678243,0.7102997303233467,2.9711670042951974,7,13,0,0,0,0,8,1,0.9761768238885062,0,0,0,0
433134,0.13830658048391342,0.39585380752881366,0.6918383158515536,3.1999077853722375,1,1,0,0,0,0,1,0,0.997640073299408,0,0,0,0
47769,0.15325970947742462,0.4516042272249858,0.7036390725728218,3.053001049680292,4,6,0,0,0,0,6,2,0.9881542474031448,0,0,0,0
428867,0.16998708744843802,0.45330411195755005,0.7307259745460065,2.724909097067006,6,7,0,0,0,0,9,3,0.9853362540404002,0,0,0,0
195918,0.13808504243691763,0.3583252529303233,0.6564809209775168,3.6555578220944045,5,6,0,0,0,0,7,2,0.9838046431541443,0,0,0,0
412240,0.13732481747865677,0.33027395606040955,0.6262793997566807,4.064637466728685,1,1,0,0,0,0,1,0,0.8998202681541443,0,0,0,0
367095,0.13159306595722833,0.3324459493160248,0.5906054114818563,4.574051561711316,15,25,3,0,0,1,15,3,0.9805881132682165,0,0,0,0
167128,0.1389251227180163,0.3643931845823924,0.6937274029546606,3.1762230015491038,3,3,0,0,0,0,3,0,0.9936420718828837,0,0,0,0
249180,0.16161619126796722,0.4389975468317668,0.7059180358434411,3.024914439229851,3,4,0,0,0,0,4,1,0.9844572941462199,0,0,0,0
81766,0.13872608294089636,0.3475944697856903,0.6499312650595566,3.742651414336227,3,3,1,0,1,1,2,0,0.9870154857635498,1,0,1,1
392722,0.16520381470521292,0.515099455912908,0.7664871176214753,2.3099027990472383,11,15,2,0,2,1,10,1,0.9807743231455485,0,0,0,0
221872,0.09770195931196213,0.2122375269730886,0.48824949934971423,6.22716386729547,7,7,0,0,0,0,7,0,0.9536719151905605,0,0,0,0
254814,0.09904710203409195,0.2553323358297348,0.45571804098028035,6.826075564269666,14,41,4,0,2,1,13,3,0.9861560523509979,1,0,1,1
489611,0.10646532600124677,0.21434558928012848,0.4384332977018201,7.161929398000596,4,4,1,0,1,1,3,0,0.9896483421325684,1,0,1,1
7888,0.1491150731841723,0.434770127137502,0.7039908008582607,3.048660316095198,2,2,0,0,0,0,4,2,0.9842494428157806,0,0,0,0
511384,0.18001140654087067,0.5267029503981272,0.7416046055708715,2.5965516353131317,2,3,0,0,0,0,2,0,0.990225076675415,0,0,0,0
199055,0.142585056523482,0.37703882654507953,0.6176758181313646,4.184788017205465,2,2,0,0,0,0,3,1,0.9918620884418488,0,0,0,0
342397,0.17712818582852682,0.5744228363037109,0.828955722164397,1.6293733246574793,5,9,0,0,0,0,10,5,0.984147310256958,0,0,0,0
551215,0.1729594866434733,0.5429313480854034,0.7728730608446032,2.2378366029209134,2,2,0,0,0,0,2,0,0.9695169925689697,0,0,0,0
502136,0.14177940537532172,0.39355828364690143,0.6364115770947242,3.925238572255715,4,4,0,0,0,0,5,1,0.9873977154493332,0,0,0,0
92177,0.11073774844408035,0.20984380940596262,0.4126139951348505,7.689120912290781,2,3,0,0,0,0,4,2,0.9786752164363861,0,0,0,0
1425,0.14944683015346527,0.3594386676947276,0.6466669827982934,3.7863862495767435,2,2,0,0,0,0,3,1,0.9883923828601837,0,0,0,0
51938,0.18118469913800558,0.6193564335505167,0.862010572610193,1.289748149906957,7,13,1,0,1,1,8,2,0.9652636547883352,0,0,0,0
22371,0.14830731600522995,0.3946493963400523,0.6998899390275506,3.0994049891751225,3,4,0,0,0,0,4,1,0.988811731338501,0,0,0,0
312406,0.16025459269682565,0.3807236651579539,0.6771610608214975,3.386160466565285,3,2,0,0,0,0,4,1,0.979562004407247,0,0,0,0
311180,0.1420818492770195,0.3180123766263326,0.5907722790201938,4.57159782817044,2,2,1,0,1,1,1,0,0.9927197098731995,1,0,1,1
489339,0.14994748185078302,0.3852445383866628,0.644962175576882,3.809315084656464,1,2,0,0,0,0,2,1,0.9891844987869263,0,0,0,0
335529,0.1382866601149241,0.4232199291388194,0.7114746689205464,2.9568111552725145,3,12,0,0,0,0,3,0,0.9840251008669535,0,0,0,0
443303,0.13489234944184622,0.2788524031639099,0.5608901148948393,5.0224442782355645,4,3,0,0,0,0,5,1,0.9877475202083588,0,0,0,0
413247,0.12833717713753381,0.31451496481895447,0.602532745370651,4.4003869170588175,3,5,0,0,0,0,5,2,0.9914785822232565,0,0,0,0
25593,0.15357821186383566,0.4436863760153453,0.7171680074514166,2.887581847261622,1,0,0,0,0,0,1,0,0.9839689135551453,0,0,0,0
327306,0.17790048321088156,0.5462469557921091,0.7984285657753722,1.955278669466669,2,2,0,0,0,0,2,0,0.9898987114429474,0,0,0,0
33104,0.10895393788814545,0.17285277942816415,0.3210260990789959,9.869193169645285,3,9,0,0,0,0,3,0,0.9665342370669047,0,0,0,0
565877,0.15260574221611023,0.36395545800526935,0.6418024663530981,3.8519723661414624,3,5,0,0,0,0,3,0,0.9946033358573914,0,0,0,0
326248,0.10914431015650432,0.26260892550150555,0.527232961311647,5.559948930788954,13,19,1,0,1,1,18,6,0.9883905996878942,0,0,0,0
179392,0.1288311555981636,0.29172104597091675,0.5367569510920336,5.4044464533865355,2,6,0,0,0,0,4,2,0.9942947030067444,0,0,0,0
436617,0.12795049448808035,0.29991986354192096,0.5701063073232391,4.8808830837754345,16,33,0,0,0,0,19,3,0.9816750138998032,0,0,0,0
171788,0.1484044293562571,0.3919355869293213,0.6793667917969538,3.3579137148722533,3,3,0,0,0,0,4,1,0.9917888840039571,0,0,0,0
414261,0.15681212147076926,0.4027043282985687,0.7084054871185896,2.9943616708110277,1,2,0,0,0,0,1,0,0.984662652015686,0,0,0,0
351530,0.16387459635734558,0.4691666861375173,0.7358348765533953,2.6643926330136862,8,23,0,1,0,1,10,2,0.9641143594469342,0,0,0,0
212072,0.1603632171948751,0.4751977225144704,0.7470802803441897,2.5326545383338535,1,1,0,0,0,0,2,1,0.9881076812744141,0,0,0,0
210520,0.10223669807116191,0.17473502457141876,0.3041168855392004,10.339189315439558,10,17,0,0,0,0,15,5,0.9830900132656097,0,0,0,0
536038,0.14948061853647232,0.38463857769966125,0.6369582265407664,3.917780978967169,4,4,0,0,0,0,5,1,0.9866556525230408,0,0,0,0
328286,0.17429777483145395,0.5174271563688914,0.8027904522303241,1.9079560263403312,3,6,0,0,0,0,6,3,0.9884988268216451,0,0,0,0
451043,0.20321346819400787,0.663543164730072,0.8620175101349006,1.2896782455073998,1,2,0,0,0,0,1,0,0.9921995401382446,0,0,0,0
96493,0.12431022028128307,0.2752601057291031,0.5764384204822162,4.784941610341421,2,3,1,0,0,1,2,1,0.9847546219825745,0,0,0,0
455085,0.1322696010271708,0.3388449052969615,0.6511883413906033,3.7258676695961683,2,2,0,0,0,0,2,0,0.988762229681015,0,0,0,0
125778,0.12598895033200583,0.31256486972173053,0.5871955452295005,4.624344957261544,6,15,2,0,1,1,4,0,0.9918133020401001,0,0,0,0
15254,0.10749279707670212,0.23770721753438315,0.5172099572799134,5.726662454251491,5,8,0,0,0,0,5,0,0.9921507358551025,0,0,0,0
257478,0.16847352186838785,0.5662678778171539,0.8132955389373726,1.7950321974298689,2,2,0,0,0,0,2,0,0.9881560206413269,0,0,0,0
371529,0.12150436143080394,0.2500558892885844,0.47808258473806986,6.4099415239052435,2,4,0,0,0,0,3,1,0.9951457679271698,0,0,0,0
47740,0.15252218147118887,0.4119534095128377,0.741217217612162,2.6010900216255135,3,6,0,0,0,0,3,0,0.9891193707784017,0,0,0,0
464689,0.12716939051946005,0.3043295641740163,0.4645060523153317,6.660172459239849,4,13,0,0,0,0,5,1,0.9771809577941895,0,0,0,0
498747,0.11966646711031596,0.26366408665974933,0.5637513629122636,4.978247903448267,8,11,0,1,1,1,10,2,0.9743933166776385,0,0,0,0
162858,0.15465147296587625,0.42778168121973675,0.6760402696225647,3.4005486742448316,11,17,0,0,0,0,11,0,0.9795362678441134,0,0,0,0
38829,0.12760342409213385,0.30270915230115253,0.6000450216913196,4.436323261041657,9,12,0,0,0,0,12,3,0.9772224558724297,0,0,0,0
523807,0.11930648485819499,0.25378530224164325,0.5214532933217462,5.6556917068217905,7,6,1,0,0,1,6,0,0.9887283245722452,1,0,0,1
185890,0.11885695656140645,0.2538701593875885,0.4797789718270248,6.3791758117996356,6,15,0,0,0,0,7,1,0.9841422637303671,0,0,0,0
233033,0.12441574037075043,0.3221726715564728,0.5881699739168472,4.609943000015607,10,8,1,0,0,1,12,3,0.9775736000802782,0,0,0,0
42296,0.16660763323307037,0.43704870343208313,0.6907652492557109,3.2133903773927637,4,4,1,1,2,1,2,0,0.9035910665988922,0,0,0,0
93437,0.1447159325083097,0.40386998653411865,0.7236014555974728,2.8100113636818893,7,13,0,0,0,0,7,0,0.973913277898516,0,0,0,0
17379,0.15614186227321625,0.4129110078016917,0.6584541065923226,3.62948978832748,5,5,1,0,1,1,5,1,0.9772526174783707,0,0,0,0
498709,0.13174662987391153,0.33242226640383404,0.6656660517283138,3.5348718209488528,2,4,0,0,0,0,2,0,0.9621211588382721,0,0,0,0
368752,0.10720310111840566,0.206023171544075,0.44304412050836783,7.071060448938003,6,9,1,0,1,1,6,1,0.9906895160675049,1,0,1,1
108026,0.12860061724980673,0.3142091929912567,0.6482231191233644,3.765509675003909,2,3,0,0,0,0,2,0,0.9898653030395508,0,0,0,0
188592,0.1321683277686437,0.3551780084768931,0.6217598136020706,4.1275470255564475,2,2,0,0,0,0,2,0,0.9896489381790161,0,0,0,0
374982,0.10376725097497304,0.20128169655799866,0.44383463763850034,7.05557615346989,9,13,0,0,0,0,10,1,0.9837590323554145,0,0,0,0
238410,0.12202660242716472,0.29618220527966815,0.5282486516642693,5.543232055906352,19,37,2,0,2,1,21,4,0.9714185174773721,0,0,0,0
304812,0.19230266412099203,0.6377244095007578,0.8256365134654235,1.664222175628573,2,9,0,0,0,0,3,1,0.9694203436374664,0,0,0,0
261036,0.16260243207216263,0.4572391410668691,0.7027673284217609,3.0637687402327396,4,6,0,0,0,0,6,2,0.9891986548900604,0,0,0,0
47112,0.10498341917991638,0.21799100438753763,0.4884880914479254,6.222920384308185,10,25,0,0,0,0,11,1,0.9809393167495728,0,0,0,0
537053,0.1575306976834933,0.45200346906979877,0.6892489286001157,3.2324780061752008,1,1,0,0,0,0,1,0,0.9948931932449341,0,0,0,0
418062,0.13831284642219543,0.31796856721242267,0.5834035749678365,4.680618278915569,4,5,0,0,0,0,7,3,0.9928436875343323,0,0,0,0
398810,0.11648547401030858,0.2720661163330078,0.47382220913071543,6.487691735208707,2,2,0,0,0,0,2,0,0.9917088449001312,0,0,0,0
110884,0.11895150194565456,0.26374027132987976,0.48170635672298673,6.344352451685134,3,3,1,0,0,1,2,0,0.9750773310661316,0,0,0,0
139260,0.17944318552811941,0.446700523296992,0.7434796167936252,2.574618671566789,1,6,0,0,0,0,1,0,0.9912358522415161,0,0,0,0
31118,0.16208655138810477,0.45561374227205914,0.7325935873741151,2.702737743465655,12,17,0,0,0,0,12,0,0.9768628676732382,0,0,0,0
473219,0.12126084665457408,0.2837571054697037,0.5481244197612632,5.222416980584093,11,22,1,0,1,1,14,4,0.9705280423164367,0,0,0,0
362716,0.13466608772675195,0.36647461851437885,0.702687525886345,3.0647551198579275,3,3,0,0,0,0,3,0,0.9914276599884033,0,0,0,0
173033,0.15427616983652115,0.3968637486298879,0.6549439205357754,3.675917696180448,2,2,0,0,0,0,3,1,0.9809368252754211,0,0,0,0
542127,0.18229694167772928,0.5781446794668833,0.7964862569183135,1.976434267841628,12,16,0,0,0,0,16,4,0.9695878724257151,0,0,0,0
111951,0.16638856132825217,0.437025785446167,0.6979534920776491,3.123470309914289,3,4,1,0,1,1,2,0,0.9927451014518738,0,0,0,0
346638,0.1286401922504107,0.29702211419741315,0.5832574555742518,4.682794021312147,4,4,1,0,1,1,3,0,0.9656427502632141,1,0,1,1
369323,0.1400702322522799,0.3735346595446269,0.6255775100417593,4.074377457286743,2,5,0,0,0,0,3,1,0.99739670753479,0,0,0,0
95786,0.12803924083709717,0.31211793422698975,0.6315218587450158,3.992232253937133,5,4,2,0,1,1,3,0,0.935279905796051,2,0,1,1
284296,0.17495517432689667,0.5318619310855865,0.7767313543673545,2.194583265935133,4,3,0,0,0,0,5,1,0.9847092479467392,0,0,0,0
549930,0.13907873133818308,0.32711053888003033,0.602341685054066,4.403141608827646,3,21,0,0,0,0,3,0,0.9783648053805033,0,0,0,0
25986,0.11519282807906468,0.23569411039352417,0.5161862610522393,5.743871178663812,5,18,0,0,0,0,8,3,0.9886647582054138,0,0,0,0
222863,0.15802899996439615,0.4433974822362264,0.7118294248889923,2.95248127065042,1,1,0,0,0,0,1,0,0.9978088140487671,0,0,0,0
248810,0.1431435669461886,0.3761336108048757,0.6301174839153093,4.011569396347017,2,2,0,0,0,0,2,0,0.9797465205192566,0,0,0,0
137294,0.12738601863384247,0.34299436211586,0.6459598449466082,3.795889567656669,2,3,0,0,0,0,3,1,0.9932216107845306,0,0,0,0
294695,0.15150695542494455,0.4543061951796214,0.7165559255974477,2.894998164494636,5,9,0,0,0,0,7,2,0.9826831698417664,0,0,0,0
13177,0.1147612730662028,0.25584808985392254,0.5888254026676826,4.600269245135865,2,3,0,0,0,0,3,1,0.994341641664505,0,0,0,0
356432,0.14600875973701477,0.39818571011225384,0.7411779074548555,2.601550686508075,3,5,0,0,0,0,3,0,0.9945539832115173,0,0,0,0
428111,0.1791440099477768,0.5598220229148865,0.7996124751843612,1.9424087767846474,4,7,0,0,0,0,4,0,0.9811384379863739,0,0,0,0
213035,0.126889668405056,0.30808573961257935,0.638483691446267,3.897003825657328,6,6,0,0,0,0,7,1,0.9825507998466492,0,0,0,0
50679,0.1718552609284719,0.5426763594150543,0.8002382395786599,1.93561399187711,8,13,1,0,1,1,8,1,0.9707603199141366,0,0,0,0
460147,0.14837260047594705,0.3940656880537669,0.6520854312265344,3.7139100522410424,10,26,1,0,1,1,10,1,0.9847874442736307,0,0,0,0
85195,0.13973354051510492,0.3701670865217845,0.6856837231567985,3.2775231949446915,2,3,1,0,1,1,2,1,0.9745151400566101,1,0,1,1
416256,0.14056946833928427,0.33623554309209186,0.6246156491041749,4.087742783337929,2,3,1,0,1,1,1,0,0.9570701122283936,1,0,1,1
70254,0.15192769964536032,0.4577336211999257,0.7262294460048195,2.7785229195849457,13,16,0,0,0,0,16,3,0.9805502891540527,0,0,0,0
467315,0.15169663230578104,0.38314427932103473,0.6512892194907228,3.7245222091097787,8,7,1,0,2,1,8,1,0.9863615887505668,0,0,0,0
323571,0.15527392427126566,0.40037179986635846,0.6414412957905815,3.856861675284304,4,5,1,0,0,1,6,3,0.9830039143562317,0,0,0,0
215245,0.1590153475602468,0.5006055136521658,0.7714881629881907,2.2534146593750073,7,7,0,0,0,0,8,1,0.9825200949396405,0,0,0,0
134722,0.13880603512128195,0.4462853670120239,0.7331695197921587,2.6959119669740836,2,2,1,0,1,1,2,1,0.9955064654350281,0,0,0,0
69795,0.1430869773030281,0.37163904309272766,0.6590201803235775,3.6220257272705183,1,2,0,0,0,0,1,0,0.9930069446563721,0,0,0,0
119365,0.1142573431134224,0.23775396247704825,0.5019563291526179,5.986681307818646,4,5,1,0,0,1,4,1,0.9954613447189331,1,0,0,1
183246,0.13525586823622385,0.37016038099924725,0.6356412043818664,3.9357591627210766,8,18,0,0,0,0,12,4,0.9740016758441925,0,0,0,0
431848,0.15928642948468527,0.45133496324221295,0.7178444138573246,2.879393497474441,3,3,0,0,0,0,3,0,0.9882502357165018,0,0,0,0
85682,0.17792905867099762,0.5670184095700582,0.7928400333354155,2.0162885776779085,12,15,0,0,0,0,12,0,0.9742789566516876,0,0,0,0
479732,0.13591692596673965,0.29448746641476947,0.6233426383092675,4.105463303678015,4,3,0,0,0,0,4,0,0.976283922791481,0,0,0,0
437331,0.1882498860359192,0.6088375349839529,0.80839433813045,1.8475347375560913,2,2,0,0,0,0,3,1,0.9865400195121765,0,0,0,0
98287,0.18262182672818503,0.5382451216379801,0.7376686977848745,2.642772899836829,7,16,0,0,0,0,9,2,0.9361349514552525,0,0,0,0
61108,0.12155854950348537,0.28543545802434284,0.5917541077582178,4.557174373240454,4,9,0,0,0,0,5,1,0.877752274274826,0,0,0,0
105249,0.1640286073088646,0.5311327974001566,0.7842351302454467,2.1110741427815234,2,3,0,0,0,0,2,0,0.9921634495258331,0,0,0,0
537672,0.14487639317909876,0.35417795181274414,0.6501742114189005,3.7394052080430127,2,2,0,0,0,0,3,1,0.9884834587574005,0,0,0,0
534664,0.12048187851905823,0.2840173542499542,0.6112298713028699,4.27590859175599,6,7,0,0,0,0,8,2,0.9906905194123586,0,0,0,0
131379,0.12716341763734818,0.36775799592336017,0.6586746655476101,3.6265808081233537,1,1,0,0,0,0,1,0,0.9923310875892639,0,0,0,0
192964,0.16233462343613306,0.4635856846968333,0.722980202976947,2.817471892438093,2,3,0,0,0,0,2,0,0.9897123575210571,0,0,0,0
183500,0.17761153976122537,0.5478666424751282,0.8156704066914744,1.769705880588057,1,2,0,0,0,0,1,0,0.9945926070213318,0,0,0,0
493613,0.17108908792336783,0.5236330926418304,0.776167679195948,2.2008889180603033,2,1,0,0,0,0,3,1,0.9769167602062225,0,0,0,0
303908,0.1219089205066363,0.325360228617986,0.6529717615122036,3.702111997304179,2,6,0,0,0,0,2,0,0.9905303716659546,0,0,0,0
205105,0.17795711755752563,0.5377302368481954,0.7822546116394637,2.1330373574054544,5,14,0,0,0,0,5,0,0.9818368196487427,0,0,0,0
451571,0.12565596401691437,0.2874367336432139,0.5950112488462569,4.509496474817991,1,3,0,0,0,0,1,0,0.9941839575767517,0,0,0,0
333956,0.17313397924105325,0.5070785482724508,0.7620254703824801,2.360610246129365,1,2,1,0,1,1,0,0,,0,0,0,0
369442,0.13503874589999518,0.33854682246843976,0.5605003418498722,5.028482363843397,15,24,0,0,0,0,16,1,0.9769937038421631,0,0,0,0
104455,0.1390174701809883,0.34139824906984967,0.6331408989111345,3.9699926302902435,1,2,0,0,0,0,1,0,0.9974997043609619,0,0,0,0
85665,0.1816196988026301,0.6325239737828573,0.8825285868733761,1.0854243608360064,1,1,0,0,0,0,2,1,0.9964726567268372,0,0,0,0
98716,0.19530971348285675,0.5787531435489655,0.8350379482802268,1.5658757513049308,5,5,0,0,0,0,6,1,0.9843002200126648,0,0,0,0
176778,0.14031100769837698,0.3907673855622609,0.6751763898607362,3.4116550578754583,2,2,0,0,0,0,2,0,0.9876031875610352,0,0,0,0
420281,0.12757024417320886,0.2813783089319865,0.5794750532744847,4.739305118371439,4,4,0,0,0,0,5,1,0.985508918762207,0,0,0,0
576955,0.18228461841742197,0.5005671083927155,0.7533778455563981,2.4597431032569386,3,3,0,0,0,0,5,2,0.9834651350975037,0,0,0,0
142324,0.13461085657278696,0.3339979549249013,0.5602756867405941,5.031964468139299,13,19,1,1,3,1,13,1,0.9473872672427784,0,0,0,0
405205,0.13449474920829138,0.3465816378593445,0.6841204162465632,3.2973489741162854,2,3,1,0,0,1,1,0,0.9908636808395386,0,0,0,0
180792,0.16432848324378332,0.4537531038125356,0.7369565870243955,2.6511619001071014,1,1,0,0,0,0,1,0,0.9930543303489685,0,0,0,0
453001,0.14254262298345566,0.3305296500523885,0.5799993493317576,4.731449872940763,5,10,0,0,0,0,8,3,0.9921082496643067,0,0,0,0
327592,0.1575333078702291,0.4228310485680898,0.7640688664437718,2.3373499235479374,3,4,0,0,0,0,6,3,0.9859131971995035,0,0,0,0
201072,0.1569423427184423,0.39486555258433026,0.681936763464574,3.325117918943636,8,5,1,0,1,1,7,0,0.9822097250393459,0,0,0,0
105335,0.10781490802764893,0.211835707227389,0.3638282674725296,8.78207123297024,2,11,1,0,1,1,1,0,0.9936715364456177,0,0,0,0
18837,0.1216941128174464,0.2958957850933075,0.5907526849010971,4.5718859174808495,7,8,1,0,1,1,7,1,0.9842469493548075,0,0,0,0
566923,0.12869945665200552,0.2987414499123891,0.5759436410015547,4.79240024818719,10,12,0,0,0,0,15,5,0.9755302608013153,0,0,0,0
405195,0.11127616961797078,0.2885347008705139,0.5342956238806096,5.444367657359529,3,17,1,0,1,1,4,2,0.9797081351280212,0,0,0,0
334977,0.20400740206241608,0.5994302034378052,0.8627397750390909,1.2824035829587794,0,3,0,0,0,0,0,0,,0,0,0,0
360564,0.1765642613172531,0.5117599070072174,0.7531078131152238,2.4628569357642123,2,2,0,0,0,0,2,0,0.8887493908405304,0,0,0,0
408696,0.13930180420478186,0.32858089605967206,0.5841783480050865,4.669090875225203,3,5,0,0,0,0,3,0,0.9933873216311137,0,0,0,0
577862,0.14754649996757507,0.3983602424462636,0.6904702140669919,3.2171010309280677,2,2,0,0,0,0,2,0,0.9939397871494293,0,0,0,0
91619,0.167671466867129,0.5126129488150278,0.7689595909571398,2.28192963792297,1,1,0,0,0,0,1,0,0.9919403195381165,0,0,0,0
291551,0.16349612921476364,0.4342396954695384,0.6788161744716027,3.3649563618522254,4,7,0,0,0,0,4,0,0.987364649772644,0,0,0,0
490936,0.12465620537598927,0.28045961757500965,0.5240606228612072,5.612369426309015,14,34,3,0,3,1,11,0,0.9709452444856818,0,0,0,0
293804,0.14548703034718832,0.41282280286153156,0.7018411431560092,3.075223525436512,4,6,0,0,0,0,4,0,0.9758161902427673,0,0,0,0
473869,0.13616409401098886,0.3419525822003682,0.6296574360584938,4.017913267822472,6,11,0,0,0,0,7,1,0.9823833505312601,0,0,0,0
445365,0.14346872518459955,0.40377703309059143,0.6985112579885339,3.116531798357566,2,2,0,0,0,0,2,0,0.9952857792377472,0,0,0,0
416745,0.14283222456773123,0.34626134236653644,0.575718315926969,4.795799073239521,2,2,0,0,0,0,3,1,0.979340672492981,0,0,0,0
129416,0.16840607424577078,0.5290866792201996,0.7897694948260187,2.0499929015966205,8,9,0,0,0,0,8,0,0.983910046517849,0,0,0,0
55022,0.14901205400625864,0.3623099625110626,0.640564769223361,3.8687390203637335,4,9,1,0,1,1,3,0,0.9816816846529642,0,0,0,0
372203,0.18396183351675668,0.5849282046159109,0.8475664656342534,1.4365246937341971,2,2,0,0,0,0,2,0,0.9854694604873657,0,0,0,0
150265,0.13577799250682196,0.35151920715967816,0.5901212557407806,4.581174842123381,9,8,0,1,0,1,10,1,0.9768692031502724,0,0,0,0
440336,0.17699584861596426,0.5974039832750956,0.8294492387510842,1.6242037420355229,7,7,0,0,0,0,11,4,0.9881324427468436,0,0,0,0
88951,0.15259979168574014,0.46428122123082477,0.6750696377512407,3.41302849208623,3,3,0,0,0,0,3,0,0.9905300736427307,0,0,0,0
32861,0.13213007400433222,0.3362545669078827,0.6538794658206558,3.690046016800534,2,2,0,0,0,0,2,0,0.9939225316047668,0,0,0,0
532855,0.15721339732408524,0.4146317144234975,0.7125499522723475,2.943693693454073,2,2,0,0,0,0,2,0,0.9851916432380676,0,0,0,0
523033,0.19100766877333322,0.6605668067932129,0.8702019856721804,1.2075986009283926,2,5,0,0,0,0,3,1,0.969995528459549,0,0,0,0
373382,0.14344420780738196,0.3652866681416829,0.5943950753112329,4.518495949082081,6,15,0,0,0,0,8,2,0.987656811873118,0,0,0,0
68628,0.16717330614725748,0.5054850975672404,0.7510880251231707,2.4861832416735927,2,2,0,0,0,0,4,2,0.9729488790035248,0,0,0,0
110282,0.18756181995073953,0.6431488990783691,0.8460622486296383,1.4519536554886072,1,1,0,0,0,0,1,0,0.987265408039093,0,0,0,0
376307,0.11020422478516896,0.2095071772734324,0.45398520198835013,6.859166061780528,5,27,0,0,0,0,7,2,0.986919105052948,0,0,0,0
565597,0.10756425559520721,0.22484145065148672,0.5170149027090974,5.729938767867882,2,4,0,0,0,0,3,1,0.9934355616569519,0,0,0,0
36936,0.12976126869519553,0.3127101957798004,0.6073075643359387,4.3318261895395676,10,22,1,0,1,1,11,2,0.9727382262547811,0,0,0,0
509735,0.14344884951909384,0.41037701567014057,0.697483640321837,3.1293194887224285,5,5,0,0,0,0,7,2,0.9892062544822693,0,0,0,0
309678,0.1325462485353152,0.31920631726582843,0.637754432137065,3.906930290710547,2,3,1,0,1,1,1,0,0.9855821132659912,0,0,0,0
501243,0.15214406698942184,0.42798035343488056,0.6979605777475373,3.123382130637368,2,3,0,0,0,0,2,0,0.9951431453227997,0,0,0,0
82812,0.1451051781574885,0.384508341550827,0.6824181856038222,3.3189881654696847,15,24,4,0,3,1,15,4,0.9824186346747659,1,0,0,1
308476,0.13959121704101562,0.3942481378714244,0.6684946157494862,3.498041726445447,2,2,0,0,0,0,2,0,0.9914978742599487,0,0,0,0
210032,0.1298424849907557,0.3146599034468333,0.6160852045888203,4.207184415028994,7,15,2,0,1,1,7,2,0.9808562278747559,0,0,0,0
382009,0.13817992309729257,0.37130382657051086,0.7080648994520876,2.99853868286632,2,4,0,0,0,0,2,0,0.9954353272914886,0,0,0,0
360393,0.11324781676133473,0.2614866296450297,0.5823629767473827,4.69612485471795,2,3,1,0,0,1,1,0,0.9949935078620911,0,0,0,0
88848,0.11890290925900142,0.2609189103047053,0.4108053893494865,7.72727735069723,7,11,0,0,0,0,13,6,0.9859308174678257,0,0,0,0
566042,0.1437722568710645,0.4033956329027812,0.6974848271304462,3.129304709193224,4,6,0,0,0,0,7,3,0.9652247279882431,0,0,0,0
85157,0.1002258484562238,0.23478975395361582,0.5273891171619783,5.557376725029347,16,21,1,0,1,1,18,3,0.9830926974614461,0,0,0,0
32610,0.13116267075141272,0.29785757263501483,0.5796545369887574,4.736615210772571,6,7,2,0,2,1,5,1,0.9694001227617264,0,0,0,0
289343,0.13993357867002487,0.361503005027771,0.5858163774589323,4.644769821384128,4,4,1,0,1,1,4,1,0.9619215329488119,0,0,0,0
475387,0.13160460690657297,0.34613489111264545,0.6447901945910671,3.8116315105162464,10,16,0,0,0,0,11,1,0.9780278503894806,0,0,0,0
213422,0.13221261898676553,0.3544398446877797,0.6968808131318103,3.136829850531572,1,2,0,0,0,0,1,0,0.9950911998748779,0,0,0,0
119677,0.13765341291824976,0.34760329127311707,0.684273865828437,3.2954009301114113,2,2,0,0,0,0,5,3,0.9862056970596313,0,0,0,0
259597,0.17368988444407782,0.4499872922897339,0.780215099746316,2.1557129781250053,7,18,0,0,0,0,8,1,0.9792816468647548,0,0,0,0
288882,0.1711797515551249,0.4821775456269582,0.7571888692391746,2.415915576772742,2,2,0,0,0,0,2,0,0.9563610851764679,0,0,0,0
490515,0.2091760883728663,0.6422306100527445,0.8672128123563306,1.2374862882874247,2,3,1,1,1,1,1,0,,0,0,0,0
448263,0.13656886418660483,0.3088199198246002,0.6114692736112304,4.272507228362976,3,15,1,0,1,1,3,1,0.8204882740974426,0,0,0,0
261732,0.15298905968666077,0.4290023346741994,0.7215587952335847,2.8345655047109175,4,4,0,0,0,0,4,0,0.9789618104696274,0,0,0,0
488075,0.13990706702073416,0.3749445180098216,0.6202162258516881,4.149137522190754,6,14,2,0,1,1,8,4,0.9804670214653015,0,0,0,0
553511,0.14552095284064612,0.4087624251842499,0.6848135496861272,3.2885531063464404,10,15,1,0,1,1,9,0,0.9823643101586236,0,0,0,0
504580,0.2059925595919291,0.669633130232493,0.8806044037866827,1.1043829404307557,2,3,0,0,0,0,2,0,0.9743105471134186,0,0,0,0
511999,0.14300797631343207,0.3908487757047017,0.6755289205452243,3.40712106712939,6,6,0,0,0,0,9,3,0.9907230138778687,0,0,0,0
175364,0.12537861615419388,0.2990094820658366,0.5961572490402659,4.492783416507308,5,18,0,0,0,0,8,3,0.9668510794639588,0,0,0,0
3845,0.11152912676334381,0.23361054559548697,0.5423035473733967,5.315151094043891,7,12,0,0,0,0,10,3,0.9841996005603245,0,0,0,0
45229,0.1427429442604383,0.3582247893015544,0.6095301765304306,4.300095770518841,3,22,0,0,0,0,5,2,0.9742522041002909,0,0,0,0
22479,0.12137092898289363,0.2988675038019816,0.532464887599914,5.474180513629754,2,4,0,0,0,0,2,0,0.9915263056755066,0,0,0,0
48564,0.1301144907871882,0.33443039655685425,0.6361687731715799,3.928553047613235,2,2,0,0,0,0,2,0,0.9710027277469635,0,0,0,0
357748,0.12323068330685298,0.32095032930374146,0.638158627015397,3.901427106621754,4,5,0,0,0,0,4,0,0.981070026755333,0,0,0,0
344100,0.12107213338216145,0.28406811753908795,0.6055910844435746,4.356410543523619,5,5,0,0,0,0,6,1,0.9926544785499573,0,0,0,0
189752,0.10690704484780629,0.2137801249821981,0.48300666204321496,6.320937580884747,9,13,1,0,1,1,9,1,0.9803446382284164,0,0,0,0
40471,0.13547766705354056,0.32872114578882855,0.5667993595511934,4.93141298301306,4,20,0,0,0,0,5,1,0.9716019034385681,0,0,0,0
460927,0.20030836760997772,0.5776740908622742,0.878392906480204,1.1262236010705526,1,1,0,0,0,0,1,0,0.9962009191513062,0,0,0,0
135410,0.15499700605869293,0.3548027475674947,0.5884297139770144,4.60610809583017,6,10,0,0,0,0,8,2,0.9739551643530527,0,0,0,0
129135,0.12262110163768132,0.319651464621226,0.6450175877793445,3.808568864771223,2,2,0,0,0,0,2,0,0.9768251478672028,0,0,0,0
282912,0.14881532142559686,0.38104310631752014,0.6408848585423487,3.8643997775302545,1,1,0,0,0,0,1,0,0.997991144657135,0,0,0,0
311303,0.11415007710456848,0.25620507697264355,0.574421424805527,4.815387402428948,6,8,0,0,0,0,6,0,0.98720982670784,0,0,0,0
145620,0.1928123583396276,0.5594515999158224,0.7780201052881914,2.180183599977477,5,5,0,0,0,0,6,1,0.9849381566047668,0,0,0,0
117744,0.1832329680522283,0.5075017809867859,0.7657110199654996,2.318702051571196,2,2,0,0,0,0,2,0,0.9782688021659851,0,0,0,0
5992,0.13415816177924475,0.349795530239741,0.6634484608731204,3.563856181771973,5,5,0,0,0,0,5,0,0.9870802760124207,0,0,0,0
575187,0.14531636238098145,0.3930710057417552,0.6640106592174623,3.5564989788393793,3,3,0,0,0,0,3,0,0.9828434586524963,0,0,0,0
530052,0.12085989614327748,0.2650541017452876,0.5502595909303372,5.18864758060555,3,13,2,0,2,1,1,0,0.9950585961341858,0,0,0,0
552842,0.19463394582271576,0.6522263487180074,0.85252343859251,1.3858734405753501,4,2,0,0,0,0,4,0,0.9678423553705215,0,0,0,0
546626,0.13759622474511465,0.35582958658536273,0.6241545818627269,4.0941567404576835,3,4,0,0,0,0,5,2,0.9768771131833395,0,0,0,0
404922,0.13161229342222214,0.29833229382832843,0.5509089375507904,5.1784036377575955,6,5,0,1,0,1,6,1,0.9918868541717529,0,1,0,1
442009,0.15422610690196356,0.44012219707171124,0.7200240807136637,2.8530595728696273,2,4,0,0,0,0,2,0,0.9738242030143738,0,0,0,0
333402,0.14475546032190323,0.4026445547739665,0.7260827122511766,2.780278070070209,4,5,0,0,0,0,6,2,0.97218818962574,0,0,0,0
492878,0.1291297972202301,0.22354780634244284,0.37589283032485754,8.49871915638332,8,8,3,1,2,1,4,0,0.9729307144880295,1,0,0,1
554291,0.13753816982110342,0.3501041928927104,0.6800680063477563,3.348953119263906,1,8,0,0,0,0,1,0,0.9931492805480957,0,0,0,0
288685,0.14864827692508698,0.41121814648310345,0.6694959236747169,3.4850412582064747,11,22,1,0,1,1,11,1,0.9887580633163452,0,0,0,0
326174,0.15960640211900076,0.49353767434755963,0.7455113032128916,2.550915350436429,10,12,0,0,0,0,17,7,0.9816802263259887,0,0,0,0
557884,0.16581234832604727,0.4395711620648702,0.7073427451401672,3.0074019290459426,0,1,0,0,0,0,0,0,,0,0,0,0
36844,0.12789792815844217,0.33168233434359234,0.6028409568447792,4.3959449902059475,7,14,0,0,0,0,9,2,0.9725583451134818,0,0,0,0
488166,0.14159194380044937,0.38844846685727435,0.6420878619912892,3.848110797902156,5,6,0,0,0,0,8,3,0.9889696955680847,0,0,0,0
233370,0.15517467508713403,0.42186721165974933,0.6751260722737128,3.412302398778993,2,2,0,0,0,0,2,0,0.9581060707569122,0,0,0,0
389933,0.12657731026411057,0.2835150510072708,0.5945480993155301,4.51626009854018,2,2,0,0,0,0,2,0,0.9954404532909393,0,0,0,0
417779,0.1456498975555102,0.42684410015741986,0.6637557158246219,3.5598345207585034,4,6,0,0,0,0,4,0,0.9832745641469955,0,0,0,0
131138,0.12118408580621083,0.301238755385081,0.5742412752624968,4.818111890761067,7,11,0,0,0,0,8,1,0.9786873289516994,0,0,0,0
535858,0.1975600173075994,0.6253337462743124,0.8394418272021594,1.5201878964262816,1,2,0,0,0,0,2,1,0.9904554486274719,0,0,0,0
233771,0.1188759555419286,0.2408731629451116,0.38106602200867823,8.379995472838047,14,17,1,0,0,1,17,4,0.9841624177419223,1,0,0,1
307172,0.11808556814988454,0.26538704832394916,0.599085802269412,4.450219452596415,4,5,0,0,0,0,4,0,0.9859689772129059,0,0,0,0
302107,0.15549379587173462,0.43015743295351666,0.6631146495624919,3.568227550525477,5,5,0,0,0,0,7,2,0.9592215061187744,0,0,0,0
268831,0.17985927561918894,0.49885303775469464,0.7355209250182251,2.6680993481734907,2,3,0,0,0,0,2,0,0.962937593460083,0,0,0,0
364557,0.17230830093224844,0.554822156826655,0.7939894847023199,2.0037049833471925,4,4,0,0,0,0,4,0,0.9875357449054718,0,0,0,0
535306,0.1518345202008883,0.432427038749059,0.7177554123853835,2.8804704786077124,2,2,0,0,0,0,4,2,0.9775553643703461,0,0,0,0
499181,0.13481464982032776,0.35355648398399353,0.6239537654532435,4.096951800981214,7,13,1,0,1,1,9,3,0.9841647942860922,0,0,0,0
546475,0.13825279722611108,0.33665868639945984,0.6506155317581238,3.733511465524348,2,3,0,0,0,0,3,1,0.9868460297584534,0,0,0,0
494634,0.12774614493052164,0.2795194685459137,0.5585048422376622,5.0594611439672486,3,8,1,0,1,1,2,0,0.9933708608150482,0,0,0,0
522889,0.1458201805750529,0.41866832971572876,0.6866381259785639,3.265441715775854,6,6,0,0,0,0,8,2,0.9912326037883759,0,0,0,0
182202,0.1357930302619934,0.34831828872362774,0.6944611075454081,3.167041427652782,1,4,0,0,0,0,1,0,0.9958044290542603,0,0,0,0
505451,0.23631455500920615,0.7427752017974854,0.9295989322163973,0.6340876761143228,1,2,0,0,0,0,1,0,0.9617258310317993,0,0,0,0
502229,0.12879729519287744,0.31772251923878986,0.5543531037869994,5.12427033083915,2,4,0,0,0,0,3,1,0.8186911940574646,0,0,0,0
64359,0.14357883234818777,0.4131039083003998,0.6911750423624534,3.2082390436838857,7,7,0,0,0,0,12,5,0.9885359406471252,0,0,0,0
468577,0.10739300896724065,0.2532792290051778,0.43811130666840564,7.168310770249173,2,2,0,0,0,0,3,1,0.9415316581726074,0,0,0,0
20333,0.13417482872804007,0.3478051920731862,0.6388908324572536,3.89146687162836,2,3,0,0,0,0,2,0,0.9890888929367065,0,0,0,0
91615,0.12736025204261145,0.33901485800743103,0.6327467636370716,3.9754013497285987,7,12,1,0,1,1,6,0,0.9836912155151367,0,0,0,0
368684,0.11512289196252823,0.2763313055038452,0.586442611130016,4.63548962455893,4,11,0,0,0,0,4,0,0.9925201833248138,0,0,0,0
424521,0.18576610585053763,0.5305919945240021,0.7537501741370057,2.45545149035639,2,2,0,0,0,0,2,0,0.9954762756824493,0,0,0,0
324818,0.15249336262543997,0.40204442540804547,0.6968746306030972,3.1369069096201345,2,2,0,0,0,0,5,3,0.9884611368179321,0,0,0,0
329080,0.13421189536650976,0.3600081702073415,0.6974784233256794,3.1293844571599894,2,3,0,0,0,0,2,0,0.9951950907707214,0,0,0,0
293300,0.14898788183927536,0.4208853244781494,0.7133627198734521,2.933791810138151,3,3,0,0,0,0,4,1,0.9945417841275533,0,0,0,0
336053,0.10319909453392029,0.19640721380710602,0.4475470699919687,6.983225635441878,15,25,0,0,0,0,17,2,0.9831035534540812,0,0,0,0
186938,0.15606538951396942,0.4385826687018077,0.7328313612296053,2.699919069622689,1,1,0,0,0,0,1,0,0.9974552989006042,0,0,0,0
403385,0.1367724115649859,0.367634783188502,0.6420125778735587,3.8491292689166583,2,2,0,0,0,0,2,0,0.9669474959373474,0,0,0,0
404568,0.18444183965524039,0.5787979265054067,0.8142037236752138,1.7853383150375755,1,1,0,0,0,0,1,0,0.9941048622131348,0,0,0,0
563267,0.1259579285979271,0.31073466936747235,0.6050777431942616,4.3637764318716545,6,9,0,0,0,0,7,1,0.98573899269104,0,0,0,0
405970,0.1504789118965467,0.39143505692481995,0.7069863946567281,3.0117788749067413,5,8,1,0,0,1,6,2,0.9829763174057007,0,0,0,0
290843,0.15727407733599344,0.39097946882247925,0.6445921597239767,3.8142996236757085,3,4,0,0,0,0,3,0,0.9873244961102804,0,0,0,0
317024,0.12976112961769104,0.3675956924756368,0.6581920164098599,3.6329477963531587,1,1,0,0,0,0,1,0,0.9957791566848755,0,0,0,0
302882,0.14218220859766006,0.3478863835334778,0.6755960896655175,3.406257455602662,2,2,0,0,0,0,2,0,0.980696439743042,0,0,0,0
511647,0.16906986385583878,0.5141552488009135,0.8007343317480623,1.930231011495277,2,2,0,0,0,0,2,0,0.9835472404956818,0,0,0,0
335427,0.1255398988723755,0.2610829770565033,0.5310199000024786,5.497784068038191,4,10,1,0,1,1,3,0,0.9835744301478068,1,0,1,1
459500,0.15300533920526505,0.43830827871958417,0.6733321471085462,3.4354130075795797,3,4,1,0,0,1,2,0,0.9930932223796844,0,0,0,0
476415,0.14144612600406012,0.3694903651873271,0.6650648361610083,3.5427202784681517,2,2,0,0,0,0,2,0,0.957839697599411,0,0,0,0
14038,0.1250337858994802,0.3272135903437932,0.5832270096596462,4.683247434730218,3,24,0,0,0,0,4,1,0.9700339833895365,0,0,0,0
404678,0.13254393140474954,0.30402633051077527,0.5616721134349038,5.010342759151029,13,24,1,0,1,1,15,3,0.9851342737674713,0,0,0,0
415748,0.162410835425059,0.43197434147198993,0.6940925951225042,3.1716517762544925,1,2,0,0,0,0,1,0,0.9939939379692078,0,0,0,0
23781,0.1355835720896721,0.2972319573163986,0.6004015812323487,4.431163453172967,5,7,0,0,0,0,8,3,0.9896525979042053,0,0,0,0
147745,0.13506027311086655,0.3735069731871287,0.711684643471513,2.9542481030915675,2,2,0,0,0,0,2,0,0.9948502480983734,0,0,0,0
242678,0.1471739560365677,0.41700353225072223,0.6819921944291751,3.3244119184755965,2,2,0,0,0,0,2,0,0.9831174612045288,0,0,0,0
50638,0.21098395685354868,0.6101799607276917,0.8405462827248698,1.508767363023952,2,2,0,0,0,0,4,2,0.9698818325996399,0,0,0,0
470121,0.10747179140647252,0.2283251037200292,0.5014970267893406,5.994632748496809,3,13,0,0,0,0,6,3,0.9949722687403361,0,0,0,0
384651,0.16436109940210977,0.4092109501361847,0.6930199315846242,3.18508549383201,1,2,0,0,0,0,1,0,0.980499804019928,0,0,0,0
365655,0.17708629866441092,0.5748404761155447,0.8441714028106864,1.4713872822457637,2,2,0,0,0,0,2,0,0.99083611369133,0,0,0,0
480842,0.14058977862199148,0.37963279088338214,0.6260838037060527,4.06735061850209,2,2,0,0,0,0,2,0,0.9722392559051514,0,0,0,0
23899,0.13572773337364197,0.3422101140022278,0.6318265365509648,3.988042755840169,4,9,1,0,1,1,3,0,0.9759602348009745,0,0,0,0
371472,0.13916075974702835,0.29677513241767883,0.5059625467527514,5.917632601568447,1,11,0,0,0,0,1,0,0.9799918532371521,0,0,0,0
182155,0.14307686438163122,0.34239716331164044,0.6644163369729248,3.5511939491580993,7,7,0,0,0,0,7,0,0.9825756209237235,0,0,0,0
222735,0.12085725863774617,0.3206288417180379,0.6053812241298292,4.359421055869682,4,5,1,0,1,1,3,0,0.9478750427563986,1,0,1,1
475064,0.13916619618733725,0.35411302248636883,0.6626656341079341,3.5741110274201504,2,4,0,0,0,0,2,0,0.990017831325531,0,0,0,0
429718,0.12306557347377141,0.31949790318806964,0.5397048505679027,5.35687357438563,2,2,0,0,0,0,3,1,0.9663875102996826,0,0,0,0
272136,0.1404922604560852,0.38392236828804016,0.6937247355099159,3.1762563996462734,2,2,1,0,1,1,1,0,0.9938011765480042,0,0,0,0
382122,0.18015602231025696,0.5593980054060618,0.818438112762631,1.7402830947865258,1,1,0,0,0,0,1,0,0.9760617017745972,0,0,0,0
529762,0.11910501370827357,0.2709307273228963,0.5698984147264595,4.884051021832688,5,7,0,0,0,0,6,1,0.9532796978950501,0,0,0,0
149622,0.16357605159282684,0.39246848225593567,0.6679334015254357,3.5053367622228278,2,2,0,0,0,0,2,0,0.9756359159946442,0,0,0,0
385029,0.11834355692068736,0.23407544692357382,0.5129702948388877,5.798155667006492,10,10,1,0,1,1,10,1,0.9865949683719211,1,0,1,1
323263,0.15414453049500784,0.4348912537097931,0.6721471562237323,3.450712689534339,5,7,0,0,0,0,5,0,0.9750717878341675,0,0,0,0
250205,0.16817495226860046,0.4946625828742981,0.741208253037035,2.6011950728564157,2,2,0,0,0,0,3,1,0.989567756652832,0,0,0,0
485480,0.22724954783916473,0.6743992368380228,0.899964872627479,0.9154888316973702,4,5,0,0,0,0,7,3,0.9841945320367813,0,0,0,0
351362,0.17696095009644827,0.5063472986221313,0.7335920941585584,2.6909071531351305,2,4,0,0,0,0,2,0,0.9869763255119324,0,0,0,0
315187,0.17167204121748605,0.5327351987361908,0.8065099599727729,1.8678052986806581,3,11,0,0,0,0,3,0,0.980913519859314,0,0,0,0
308545,0.144388717909654,0.40096644560496014,0.675575988335084,3.4065158948356498,3,4,0,0,1,1,5,2,0.9834457834561666,0,0,1,1
214192,0.17410655816396078,0.5139686266581217,0.7513506359017579,2.483146833834823,4,4,0,0,1,1,6,2,0.9539722204208374,0,0,1,1
166664,0.18101888398329416,0.5942022005716959,0.8400076180067277,1.5143355063032546,2,2,0,0,0,0,3,1,0.9800595343112946,0,0,0,0
313130,0.1253131479024887,0.3119151095549266,0.580335548769473,4.726416513522079,3,4,0,0,0,0,3,0,0.9030181964238485,0,0,0,0
133778,0.14236838867266974,0.38390738765398663,0.6454371763885729,3.8029204676591695,2,2,0,0,0,0,2,0,0.9931730031967163,0,0,0,0
192904,0.12792953352133432,0.31412380933761597,0.6365111886168554,3.923879157980184,5,7,0,0,0,0,8,3,0.9797259569168091,0,0,0,0
416885,0.11165754745403926,0.2346334159374237,0.5061861005220991,5.91379568807648,8,10,1,0,1,1,7,0,0.9339249644960675,0,0,0,0
142790,0.1808704286813736,0.543677012125651,0.777811747566924,2.182510036706055,3,4,1,1,2,1,3,1,0.9761168360710144,1,0,1,1
252216,0.14506454020738602,0.4261106352011363,0.7429626155666401,2.5806607708608684,2,1,0,0,0,0,2,0,0.9964466989040375,0,0,0,0
521956,0.1529940366744995,0.42297964294751483,0.7477782140018643,2.5245438373027245,2,2,0,0,0,0,3,1,0.9672842025756836,0,0,0,0
74733,0.09312602629264195,0.15559645493825278,0.2684416726174911,11.423001276545424,14,19,0,0,0,0,19,5,0.9846612300191607,0,0,0,0
542776,0.13619946191708246,0.3314140737056732,0.6027085643321103,4.397852745529759,3,4,0,0,0,0,3,0,0.9817938407262167,0,0,0,0
125072,0.25333547095457715,0.7471169829368591,0.9256738088245428,0.6708404820070029,4,6,0,0,0,0,4,0,0.9783379584550858,0,0,0,0
186345,0.1920226812362671,0.6756474773089091,0.8928444811723396,0.9844836296334736,6,8,0,0,0,0,7,1,0.9749432305494944,0,0,0,0
297830,0.13441374152898788,0.31298046310742694,0.5695122707451284,4.88993828298868,2,2,0,0,0,0,4,2,0.990789383649826,0,0,0,0
530820,0.15366865197817484,0.4847000439961751,0.7781959463816114,2.1782207152788593,2,2,0,0,0,0,3,1,0.9928610026836395,0,0,0,0
205333,0.2631653944651286,0.7972991069157919,0.95404363669881,0.40863521568551653,3,3,0,0,0,0,3,0,0.9516662160555521,0,0,0,0
432085,0.11622247099876404,0.29328790307044983,0.5929528962558047,4.539596106026717,5,5,1,0,0,1,5,1,0.9098302721977234,1,0,0,1
322429,0.10039131343364716,0.22567567229270935,0.4537666926727971,6.863347706231182,11,21,0,0,0,0,16,5,0.9849145629189231,0,0,0,0
23023,0.1390094334880511,0.3462989230950673,0.5860180126020474,4.641780694878895,2,2,0,0,0,0,2,0,0.9943734705448151,0,0,0,0
10363,0.1481455018122991,0.3811626434326172,0.6812096010442659,3.3343847934265156,3,4,0,0,0,0,4,1,0.9905502001444498,0,0,0,0
98839,0.12529537826776505,0.2982940375804901,0.6292268885318629,4.023854541969775,2,3,0,0,0,0,2,0,0.9839828908443451,0,0,0,0
172649,0.20010733107725778,0.6355885664621989,0.859869740855265,1.311346675417805,2,2,0,0,0,0,3,1,0.9657589793205261,0,0,0,0
348012,0.1504808043440183,0.3798786401748657,0.6815870476949545,3.3295734225752573,1,1,1,0,1,1,0,0,,0,0,0,0
557916,0.13507499049107233,0.3466900686422984,0.6604369555856329,3.603372664639469,3,4,0,0,0,0,4,1,0.9929664929707845,0,0,0,0
9590,0.1364289646347364,0.346046378215154,0.6047822516833478,4.368019247924229,17,29,3,0,2,1,18,4,0.9771132809775216,0,0,0,0
116068,0.1646124323209127,0.513208826382955,0.7900030655026691,2.0474244696769848,4,4,0,0,0,0,5,1,0.9726087301969528,0,0,0,0
226130,0.12848290552695593,0.291135440270106,0.6018757162174887,4.409863574623881,4,3,1,0,0,1,3,0,0.8510535359382629,0,0,0,0
562197,0.10114859168728192,0.16701854268709818,0.33221892474837106,9.57151263458047,2,1,0,0,0,0,2,0,0.9930365979671478,0,0,0,0
292024,0.1173183023929596,0.21167769034703574,0.3810042966283811,8.38140253417921,5,5,1,0,1,1,5,1,0.9874962121248245,0,0,0,0
522393,0.1445255478223165,0.4179828464984894,0.7746996359998565,2.217332961814118,3,4,0,0,0,0,3,0,0.980398416519165,0,0,0,0
357941,0.13110627482334772,0.3590519924958547,0.6706320553083324,3.4703138344038607,4,3,0,0,0,0,5,1,0.987840548157692,0,0,0,0
197004,0.1224755843480428,0.26348445812861127,0.5984264579881686,4.459784268639066,2,2,0,0,0,0,2,0,0.9925253093242645,0,0,0,0
136772,0.14879202097654343,0.3782469133536021,0.690876167501571,3.2119957700326003,3,2,0,0,0,0,3,0,0.9832622408866882,0,0,0,0
84664,0.1051342065135638,0.1903308629989624,0.3383673249233248,9.412231641421808,3,4,0,0,0,0,3,0,0.9872927069664001,0,0,0,0
15079,0.1433459868033727,0.3367597659428914,0.6731850692338777,3.437310498643411,3,3,0,0,0,0,4,1,0.972502589225769,0,0,0,0
330790,0.12830394009749094,0.28792404135068256,0.617732809302064,4.183986632127851,3,3,0,0,0,0,3,0,0.9777906934420267,0,0,0,0
56288,0.11173423876365025,0.2432097146908442,0.5600462466116779,5.03552218062683,3,3,0,0,0,0,3,0,0.9881573915481567,0,0,0,0
455219,0.16612093150615692,0.5245543022950491,0.7355521564608889,2.6677305386728993,4,4,0,0,0,0,7,3,0.9877031445503235,0,0,0,0
357459,0.1637448569138845,0.4868878821531932,0.7438084287589416,2.570778091394728,2,3,0,0,0,0,3,1,0.9773632884025574,0,0,0,0
8899,0.13741175333658853,0.3672123849391937,0.5711935281422387,4.864334438784576,2,2,1,0,1,1,1,0,0.9768761396408081,0,0,0,0
425361,0.12075059115886688,0.2433774769306183,0.5270364684558614,5.563186652061324,4,9,0,0,0,0,6,2,0.9852935969829559,0,0,0,0
491366,0.13976741333802542,0.3458364009857178,0.6068305631114036,4.338651080568087,6,10,1,0,0,1,6,1,0.9413982987403869,0,0,0,0
376478,0.13281845053037009,0.33069151639938354,0.6278306065054614,4.043150328551601,1,1,0,0,0,0,1,0,0.990169882774353,0,0,0,0
269196,0.1530064344406128,0.37366925676663715,0.657254042026193,3.645334687185178,6,5,0,1,1,1,6,0,0.9822462439537049,0,0,0,0
469174,0.20027132332324982,0.6663775245348612,0.8646824929748668,1.2628666798926491,1,1,0,0,0,0,1,0,0.9921872615814209,0,0,0,0
528578,0.18487095336119333,0.6229375302791595,0.8900399073988352,1.0118104025053136,2,13,0,0,0,0,2,0,0.9869637787342072,0,0,0,0
226903,0.13198994596799216,0.3151919444402059,0.5320158414906935,5.481508716145519,6,21,1,0,1,1,7,2,0.9817051410675048,0,0,0,0
514508,0.11585666735967,0.24892843763033548,0.5521513409428381,5.158837375563183,5,5,0,0,0,0,7,2,0.983984625339508,0,0,0,0
515828,0.17917275925477347,0.536757230758667,0.7623119923766637,2.357344960704758,5,10,0,0,0,0,6,1,0.9936857223510742,0,0,0,0
229358,0.14175415287415186,0.3667746086915334,0.6551381406713518,3.6733423236516294,4,10,1,0,1,1,4,1,0.9755115111668905,1,0,1,1
328683,0.15174046655495962,0.3818650543689728,0.6317297249509831,3.989373752963749,1,2,0,0,0,0,2,1,0.9946507811546326,0,0,0,0
432468,0.13080284496148428,0.31169183055559796,0.643768497646062,3.8254055804457905,2,2,0,0,0,0,2,0,0.9950805008411407,0,0,0,0
221502,0.18797036508719125,0.550819476445516,0.8462375836525223,1.4501538081626721,3,2,1,0,1,1,2,0,0.9734990894794464,0,0,0,0
406997,0.12732133020957312,0.29409425954024,0.557350885368433,5.0774260929088495,7,7,0,0,0,0,7,0,0.9777058448110308,0,0,0,0
296317,0.18322756389776865,0.5833852787812551,0.783497656065085,2.1192459688349987,2,3,0,0,0,0,2,0,0.9801522791385651,0,0,0,0
446207,0.13388466338316599,0.3279225130875905,0.6305118278239975,4.006135240961075,1,1,1,0,1,1,0,0,,0,0,0,0
104603,0.18275944888591766,0.5863664547602335,0.7898366827864205,2.0492539994352073,2,2,1,0,1,1,1,0,0.9934144616127014,1,0,1,1
311789,0.14878113071123758,0.3560526669025421,0.679408572235701,3.357379556997879,2,2,0,0,0,0,2,0,0.9822995364665985,0,0,0,0
215644,0.14290963610013327,0.40312597155570984,0.6478386343154825,3.770663121894662,2,9,0,0,0,0,3,1,0.9867757558822632,0,0,0,0
407868,0.1489110936721166,0.4625591238339742,0.6877813431519297,3.2509921816805516,7,8,0,0,0,0,9,2,0.9776108946119036,0,0,0,0
417465,0.15981674691041312,0.40287380417188007,0.7207570092083654,2.8442225099580716,1,1,0,0,0,0,1,0,0.9899115562438965,0,0,0,0
187585,0.14320326844851175,0.40555933117866516,0.7181801877643044,2.8753315960986208,2,2,0,0,0,0,4,2,0.9865292012691498,0,0,0,0
449603,0.19543888171513876,0.6129556596279144,0.8323491805493489,1.5938888738872816,1,2,0,0,0,0,1,0,0.9897522926330566,0,0,0,0
474078,0.13804224381844202,0.3984723587830861,0.6377532708418493,3.906946106972663,6,8,0,0,0,0,8,2,0.9832669496536255,0,0,0,0
43435,0.15327064196268717,0.4561322530110677,0.6764860723404807,3.3948228066912653,3,5,1,0,1,1,2,0,0.9843378365039825,0,0,0,0
466416,0.1640940954287847,0.4843892951806386,0.7720263126866646,2.2473579502831686,3,14,0,0,0,0,3,0,0.9729385177294413,0,0,0,0
12280,0.17804951965808868,0.46079354484875995,0.6926614091099659,3.1895801588400206,2,5,0,0,0,0,3,1,0.9808264672756195,0,0,0,0
350148,0.09898761659860611,0.20812003314495087,0.44711669586386643,6.991582255237568,10,20,0,1,0,1,13,3,0.9858928587701585,0,0,0,0
216497,0.1445246363679568,0.4021523594856262,0.6736365277890262,3.4314874269883147,5,8,0,0,0,0,7,2,0.9891278266906738,0,0,0,0
286458,0.13088008016347885,0.3046431640783946,0.5947648158261487,4.513094614182197,5,5,1,0,1,1,4,0,0.9052287638187408,0,0,0,0
431693,0.1535844306151072,0.4601718882719676,0.7294879824117385,2.7396371656164265,4,5,0,0,0,0,4,0,0.9848177582025528,0,0,0,0
217753,0.09600612024466197,0.20652325451374054,0.4459055163118629,7.015143098915734,3,18,1,0,1,1,3,1,0.9944293200969696,0,0,0,0
521601,0.17413946986198425,0.4812988340854645,0.7686159005664314,2.28581270821062,0,2,0,0,0,0,1,1,,0,0,0,0
518770,0.1546326627333959,0.42469407121340436,0.6709823902956462,3.465777551844744,11,22,0,1,1,1,16,5,0.9699343323707581,0,1,1,1
467848,0.14955833554267883,0.4251413842042287,0.6865468224312054,3.266596771455727,3,3,0,0,0,0,4,1,0.9886963367462158,0,0,0,0
465822,0.12370141843954723,0.31715912620226544,0.5593978617781633,5.045583959851845,19,25,1,1,2,1,20,3,0.9874475598335266,0,1,1,1
420230,0.14462090531984964,0.3703627685705821,0.6942038491741399,3.170259652230358,1,1,0,0,0,0,1,0,0.9963750243186951,0,0,0,0
132375,0.1204310009876887,0.26482371985912323,0.5718709601351578,4.854039131254647,6,7,1,0,1,1,6,1,0.9805348992347718,0,0,0,0
501005,0.17880889276663461,0.5243498682975769,0.7863184769560371,2.0880303827508158,5,5,0,0,0,0,8,3,0.9832315087318421,0,0,0,0
520264,0.13002999126911163,0.3150969247023265,0.5787937949998028,4.749522668260787,13,18,2,0,2,1,13,2,0.9776353240013123,0,0,0,0
576566,0.1554781918724378,0.4225052793820699,0.6754404038447998,3.4082592814148405,3,4,0,0,0,0,3,0,0.9875816901524862,0,0,0,0
578922,0.08957565451661746,0.17225776116053262,0.31904684152034585,9.922911008424634,2,7,0,0,0,0,3,1,0.9903369247913361,0,0,0,0
309964,0.12859666595856348,0.30468348662058514,0.6056517537277724,4.355540417912477,7,5,0,0,0,0,8,1,0.97053952727999,0,0,0,0
167353,0.1647669052084287,0.42092451453208923,0.7135644944894945,2.931335353998346,1,1,1,0,0,1,0,0,,0,0,0,0
160864,0.151420496404171,0.3795877993106842,0.6715549955361522,3.458368318732456,13,18,0,0,0,0,15,2,0.9860206842422485,0,0,0,0
504635,0.1526751791437467,0.4774635235468547,0.7355512897003652,2.6677407739643346,4,4,0,0,0,0,6,2,0.9866638779640198,0,0,0,0
167122,0.1511446957786878,0.4365786512692769,0.7159933155344365,2.901820644347355,1,6,0,0,0,0,1,0,0.9775795936584473,0,0,0,0
84492,0.15847542881965637,0.41338370243708294,0.6587991955949878,3.6249387956580303,5,7,0,0,0,0,5,0,0.9767597675323486,0,0,0,0
297085,0.12765547384818396,0.3271199365456899,0.5981139645689966,4.464321154083286,1,6,0,0,0,0,1,0,0.978545069694519,0,0,0,0
308753,0.17083377639452615,0.5128043095270792,0.709609284454326,2.9796142175034106,1,1,0,0,0,0,2,1,0.9895331859588623,0,0,0,0
136715,0.12838560591141382,0.29496904214223224,0.5756141891252308,4.797370181336896,6,20,0,0,0,0,9,3,0.9736151595910391,0,0,0,0
159282,0.15599936246871948,0.3649170696735382,0.6609973009749942,3.5960062769758383,2,2,1,0,0,1,2,1,0.9954149127006531,0,0,0,0
38576,0.13277040421962738,0.3390907247861226,0.6231018151237587,4.108819672478698,6,4,2,0,2,1,4,0,0.9855612218379974,0,0,0,0
474170,0.18157164752483368,0.590664009253184,0.789747491460248,2.050234898116343,2,2,0,0,0,0,3,1,0.9913797676563263,0,0,0,0
387148,0.18237575888633728,0.6020538806915283,0.8185935923026245,1.7386331840056375,13,14,1,0,1,1,12,0,0.975451335310936,0,0,0,0
415990,0.16176349421342215,0.5626804828643799,0.7829774281623636,2.125015153881476,11,16,0,0,0,0,12,1,0.9712583422660828,0,0,0,0
351096,0.139546200633049,0.3200973868370056,0.5789444051190891,4.7472627741297275,2,2,1,0,1,1,1,0,0.9711852073669434,1,0,1,1
53909,0.12115394820769627,0.25112734735012054,0.495700533934895,6.095612266042485,3,2,0,0,0,0,3,0,0.8926392396291097,0,0,0,0
208423,0.1525860751668612,0.4170890748500824,0.6851110672987821,3.2847803364326937,10,19,1,0,1,1,13,4,0.966990225844913,0,0,0,0
7386,0.15222573777039847,0.3844705323378245,0.6877248734704937,3.2517053582772064,3,5,1,0,1,1,2,0,0.9860897958278656,0,0,0,0
273642,0.1267088601986567,0.27297476927439374,0.5342010871238662,5.445904650088657,2,2,1,0,1,1,2,1,0.9924970865249634,0,0,0,0
166478,0.140658900141716,0.3398168683052063,0.6540819739121881,3.6873563917175822,5,8,0,0,0,0,6,1,0.9919440627098084,0,0,0,0
272416,0.12993478029966354,0.3665100932121277,0.6557904798249928,3.6646978463334716,1,1,0,0,0,0,1,0,0.9952770471572876,0,0,0,0
301376,0.16500738263130188,0.41228847702344257,0.6339238805345581,3.9592577524123636,13,21,0,1,0,1,15,3,0.9644887795050939,0,0,0,0
499031,0.13886863241593042,0.3231242100397746,0.6055705101190922,4.3567056425635,4,4,0,0,0,0,4,0,0.9936870485544205,0,0,0,0
229553,0.15335902820030847,0.47399306297302246,0.7719249339967117,2.248498613391203,2,2,0,0,0,0,2,0,0.979126363992691,0,0,0,0
544306,0.16418732206026712,0.5379472970962524,0.7866714174385127,2.0841325800478754,2,2,0,0,0,0,2,0,0.9895420074462891,0,0,0,0
532530,0.1575731337070465,0.4434656898180644,0.7302996674052076,2.7299779429183877,3,6,0,0,0,0,3,0,0.919832448164622,0,0,0,0
103585,0.16475043694178262,0.4687255521615346,0.6810180895521849,3.3368270396193926,4,4,0,0,0,0,4,0,0.9882409870624542,0,0,0,0
129322,0.15763253966967264,0.4610620935757955,0.6890801075710179,3.2346057431613335,1,1,0,0,0,0,2,1,0.9830166101455688,0,0,0,0
196009,0.12188752740621567,0.2781192859013875,0.5802247760622994,4.728074608309147,3,3,2,0,2,1,2,1,0.9016784429550171,0,0,0,0
248752,0.17577917873859406,0.5058674812316895,0.7571944953677748,2.4158510383827236,2,2,0,0,0,0,2,0,0.9721225798130035,0,0,0,0
353970,0.13569688548644385,0.3172359565893809,0.6237151723648218,4.100273825272887,2,2,0,0,0,0,3,1,0.9833382070064545,0,0,0,0
509014,0.21303197741508484,0.6296425263086954,0.8556876509117443,1.353694712080108,7,21,1,0,0,1,8,2,0.9831317563851675,0,0,0,0
482275,0.12563362220923105,0.30930285652478534,0.5483985191017001,5.218074533041755,17,19,2,0,1,1,15,0,0.9814187248547872,0,0,0,0
158548,0.16784639656543732,0.5488851269086202,0.782519765062286,2.1300936826826007,4,19,0,0,0,0,4,0,0.9854653179645538,0,0,0,0
328601,0.1496128042538961,0.3868236740430196,0.6934709780594089,3.1794341909456043,3,3,1,0,1,1,2,0,0.9930518269538879,0,0,0,0
120584,0.15080798665682474,0.4460270007451375,0.7097118329036675,2.978359075866763,2,1,1,0,0,1,1,0,0.9880183935165405,1,0,0,1
477288,0.10917539894580841,0.2090620150168737,0.4398326797124473,7.134250111077334,10,15,0,0,0,0,12,2,0.9843535542488098,0,0,0,0
98018,0.14852877954641977,0.3904934823513031,0.655147545730829,3.6732176312894866,0,5,0,0,0,0,0,0,,0,0,0,0
47010,0.16057641307512918,0.46448654929796857,0.6912742853323128,3.2069919621919785,3,4,0,0,0,0,5,2,0.9943274656931559,0,0,0,0
462031,0.1500657523671786,0.38874682784080505,0.6847296283343781,3.289617595020005,3,3,0,0,0,0,4,1,0.9884592294692993,0,0,0,0
163314,0.1571390281120936,0.4482561449209849,0.7123698423914206,2.94588948659646,8,21,0,0,0,0,9,1,0.9721521884202957,0,0,0,0
281693,0.14363780617713928,0.4271393616994222,0.7087514593185117,2.99012067772467,5,6,0,0,0,0,6,1,0.9854860544204712,0,0,0,0
872,0.1351304550965627,0.3442205886046092,0.5685606668389467,4.904463764021701,3,4,0,0,0,0,3,0,0.9597807129224142,0,0,0,0
230362,0.16219855348269144,0.45367492238680523,0.7393878311132018,2.622554026945461,3,13,0,0,0,0,3,0,0.9862038294474283,0,0,0,0
455872,0.16250589986642203,0.4747527440388997,0.7427184388909336,2.5835158812092294,2,2,1,0,0,1,1,0,0.9804604053497314,0,0,0,0
562059,0.11136851211388905,0.2435066650311152,0.5568738060732757,5.084864194741278,5,6,0,0,0,0,6,1,0.9882952213287354,0,0,0,0
67534,0.1667209342122078,0.43446460366249084,0.7388485923447815,2.6288909951928834,3,3,1,0,1,1,2,0,0.9884120523929596,0,0,0,0
119445,0.16126360495885214,0.475450078646342,0.7238300594295873,2.807267706862921,6,6,0,0,0,0,7,1,0.9857911765575409,0,0,0,0
193494,0.14257262150446573,0.35750364263852435,0.6516968363910141,3.719087744926445,1,1,0,0,0,0,1,0,0.9919009804725647,0,0,0,0
274272,0.12807461619377136,0.35278041164080304,0.6555069976380877,3.668453355774301,6,9,0,0,0,0,6,0,0.9619314869244894,0,0,0,0
11511,0.14126656452814737,0.34381155172983807,0.6240831560855328,4.095150776128673,8,10,0,0,0,0,13,5,0.9679356962442398,0,0,0,0
144706,0.1546419362227122,0.4422643681367238,0.7086731756165323,2.991080112998736,3,7,0,0,0,0,3,0,0.9802872538566589,0,0,0,0
427077,0.17547630767027536,0.4736652572949727,0.7171250694855481,2.8881019005741932,2,2,0,0,0,0,3,1,0.9601286947727203,0,0,0,0
377882,0.14374405145645142,0.36091503500938416,0.6195163828180089,4.158944088474012,0,14,0,0,0,0,0,0,,0,0,0,0
473118,0.15939709544181824,0.40987007816632587,0.6819553727784896,3.3248808936795027,3,3,0,0,0,0,4,1,0.9864779909451803,0,0,0,0
507893,0.18489223718643188,0.5252702633539835,0.7471681229663372,2.531633300739515,1,2,0,0,0,0,1,0,0.9911588430404663,0,0,0,0
516143,0.13807978481054306,0.4235873321692149,0.7218912709183258,2.830564192543921,2,2,0,0,0,0,2,0,0.9930807650089264,0,0,0,0
42276,0.13839559257030487,0.31747053066889447,0.5441559786518289,5.285531897280786,1,2,0,0,0,0,3,2,0.9807954430580139,0,0,0,0
172946,0.1375224788983663,0.2609768956899643,0.49903076600561197,6.037453572719359,14,21,2,0,2,1,13,1,0.9659971048434576,0,0,1,1
135902,0.13888109972079596,0.39466892679532367,0.7036197231158727,3.053239907306397,3,3,0,0,0,0,4,1,0.9916056394577026,0,0,0,0
252332,0.12093921502431233,0.33732027808825177,0.6319382810861086,3.9865067094351736,1,1,1,0,1,1,0,0,,0,0,0,0
541952,0.18604467312494913,0.5697478652000427,0.7898146851062188,2.0494959128427115,1,1,0,0,0,0,2,1,0.980449378490448,0,0,0,0
369370,0.1076927420993646,0.22872787217299143,0.4978267094097942,6.0584361265007844,4,7,0,0,0,0,5,1,0.9915270805358887,0,0,0,0
236592,0.13781477510929108,0.3594458798567454,0.6793050238922546,3.3587034702753837,2,2,0,0,0,0,2,0,0.9902999699115753,0,0,0,0
127624,0.1513389845689138,0.37659987807273865,0.6337412632301114,3.96176029619721,1,1,0,0,0,0,1,0,0.9553456902503967,0,0,0,0
140076,0.12885960191488266,0.34527788559595746,0.6538519375464202,3.690411699770839,10,21,0,0,0,0,12,2,0.9815089404582977,0,0,0,0
565469,0.17646929124991098,0.5276039938131968,0.7738052992440934,2.227366008589415,1,1,0,0,0,0,1,0,0.9880987405776978,0,0,0,0
483531,0.1369463950395584,0.38343124588330585,0.689249658176884,3.2324688120804765,1,1,0,0,0,0,1,0,0.682835042476654,0,0,0,0
134882,0.09767384330431621,0.22040051718552908,0.44742888589544033,6.985519627852811,4,17,0,0,0,0,6,2,0.9662116169929504,0,0,0,0
201148,0.18668182690938315,0.562812864780426,0.8490396370143295,1.421440689001294,2,4,0,0,0,0,3,1,0.9700210094451904,0,0,0,0
462629,0.1372589891155561,0.35365164279937744,0.6080192124371658,4.321653949952624,12,9,1,2,1,1,15,5,0.986547225051456,0,0,0,0
231831,0.12192077189683914,0.25299788514773053,0.5082294781411367,5.878802975293817,2,9,1,0,0,1,1,0,0.9965633153915405,0,0,0,0
66886,0.1452844242254893,0.3561349113782247,0.6820235903263081,3.3240120678277076,1,1,0,0,0,0,1,0,0.9990273118019104,0,0,0,0
349480,0.1139022633433342,0.24419202903906503,0.5183409597761566,5.707689429155341,9,17,3,0,1,1,6,0,0.9738788306713104,0,0,0,0
54605,0.09519325196743011,0.17016640802224478,0.31802242821995436,9.950845014859201,9,15,1,1,1,1,9,2,0.9790716767311096,0,1,0,1
57149,0.1507869859536489,0.4479568799336751,0.7130342142750768,2.937792608730901,3,6,0,0,0,0,4,1,0.9741974075635275,0,0,0,0
553094,0.1989574283361435,0.6333686113357544,0.8788780788069328,1.1214273534482209,1,1,0,0,0,0,1,0,0.9943588972091675,0,0,0,0
105014,0.11798427750666936,0.25927209357420605,0.5647411550648828,4.963011244861867,4,6,0,0,0,0,6,2,0.9678458571434021,0,0,0,0
203629,0.13309426108996072,0.3446250061194102,0.614971448033144,4.222900944638074,12,14,4,0,2,1,8,0,0.9800184443593025,2,0,1,1
322724,0.18615752458572388,0.5964275598526001,0.8123115211566354,1.8055477409448086,2,3,0,0,0,0,2,0,0.9825699031352997,0,0,0,0
414510,0.13311558961868286,0.36482064922650653,0.6173295072901523,4.189659280129049,9,13,1,0,0,1,9,1,0.932319201529026,0,0,0,0
555597,0.14592461784680685,0.3891494870185852,0.6488899231418921,3.7565794022572474,10,16,2,0,2,1,10,2,0.9819810017943382,1,0,1,1
290248,0.1277338763078054,0.3374391446510951,0.5508776830327571,5.178896425180007,15,26,2,1,0,1,16,3,0.9863537549972534,0,0,0,0
58636,0.1408271292845408,0.35339194536209106,0.650680489108295,3.7326443109858127,0,0,0,0,0,0,0,0,,0,0,0,0
568584,0.1443937843044599,0.35149959723154706,0.6479687287011583,3.7689190579040432,2,4,0,0,0,0,2,0,0.9823524355888367,0,0,0,0
33368,0.17476223409175873,0.5575777093569437,0.7936032020784286,2.0079317706514814,2,3,0,0,0,0,2,0,0.9858097434043884,0,0,0,0
350405,0.19720838963985443,0.6256717244784037,0.8622022959857663,1.2878164996815573,3,3,0,0,0,0,3,0,0.9850492080052694,0,0,0,0
193162,0.16517519454161325,0.5275126993656158,0.7704749445839111,2.264829594612115,5,5,1,0,0,1,5,1,0.974788561463356,0,0,0,0
435205,0.15384441862503687,0.39229823152224225,0.6901807254383661,3.2207434668901493,3,2,0,0,0,0,6,3,0.9826149543126425,0,0,0,0
140286,0.1368874435623487,0.3715004126230876,0.6497391917725508,3.745218722651545,2,3,0,0,0,0,3,1,0.9937016367912292,0,0,0,0
300842,0.15143841256697974,0.4236419200897217,0.7447498122757106,2.559791951654369,2,1,1,0,1,1,1,0,0.9730384349822998,0,0,0,0
341469,0.12665545443693796,0.2670576224724452,0.540211350240435,5.348725904081901,9,13,1,1,1,1,9,1,0.9838226863316127,0,0,0,0
351559,0.19546627501646677,0.6083653569221497,0.8925631363926495,0.9872210770407992,1,1,0,0,0,0,2,1,0.9615586400032043,0,0,0,0
59635,0.1420325463016828,0.34891238808631897,0.5340721532621437,5.448001314605993,19,25,4,0,3,1,18,3,0.9658570329348246,0,0,0,0
40757,0.14694575468699136,0.3819277385870616,0.6482074883833132,3.7657191222080493,1,3,0,0,0,0,2,1,0.9976129531860352,0,0,0,0
178469,0.1130245899160703,0.24659321705500284,0.5578118052906812,5.070245974997544,3,7,1,0,0,1,4,2,0.9886642396450043,0,0,0,0
92416,0.12746915966272354,0.33098067839940387,0.603060849985978,4.392777290204223,8,8,0,1,1,1,10,3,0.9751842362540108,0,0,0,0
500826,0.17843363185723624,0.5449778536955515,0.7867289628453166,2.0834972261237743,1,1,1,0,1,1,0,0,,0,0,0,0
260470,0.12522642066081366,0.28374889492988586,0.5647000333105151,4.963643732899303,11,22,3,0,2,1,10,2,0.981542557477951,0,0,0,0
329614,0.21701012551784515,0.6187810897827148,0.8702662329810441,1.206957342411166,10,11,1,0,1,1,11,2,0.9755269024107192,0,0,0,0
527029,0.09974244236946106,0.18879567086696625,0.35657795137805387,8.95691028944363,2,15,1,0,0,1,1,0,0.9948147535324097,0,0,0,0
85089,0.14431415994962057,0.3266799946626027,0.6299155160955432,4.014353879305697,7,7,0,1,1,1,8,2,0.9878479441006979,0,0,0,0
306139,0.1289271886150042,0.29245035847028095,0.5562682987636834,5.094313788215547,18,26,2,0,1,1,20,4,0.9794321320950985,0,0,0,0
194940,0.12179932494958241,0.30195186535517377,0.605330046313603,4.36015537605778,5,12,0,0,0,0,6,1,0.9862956881523133,0,0,0,0
355905,0.15499208867549896,0.4639548162619273,0.7514054139543735,2.482513602486508,1,1,0,0,0,0,1,0,0.9983973503112793,0,0,0,0
209829,0.17893252770105997,0.5594390531380972,0.7659914915070736,2.3155210880802954,3,4,0,0,0,0,4,1,0.988416850566864,0,0,0,0
255718,0.14513321965932846,0.37312740087509155,0.6205935278517702,4.143855159404421,1,1,1,0,1,1,0,0,,0,0,0,0
540414,0.1272937779625257,0.35967370867729187,0.5817135803001291,4.705815946636581,20,23,1,2,1,1,22,4,0.9541770114618189,0,0,0,0
460682,0.2693687081336975,0.7761622865994772,0.9464570048521567,0.477982203038534,1,1,0,0,0,0,1,0,0.8854637145996094,0,0,0,0
265816,0.1545595129330953,0.4197144607702891,0.7051730054494685,3.0340864234477376,3,5,0,0,0,0,5,2,0.9898234009742737,0,0,0,0
104198,0.16082022587458292,0.4622270166873932,0.7293460867590696,2.741326857417757,1,1,0,0,0,0,1,0,0.993733823299408,0,0,0,0
139871,0.15903939555088678,0.5025010804335276,0.8013036283834398,1.9240578145081728,1,1,0,0,0,0,1,0,0.9932244420051575,0,0,0,0
419098,0.12120483815670013,0.2616988867521286,0.4885416369601644,6.22196833464815,0,3,0,0,0,0,0,0,,0,0,0,0
147338,0.13594858845074972,0.33710160851478577,0.6056337928903033,4.355798005155237,4,6,0,0,0,0,5,1,0.9888021647930145,0,0,0,0
567825,0.13916505376497904,0.3394625782966614,0.6274654661868012,4.048203429041175,3,3,0,0,0,0,3,0,0.970463216304779,0,0,0,0
217285,0.12295805662870407,0.3121017316977183,0.5905445960410811,4.57494600560746,10,24,1,0,1,1,11,2,0.982218775484297,0,0,0,0
231169,0.1682407706975937,0.4730345805486043,0.7353076597725468,2.670618198323308,1,1,0,0,0,0,1,0,0.9871315360069275,0,0,0,0
199236,0.14207619925340018,0.3911982675393422,0.6841129580457451,3.2974436671860814,4,14,0,0,0,0,5,1,0.9818889051675797,0,0,0,0
71711,0.1485336795449257,0.4014073709646861,0.6887271976148566,3.2390553305410634,9,15,1,0,1,1,9,1,0.9690669178962708,0,0,0,0
127955,0.14648632953564325,0.42254238327344257,0.7303897227369424,2.7289069271650916,2,2,0,0,0,0,2,0,0.9896900355815887,0,0,0,0
158945,0.14137466500202814,0.3625468909740448,0.6169735183620542,4.194669525689995,4,4,0,0,0,0,6,2,0.9788434505462646,0,0,0,0
242411,0.16101120163997015,0.43846335013707477,0.6465715994189225,3.7876675127858936,9,10,2,0,0,1,9,2,0.9871693594115121,0,0,0,0
253002,0.15352613727251688,0.40858681003252667,0.733231753751699,2.6951747099703094,0,1,0,0,0,0,0,0,,0,0,0,0
6954,0.1281164214015007,0.34479856491088867,0.6134536632084641,4.244364716534912,7,7,1,0,1,1,7,1,0.9858145614465078,1,0,1,1
376442,0.153086485962073,0.39031607906023663,0.6507781424153671,3.7313408414339304,1,2,0,0,0,0,1,0,0.9942327737808228,0,0,0,0
147725,0.16831538081169128,0.5112155377864838,0.7925345751181958,2.0196356432641673,8,10,0,0,0,0,9,1,0.9768762141466141,0,0,0,0
22589,0.15257322788238525,0.418832669655482,0.65802407739567,3.6351643013145534,2,2,0,0,0,0,2,0,0.9918707609176636,0,0,0,0
416170,0.16889766355355582,0.47455740968386334,0.6889491582611755,3.236256522698601,1,2,0,0,0,0,1,0,0.9916695952415466,0,0,0,0
441553,0.12505455315113068,0.3323066433270772,0.6087651124777608,4.311004887316771,11,17,0,0,0,0,16,5,0.9807006662542169,0,0,0,0
2157,0.11473913739124934,0.2552732527256012,0.553762950170178,5.133522086829055,10,16,0,1,2,1,11,2,0.9818251861466302,0,0,0,0
90003,0.16282240549723306,0.5149896442890167,0.7267941948259721,2.77177100441588,3,3,0,0,0,0,4,1,0.9781034390131632,0,0,0,0
438876,0.16506125529607138,0.48281721274058026,0.7590573325799412,2.394508400858697,3,3,0,0,0,0,3,0,0.9844822287559509,0,0,0,0
435299,0.1401220460732778,0.37354016304016113,0.6988285916132081,3.112586695252495,2,2,0,0,0,0,2,0,0.981653094291687,0,0,0,0
119233,0.13751189162333807,0.3245040575663249,0.6032335117011062,4.390290798249693,4,9,0,0,0,0,4,0,0.9879277497529984,0,0,0,0
267191,0.12164503087600072,0.28514453768730164,0.5917394362260369,4.557389727705207,5,5,0,0,0,0,5,0,0.9813074588775634,0,0,0,0
166166,0.1345867762962977,0.31470316648483276,0.5895295085834756,4.58988903294756,5,9,0,0,0,0,7,2,0.9888223886489869,0,0,0,0
182923,0.12250202894210815,0.32004741827646893,0.5616404341957933,5.010832671554098,10,15,0,0,0,0,12,2,0.9865250170230866,0,0,0,0
84477,0.1659811089436213,0.4990776975949605,0.7829569147266998,2.125242720815037,3,3,0,0,0,0,4,1,0.9717987179756165,0,0,0,0
518326,0.12402206659317017,0.31024352709452313,0.5970378281251019,4.479963024798622,4,5,1,0,1,1,4,1,0.9834256768226624,1,0,1,1
133233,0.1850068469842275,0.5456763108571371,0.8188677072849714,1.7357251061076806,1,13,0,0,0,0,1,0,0.9759229421615601,0,0,0,0
64898,0.19351889689763388,0.6577068765958151,0.8607176761321055,1.3027855610467574,4,4,1,0,1,1,3,0,0.980349063873291,1,0,1,1
210299,0.17636485397815704,0.5619672437508901,0.7718456366744202,2.2493909322418255,2,2,0,0,0,0,3,1,0.9920942187309265,0,0,0,0
360097,0.14221100757519403,0.3799566825230916,0.688832200942417,3.2377311810088676,1,14,0,0,0,0,1,0,0.9938972592353821,0,0,0,0
54628,0.11962245404720306,0.2530478934446971,0.4834197126029478,6.313512883278475,4,23,0,0,0,0,5,1,0.9667563438415527,0,0,0,0
508586,0.2023206353187561,0.5959625840187073,0.844599192562999,1.4669867619305252,6,10,0,0,0,0,7,1,0.9649741848309835,0,0,0,0
258883,0.1265373875697454,0.28308310111363727,0.5707550808103591,4.871004275402596,4,6,0,0,0,0,5,1,0.9896188974380493,0,0,0,0
180798,0.12521684169769287,0.31377379099527997,0.628233909722401,4.037572514182771,1,1,0,0,0,0,1,0,0.8984552621841431,0,0,0,0
246963,0.18007378776868185,0.5448602139949799,0.7776853587319815,2.183921546209691,10,11,0,0,0,0,12,2,0.977773803472519,0,0,0,0
146825,0.1804391990105311,0.49752644697825116,0.8366738156419651,1.5488764477065344,5,10,0,0,0,0,5,0,0.9682772994041443,0,0,0,0
121591,0.15859894454479218,0.45418769121170044,0.7022859183451593,3.0697207921841683,2,2,0,0,0,0,3,1,0.9632786214351654,0,0,0,0
57238,0.1398458182811737,0.3642202317714691,0.6283059927202904,4.036575960131573,4,4,1,0,1,1,5,2,0.9794840614000956,0,0,0,0
122672,0.14969369024038315,0.4398963352044423,0.6766107425484931,3.393222223999624,1,2,0,0,0,0,1,0,0.9975038766860962,0,0,0,0
181969,0.12240104377269745,0.23580476144949594,0.39225549459247394,8.12861928473875,1,2,0,0,0,0,1,0,0.994628369808197,0,0,0,0
415238,0.15757047136624655,0.43485356370608014,0.7221797100315107,2.8270943487886018,4,3,0,0,0,0,5,1,0.976283848285675,0,0,0,0
85329,0.16392379502455393,0.48297318816185,0.7786590555947294,2.1730532261690176,2,2,0,0,0,0,2,0,0.9915772378444672,0,0,0,0
218997,0.10676133384307225,0.2181270718574524,0.35700656573624606,8.94647593339757,10,27,0,0,0,0,14,4,0.9726920843124389,0,0,0,0
128654,0.17787069082260132,0.5323192179203033,0.8173927446622354,1.751384429800464,2,2,0,0,0,0,2,0,0.9876388311386108,0,0,0,0
125572,0.16560795406500498,0.5169788102308909,0.7688988147014858,2.282616171673487,12,28,1,0,1,1,13,2,0.9790249087593772,0,0,0,0
222991,0.17957043647766113,0.45312925179799396,0.7147656549337625,2.916726477303851,1,1,0,0,0,0,1,0,0.9878397583961487,0,0,0,0
248400,0.1420811042189598,0.3488837381203969,0.6469050174894342,3.7831896079052223,4,4,0,0,0,0,4,0,0.978580430150032,0,0,0,0
2006,0.12336097657680511,0.3005118668079376,0.616289763908545,4.204300910028806,3,8,0,0,0,0,6,3,0.9930935502052307,0,0,0,0
434247,0.16095599035422006,0.537237266699473,0.7555643777295489,2.4345705152734265,10,26,0,0,0,0,10,0,0.9636710464954377,0,0,0,0
284282,0.14143189042806625,0.3961072067419688,0.7202552427947244,2.850271435445078,0,1,0,0,0,0,0,0,,0,0,0,0
537991,0.10861240824063619,0.24047250548998514,0.5107559555306562,5.8357312138702975,5,7,0,0,0,0,6,1,0.9931851983070373,0,0,0,0
90891,0.11291237423817317,0.24422095715999603,0.5223834381996126,5.640212010331056,5,18,0,0,0,0,6,1,0.9764644622802734,0,0,0,0
79034,0.16087764501571655,0.4869130651156108,0.6928655707891835,3.187020373498315,1,6,0,0,0,0,5,4,0.9804633259773254,0,0,0,0
283717,0.11899902423222859,0.26114187637964886,0.5046130271078143,5.940830838239282,1,3,1,0,1,1,0,0,,0,0,0,0
191672,0.18923784295717874,0.5932094752788544,0.8213519606417217,1.709414036424255,2,2,1,0,1,1,1,0,0.9906963109970093,0,0,0,0
383339,0.2037642498811086,0.6567108432451884,0.8737898191008836,1.1718603949566877,2,2,1,0,0,1,1,0,0.9652974009513855,0,0,0,0
21604,0.14310902108748755,0.3839978178342183,0.6701227136834494,3.4769132296951533,2,2,0,0,0,0,2,0,0.9782642126083374,0,0,0,0
129062,0.12992211431264877,0.3426136076450348,0.58059239254866,4.722573179793529,3,7,0,0,0,0,3,0,0.9939622481664022,0,0,0,0
578967,0.12971507012844086,0.3734130660692851,0.6635498120720307,3.5625293897963086,1,1,0,0,0,0,1,0,0.9980431199073792,0,0,0,0
295316,0.19108863671620688,0.6561856269836426,0.8612258160732511,1.2976592051615858,5,8,0,0,0,0,5,0,0.9636951088905334,0,0,0,0
402473,0.164986381928126,0.45851051807403564,0.7833533945961736,2.120845405106879,2,2,0,0,0,0,2,0,0.9870375990867615,0,0,0,0
170099,0.1326969638466835,0.3005082309246063,0.6148555021452063,4.224538724960665,3,3,0,0,0,0,4,1,0.9911385973294576,0,0,0,0
378454,0.20075074334939322,0.6481270790100098,0.8633442860379936,1.2763196196634283,2,2,0,0,0,0,4,2,0.9944034218788147,0,0,0,0
171757,0.15417081117630005,0.3793264428774516,0.6328906932868523,3.973425812338819,3,9,0,0,0,0,4,1,0.9751253525416056,0,0,0,0
562843,0.118559663494428,0.24902204175790152,0.5600116478971602,5.0360587968454915,3,3,2,0,2,1,1,0,0.9873721599578857,1,0,1,1
42888,0.15088295936584473,0.47282307346661884,0.7065198612984404,3.0175124999156666,0,0,0,0,0,0,0,0,,0,0,0,0
31322,0.1361342246333758,0.3818532923857371,0.6161770385535167,4.205889788518616,15,26,1,0,0,1,17,3,0.9816768424851554,0,0,0,0
86483,0.1511065512895584,0.4136641224225362,0.674817509948177,3.416273140057428,1,3,0,0,0,0,1,0,0.9699131846427917,0,0,0,0
491725,0.153665358821551,0.4501349925994873,0.725928349037871,2.7821248629435495,3,11,0,1,0,1,3,0,0.9532411694526672,0,0,0,0
27932,0.11999981602032979,0.28785091638565063,0.5033140535778329,5.9632188605216125,0,1,0,0,0,0,0,0,,0,0,0,0
471789,0.16173730790615082,0.48429859677950543,0.7408642800482519,2.605226874817512,13,15,1,0,1,1,13,1,0.9685780505339304,0,0,0,0
529568,0.12808379530906677,0.29877405365308124,0.5260060682763478,5.580184911460174,5,35,1,0,1,1,6,2,0.9730670005083084,0,0,0,0
303893,0.14670684933662415,0.35772653420766193,0.6423705476487129,3.8442875889233976,4,6,2,0,0,1,2,0,0.9889373779296875,0,0,0,0
139883,0.17647443215052286,0.5384872357050577,0.7587696524180337,2.397800947627212,1,4,0,0,0,0,2,1,0.989098846912384,0,0,0,0
192871,0.12584862112998962,0.28654035925865173,0.5761578709229044,4.78917001637827,6,10,0,1,1,1,6,1,0.9916431307792664,0,0,0,0
463842,0.14130665361881256,0.3663172721862793,0.6387967265996088,3.8927463598561074,16,14,2,1,2,1,13,0,0.9798414936432471,0,0,0,0
355325,0.10871477425098419,0.21869148313999176,0.4763347561261567,6.4417545741309095,7,11,1,0,0,1,9,3,0.98908531665802,0,0,0,0
505565,0.16151385009288788,0.5092535118261973,0.7455266990506786,2.5507359766743853,3,4,0,0,0,0,6,3,0.9904950261116028,0,0,0,0
442306,0.10953563700119655,0.26547274986902875,0.44532097477524263,7.026536979270007,2,2,0,0,0,0,2,0,0.9935292899608612,0,0,0,0
172571,0.13105647514263788,0.3113516867160797,0.6376596585204843,3.9082211548804895,9,8,2,0,1,1,9,2,0.9296243446213859,1,0,1,1
350488,0.159940334657828,0.47887351115544635,0.7414351845139083,2.5985361708857937,1,1,0,0,0,0,1,0,0.9906240701675415,0,0,0,0
372260,0.1424831598997116,0.3700381318728129,0.6192049198755899,4.1633120327328665,6,12,1,0,0,1,6,1,0.983738362789154,0,0,0,0
571943,0.15008272727330527,0.3771366973718007,0.6375148878899611,3.910193373865725,2,1,0,0,0,0,3,1,0.988555908203125,0,0,0,0
440507,0.12638253470261893,0.3034275770187378,0.6297331196007192,4.016869304306905,1,3,0,0,0,0,2,1,0.9884076714515686,0,0,0,0
243034,0.17632022003332773,0.5264518161614736,0.7685300970037686,2.286782401756702,2,11,0,0,0,0,2,0,0.9758811593055725,0,0,0,0
291619,0.18211673696835837,0.6390602588653564,0.8671791094224355,1.2378238590067687,3,3,0,0,0,0,4,1,0.990908702214559,0,0,0,0
191845,0.12615285068750381,0.3241258958975474,0.5825745231047836,4.6929702334028125,7,37,2,0,2,1,6,1,0.9936582207679748,0,0,0,0
249129,0.12783053268988928,0.321962704261144,0.5882587575593169,4.608631973004813,12,17,0,0,0,0,16,4,0.987240751584371,0,0,0,0
458992,0.1255131165186564,0.24467661480108896,0.4897653838068013,6.200238273689543,5,4,2,0,2,1,3,0,0.978627343972524,1,0,1,1
263463,0.13817557940880457,0.32791441679000854,0.642494554855805,3.842610972574536,1,4,0,0,0,0,2,1,0.9799488186836243,0,0,0,0
198489,0.15113371858994165,0.38338876763979596,0.6622331213773449,3.579782038828159,4,4,0,0,0,0,7,3,0.9777551740407944,0,0,0,0
347930,0.12927205363909403,0.29002394278844196,0.5974136410277829,4.474497303353651,3,3,0,0,0,0,3,0,0.9895172516504923,0,0,0,0
110211,0.2019902914762497,0.6062469482421875,0.8543006210373758,1.3677855584950074,5,5,0,0,0,0,7,2,0.9898442029953003,0,0,0,0
32941,0.15795464317003885,0.437548965215683,0.6676751072227747,3.508696303316386,8,13,0,0,0,0,8,0,0.9695696830749512,0,0,0,0
486438,0.13945194582144418,0.29982242981592816,0.6094905377807647,4.300660646572332,9,9,0,1,1,1,12,3,0.989087775349617,0,0,0,0
484351,0.11713092029094696,0.24802794059117636,0.5011948965442937,5.9998671978489,21,32,3,0,1,1,25,7,0.9859461916817559,0,0,0,0
109992,0.18334578474362692,0.5910432934761047,0.8191193201196554,1.7330566096004285,2,2,1,0,1,1,2,1,0.9859012961387634,1,0,1,1
549167,0.1734650880098343,0.39199716846148175,0.6848494824547325,3.288097362042557,3,7,0,0,0,0,3,0,0.9771591623624166,0,0,0,0
572408,0.1662434240182241,0.5106692612171173,0.7672378718873045,2.301399359038461,4,5,0,0,0,0,6,2,0.9797738939523697,0,0,0,0
84270,0.14255722363789877,0.36558342973391217,0.58597090903391,4.642478886452326,17,26,0,0,0,0,19,2,0.9841749177259558,0,0,0,0
525322,0.2008125881354014,0.6753217577934265,0.8949320917232861,0.9641983620341948,2,2,0,0,0,0,3,1,0.9706500768661499,0,0,0,0
223789,0.14742188900709152,0.38850515087445575,0.664200324397239,3.5540183325395898,1,3,0,0,0,0,1,0,0.9714274406433105,0,0,0,0
227765,0.11040770262479782,0.21921071906884512,0.49213307336696455,6.158348952189182,4,8,1,0,1,1,3,0,0.9821328918139139,1,0,1,1
480936,0.13324987639983496,0.27513309319814044,0.4993128103265092,6.032545831601752,3,5,0,1,1,1,4,1,0.9396345317363739,0,0,0,0
190236,0.14021350940068564,0.34614665309588116,0.6409945000180793,3.8629139376126167,11,28,0,0,0,0,12,1,0.9638490676879883,0,0,0,0
85911,0.20369774103164673,0.6291110515594482,0.8412374209345981,1.50162833493225,0,1,0,0,0,0,0,0,,0,0,0,0
88269,0.1080830122033755,0.21823189655939737,0.5007902566035958,6.006882587344597,4,4,0,0,0,0,5,1,0.9881592094898224,0,0,0,0
166259,0.14996442943811417,0.4545178711414337,0.7368840361723428,2.6520170382878088,4,4,0,0,0,0,4,0,0.9832876771688461,0,0,0,0
351331,0.12483746806780498,0.26961710552374524,0.5891064151373666,4.596124958840163,3,3,0,0,0,0,3,0,0.9820131659507751,0,0,0,0
155145,0.17006269097328186,0.5437052448590597,0.7738280318650546,2.2271108408660303,5,7,1,0,1,1,6,2,0.9822022169828415,0,0,0,0
43816,0.15622797111670175,0.4609762132167816,0.7181644758016794,2.8755216234323466,5,5,0,0,0,0,5,0,0.9862646937370301,0,0,0,0
50149,0.12647903710603714,0.25106731553872425,0.5182754452730646,5.708787331410282,1,14,0,0,0,0,1,0,0.9962711334228516,0,0,0,0
428562,0.12436726192633311,0.25323855380217236,0.5339329928478344,5.450264846784507,11,15,2,0,1,1,10,1,0.9880324999491373,0,0,0,0
136033,0.14925273259480795,0.43039121230443317,0.7154637919225892,2.9082468010782674,1,2,0,0,0,0,1,0,0.9911256432533264,0,0,0,0
248112,0.1718501647313436,0.5457603732744852,0.7744539590352449,2.220087915262194,4,4,0,0,0,0,5,1,0.9748174548149109,0,0,0,0
257084,0.1274231349428495,0.3483928640683492,0.649370218409486,3.7501526596579637,10,11,0,1,1,1,12,2,0.9793655011388991,0,0,0,0
99053,0.12225728730360667,0.21754863858222961,0.4746560092917025,6.472420329068869,4,8,1,0,0,1,3,0,0.9782875974973043,0,0,0,0
345466,0.1324000582098961,0.37477901577949524,0.6547379246528163,3.6786500506474606,8,11,0,0,0,0,10,2,0.977761372923851,0,0,0,0
187362,0.204431821902593,0.700402021408081,0.8843977716213718,1.067047207297524,2,2,0,0,0,0,3,1,0.9891457855701447,0,0,0,0
359833,0.12597287446260452,0.2578175663948059,0.5116062900628465,5.821282492515368,5,10,1,0,0,1,5,1,0.9825824648141861,0,0,0,0
172083,0.15050893276929855,0.3902386824289958,0.6797113477879303,3.353509589327582,1,4,1,0,1,1,0,0,,0,0,0,0
322352,0.1300530657172203,0.2962721884250641,0.5503719793090601,5.1868737026177145,10,14,2,1,3,1,8,0,0.9811083929879325,0,0,0,0
307658,0.1189448560277621,0.24577290813128153,0.4487689382766018,6.959544211593832,1,1,0,0,0,0,1,0,0.9927894473075867,0,0,0,0
222235,0.15373359123865762,0.40007127324740094,0.6946540471454375,3.164628593730719,1,2,0,0,0,0,2,1,0.9936749935150146,0,0,0,0
87144,0.12028596301873525,0.3070969084898631,0.5884123108676717,4.606364989251597,7,10,0,0,0,0,9,2,0.9665299824305943,0,0,0,0
346905,0.13085230439901352,0.3379998604456584,0.670162125835285,3.4764023985773966,3,3,0,0,0,0,4,1,0.9945857723553976,0,0,0,0
2923,0.1781919797261556,0.5961314141750336,0.8353086707392637,1.563060209434093,2,7,0,0,0,0,2,0,0.9632188677787781,0,0,0,0
327701,0.15418745328982672,0.441893070936203,0.7265622980454745,2.774542836199476,5,8,1,0,1,1,5,1,0.9862930774688721,0,0,0,0
396200,0.15631739298502603,0.4323537250359853,0.7062644886148896,3.020652595529258,9,14,0,0,0,0,10,1,0.9791746007071601,0,0,0,0
500478,0.16689585149288177,0.4660184681415558,0.6828996509615866,3.312862185095823,9,25,0,0,0,0,9,0,0.9854647186067369,0,0,0,0
564336,0.16420031587282816,0.4058401385943095,0.6670646599665652,3.5166413394909757,7,15,1,0,1,1,10,4,0.981277326742808,0,0,0,0
341719,0.17901558677355447,0.5191232760747274,0.756250214665682,2.426689781252756,8,10,0,0,0,0,8,0,0.9784165471792221,0,0,0,0
194506,0.1500887175401052,0.4435596267382304,0.6584178575731697,3.6299679744966706,2,2,0,0,0,0,3,1,0.9621030688285828,0,0,0,0
128748,0.12390564878781636,0.27878453334172565,0.5500137414965426,5.192529199876189,5,5,0,0,0,0,5,0,0.9958526134490967,0,0,0,0
421923,0.1323447103301684,0.3271341025829315,0.5712134272668152,4.864031846789375,4,13,1,0,1,1,5,2,0.9815881252288818,0,0,0,0
206487,0.12508881837129593,0.3111565113067627,0.5855345728656554,4.648949138681388,5,8,0,0,0,0,7,2,0.9622401475906373,0,0,0,0
54164,0.18741198380788168,0.5907187362511953,0.8025702847658386,1.910338481904782,2,2,0,0,0,0,2,0,0.9885035157203674,0,0,0,0
97337,0.13087467600901923,0.3225833972295125,0.5828962487746252,4.688174791422829,4,9,0,0,0,0,6,2,0.9926401674747467,0,0,0,0
492968,0.20551000038782755,0.671711266040802,0.8956487399042775,0.9572456154931472,2,2,0,0,0,0,2,0,0.9916182458400726,0,0,0,0
569565,0.16060431053241095,0.5094148019949595,0.7648628155292386,2.3283290433663333,3,2,0,0,0,0,4,1,0.975730319817861,0,0,0,0
34452,0.16941991448402405,0.5453721185525259,0.7334434329751811,2.6926675121895856,3,3,0,0,0,0,3,0,0.9811927676200867,0,0,0,0
184400,0.14199176679054895,0.4474707047144572,0.7559937945310651,2.4296353865890126,2,2,1,0,1,1,1,0,0.9713326096534729,1,0,1,1
508639,0.16507064799467722,0.5147296190261841,0.794288255458301,2.0004371797653326,1,1,0,0,0,0,2,1,0.9905607104301453,0,0,0,0
537506,0.13615810126066208,0.3218732823928197,0.5895709022442538,4.589279176880884,8,13,1,0,1,1,9,2,0.9744537898472377,0,0,0,0
138639,0.15025979280471802,0.40534724791844684,0.6343838734935966,3.952957312729658,17,19,2,0,0,1,16,1,0.974704631169637,0,0,0,0
172977,0.13154353449741998,0.3498344123363495,0.6617757022923723,3.5857836481489755,1,1,0,0,0,0,1,0,0.9933984875679016,0,0,0,0
321118,0.12357142567634583,0.3035475512345632,0.6268878864453614,4.056202441815941,2,2,1,0,1,1,1,0,0.9943339228630066,1,0,1,1
15497,0.1512915218869845,0.3838750223318736,0.6968974860449344,3.136622042613435,2,3,1,0,1,1,1,0,0.9959195852279663,1,0,1,1
554002,0.13942821323871613,0.3530704379081726,0.6500752921331014,3.740726803627302,9,14,0,0,0,0,11,2,0.942472842004564,0,0,0,0
484978,0.11398869504531224,0.2699924459060033,0.5143211829668753,5.775311766886688,15,20,1,0,0,1,16,2,0.9849482732159751,1,0,0,1
300659,0.23554648458957672,0.6780698696772257,0.9086153773263036,0.8323983499557361,7,7,0,0,0,0,7,0,0.9904211844716754,0,0,0,0
344268,0.11528275161981583,0.30227460463841754,0.6055335209072029,4.3572362067497945,2,2,1,0,0,1,1,0,0.9951883554458618,0,0,0,0
88432,0.1415699323018392,0.3388057053089142,0.5987710660847229,4.454783877446243,3,5,0,0,0,0,3,0,0.9864403406778971,0,0,0,0
382125,0.11241418371597926,0.2576861282189687,0.5391559743125114,5.365711561419108,16,27,1,0,1,1,19,4,0.9757406910260519,0,0,0,0
487583,0.16676902770996094,0.4083830217520396,0.6945113085574451,3.1664135671633904,2,2,0,0,0,0,3,1,0.9832821488380432,0,0,0,0
525155,0.17103074491024017,0.469966063896815,0.7516717003792728,2.479436003205766,2,2,0,0,0,0,2,0,0.9934826791286469,0,0,0,0
283268,0.12746469428141913,0.29809631903966266,0.604443603819898,4.372884274637977,3,3,0,0,0,0,4,1,0.98920206228892,0,0,0,0
357501,0.12001856416463852,0.2772475779056549,0.5384257998081968,5.377482762981702,1,1,1,0,1,1,0,0,,0,0,0,0
100238,0.11032696564992268,0.2824716617663701,0.5915807622334407,4.559719147583573,8,10,1,0,0,1,7,0,0.9930992467062814,0,0,0,0
229753,0.16754303375879923,0.5301044086615244,0.8132446629004209,1.7955755638241704,2,2,0,0,0,0,2,0,0.9780637621879578,0,0,0,0
334399,0.1547195464372635,0.39599432547887164,0.6426879917688605,3.8399962907990504,5,6,1,0,1,1,4,0,0.9388519078493118,0,0,1,1
472375,0.11438038696845372,0.20273536443710327,0.34767051428882945,9.176642799774768,3,4,0,0,0,0,3,0,0.9879323442776998,0,0,0,0
302990,0.17743666966756186,0.571648915608724,0.7919983082367958,2.025514921851771,4,4,1,0,0,1,4,1,0.9859928488731384,0,0,0,0
206579,0.12698021282752356,0.29945846398671466,0.5834171749517664,4.680415800583728,4,8,0,0,0,0,5,1,0.9797738343477249,0,0,0,0
141597,0.14373084157705307,0.41289253036181134,0.7197441581712725,2.8564370280396827,3,3,0,0,0,0,3,0,0.9875349203745524,0,0,0,0
62808,0.10187445332606633,0.22021899123986563,0.5187588079885866,5.700690326913059,7,14,1,0,1,1,8,2,0.9730598330497742,0,0,0,0
157046,0.13413038601477942,0.33673470218976337,0.604981867826583,4.365152831607376,2,3,0,0,0,0,2,0,0.9869974553585052,0,0,0,0
578236,0.16252935429414114,0.4687390923500061,0.7113575436722719,2.958241172070894,1,3,0,0,0,0,2,1,0.9932482838630676,0,0,0,0
94614,0.2001949499050776,0.6367233395576477,0.8567786527141394,1.3426272563146078,2,5,0,0,0,0,4,2,0.9883062839508057,0,0,0,0
245173,0.15762755771478018,0.4198930462201436,0.6775063865702399,3.381732130424923,1,3,0,0,0,0,1,0,0.9949052929878235,0,0,0,0
277005,0.14550435543060303,0.41467952728271484,0.668862450034194,3.493263693466254,13,20,0,0,0,0,14,1,0.9782662483362051,0,0,0,0
143931,0.1303522934516271,0.3345525662104289,0.6514537414418707,3.722328346527271,1,2,0,0,0,0,1,0,0.9935469627380371,0,0,0,0
85376,0.13841532170772552,0.34877777099609375,0.6229296181775451,4.111220388287901,8,11,0,0,0,0,11,3,0.9832524433732033,0,0,0,0
92660,0.11981720477342606,0.2435261458158493,0.5517312192957602,5.1654488224121655,3,16,1,0,1,1,2,0,0.9914328157901764,0,0,0,0
460347,0.16693821301062903,0.49626574913660687,0.7267540071595385,2.772251298960038,6,7,1,0,1,1,6,1,0.9912502050399781,0,0,0,0
370711,0.13532809416453043,0.2692633370558421,0.4638608110393195,6.6722463400234835,9,14,4,0,1,1,5,0,0.9354067802429199,1,0,1,1
407298,0.11961551010608673,0.30704790353775024,0.6171747003816028,4.191837702400212,3,3,1,0,1,1,2,0,0.9926599562168121,1,0,1,1
439623,0.14489168425401053,0.3841758867104848,0.6021178212665332,4.406370370217556,6,7,0,0,0,0,6,0,0.9873781899611155,0,0,0,0
481567,0.15394856532414755,0.4486055374145508,0.6764644461738529,3.3951004849863238,2,2,0,0,0,0,4,2,0.9908711314201355,0,0,0,0
130699,0.16735607385635376,0.47678054372469586,0.7145111476046693,2.919819821563019,9,17,1,0,1,1,11,3,0.9695962220430374,0,0,0,0
477689,0.14475279798110327,0.3565242091814677,0.654567632900023,3.6809094703388285,2,2,0,0,0,0,2,0,0.9797874093055725,0,0,0,0
383621,0.2050820142030716,0.6399895946184794,0.8671748647907629,1.2378663744365024,1,1,0,0,0,0,1,0,0.9974454045295715,0,0,0,0
58393,0.1500003213683764,0.42108797033627826,0.6639527376082527,3.557256681509159,3,3,0,0,0,0,3,0,0.9866328835487366,0,0,0,0
482100,0.1523334632317225,0.3926554123560588,0.6493497783130573,3.7504260679711257,5,7,0,0,0,0,5,0,0.9372366189956665,0,0,0,0
120853,0.11020845423142116,0.2474119613567988,0.551939786794735,5.162165970385156,6,10,0,0,0,0,7,1,0.9881837566693624,0,0,0,0
388927,0.12821383525927862,0.29494335254033405,0.578879560278591,4.748235694272315,4,4,0,0,0,0,5,1,0.9474635720252991,0,0,0,0
246968,0.13624023149410883,0.35538755853970844,0.6104100447261113,4.287566567471473,11,22,1,0,0,1,10,0,0.9689207971096039,0,0,0,0
532481,0.17467698454856873,0.6039707263310751,0.8461022715218763,1.4515427800436957,5,10,0,0,0,0,6,1,0.982438039779663,0,0,0,0
154947,0.15477114419142404,0.4729065001010895,0.7162040531443837,2.899264511127406,1,1,0,0,0,0,2,1,0.9975506067276001,0,0,0,0
460683,0.13342933108409247,0.28983335693677265,0.5386199529042095,5.37435124813403,5,6,0,0,0,0,7,2,0.9712302088737488,0,0,0,0
384949,0.1617949257294337,0.5013491213321686,0.7805420083218002,2.152074369868488,5,14,0,0,0,0,5,0,0.9591071128845214,0,0,0,0
8021,0.13373039662837982,0.32822497685750324,0.6434897557100081,3.829167252550971,4,7,0,0,0,0,4,0,0.9825531095266342,0,0,0,0
410650,0.13466547429561615,0.38781530658404034,0.6177888812224868,4.183198245300398,8,28,1,0,0,1,8,1,0.9755862014634269,0,0,0,0
60855,0.12988713383674622,0.2859978973865509,0.5946688111414999,4.514496770769166,7,7,0,0,0,0,11,4,0.9899452669279916,0,0,0,0
429109,0.1369499663511912,0.34587597846984863,0.6232315064656373,4.107011994440854,8,10,0,0,0,0,10,2,0.977770559489727,0,0,0,0
485130,0.14187182982762656,0.34079764286677044,0.6173303227452315,4.189647806599821,1,2,1,0,1,1,0,0,,0,0,0,0
496409,0.2380241205294927,0.7908699909845988,0.9477097717803458,0.4664928273390883,2,3,0,0,0,0,2,0,0.9813924133777618,0,0,0,0
187249,0.12509696433941522,0.2926323612531026,0.6123970615771739,4.259338036284169,4,4,1,0,1,1,3,0,0.9892042279243469,1,0,1,1
515579,0.14870653301477432,0.38866931200027466,0.7031601436573018,3.0589150760991317,3,7,1,0,0,1,2,0,0.9881885349750519,0,0,0,0
563604,0.12570330252250037,0.3253970245520274,0.5774644641965193,4.769494721468129,8,15,1,0,1,1,7,0,0.9858136432511466,0,0,0,0
267537,0.1575651615858078,0.33713001012802124,0.5951657408553604,4.507241515160419,6,25,2,1,2,1,5,1,0.9786999622980753,0,0,0,0
369541,0.14309086898962656,0.4027754267056783,0.630681979057235,4.003791564938271,4,7,0,0,0,0,5,1,0.989910677075386,0,0,0,0
279278,0.13342259575923285,0.29432977239290875,0.5772846083692663,4.772200431160441,17,22,3,0,2,1,17,3,0.9750220945903233,1,0,0,1
498857,0.1684757024049759,0.4798525869846344,0.746905953910907,2.5346815719605957,1,1,0,0,0,0,1,0,0.9959142804145813,0,0,0,0
159791,0.11527056495348613,0.27121299008528393,0.5647252074348432,4.963256527694751,4,15,0,0,0,0,4,0,0.9901057034730911,0,0,0,0
373315,0.18227976063887277,0.5511640111605326,0.7652036261758545,2.3244596117753216,2,2,0,0,0,0,2,0,0.9891017377376556,0,0,0,0
263860,0.1273707076907158,0.3811011115709941,0.7217774837786567,2.8319334021167237,2,2,0,0,0,0,2,0,0.9968370199203491,0,0,0,0
484893,0.12790292501449585,0.2765464981396993,0.5925699285193241,4.545207833680039,6,7,2,0,1,1,5,1,0.9864938408136368,1,0,0,1
276720,0.16323208312193552,0.4835229019323985,0.7373523606534563,2.646498500143789,3,5,0,0,0,0,3,0,0.9841603835423788,0,0,0,0
530624,0.13077122966448465,0.3015986979007721,0.5966105697336602,4.486181136262853,1,2,0,0,0,0,2,1,0.9928971529006958,0,0,0,0
149568,0.14098109304904938,0.37533408403396606,0.6406671073936876,3.867351452552893,3,4,1,0,1,1,2,0,0.9816334247589111,0,0,0,0
474452,0.1564380278189977,0.4918794135252635,0.7376972302701243,2.6424369424810323,7,14,1,0,1,1,7,1,0.9613153040409088,0,0,0,0
245764,0.13314450035492578,0.3244977394739787,0.6273239815113121,4.050162196361443,2,2,0,0,0,0,2,0,0.9943411648273468,0,0,0,0
427160,0.14561245342095694,0.4102163116137187,0.6778031138276062,3.3779288069028595,3,6,0,0,0,0,4,1,0.9887608885765076,0,0,0,0
384527,0.11851745595534642,0.26335706810156506,0.504812907476676,5.937390984381842,10,26,0,0,0,0,13,3,0.9854729890823364,0,0,0,0
358923,0.1485446443160375,0.3025672237078349,0.5479039742252481,5.225910987917035,5,6,0,1,1,1,6,1,0.959664836525917,0,0,0,0
302030,0.12568586071332297,0.3195778826872508,0.6007933774463279,4.425497264231145,7,19,2,0,2,1,8,3,0.9874444603919983,1,0,1,1
479912,0.16029144575198492,0.46485890944798786,0.7477568981078456,2.5247914376452316,1,7,0,0,0,0,1,0,0.9652586579322815,0,0,0,0
132329,0.14741300791502,0.34154648582140607,0.614446617038374,4.2303168505949476,5,5,1,0,1,1,6,2,0.9910761266946793,0,0,0,0
78565,0.16788912316163382,0.5032995939254761,0.70594999662552,3.02452119025821,14,24,4,0,3,1,10,0,0.9539593994617462,0,0,0,0
297022,0.15692326178153357,0.4607441822687785,0.7188705103348424,2.866986634947972,4,4,0,0,0,0,4,0,0.9631837159395218,0,0,0,0
257566,0.1669121334950129,0.5138270060221354,0.741824223282372,2.59397978935532,6,14,0,0,0,0,9,3,0.9770554105440775,0,0,0,0
297343,0.17025937885046005,0.5052414933840433,0.7848281421099458,2.1045086511979787,1,1,0,0,0,0,2,1,0.9937868118286133,0,0,0,0
304365,0.17190084358056387,0.5122408469518026,0.7752521655868347,2.21114023864345,2,4,0,0,0,0,2,0,0.9917186200618744,0,0,0,0
57725,0.14665279537439346,0.43194397290547687,0.6687210408002329,3.4951002367743644,2,2,0,0,0,0,2,0,0.9889698922634125,0,0,0,0
133343,0.14889622728029886,0.3683025936285655,0.6700311062899824,3.478100692953572,2,2,0,0,0,0,3,1,0.9826649129390717,0,0,0,0
230819,0.17495885491371155,0.5493215620517731,0.8054044051159445,1.8797199874370296,1,2,0,0,0,0,3,2,0.9950697422027588,0,0,0,0
203389,0.12801983455816904,0.34643617272377014,0.6098669112468836,4.2952985790410505,8,15,0,0,0,0,9,1,0.9829040765762329,0,0,0,0
231822,0.11166551460822423,0.21200148264567056,0.501099341937354,6.001523351782419,9,14,0,0,0,0,13,4,0.9907375507884555,0,0,0,0
228771,0.16728907326857248,0.4843449493249257,0.764527053424369,2.332142842180616,0,0,0,0,0,0,0,0,,0,0,0,0
392481,0.22923491895198822,0.7949201067288717,0.9535106620277248,0.4134889273690947,1,1,0,0,0,0,1,0,0.9941049814224243,0,0,0,0
101420,0.12208827088276546,0.3106960654258728,0.6199129166908677,4.153386289289687,2,2,0,0,0,0,2,0,0.9828025996685028,0,0,0,0
154644,0.14490718394517899,0.30040402213732403,0.4891139035039556,6.211799835816211,3,4,0,0,0,0,4,1,0.9596890012423197,0,0,0,0
363072,0.13662765423456827,0.34971986214319867,0.6015665271655645,4.414326741936093,1,1,0,0,0,0,1,0,0.9871906638145447,0,0,0,0
579635,0.21689046422640482,0.7237529555956522,0.9049214854595721,0.8677820050864558,3,3,0,0,0,0,4,1,0.9806188344955444,0,0,0,0
442746,0.16627615690231323,0.5406230092048645,0.7634382309407437,2.344521910770442,2,6,0,0,0,0,3,1,0.9871200323104858,0,0,0,0
535253,0.10514703889687856,0.1848441263039907,0.3182844551604419,9.943691431343556,3,8,0,0,0,0,3,0,0.9832473595937093,0,0,0,0
203317,0.13471461832523346,0.35568588972091675,0.6417522135170816,3.8526524939065006,1,1,0,0,0,0,1,0,0.9980010986328125,0,0,0,0
107554,0.12964856872955957,0.3350483278433482,0.586197244598683,4.639124545600926,1,2,0,0,0,0,1,0,0.9869521260261536,0,0,0,0
289992,0.17828846474488577,0.516203761100769,0.7731858820872942,2.234321690582082,1,1,0,0,0,0,1,0,0.9863274693489075,0,0,0,0
161875,0.17544110119342804,0.5322995682557424,0.7486819672544376,2.514052543161287,2,2,0,0,0,0,4,2,0.992420494556427,0,0,0,0
227491,0.15142548084259033,0.43173303206761676,0.6673955085986762,3.512334407246769,3,6,0,0,0,0,3,0,0.9302257100741068,0,0,0,0
269314,0.1477798322836558,0.3632006545861562,0.6343197430065122,3.9538354222053167,1,2,0,0,0,0,1,0,0.9715203642845154,0,0,0,0
289393,0.13602662086486816,0.33352498213450116,0.6053809927995661,4.359424374951012,3,4,1,0,0,1,3,1,0.9929483532905579,1,0,0,1
159112,0.12542759627103806,0.28147495289643604,0.5825785854630563,4.692909665919678,3,1,0,0,0,0,4,1,0.9909850160280863,0,0,0,0
497599,0.12897123644749323,0.2852593759695689,0.5649288317366374,4.960125200455013,5,8,0,0,0,0,6,1,0.9813672780990601,0,0,0,0
288862,0.1566030258933703,0.401902437210083,0.6479091187325029,3.7697181542238987,5,6,1,0,1,1,6,2,0.977891743183136,0,0,0,0
13729,0.12516368677218756,0.30507998168468475,0.554828511038212,5.116824597670046,10,11,0,0,0,0,13,3,0.9830775141716004,0,0,0,0
386457,0.14804747452338538,0.39718879262606305,0.7007644300327733,3.088559011015792,1,1,0,0,0,0,1,0,0.9926525950431824,0,0,0,0
154087,0.17353268464406332,0.5434152682622274,0.7877411004366619,2.0723298920054813,4,5,0,0,0,0,7,3,0.9876732528209686,0,0,0,0
29675,0.10162292048335075,0.2300754338502884,0.5321825512154519,5.478787377168478,3,4,0,0,0,0,4,1,0.9710103074709574,0,0,0,0
220732,0.11635276923576991,0.2899325092633565,0.578118003354689,4.7596701182630365,7,8,0,0,0,0,8,1,0.9762065580912999,0,0,0,0
226058,0.1208753411968549,0.2900119920571645,0.6467791501990621,3.7848797722033876,3,3,0,0,0,0,3,0,0.9799771904945374,0,0,0,0
475904,0.17883324126402536,0.5214109420776367,0.7581857438205348,2.4044877175871644,2,2,0,1,0,1,2,0,0.9881808161735535,0,0,0,0
17029,0.11762853215138118,0.27961355447769165,0.5148584279574213,5.766243473906885,5,4,0,0,0,0,5,0,0.9875683784484863,0,0,0,0
240754,0.14971116930246353,0.3909824291865031,0.6888436725044271,3.237586530552953,3,3,0,0,0,0,4,1,0.9901893734931946,0,0,0,0
290179,0.17550349732240042,0.5145208934942881,0.7724652133510617,2.2424213834307434,4,16,1,0,1,1,3,0,0.9661387006441752,0,0,0,0
144333,0.14038660377264023,0.33202679951985675,0.6009448174299926,4.42330811688196,7,8,1,0,0,1,6,0,0.972946027914683,0,0,0,0
445602,0.16964430113633475,0.5050344467163086,0.7513159399380241,2.4835479411952672,4,7,1,0,1,1,3,0,0.9729949633280436,0,0,0,0
354547,0.15072558571894965,0.4047556122144063,0.6827246338436164,3.315088535925547,2,3,0,0,0,0,2,0,0.9742604494094849,0,0,0,0
544444,0.18097525835037231,0.5438694854577383,0.7807238214339959,2.1500513849234197,2,2,0,0,0,0,4,2,0.9857986867427826,0,0,0,0
12120,0.14648625254631042,0.40878626704216003,0.6454841378601716,3.80228851255048,9,24,2,0,0,1,7,0,0.9641554951667786,1,0,0,1
358427,0.14618348330259323,0.39791473746299744,0.6875723295519562,3.253632184920781,2,3,1,0,1,1,1,0,0.9925628304481506,1,0,1,1
68765,0.12203087657690048,0.29504401485125226,0.5931903241750631,4.536118831620567,2,2,1,0,1,1,1,0,0.9900657534599304,1,0,1,1
293858,0.0938162977496783,0.15546439091364542,0.30705633258130793,10.255638830201734,7,11,0,0,0,0,8,1,0.9817950299807957,0,0,0,0
289594,0.15856215357780457,0.4231684406598409,0.6267894454145282,4.057566505614021,3,3,0,0,0,0,3,0,0.9827816883722941,0,0,0,0
194216,0.22809713582197824,0.669913629690806,0.882463292147573,1.0860670185040375,1,3,1,0,1,1,0,0,,0,0,0,0
432898,0.14098150779803595,0.42708322405815125,0.6683321579602277,3.500152830835395,7,35,0,0,0,0,10,3,0.980232971055167,0,0,0,0
491613,0.167251318693161,0.4742379089196523,0.708304614798397,2.995598572899922,1,1,0,0,0,0,2,1,0.9862275123596191,0,0,0,0
329542,0.11948910355567932,0.23390999933083853,0.3717809942217793,8.594256310409921,6,6,1,0,0,1,7,2,0.9705783128738403,0,0,0,0
187745,0.22558361291885376,0.8031923572222391,0.9701203261055844,0.2634879183291537,1,1,0,0,0,0,1,0,0.9917153120040894,0,0,0,0
269632,0.13746923704942068,0.40331565340360004,0.7207587373158197,2.8442016844476075,6,5,0,0,0,0,7,1,0.9840648372968038,0,0,0,0
196185,0.16728901863098145,0.5394826531410217,0.8082329643472925,1.8492688105529904,2,1,0,0,0,0,4,2,0.9734957218170166,0,0,0,0
201025,0.16117311269044876,0.39338165521621704,0.6685703352007017,3.4970579435754394,2,2,0,0,0,0,2,0,0.9895119667053223,0,0,0,0
73946,0.1352348749836286,0.3454621732234955,0.6776455633025403,3.379948015010688,3,5,1,0,1,1,2,0,0.9482457637786865,1,0,1,1
331604,0.22462056080500284,0.7554496129353842,0.9290687152058089,0.6390432759704976,3,2,0,0,0,0,4,1,0.9729608694712321,0,0,0,0
322163,0.11677871396144231,0.2310491849978765,0.4830734477587153,6.319736659037224,13,19,1,0,1,1,18,6,0.9854182054599127,0,0,0,0
234366,0.15875084946552911,0.460231214761734,0.7011039329070737,3.084351933327774,2,1,1,0,1,1,1,0,0.9829359650611877,0,0,0,0
12667,0.13137075304985046,0.33863826592763263,0.6592529909618955,3.618957823627984,1,1,0,0,0,0,1,0,0.9779847264289856,0,0,0,0
434479,0.1346572662393252,0.318300465742747,0.6157549475813243,4.211841798510096,2,4,0,0,0,0,2,0,0.9845227301120758,0,0,0,0
383443,0.1509046827753385,0.4181472857793172,0.6885080829070546,3.241819137441772,1,4,0,0,0,0,1,0,0.976020336151123,0,0,0,0
575243,0.15189538647731146,0.42244527737299603,0.6984955264619749,3.1167274198893393,5,10,0,0,0,0,5,0,0.9863625288009643,0,0,0,0
271997,0.1358352800210317,0.32796479264895123,0.6470905572541427,3.7806987525078317,2,2,0,0,0,0,2,0,0.9815726280212402,0,0,0,0
270705,0.16448606053988138,0.39358270168304443,0.6657170968568481,3.53420578825391,1,1,0,0,0,0,2,1,0.9898166060447693,0,0,0,0
405279,0.15922773629426956,0.5094895362854004,0.7616244364766273,2.3651826040077966,15,19,0,0,0,0,18,3,0.9739705284436544,0,0,0,0
147205,0.12582955261071524,0.27871545155843097,0.5847605661534041,4.660438441914112,1,2,1,0,1,1,1,1,,1,0,1,1
205401,0.19115940729777017,0.6275797287623087,0.8518413569759483,1.3928255742703155,1,4,0,0,0,0,1,0,0.9482791423797607,0,0,0,0
477805,0.19069483876228333,0.4941798249880473,0.7740745906376965,2.2243437645972213,0,3,0,0,0,0,1,1,,0,0,0,0
506004,0.1733053078254064,0.5683871408303579,0.8281459303967732,1.6378625594276308,3,4,0,0,0,0,3,0,0.9555715918540955,0,0,0,0
186632,0.13661673416694006,0.33393846948941547,0.599286713986032,4.447307007609178,4,7,0,0,0,0,4,0,0.9815680831670761,0,0,0,0
534601,0.12825662891070047,0.2961496114730835,0.6259039955729149,4.069845520788037,2,1,0,0,0,0,2,0,0.9885838031768799,0,0,0,0
186624,0.1167657549182574,0.2669154504934947,0.5572128045885235,5.079578243445199,3,5,0,0,0,0,3,0,0.9904259244600931,0,0,0,0
565989,0.16189752519130707,0.4554861585299174,0.6855101568181265,3.279722122598405,1,2,0,0,0,0,1,0,0.9906111359596252,0,0,0,0
449996,0.17167721192042032,0.5177510877450308,0.7689801178284952,2.2816977768972095,6,11,0,0,0,0,7,1,0.9772123694419861,0,0,0,0
7795,0.13826188196738562,0.3678840597470601,0.6681873435987519,3.502035095277092,2,4,0,0,0,0,2,0,0.9919407963752747,0,0,0,0
426836,0.12899550050497055,0.34646956125895184,0.5924274760743834,4.547296152551611,1,2,0,0,0,0,1,0,0.9421808123588562,0,0,0,0
74209,0.12522441893815994,0.3140208423137665,0.5920383551049757,4.55300313341801,8,21,0,0,0,0,9,1,0.9851635918021202,0,0,0,0
462576,0.11816864709059398,0.232123464345932,0.559445517839826,5.044844025559025,5,7,0,0,0,0,7,2,0.9888614296913147,0,0,0,0
565012,0.16698905328909555,0.48342446486155194,0.7434051405903174,2.575488802328332,3,10,0,0,0,0,3,0,0.9705235560735067,0,0,0,0
537964,0.14947644621133804,0.4400790532430013,0.7064169978872195,3.0187771852176724,1,1,0,0,0,0,1,0,0.9957276582717896,0,0,0,0
548780,0.122441532711188,0.2846792886654536,0.5776360682853459,4.766913934521816,10,16,0,0,0,0,10,0,0.9809525609016418,0,0,0,0
147498,0.14701995253562927,0.42905667424201965,0.678115885264441,3.373921637990424,0,22,0,0,0,0,0,0,,0,0,0,0
105455,0.17680871983369192,0.5126599868138632,0.7452095736927632,2.5544314873454548,3,3,0,0,0,0,3,0,0.9719217220942179,0,0,0,0
458768,0.14359794308741888,0.4257018069426219,0.689654675085169,3.2273663083269937,3,6,0,0,0,0,4,1,0.9905691742897034,0,0,0,0
442993,0.18131995697816214,0.5338145891825358,0.7514075801734728,2.482488562058856,1,15,1,0,1,1,0,0,,0,0,0,0
40036,0.15594654778639475,0.44198257724444073,0.7140230294870771,2.925755612715568,2,3,0,0,0,0,3,1,0.9925346672534943,0,0,0,0
52565,0.1916858653227488,0.6147385835647583,0.8584721371673665,1.325475917360826,1,1,0,0,0,0,1,0,0.9976118803024292,0,0,0,0
6771,0.1358922024567922,0.33548980951309204,0.6404355693642954,3.870491113141696,9,9,1,0,0,1,11,3,0.9873262643814087,0,0,0,0
39785,0.15280010551214218,0.48212359348932904,0.7306244559566374,2.726115897635145,3,6,0,0,0,0,4,1,0.9634263118108114,0,0,0,0
473237,0.14082852999369302,0.33981237808863324,0.6522594361958,3.711592585432639,3,3,0,0,0,0,3,0,0.9901291131973267,0,0,0,0
578545,0.12175799409548442,0.29674580693244934,0.6217484796180093,4.127705361025949,2,4,0,0,0,0,2,0,0.9742765724658966,0,0,0,0
471450,0.1861344426870346,0.6496224403381348,0.824072492907515,1.6806916426379508,3,3,0,0,0,0,4,1,0.988647977511088,0,0,0,0
560011,0.16130506247282028,0.4276622434457143,0.6960926136399367,3.1466594917842707,1,4,0,0,0,0,1,0,0.9933921098709106,0,0,0,0
259640,0.1494487722714742,0.37683795889218646,0.6483609361150037,3.763663187413227,9,21,0,0,0,0,9,0,0.9727658033370972,0,0,0,0
407083,0.1364965463678042,0.33242952823638916,0.6348138709717298,3.9470718456321974,2,3,0,0,0,0,2,0,0.9921918511390686,0,0,0,0
5060,0.14312855899333954,0.3733905752499898,0.6445614467501799,3.8147134913475904,2,2,0,0,0,0,4,2,0.9858339726924896,0,0,0,0
580197,0.13136093566815057,0.3239956597487132,0.6328893152396614,3.973444724891926,6,5,1,0,0,1,6,1,0.9830978393554688,1,0,0,1
213255,0.12042873352766037,0.2685886323451996,0.5406099835863607,5.342318766662608,8,28,0,0,0,0,11,3,0.9872869327664375,0,0,0,0
489764,0.11962454269329707,0.27023646235466003,0.5334802323830408,5.457633366440378,4,9,0,0,0,0,5,1,0.9734877198934555,0,0,0,0
308328,0.1298509712020556,0.31547781825065613,0.591862295053388,4.555586522807705,14,20,2,0,1,1,15,3,0.978489930431048,0,0,0,0
418696,0.16851016382376352,0.526739368836085,0.7883449794487644,2.0656738764775455,3,9,1,0,1,1,2,0,0.985246479511261,0,0,0,0
256775,0.17768810192743936,0.6045169035593668,0.8212087218206622,1.710928935213745,8,8,0,0,0,0,9,1,0.9843782335519791,0,0,0,0
153217,0.1322305127978325,0.30894721547762555,0.6150532763678023,4.221745273746167,2,2,0,0,0,0,3,1,0.971785843372345,0,0,0,0
301135,0.14909431338310242,0.41557196776072186,0.6302491524388404,4.009754593835794,16,23,1,0,1,1,18,3,0.9795029163360596,0,0,0,0
102331,0.17620774606863657,0.5379442969957987,0.8040135539635649,1.8947325981163565,2,2,0,0,0,0,3,1,0.9924867749214172,0,0,0,0
7784,0.18510286509990692,0.6054786245028178,0.8674266462749547,1.2353448198477328,1,1,0,0,0,0,1,0,0.9974961876869202,0,0,0,0
485071,0.2083761046330134,0.6920956969261169,0.9084138473245944,0.8343250854611803,2,2,0,0,0,0,2,0,0.9711190462112427,0,0,0,0
255401,0.12063788870970409,0.29580209652582806,0.5296509995220181,5.520204076177727,4,5,0,0,0,0,9,5,0.9937842339277267,0,0,0,0
567898,0.12361135085423787,0.30813561876614887,0.6185384403357994,4.172666101555582,3,17,0,0,0,0,3,0,0.9930416345596313,0,0,0,0
150224,0.16101587067047754,0.4826758801937103,0.7696155775555138,2.274523009167497,8,14,1,0,1,1,8,1,0.9836652449199131,0,0,0,0
71877,0.15670668333768845,0.4256022373835246,0.7009182448434474,3.08665270440371,2,3,0,0,0,0,2,0,0.9961843192577362,0,0,0,0
355677,0.18562795718510947,0.5570303201675415,0.8004276390565094,1.9335584686205176,1,1,0,0,0,0,1,0,0.9949312806129456,0,0,0,0
176701,0.1716507077217102,0.5183762907981873,0.7386389996795829,2.6313553120249193,0,0,0,0,0,0,0,0,,0,0,0,0
113867,0.14054765303929648,0.33046431839466095,0.5133856251325372,5.791125915980163,1,1,0,0,0,0,1,0,0.9881964921951294,0,0,0,0
71226,0.12272545943657558,0.2812151610851288,0.5874908530634423,4.619977814996788,6,6,0,0,0,0,7,1,0.9894914825757345,0,0,0,0
165336,0.1713469922542572,0.5171320537726084,0.7529676171665114,2.4644740214921295,2,2,0,0,0,0,2,0,0.9830327332019806,0,0,0,0
140987,0.11915108809868495,0.24980969727039337,0.4939142834427041,6.126968287028074,10,18,0,0,0,0,11,1,0.975450587272644,0,0,0,0
188689,0.18414250016212463,0.5225312213102976,0.7404953652457231,2.609553107595673,2,3,0,1,1,1,1,0,0.9396622180938721,0,0,0,0
198928,0.16400877137978873,0.47307496269543964,0.7180718408204619,2.876642075847151,4,6,0,0,0,0,5,1,0.987630307674408,0,0,0,0
271457,0.16602092732985815,0.5061409175395966,0.7626064045293267,2.353991035008671,1,1,0,0,0,0,1,0,0.9942845106124878,0,0,0,0
438017,0.16832945247491202,0.48180041710535687,0.7176916744545689,2.8812418349861604,5,8,0,0,0,0,6,1,0.9739775776863098,0,0,0,0
191288,0.14444749057292938,0.38989220062891644,0.6916866139552346,3.201812580734007,3,2,1,0,0,1,3,1,0.9823284149169922,0,0,0,0
237517,0.1109006330370903,0.2375007520119349,0.4816506517767174,6.34535695367528,7,10,0,0,0,0,10,3,0.9874197585242135,0,0,0,0
543581,0.13881155848503113,0.39033644398053485,0.6746550935517976,3.4183639285588283,4,19,0,0,0,0,6,2,0.9549568593502045,0,0,0,0
422998,0.11342634509007136,0.24423134823640189,0.5674600586510741,4.921294027820818,6,5,0,0,0,0,9,3,0.9844640890757242,0,0,0,0
151857,0.1414951334396998,0.37442782521247864,0.7174339071973219,2.884362032969467,1,1,0,0,0,0,1,0,0.9884159564971924,0,0,0,0
405306,0.1392871712644895,0.35910974939664203,0.7275957643694178,2.762196756116751,2,2,0,0,0,0,2,0,0.9906823337078094,0,0,0,0
475732,0.12581496437390646,0.2880631436904271,0.5892298678528765,4.594304940765797,1,1,0,0,0,0,1,0,0.9896021485328674,0,0,0,0
513283,0.1144079143802325,0.23573317130406699,0.47431694504716904,6.47862719665153,3,8,1,0,1,1,5,3,0.9506777822971344,1,0,1,1
437239,0.15217223266760507,0.44498557845751446,0.715881989347713,2.903171274490019,10,13,0,0,0,0,13,3,0.9803547859191895,0,0,0,0
477623,0.1301483487089475,0.378942350546519,0.6873033316036663,3.2570310181208137,2,1,0,0,0,0,2,0,0.9946991205215454,0,0,0,0
99024,0.12885496765375137,0.3552242914835612,0.6230087698231129,4.110116798470589,3,3,1,0,1,1,3,1,0.9887335896492004,0,0,0,0
296231,0.12956167509158453,0.30251702666282654,0.5522065251607338,5.157969316319862,3,21,0,0,0,0,3,0,0.9844954411188761,0,0,0,0
469067,0.12808021157979965,0.31322456399599713,0.6261633632810899,4.066246929537845,4,5,0,0,0,0,4,0,0.9824042469263077,0,0,0,0
184321,0.1609710305929184,0.5008069475491842,0.7567191044129992,2.421306030668193,1,1,0,0,0,0,2,1,0.9774131774902344,0,0,0,0
377946,0.12187867611646652,0.33983373641967773,0.6513630185787181,3.723538046620866,11,20,1,0,0,1,10,0,0.9807661831378937,0,0,0,0
13597,0.12791666885217032,0.3107606867949168,0.642386584395669,3.844070748851844,1,2,0,0,0,0,1,0,0.9967105388641357,0,0,0,0
156372,0.172149990995725,0.49777114391326904,0.7599963048029992,2.383770386162288,3,4,1,0,1,1,2,0,0.9756081998348236,0,0,0,0
423944,0.15103866904973984,0.3619912962118785,0.6356039594110964,3.9362681215198805,2,1,0,0,0,0,2,0,0.990184098482132,0,0,0,0
108503,0.19132075707117716,0.6173117756843567,0.8318939334792772,1.5986408549818587,3,15,0,0,0,0,3,0,0.9807864228884379,0,0,0,0
426166,0.16038505733013153,0.4852469762166341,0.7268968677105084,2.7705440513604884,1,1,0,0,0,0,1,0,0.9960677623748779,0,0,0,0
414340,0.16905659437179565,0.48646188775698346,0.726077781085509,2.780337060190064,1,1,0,0,0,0,1,0,0.9532842040061951,0,0,0,0
478136,0.12640189876159033,0.3058432837327321,0.5432239505559657,5.300421808240722,5,6,0,0,0,0,8,3,0.9879350662231445,0,0,0,0
248111,0.15793326248725256,0.46212664246559143,0.7267529932870497,2.772263416389871,4,6,0,0,0,0,5,1,0.97252556681633,0,0,0,0
357742,0.1932249814271927,0.5575916965802511,0.7727907265303907,2.2387619616867624,3,2,1,0,0,1,2,0,0.9886249601840973,0,0,0,0
350003,0.15865309536457062,0.4945448637008667,0.7340907556785469,2.6850048983032826,3,6,0,0,0,0,3,0,0.9756091833114624,0,0,0,0
400573,0.12893101324637732,0.2895323137442271,0.5903989666352009,4.577088226444972,2,5,0,0,0,0,2,0,0.9934220910072327,0,0,0,0
396903,0.15506134430567423,0.4811203181743622,0.7576569874456174,2.4105473431795827,1,3,0,0,0,0,1,0,0.9924769997596741,0,0,0,0
4795,0.103601669271787,0.23231245577335358,0.5130724748416434,5.796425672397469,3,3,1,0,0,1,2,0,0.9947661459445953,0,0,0,0
103548,0.17003300786018372,0.5400565266609192,0.7568012075196633,2.4203636732799194,6,19,2,0,2,1,4,0,0.9554954916238785,0,0,0,0
16439,0.13556291162967682,0.3514307240645091,0.6167031608806046,4.198476512275379,2,2,0,0,0,0,2,0,0.993817150592804,0,0,0,0
289586,0.13885184129079184,0.3750291665395101,0.6653990052301436,3.538357054717606,1,1,0,0,0,0,1,0,0.9911354184150696,0,0,0,0
216636,0.13991032789150873,0.34306250015894574,0.6491066979689549,3.753678189401897,2,1,1,0,0,1,2,1,0.9764261841773987,0,0,0,0
568981,0.1618122160434723,0.4586118559042613,0.7075883166596645,3.0043869310780433,3,4,0,0,0,0,5,2,0.9814080198605856,0,0,0,0
281414,0.1436204786101977,0.34237513939539593,0.578132708503024,4.759449184698635,3,3,0,0,0,0,4,1,0.9817185799280802,0,0,0,0
547383,0.15013729532559714,0.4360979000727336,0.712947069991434,2.9388542294402384,2,3,0,0,0,0,2,0,0.9913107752799988,0,0,0,0
545826,0.12795845170815787,0.3191109796365102,0.6299634284602194,4.013693242005782,1,2,0,0,0,0,3,2,0.9931512475013733,0,0,0,0
166642,0.13627299418052038,0.3527632455031077,0.6451323861024155,3.8070231133661188,1,1,0,0,0,0,1,0,0.982641875743866,0,0,0,0
28809,0.13057302931944528,0.23086733122666678,0.3823447280364425,8.350897874139013,4,4,1,0,0,1,3,0,0.9423398574193319,0,0,0,0
119641,0.16722855468591055,0.5336502889792124,0.7528051461152516,2.466348415372151,16,21,2,0,2,1,15,1,0.9822353550365993,0,0,0,0
490413,0.22423307597637177,0.6221696138381958,0.9055492814665718,0.8617581938764771,1,1,0,0,0,0,1,0,0.9869385957717896,0,0,0,0
47571,0.12833925833304724,0.33685510357220966,0.5768312780250959,4.779023970439252,3,3,0,0,0,0,3,0,0.9863608479499817,0,0,0,0
317999,0.11474801848332088,0.2465255707502365,0.4859903464805984,6.267447146105802,3,4,2,0,2,1,1,0,0.9795234799385071,0,0,0,0
218091,0.14201324929793677,0.3447461525599162,0.6450637882580034,3.807946745474746,4,7,0,0,0,0,4,0,0.9835812449455261,0,0,0,0
319696,0.13122194508711496,0.35247040788332623,0.669706789744408,3.482305959947991,3,5,1,0,1,1,3,1,0.9870053827762604,1,0,1,1
525600,0.20636942982673645,0.5762089391549429,0.8269592383676979,1.6503179344209666,7,8,0,0,0,0,11,4,0.9740798813956124,0,0,0,0
406417,0.12667041768630347,0.34308263659477234,0.5887461210647907,4.601438823781764,5,6,1,0,1,1,5,1,0.9962677955627441,0,0,0,0
320642,0.14336882531642914,0.36862315734227497,0.7004176978307571,3.0928577779530224,6,6,0,0,0,0,7,1,0.9859116276105245,0,0,0,0
99054,0.14498374362786612,0.3764047722021739,0.6666035141034103,3.5226480243799454,5,6,1,0,1,1,4,0,0.978791743516922,0,0,0,0
374369,0.19787073135375977,0.673229455947876,0.8812110070033673,1.0984017363044307,2,2,0,0,0,0,2,0,0.9552524089813232,0,0,0,0
507015,0.16674380004405975,0.5360763669013977,0.7773488352493739,2.18768095662972,9,9,0,0,0,0,15,6,0.9779983626471626,0,0,0,0
455352,0.14803680032491684,0.46492862701416016,0.7484855048913898,2.5163321150128115,2,2,0,0,0,0,2,0,0.9860344231128693,0,0,0,0
275058,0.19550330936908722,0.6248679558436075,0.8133005531511392,1.7949786464498676,2,2,0,0,0,0,5,3,0.9920686483383179,0,0,0,0
231088,0.13222323606411615,0.3183196385701497,0.6128215069526567,4.253320031120023,6,6,0,0,0,0,8,2,0.9852756559848785,0,0,0,0
280930,0.13064511368672052,0.3030443489551544,0.6003397993683202,4.43205728503673,3,4,0,0,0,0,3,0,0.9923200209935507,0,0,0,0
420916,0.17194713403781256,0.49887171387672424,0.7415971237709499,2.596639264780018,4,5,0,0,0,0,6,2,0.9912779778242111,0,0,0,0
570664,0.13049664348363876,0.2946196397145589,0.5968627449317628,4.482510562407772,3,3,0,0,0,0,4,1,0.9814976851145426,0,0,0,0
41872,0.1441214457154274,0.3828537166118622,0.6640968834396808,3.5553711574012565,5,5,0,0,0,0,6,1,0.9881634831428527,0,0,0,0
227511,0.15431684255599976,0.4711688160896301,0.693738647254571,3.176082217206214,5,7,0,0,0,0,7,2,0.9803828835487366,0,0,0,0
345027,0.17509640753269196,0.5528193016846975,0.8013616332903384,1.923429081569292,5,34,1,0,1,1,6,2,0.9841453433036804,0,0,0,0
21839,0.1540388489762942,0.4375667870044708,0.6993360422547367,3.106281771846696,8,15,1,0,1,1,7,0,0.9603458557810102,0,0,0,0
275749,0.13175355146328607,0.36081430315971375,0.6195415132536923,4.158591755961343,13,19,1,0,1,1,15,3,0.9824768602848053,0,0,0,0
57597,0.15538449585437775,0.44525230924288434,0.6933051734816899,3.1815111811921053,7,32,0,0,0,0,9,2,0.9369878598621914,0,0,0,0
474293,0.15661152452230453,0.4227316081523895,0.6580021067915172,3.6354543171900207,2,15,0,0,0,0,4,2,0.956238865852356,0,0,0,0
338219,0.11918051292498906,0.27942828337351483,0.5162413286462254,5.742944603184384,11,18,1,1,2,1,10,0,0.9794052773051791,0,1,1,1
460160,0.17234675089518228,0.5275163153807322,0.7384739509497248,2.633296389121029,1,1,0,0,0,0,1,0,0.9777048826217651,0,0,0,0
89045,0.14972934871912003,0.3718327482541402,0.667716808439322,3.508153822625028,2,9,0,0,0,0,2,0,0.9785796403884888,0,0,0,0
279145,0.1104449952642123,0.22565032045046488,0.5016425159739978,5.992113252541452,6,9,0,0,1,1,6,0,0.9773552517096201,0,0,1,1
530061,0.12236720075209935,0.2521937886873881,0.5748054131511535,4.809583012196532,5,7,0,0,0,0,9,4,0.9893718361854553,0,0,0,0
78426,0.13644103209177652,0.36016736427942914,0.6919080106356933,3.199032825573162,2,3,0,0,0,0,3,1,0.9821298122406006,0,0,0,0
284698,0.14664032061894736,0.4141474763552348,0.6661759683078907,3.5282207628134183,2,2,0,0,0,0,2,0,0.9831554889678955,0,0,0,0
356125,0.1395828848083814,0.3495742777983348,0.6474446933162036,3.7759464882071163,3,3,0,0,0,0,3,0,0.9654496709505717,0,0,0,0
42528,0.12015572935342789,0.2985525329907735,0.575508431736988,4.798966183341589,4,3,0,0,0,0,5,1,0.9907282143831253,0,0,0,0
36539,0.16565836469332376,0.49427414933840436,0.6818502571114049,3.326219828004639,3,3,0,0,0,0,3,0,0.9782031377156576,0,0,0,0
471991,0.1642448753118515,0.3942316770553589,0.6289562105243459,4.027591803007185,2,1,1,0,0,1,1,0,0.9865249991416931,0,0,0,0
568814,0.15934033195177713,0.424820472796758,0.751418338380483,2.4823642035451483,4,6,0,0,0,0,4,0,0.9906310141086578,0,0,0,0
58705,0.11655285209417343,0.25134537120660144,0.5308154153064988,5.501129467269699,4,4,1,0,1,1,4,1,0.9934914509455363,0,0,0,0
464824,0.12762688348690668,0.32196619113286334,0.5937710296803365,4.527619912397856,2,3,1,0,1,1,1,0,0.9910733699798584,0,0,0,0
152120,0.16255182027816772,0.43871519962946576,0.7463316436245968,2.5413628878062386,2,2,0,0,0,0,2,0,0.9828630983829498,0,0,0,0
497628,0.12685414652029672,0.2917558054129283,0.5652523026054548,4.95515319683715,0,2,0,0,0,0,1,1,,0,0,0,0
302452,0.1108892634510994,0.24900319675604501,0.415737494218952,7.6236161180985285,5,12,0,0,0,0,6,1,0.9763852953910828,0,0,0,0
417911,0.18212356666723886,0.5446531275908152,0.7694428431211848,2.276472710646554,2,2,0,0,0,0,3,1,0.9788054823875427,0,0,0,0
520832,0.15928843120733896,0.4282221794128418,0.6764488970430994,3.3953001401000464,2,15,0,0,0,0,2,0,0.9832247197628021,0,0,0,0
456559,0.1496642753481865,0.4306528667608897,0.7709740882175352,2.2592043594282343,2,2,0,0,0,0,2,0,0.9900695085525513,0,0,0,0
54123,0.14295906325181326,0.40974824627240497,0.7125352831533527,2.9438725099143297,4,6,0,0,0,0,5,1,0.9925149381160736,0,0,0,0
197870,0.13866908103227615,0.3985430796941121,0.6919544739805142,3.1984495660513987,3,3,0,0,0,0,4,1,0.9907475511233012,0,0,0,0
561223,0.1850921312967936,0.619643360376358,0.8255860833658046,1.6647527282999128,2,2,0,0,0,0,3,1,0.9756529927253723,0,0,0,0
237118,0.12834026167790094,0.32080135742823285,0.5233562790750773,5.624051218543676,2,3,1,0,1,1,1,0,0.9923785328865051,0,0,0,0
1584,0.10758975644906361,0.2633833984533946,0.4755304098233224,6.456434100454695,5,14,0,0,0,0,6,1,0.9666055321693421,0,0,0,0
197658,0.129554845392704,0.3574829896291097,0.6302171616337947,4.010195491936786,2,2,1,0,1,1,1,0,0.9960415363311768,0,0,0,0
102411,0.16275381545225778,0.4950041671593984,0.7246047281694435,2.7979767289333273,12,14,1,0,1,1,13,2,0.9847746220501986,0,0,0,0
330818,0.11121499290068944,0.2511531511942546,0.5264693629779905,5.572537935979723,8,9,1,0,1,1,9,2,0.9685289178575788,0,0,0,0
234526,0.10429064432779948,0.21904278298219046,0.42982242502025064,7.334218598274007,3,11,0,0,0,0,3,0,0.9681065281232198,0,0,0,0
134856,0.20261012514432272,0.6867163976033529,0.8767186112916169,1.1427954798301536,6,6,0,0,0,0,6,0,0.9629529118537903,0,0,0,0
372349,0.19377483427524567,0.5940893193085989,0.809644371902233,1.8341139739138221,2,5,0,0,0,0,3,1,0.9885193705558777,0,0,0,0
253452,0.12198350578546524,0.2646705408891042,0.5388247794329358,5.371048803764492,6,15,0,1,1,1,8,2,0.989805543422699,0,0,0,0
155154,0.1806721289952596,0.38017430901527405,0.6400050060593893,3.876332579838944,0,1,0,0,0,0,0,0,,0,0,0,0
339442,0.1317795142531395,0.3142543137073517,0.5815501610893222,4.708256392751494,2,3,1,0,1,1,1,0,0.9941223859786987,0,0,0,0
52891,0.16560602684815726,0.5192487339178721,0.7922084119051467,2.023211008778628,2,8,0,0,0,0,2,0,0.9729020297527313,0,0,0,0
206411,0.14000398914019266,0.4078487753868103,0.6977995850913303,3.125385862349712,2,2,0,0,0,0,2,0,0.9871832132339478,0,0,0,0
323751,0.1518690586090088,0.4262126286824544,0.7121898623044542,2.948084252004471,3,9,0,0,0,0,3,0,0.9796672860781351,0,0,0,0
48555,0.19763091206550598,0.6081634859244028,0.8365083753830468,1.5505941277572166,3,6,1,0,1,1,3,1,0.9832553267478943,0,0,0,0
410612,0.18269934256871542,0.5525391101837158,0.8078030949823979,1.8538897445089733,1,1,0,0,0,0,1,0,0.9808854460716248,0,0,0,0
340272,0.20154914259910583,0.5989574193954468,0.8315705123599757,1.6020183845603202,3,3,0,0,0,0,4,1,0.9896190563837687,0,0,0,0
365745,0.13444742560386658,0.3700740337371826,0.6507071138104098,3.732288906917525,7,8,2,0,2,1,6,1,0.985264003276825,0,0,0,0
461405,0.15380833794673285,0.4859110812346141,0.7391263883199796,2.6256258449130083,14,12,0,1,1,1,15,1,0.9846503688738897,0,0,0,0
248631,0.14982314159472784,0.3984675109386444,0.7235314991683678,2.8108511397662506,2,2,1,0,1,1,1,0,0.9945119619369507,1,0,1,1
260657,0.20632681250572205,0.5964607099692026,0.8573127084902642,1.3372147680574673,0,0,0,0,0,0,0,0,,0,0,0,0
309484,0.10771457354227702,0.2126592049996058,0.39938275220580316,7.972213891138464,4,4,0,1,1,1,5,1,0.9910757342974345,0,0,0,0
498286,0.13961776345968246,0.3266551395257314,0.6376803280098091,3.907939609715965,2,3,0,0,0,0,2,0,0.9923236966133118,0,0,0,0
530146,0.10251363118489583,0.18287052710851034,0.34918577801809764,9.138869059583772,6,6,0,0,0,0,9,3,0.9898891846338908,0,0,0,0
331317,0.13946430881818137,0.3814649085203807,0.642623414539071,3.840869092034303,1,2,1,0,0,1,0,0,,0,0,0,0
492284,0.1391108607252439,0.38868021965026855,0.6554258042533644,3.6695292870179648,4,4,0,0,0,0,5,1,0.9871008545160294,0,0,0,0
509258,0.16245668629805246,0.4659927288691203,0.7168596166612816,2.891317686606362,1,1,0,0,0,0,1,0,0.9910532236099243,0,0,0,0
281929,0.13408483068148294,0.3631856143474579,0.6282691794139583,4.037084893179426,3,3,0,0,0,0,3,0,0.9883535504341125,0,0,0,0
179898,0.10836055378119151,0.2275123099486033,0.4774445440508511,6.421541303022912,12,26,0,0,0,0,17,5,0.9805482427279154,0,0,0,0
279774,0.13675871988137564,0.37733790278434753,0.5994314503757643,4.445209493195344,9,9,3,0,3,1,9,3,0.9833220342795054,0,0,0,0
160772,0.15717140336831412,0.4893018802007039,0.7860535696468315,2.090957114600085,1,11,0,0,0,0,1,0,0.9928310513496399,0,0,0,0
542073,0.15812979886929193,0.40953679879506427,0.6624881231217166,3.576438064319287,0,0,0,0,0,0,0,0,,0,0,0,0
107226,0.13809328774611154,0.3211171627044678,0.5573793595876979,5.076982355193403,11,18,1,0,1,1,12,2,0.9707050859928131,0,0,0,0
36660,0.1528647467494011,0.404599666595459,0.7458836138232213,2.5465786735406697,6,5,0,0,0,0,9,3,0.9907250503698984,0,0,0,0
23359,0.2067111482222875,0.6813797752062479,0.8960802969759221,0.953061436867739,2,2,0,0,0,0,4,2,0.9806573987007141,0,0,0,0
343976,0.16579405466715494,0.46654898921648663,0.7374635831579702,2.645188416122306,1,9,1,0,1,1,0,0,,0,0,0,0
12748,0.1270234336455663,0.270330806573232,0.5499031139924102,5.194276419750624,3,3,0,0,0,0,3,0,0.9933142066001892,0,0,0,0
67310,0.15220117568969727,0.40503459175427753,0.6406713006664619,3.867294602146613,5,6,0,0,0,0,7,2,0.9812758445739747,0,0,0,0
284106,0.11342608680327733,0.2805919249852498,0.6128639819273795,4.252718028491589,5,4,0,0,0,0,5,0,0.9930176496505737,0,0,0,0
451879,0.12174012263615926,0.25328271090984344,0.5376143888712456,5.3905823242424775,5,6,0,0,0,0,5,0,0.9785065412521362,0,0,0,0
433980,0.14033181220293045,0.3263558546702067,0.5927855175104153,4.542048305100288,2,2,1,0,1,1,1,0,0.9866917729377747,0,0,0,0
19042,0.16379612187544504,0.49618129928906757,0.7834565485594555,2.119701700414419,1,3,0,0,0,0,1,0,0.9708768725395203,0,0,0,0
70739,0.11754913628101349,0.26897210876146954,0.5692851163444388,4.893403408749814,5,5,0,0,0,0,6,1,0.9880351781845093,0,0,0,0
415536,0.16241262356440225,0.4904167155424754,0.7017686134346042,3.0761211896956935,1,2,0,0,0,0,2,1,0.9974233508110046,0,0,0,0
462756,0.15967207153638205,0.47231996059417725,0.7513566315530642,2.4830775221775454,3,3,0,0,0,0,4,1,0.9851112763086954,0,0,0,0
131444,0.1251416876912117,0.30716757973035175,0.6173735425883319,4.189039721053096,2,2,0,0,0,0,2,0,0.9838731586933136,0,0,0,0
564133,0.18397908409436545,0.5708377858002981,0.8263787367062697,1.6564173208127286,5,8,1,0,1,1,4,0,0.9692356288433075,0,0,0,0
176232,0.13505267103513083,0.3508232335249583,0.595340935329387,4.5046850912309795,3,2,1,0,0,1,3,1,0.9937098324298859,0,0,0,0
239537,0.1810363233089447,0.5467495620250702,0.8032276275223112,1.9032272421748822,3,3,0,0,0,0,3,0,0.991097092628479,0,0,0,0
396568,0.17423859983682632,0.5879904131094614,0.8312487560015267,1.6053798325635873,1,1,0,0,0,0,1,0,0.9974192976951599,0,0,0,0
577182,0.13629668951034546,0.390052855014801,0.6990086474732208,3.1103490308182167,4,4,0,0,0,0,6,2,0.9925851076841354,0,0,0,0
251119,0.12116246670484543,0.26952799657980603,0.572961376210552,4.837493063758396,1,2,0,0,0,0,1,0,0.9950631856918335,0,0,0,0
491090,0.13003246982892355,0.29190701246261597,0.563722038625175,4.978699723457637,3,6,0,0,0,0,4,1,0.9762266278266907,0,0,0,0
96001,0.1319808637102445,0.29555583000183105,0.5912030431923596,4.565266781904411,3,3,0,0,0,0,5,2,0.9732237855593363,0,0,0,0
376112,0.1483042910695076,0.40196184317270917,0.6245370424222839,4.088835954683999,10,22,1,0,1,1,12,3,0.9795644349522061,0,0,0,0
38210,0.1754236270984014,0.49153031905492145,0.7087036950299973,2.9907060582745384,3,3,0,0,0,0,3,0,0.9592775106430054,0,0,0,0
332570,0.12812498211860657,0.2850329478581746,0.5180948040857111,5.711815263627173,2,2,1,0,1,1,1,0,0.9926717281341553,1,0,1,1
283070,0.14543335884809494,0.426542729139328,0.7206127434270352,2.8459612402971484,5,5,0,0,0,0,9,4,0.99344801902771,0,0,0,0
569059,0.12180868536233902,0.30415884653727215,0.6031826117888993,4.391023731126949,5,14,1,0,0,1,4,0,0.9822104722261429,1,0,0,1
137727,0.16980457305908203,0.5103928546110789,0.7930694864155425,2.013775188206211,8,26,1,0,1,1,8,1,0.9798058867454529,0,0,0,0
213830,0.15269566824038824,0.4693816701571147,0.7346739261132205,2.6781074635205266,8,10,1,0,1,1,9,2,0.9797088078090123,1,0,1,1
89556,0.12483092397451401,0.33398603399594623,0.6086487642882715,4.312665107486518,12,15,0,0,0,0,13,1,0.9838288625081381,0,0,0,0
56344,0.1421269824107488,0.3523799081643422,0.6388770864677507,3.8916537539972555,6,7,0,0,0,0,8,2,0.9728801945845286,0,0,0,0
200667,0.13548612842957178,0.33025415738423664,0.6519499032009008,3.7157154963830488,1,1,0,0,0,0,1,0,0.9767819046974182,0,0,0,0
340175,0.14390027771393457,0.383171667655309,0.6625595156983437,3.5755020858321855,8,28,1,0,1,1,9,2,0.9784575871058873,0,0,0,0
448448,0.11652906487385432,0.29883209864298504,0.6090387786551521,4.307101082653617,2,2,0,0,0,0,2,0,0.9921566545963287,0,0,0,0
367680,0.14770860224962234,0.4356646140416463,0.7296895929861521,2.737236954374297,7,14,0,0,0,0,9,2,0.9855228662490845,0,0,0,0
424721,0.10651495556036632,0.21830165882905325,0.47228272293582685,6.515958830192693,4,7,1,0,0,1,4,1,0.9942130843798319,0,0,0,0
724,0.15723337481419244,0.48233267664909363,0.712119636682476,2.948940768096229,1,4,0,0,0,0,3,2,0.9911193251609802,0,0,0,0
245311,0.10868922621011734,0.19675545394420624,0.3514186534807242,9.083503793141304,6,17,0,0,0,0,6,0,0.9909074207146963,0,0,0,0
554595,0.17470640440781912,0.546626995007197,0.7645717737718839,2.3316347834517845,2,2,0,0,0,0,3,1,0.9857137799263,0,0,0,0
355610,0.17309638857841492,0.4541671971480052,0.793951523428141,2.004120272626092,2,1,0,0,0,0,2,0,0.9965803027153015,0,0,0,0
218362,0.12824620058139166,0.3383106191953023,0.630483156763784,4.00653022058892,4,8,1,0,1,1,4,1,0.9801919261614481,0,0,0,0
314264,0.13073893388112387,0.3025023241837819,0.5656013992518294,4.949790496012511,3,5,0,0,0,0,3,0,0.9809790452321371,0,0,0,0
230983,0.16568012783924738,0.504428098599116,0.7348196313923362,2.6763849925756675,4,7,0,0,0,0,4,0,0.9860647916793823,0,0,0,0
488664,0.15770586828390756,0.46024857958157855,0.7644500446763483,2.333017792482843,1,3,0,0,0,0,1,0,0.9892622232437134,0,0,0,0
403584,0.1303902193903923,0.38532037536303204,0.5954178869992118,4.503562456319593,5,9,0,1,0,1,7,2,0.9704008996486664,0,0,0,0
270677,0.11885858575503032,0.2881324291229248,0.45898198845346,6.764087137566497,2,2,0,0,0,0,3,1,0.9934565722942352,0,0,0,0
444275,0.16309097409248352,0.4898884395758311,0.7109836888421043,2.9628072519904567,1,1,0,0,0,0,2,1,0.9936997890472412,0,0,0,0
365642,0.1620777820547422,0.43422799309094745,0.691168332712602,3.208323363222968,4,7,2,0,2,1,5,3,0.9864432513713837,0,0,0,0
506656,0.14163604627052942,0.4047632614771525,0.6988206871104145,3.1126849425595338,5,5,0,0,0,0,7,2,0.975501012802124,0,0,0,0
245651,0.11766261979937553,0.27311719954013824,0.551519194234905,5.168787368727994,1,1,0,0,0,0,1,0,0.9977155923843384,0,0,0,0
285788,0.15218520164489746,0.45308639605840045,0.7164937812765014,2.89575149316303,2,4,0,0,0,0,6,4,0.9874811470508575,0,0,0,0
552883,0.17764834066232046,0.5304233630498251,0.7884753073545402,2.0642380580543804,0,1,0,0,0,0,0,0,,0,0,0,0
490171,0.19514096776644388,0.6759051481882731,0.8511650752635529,1.399724090348332,2,3,0,0,0,0,3,1,0.9665887355804443,0,0,0,0
20059,0.1566625436147054,0.5022890369097391,0.7428239238419088,2.5822823510627027,2,2,0,0,0,0,2,0,0.9917058348655701,0,0,0,0
315219,0.1499597653746605,0.42628469069798786,0.7306103991704528,2.72628301066703,0,1,0,0,0,0,0,0,,0,0,0,0
94326,0.14881172527869543,0.4168755114078522,0.6415330143899023,3.8556197834919375,2,2,0,0,0,0,2,0,0.9808380603790283,0,0,0,0
356505,0.17193839947382608,0.5317691663901011,0.768433237815991,2.2878771685576043,2,2,0,0,0,0,5,3,0.9825460910797119,0,0,0,0
546011,0.15374437471230826,0.4770152072111766,0.7354915753898505,2.6684459497597346,3,3,0,0,0,0,4,1,0.9798559347788492,0,0,0,0
554735,0.1391783282160759,0.3297065595785777,0.6522225967273435,3.7120831764095112,2,2,0,0,0,0,2,0,0.9945495426654816,0,0,0,0
268729,0.13514924297730127,0.35705392559369403,0.5924902357606887,4.546376048642228,7,10,1,0,1,1,10,4,0.976491649945577,0,0,0,0
398742,0.15287256240844727,0.3598402837912242,0.6171362031327025,4.192379515414217,5,8,0,0,0,0,7,2,0.9607589483261109,0,0,0,0
450758,0.16324551900227866,0.5459206998348236,0.7722853205296849,2.244444401602224,7,7,0,0,0,0,9,2,0.9421995537621635,0,0,0,0
335800,0.16533722480138144,0.5028333266576132,0.7972741638362956,1.9678461852125526,1,1,0,0,0,0,2,1,0.9820743203163147,0,0,0,0
28452,0.12614885965983072,0.2655047873655955,0.5560708596374726,5.097397262290087,2,2,0,0,0,0,2,0,0.9846007823944092,0,0,0,0
447088,0.16590715448061624,0.43895629048347473,0.7079542614267632,2.999895994555662,5,6,1,0,1,1,4,0,0.9924537837505341,0,0,0,0
134112,0.12087152153253555,0.24741200109322867,0.559781940155832,5.039622339518816,3,3,0,0,0,0,3,0,0.9910449385643005,0,0,0,0
454798,0.1653950015703837,0.48633522788683575,0.7620771809607726,2.3600208470151465,3,7,0,0,0,0,4,1,0.9874886274337769,0,0,0,0
576031,0.15504839271306992,0.4470944106578827,0.7087866218551878,2.9896897645561533,4,5,0,0,0,0,5,1,0.9860854893922806,0,0,0,0
140640,0.12870402137438455,0.2934243977069855,0.5959738363768505,4.495456112798356,6,11,1,0,1,1,7,2,0.9852807760238648,0,0,0,0
87470,0.13789981106917062,0.3732992510000865,0.6123295073141305,4.260296240162283,13,19,1,0,0,1,14,2,0.9615188241004944,0,0,0,0
356387,0.16336981455485025,0.41851433118184406,0.6654900795021021,3.5371682838644847,11,20,3,0,2,1,8,0,0.9820254221558571,0,1,0,1
443498,0.14727755139271417,0.4182511866092682,0.6918723939265744,3.199479952593788,1,1,0,0,0,0,1,0,0.9963716268539429,0,0,0,0
102820,0.13530125468969345,0.2844582299391429,0.6144790079164257,4.229858981401907,2,2,0,0,0,0,2,0,0.991703599691391,0,0,0,0
292415,0.17068951825300852,0.508982648452123,0.7679681295965785,2.293136053211928,1,2,0,0,0,0,1,0,0.9291553497314453,0,0,0,0
164115,0.11652831236521403,0.28398577868938446,0.48109459337582583,6.355390474928909,1,2,0,0,0,0,1,0,0.9935107231140137,0,0,0,0
349594,0.1276626984278361,0.3222340742746989,0.6563915357841192,3.656740556825916,2,2,0,0,0,0,2,0,0.9908925592899323,0,0,0,0
271402,0.14578318347533545,0.3819262584050496,0.6257554306701696,4.071907452857319,3,3,0,0,0,0,3,0,0.9840030272801717,0,0,0,0
245915,0.1622446527083715,0.5067609151204427,0.7498948906704354,2.499992108188416,12,13,2,1,3,1,9,0,0.9902012480629815,0,0,0,0
262440,0.17909644544124603,0.5083355406920115,0.7321477695730223,2.7080251265523487,3,3,1,0,1,1,2,0,0.9925269782543182,1,0,1,1
58111,0.13561329742272696,0.24089743196964264,0.4165587921375921,7.606473892394313,1,6,0,0,0,0,1,0,0.9964258670806885,0,0,0,0
26204,0.14519000798463821,0.4435762067635854,0.6956138540282234,3.1526355412043925,9,13,0,0,0,0,12,3,0.9864602287610372,0,0,0,0
316404,0.1377784013748169,0.36692450443903607,0.6938848745450569,3.174251585061425,5,6,0,0,0,0,7,2,0.9787912011146546,0,0,0,0
27696,0.1238533432284991,0.25842076539993286,0.6119184206008256,4.266129460503074,3,4,0,0,0,0,3,0,0.9859657287597656,0,0,0,0
548246,0.14873301734526953,0.3974102238814036,0.6780885047907614,3.3742723576524387,8,19,1,0,1,1,7,0,0.9656758393560138,0,0,0,0
79565,0.1719435155391693,0.5776958167552948,0.8294325242254169,1.6243787762405444,2,2,0,0,0,0,3,1,0.9925608336925507,0,0,0,0
389684,0.14712142944335938,0.43119264642397565,0.7499261773785172,2.4996297277693573,2,2,0,0,0,0,2,0,0.9937955439090729,0,0,0,0
419882,0.10615054766337077,0.21374980608622232,0.37120309604740837,8.607768203444017,6,7,0,0,0,0,7,1,0.9449105660120646,0,0,0,0
78404,0.15747767190138498,0.40173112352689105,0.6694646976049856,3.485446387664735,4,6,0,0,0,0,6,2,0.980225071310997,0,0,0,0
546976,0.14094799757003784,0.3323748807112376,0.5996833614339611,4.441560014995685,2,3,0,0,0,0,2,0,0.9891685843467712,0,0,0,0
574702,0.13270356506109238,0.303757905960083,0.5693095526994272,4.893030578122044,8,18,1,0,1,1,10,3,0.9746288742337909,1,0,1,1
467776,0.15658302108446756,0.48571841915448505,0.7510420390890259,2.4867150592932723,3,8,0,0,0,0,7,4,0.9795227646827698,0,0,0,0
533536,0.12953532487154007,0.31625662247339886,0.6117242622254199,4.268885883205392,2,2,0,0,0,0,2,0,0.9873040020465851,0,0,0,0
23034,0.15249400089184442,0.4439244369665782,0.7009260759503096,3.0865556606322437,4,5,0,0,0,0,5,1,0.9911235868930817,0,0,0,0
500211,0.13688474893569946,0.3713558316230774,0.5931922574083017,4.536090523972062,9,13,0,0,0,0,12,3,0.9663654102219476,0,0,0,0
420472,0.16628087063630423,0.48815452059110004,0.7849030522743722,2.103679641207226,2,2,0,0,0,0,2,0,0.9950590431690216,0,0,0,0
209757,0.14774955064058304,0.4088850220044454,0.6714598428810645,3.4595991099919425,5,9,0,0,0,0,5,0,0.9660848736763,0,0,0,0
284762,0.1545452723900477,0.4480739235877991,0.738890817779935,2.6283946079851668,1,1,1,0,1,1,0,0,,0,0,0,0
397354,0.1204252541065216,0.287263145049413,0.5225870664360655,5.636826857537626,17,35,1,0,0,1,19,3,0.9789559990167618,0,0,0,0
482585,0.133341483771801,0.37741711735725403,0.7037521297362979,3.051605557019477,5,6,0,0,0,0,5,0,0.9714291334152222,0,0,0,0
325838,0.12176767736673355,0.2617705812056859,0.5005393575150202,6.011235363510484,9,18,0,0,0,0,14,5,0.98094599114524,0,0,0,0
249025,0.13015211125214896,0.3230310281117757,0.6040036493586936,4.379208747724544,1,1,0,0,0,0,1,0,0.9945462942123413,0,0,0,0
310862,0.10395992547273636,0.23939931889375052,0.4286796740365493,7.357342163845698,2,3,0,0,0,0,2,0,0.9870157241821289,0,0,0,0
521282,0.15525487065315247,0.3871956467628479,0.6755027537844315,3.4074575234846023,1,1,0,0,0,0,1,0,0.9941430687904358,0,0,0,0
147415,0.1254383052388827,0.3065178096294403,0.5916245148897917,4.559076772584141,2,10,0,0,0,0,3,1,0.9925047755241394,0,0,0,0
29187,0.14333917945623398,0.37798410654067993,0.6599238589060814,3.610123397178129,2,2,0,0,0,0,2,0,0.9945545792579651,0,0,0,0
97278,0.15764054656028748,0.4169226288795471,0.6828754757986379,3.313169677586001,2,2,1,0,1,1,1,0,0.9921196699142456,0,0,0,0
366711,0.1266628454128901,0.26837530235449475,0.5483715082855946,5.218502358313994,2,14,0,0,0,0,3,1,0.9917450845241547,0,0,0,0
464872,0.19023791452248892,0.6168371041615804,0.826879459109316,1.6511559288823452,2,2,0,0,0,0,2,0,0.9894663691520691,0,0,0,0
114871,0.16388257841269174,0.4276072680950165,0.7533077663774566,2.460551101965933,1,2,0,0,0,0,1,0,0.9931330680847168,0,0,0,0
118367,0.14303940534591675,0.35673414667447406,0.6636207920398424,3.5616003092913555,2,10,0,0,0,0,2,0,0.9697729647159576,0,0,0,0
223090,0.14882310728232065,0.32405804594357807,0.5899281215081461,4.5840180157690185,4,4,1,0,1,1,5,2,0.9581448634465536,0,0,0,0
378284,0.12121317783991496,0.2571834276119868,0.577969199315449,4.761906100923669,5,7,0,0,0,0,5,0,0.9803716659545898,0,0,0,0
167902,0.1368855486313502,0.38014700015385944,0.6661312486020846,3.5288038571995988,1,1,0,0,0,0,1,0,0.9951097369194031,0,0,0,0
91921,0.14699774980545044,0.4321708381175995,0.6878185890938884,3.25052182088187,2,2,0,0,0,0,3,1,0.9912028312683105,0,0,0,0
273712,0.14355467508236566,0.34163471062978107,0.6205436008558315,4.144553970787768,1,1,0,0,0,0,1,0,0.9940744638442993,0,0,0,0
61747,0.1263724540670713,0.35009415944417316,0.573299524754098,4.8323683648120355,2,2,0,0,0,0,2,0,0.9861254096031189,0,0,0,0
377670,0.13186110804478327,0.28648248811562854,0.5390760736824551,5.36699886883543,2,3,0,0,0,0,2,0,0.9822362959384918,0,0,0,0
526392,0.13015213112036386,0.3136671582857768,0.6247952126900719,4.085246135440031,8,8,0,1,1,1,8,0,0.9912422469684056,0,0,0,0
44877,0.1501010482509931,0.36725271741549176,0.661670053096194,3.587170417884823,4,6,0,0,0,0,4,0,0.9673647433519363,0,0,0,0
292155,0.11052080243825912,0.2774151066939036,0.6504687148192724,3.735471731720223,2,2,0,0,0,0,2,0,0.985923171043396,0,0,0,0
324927,0.12690406292676926,0.2801254491011302,0.5794346542755536,4.739910689701215,3,3,1,0,1,1,2,0,0.9863646030426025,0,0,0,0
270908,0.17615442723035812,0.4902018904685974,0.8100110595190042,1.830181028469318,2,2,0,0,0,0,3,1,0.9841229319572449,0,0,0,0
261982,0.14744382599989572,0.3911392589410146,0.6543358935119106,3.6839851175967846,4,5,0,0,0,0,5,1,0.9871417880058289,0,0,0,0
282037,0.137803316116333,0.4044524629910787,0.6878260433470756,3.250427687820188,9,27,0,0,0,0,9,0,0.976726406150394,0,0,0,0
150649,0.16305207212766012,0.48297112186749774,0.7816223120099784,2.1400610368473743,9,11,1,0,1,1,10,2,0.960877813398838,0,0,0,0
125062,0.14215839405854544,0.3016727566719055,0.5662241588664373,4.94023209402979,7,10,1,1,2,1,8,2,0.9273046135902405,0,0,0,0
486046,0.12411203235387802,0.35385891795158386,0.6671662858108974,3.5153181639601643,2,3,0,0,0,0,2,0,0.9944544434547424,0,0,0,0
152870,0.16099072496096292,0.4609171847502391,0.6835477404211892,3.304622959818219,2,2,0,0,0,0,2,0,0.9525492191314697,0,0,0,0
463199,0.11669981976350148,0.2377814551194509,0.5130586265236292,5.796660116050508,10,16,1,0,1,1,10,1,0.9648587505022684,0,0,0,0
108253,0.09912484263380368,0.2015631099541982,0.4625139715245115,6.697502873013503,7,13,1,0,1,1,7,1,0.990786224603653,0,0,0,0
370818,0.15393385787804922,0.4113926887512207,0.6261621742209611,4.066263423723651,3,3,1,0,1,1,2,0,0.9918693602085114,0,0,0,0
395388,0.14052686591943106,0.3109351346890132,0.5221145438931274,5.644684180430135,8,12,0,1,0,1,12,4,0.9766038741384234,0,0,0,0
5529,0.16650410989920297,0.48617543776830036,0.7049030094486608,3.0374127058177915,2,2,0,0,0,0,2,0,0.9708128273487091,0,0,0,0
491464,0.17594918608665466,0.5247693757216135,0.767851422705938,2.294456134301579,5,13,1,0,1,1,6,2,0.9618689566850662,1,0,1,1
32038,0.14180889228979746,0.34477055072784424,0.6349244284567424,3.945559266045774,2,4,0,0,0,0,3,1,0.9898539781570435,0,0,0,0
88265,0.17783739666144052,0.5247226357460022,0.7408318340181771,2.6056072802647474,1,1,0,0,0,0,1,0,0.995270311832428,0,0,0,0
17436,0.1693532963593801,0.43610693017641705,0.6856304742573693,3.2781977508778173,3,3,1,0,1,1,2,0,0.9937898516654968,0,0,0,0
577539,0.12241252263387044,0.26019929349422455,0.5758373454102923,4.79400345537368,1,5,0,0,0,0,2,1,0.9995033144950867,0,0,0,0
433103,0.12931631257136664,0.2918730129798253,0.5368986952705501,5.402153028483017,9,19,0,1,1,1,11,2,0.986755259335041,0,0,0,0
185292,0.20100426177183786,0.636732280254364,0.8210064899176518,1.7130681968490868,1,2,0,0,0,0,1,0,0.9862611293792725,0,0,0,0
520531,0.11865809311469395,0.24405541519323984,0.5218560867426282,5.648984934235638,4,18,0,0,0,0,4,0,0.9906839430332184,0,0,0,0
576654,0.19780630866686502,0.6156440377235413,0.8550125090886911,1.3605506273441148,3,3,0,0,0,0,4,1,0.9876318971316019,0,0,0,0
528314,0.15671256432930628,0.45143184065818787,0.6739003105489257,3.428086869905211,11,10,1,0,0,1,10,0,0.9781467080116272,0,1,0,1
232348,0.1324953536192576,0.32219276825586957,0.6254511758272213,4.0761317336852185,0,1,0,0,0,0,0,0,,0,0,0,0
107339,0.14388882368803024,0.38256126642227173,0.6767497945825829,3.39143734762239,4,8,0,0,0,0,5,1,0.9703978598117828,0,0,0,0
570456,0.1359835440913836,0.3673356572786967,0.6280120800096622,4.040640047833136,5,11,1,0,1,1,5,1,0.9849610775709152,0,0,0,0
69356,0.12882700065771738,0.3093646963437398,0.5501043775538995,5.19109798121052,9,22,1,0,1,1,10,2,0.9655134156346321,0,0,0,0
452084,0.09645182887713115,0.184077059229215,0.32255155765808324,9.828017129611817,4,5,2,0,2,1,2,0,0.990417093038559,1,0,1,1
299355,0.14249070237080255,0.33439027269681293,0.6518092780288063,3.7175892392451813,1,2,0,0,0,0,1,0,0.9947704672813416,0,0,0,0
356094,0.1571330005923907,0.48962350686391193,0.7698891374760195,2.2714361575577304,4,4,0,0,0,0,6,2,0.9782609790563583,0,0,0,0
416343,0.12129583209753036,0.24499640862147012,0.5166685582209086,5.7357593313719715,4,7,0,0,0,0,5,1,0.9640696942806244,0,0,0,0
137106,0.19519213835398355,0.5186996459960938,0.8263753961841709,1.656452432394913,2,2,0,0,0,0,2,0,0.9813787639141083,0,0,0,0
386879,0.14323671410481134,0.37373554706573486,0.6834908773425379,3.3053455530493276,2,2,0,0,0,0,2,0,0.9800558984279633,0,0,0,0
79837,0.1827783683935801,0.5264148811499277,0.7420032230075644,2.5918841658113623,1,8,0,0,0,0,1,0,0.9142991900444031,0,0,0,0
255165,0.12360264112552007,0.3165603081385295,0.5499304564668472,5.193844547653209,7,22,0,0,0,0,11,4,0.9785592726298741,0,0,0,0
27972,0.16360260049502054,0.4956514835357666,0.7031284528356226,3.0593065504812427,2,2,0,0,0,0,2,0,0.9776640832424164,0,0,0,0
132408,0.1569554259379705,0.4919486443201701,0.7299886921440661,2.7336773449188376,7,6,1,0,1,1,7,1,0.9851748049259186,1,0,1,1
574520,0.20554122825463614,0.6057099103927612,0.8219837304444368,1.7027355676449831,2,2,0,0,0,0,3,1,0.9938772916793823,0,0,0,0
304404,0.14487812419732413,0.3987446328004201,0.6548848514672114,3.6767011076031992,14,17,1,0,1,1,16,3,0.9801122775444617,0,0,0,0
100723,0.12909027934074402,0.28525719543298084,0.5332206446466321,5.461860887993806,9,17,1,1,1,1,9,1,0.9855356131281171,0,0,0,0
515982,0.15366015831629434,0.45935239394505817,0.739737860723198,2.618443059722031,5,5,0,0,0,0,7,2,0.9864751100540161,0,0,0,0
342186,0.1311087136467298,0.26112498342990875,0.5450500645206324,5.271272092212095,1,2,0,0,0,0,2,1,0.9950703382492065,0,0,0,0
77396,0.13800212989250818,0.389448881149292,0.6833347358660394,3.3073300456218746,4,9,0,0,0,0,4,0,0.9892005920410156,0,0,0,0
382030,0.14190304030974707,0.29900557299455005,0.5433659865541326,5.298151017817211,2,4,1,0,1,1,1,0,0.9459209442138672,1,0,1,1
520659,0.1292646825313568,0.3421039779980977,0.6036503922367757,4.384290256760525,9,29,2,0,1,1,7,0,0.9862941333225795,0,0,0,0
127394,0.10711538667480151,0.23711159328619638,0.5079691603053287,5.883253073840622,18,22,0,0,0,0,20,2,0.983575681845347,0,0,0,0
57672,0.13249961038430533,0.3965185085932414,0.6616145716386764,3.5878987658278594,14,16,4,0,4,1,10,0,0.9543883860111236,0,0,0,0
452891,0.14821501821279526,0.28226136167844135,0.5726809383833088,4.841745441722089,2,2,0,0,0,0,2,0,0.9515974819660187,0,0,0,0
265777,0.11271875103314717,0.2020335296789805,0.3633020562034538,8.794642882531749,5,6,0,0,0,0,6,1,0.9717296481132507,0,0,0,0
143068,0.24720350901285806,0.6813260714213053,0.8997240791335431,0.9178131285980368,4,15,0,0,0,0,7,3,0.8679802119731903,0,0,0,0
18491,0.163470725218455,0.46613121032714844,0.7179277329154924,2.8783853985968704,12,14,0,1,1,1,13,2,0.9746767065741799,0,0,0,0
194875,0.1056227187315623,0.21210419634977976,0.42564943540121486,7.4189587667431125,14,39,0,0,0,0,22,8,0.9835598170757294,0,0,0,0
56127,0.1097479909658432,0.22480708360671997,0.34716533957432144,9.18927281178953,4,8,1,0,1,1,4,1,0.9871402780214945,0,0,0,0
157124,0.14222554117441177,0.362166295448939,0.670684173686195,3.469638834029345,1,1,0,0,0,0,1,0,0.9612722992897034,0,0,0,0
69138,0.1640776147445043,0.46268164118131,0.7410564437312368,2.6029742407522445,2,2,1,0,1,1,1,0,0.991096019744873,0,0,0,0
4765,0.1545194685459137,0.4007296959559123,0.6217748674310324,4.127336728410748,2,2,0,0,0,0,3,1,0.9755232930183411,0,0,0,0
93353,0.12406842162211736,0.2568497210741043,0.5400829326329262,5.350790936155741,2,5,0,0,0,0,2,0,0.991370677947998,0,0,0,0
363207,0.1335820878545443,0.34839768211046857,0.6280310298149354,4.040377961419077,13,14,1,1,2,1,13,2,0.9746205373243852,0,0,0,0
353180,0.16068394978841147,0.4293316702047984,0.7236673152487838,2.8092208406293526,10,12,0,1,1,1,15,5,0.9656633072429233,0,0,0,0
252701,0.19887428979078928,0.6320818066596985,0.8527036676695483,1.3840373802959829,3,4,0,0,0,0,3,0,0.9842273195584615,0,0,0,0
522007,0.12859001755714417,0.30782197912534076,0.5802690160723939,4.7274123663427385,3,9,1,0,0,1,2,0,0.9928615987300873,0,0,0,0
238039,0.16239069402217865,0.4681937098503113,0.6785192366147406,3.3687567040140043,2,1,0,0,0,0,3,1,0.9905619621276855,0,0,0,0
229849,0.1306619644165039,0.31246274212996167,0.5265558293617979,5.571111498180694,4,27,2,0,2,1,2,0,0.990586668252945,0,0,0,0
462614,0.14012388388315836,0.3704213003317515,0.6455075603139003,3.8019733364754513,5,4,2,0,1,1,5,2,0.9909916520118713,0,0,0,0
31269,0.15201948583126068,0.485281507174174,0.7691927620940845,2.279296220272528,3,3,0,0,0,0,5,2,0.9894212285677592,0,0,0,0
332845,0.13148359954357147,0.3394587238629659,0.6431778501869736,3.8333784054411684,4,4,0,0,0,0,4,0,0.9886472076177597,0,0,0,0
168330,0.18861807386080423,0.5509833792845408,0.8119880541347694,1.8090071999428443,6,7,0,0,0,0,7,1,0.9505671858787537,0,0,0,0
569825,0.16245283683141074,0.43337833881378174,0.709648897242009,2.979129355331613,3,6,0,0,0,0,3,0,0.9879276156425476,0,0,0,0
415741,0.17416142920653024,0.5087295373280843,0.7945659242499565,1.9974012806430472,3,6,0,0,0,0,4,1,0.9836892088254293,0,0,0,0
273198,0.13719186435143152,0.3819615840911865,0.6670089394578007,3.517366909939556,4,5,0,0,0,0,5,1,0.9863385409116745,0,0,0,0
252294,0.1192629262804985,0.2429962009191513,0.5011008671977006,6.001496913466163,1,5,0,0,0,0,1,0,0.9889176487922668,0,0,0,0
215114,0.09669955323139827,0.18224871655305228,0.33647658542549236,9.460903037377092,5,7,1,0,1,1,7,3,0.9843395054340363,1,0,1,1
113403,0.11574646085500717,0.26513204475243884,0.5981555259479243,4.463717615242619,3,4,0,0,0,0,4,1,0.8618259032567342,0,0,0,0
514979,0.13773062328497568,0.3681913713614146,0.6772121096049258,3.385505692668536,2,2,0,0,0,0,3,1,0.998675525188446,0,0,0,0
399462,0.15450639774401984,0.46870022018750507,0.7098939883602239,2.976130031469219,4,4,0,0,0,0,7,3,0.9887383878231049,0,0,0,0
581317,0.2054492930571238,0.6380447347958883,0.8739339519243333,1.170427763757983,2,2,0,0,0,0,2,0,0.984169214963913,0,0,0,0
65350,0.1372042546669642,0.3562958041826884,0.6318071015493264,3.988309938153571,10,15,3,0,2,1,8,1,0.9832655106272016,0,0,0,0
22623,0.12369005630413692,0.32831687728563946,0.6626902324699154,3.573788610380531,1,1,1,0,1,1,0,0,,1,0,1,1
14380,0.1830359399318695,0.47348878781000775,0.7536620254558053,2.456467336874984,2,2,0,0,0,0,2,0,0.96578249335289,0,0,0,0
209142,0.12830623735984167,0.2575814574956894,0.5358475067853158,5.419175713021936,4,13,1,0,1,1,4,1,0.9875444968541464,0,0,0,0
198960,0.16297867894172668,0.4736226300398509,0.7326549723226862,2.7020099722141344,3,3,0,0,0,0,4,1,0.9888086716334025,0,0,0,0
458410,0.13400514672199884,0.3537212510903676,0.6261132134410983,4.066942616072057,2,17,0,0,0,0,2,0,0.9920369982719421,0,0,0,0
374052,0.140514666835467,0.3484259943167369,0.6239661276038876,4.096779712569477,15,19,1,0,1,1,16,2,0.9712909502642495,0,0,0,0
570834,0.15759221216042837,0.38347552220026654,0.63544388748378,3.938455870951296,4,12,0,0,0,0,4,0,0.968532383441925,0,0,0,0
153669,0.13077095399300256,0.30294493834177655,0.5890218517279227,4.597371866267423,9,16,1,0,1,1,10,2,0.9877542555332184,0,0,0,0
209972,0.24386557936668396,0.7518384257952372,0.9506207662613165,0.43985405594423316,1,1,0,0,0,0,1,0,0.99566650390625,0,0,0,0
180878,0.14476158966620764,0.4068289001782735,0.7176315179095044,2.8819699122784708,4,4,3,0,1,1,1,0,0.9778885841369629,1,0,1,1
213033,0.1527006228764852,0.40666303038597107,0.6638109736989076,3.559111447783347,2,6,0,0,0,0,2,0,0.9967533946037292,0,0,0,0
231125,0.12245082606871922,0.276002769668897,0.501594092947226,5.992951732842245,2,15,0,0,0,0,2,0,0.9818458557128906,0,0,0,0
435206,0.1906167616446813,0.6138226389884949,0.8134566659173873,1.79331155286394,5,15,0,0,0,0,5,0,0.9853018045425415,0,0,0,0
360951,0.12652732183535895,0.30845974385738373,0.5969066657479142,4.48187142496856,8,7,1,0,0,1,8,1,0.9821139233452933,0,0,0,0
353027,0.1284214605887731,0.29294436673323315,0.6483471999136682,3.7638472089760366,3,3,0,0,0,0,3,0,0.9754952987035116,0,0,0,0
249643,0.13085272163152695,0.3325149218241374,0.6531174565330506,3.700174165095386,2,3,0,0,0,0,2,0,0.9873649477958679,0,0,0,0
533145,0.15918585658073425,0.4535847008228302,0.7401260632087886,2.613886040701732,2,3,2,0,2,1,0,0,,1,0,1,1
227478,0.14065015067656836,0.39210520188013714,0.64025427981213,3.8729501957278085,5,6,1,0,1,1,5,1,0.9781417101621628,0,0,0,0
156292,0.13006153206030527,0.318739910920461,0.6109800382563256,4.279459573111119,10,8,2,0,0,1,10,2,0.9878988787531853,1,0,0,1
471023,0.16914554933706918,0.5158367256323496,0.7501656310558459,2.496856739848648,7,18,0,0,0,0,8,1,0.9733096531459263,0,0,0,0
229747,0.19982204337914786,0.7392828464508057,0.9417466362548417,0.521318446833045,1,1,0,0,0,0,2,1,0.9815359115600586,0,0,0,0
446574,0.1492269163330396,0.42474836111068726,0.7046293044309012,3.040785983016356,3,3,0,0,0,0,3,0,0.9772759675979614,0,0,0,0
527616,0.15459808458884558,0.4169163604577382,0.6900247845519157,3.222706196825263,2,4,1,0,1,1,2,1,0.9962802529335022,0,0,0,0
140270,0.17594174047311148,0.5430581669012705,0.7975186373254637,1.9651831812644112,2,2,0,0,0,0,2,0,0.9907141029834747,0,0,0,0
271116,0.12315627932548523,0.3057369589805603,0.588463841994147,4.605604342217179,16,35,1,0,1,1,18,3,0.9701994021733602,0,0,0,0
465549,0.13797337810198465,0.35277649760246277,0.634058699414193,3.9574106893176997,5,12,0,0,0,0,5,0,0.9806408643722534,0,0,0,0
151629,0.15634678800900778,0.42083656787872314,0.6738247900393776,3.4290603070130388,5,6,1,0,1,1,7,3,0.9896401166915894,0,0,0,0
528399,0.11443011462688446,0.23690136770407358,0.5196636943224965,5.685552471554061,8,10,2,0,1,1,7,1,0.978836715221405,0,0,0,0
527427,0.1291049917538961,0.32478787501653034,0.5974130342813944,4.474506124938035,5,6,1,0,0,1,5,1,0.9937082678079605,0,0,0,0
207728,0.16847439606984457,0.47900480031967163,0.7744900594559941,2.2196830403708763,2,2,0,0,0,0,2,0,0.9626004099845886,0,0,0,0
135604,0.1775770535071691,0.5791563391685486,0.8101614330070545,1.828568697027487,2,3,0,0,0,0,3,1,0.9861544072628021,0,0,0,0
167067,0.13096042474110922,0.3486836751302083,0.6563101358383358,3.6578177717968563,2,2,0,0,0,0,4,2,0.9561518132686615,0,0,0,0
446651,0.14317538092533746,0.32826090852419537,0.6399710647845931,3.8767932293367586,4,5,1,0,0,1,3,0,0.9751579364140829,1,0,0,1
445248,0.13885201265414557,0.3630289634068807,0.6679484224228011,3.5051414307878948,3,3,0,0,0,0,3,0,0.9870111346244812,0,0,0,0
236914,0.13039315243562064,0.29686641693115234,0.6092993095205512,4.30338628066126,3,5,0,0,0,0,3,0,0.9861387610435486,0,0,0,0
60823,0.11107681939999263,0.24010664721330008,0.4525883925558092,6.885931770047541,10,28,1,0,0,1,12,3,0.9872740374671088,0,0,0,0
112798,0.15074356893698374,0.3880567252635956,0.7262042804190213,2.7788239116329354,3,4,0,0,0,0,4,1,0.9901676376660665,0,0,0,0
410221,0.16738198200861612,0.5106064776579539,0.8027673288775916,1.908206215890995,1,1,0,0,0,0,1,0,0.9958939552307129,0,0,0,0
142238,0.14617196222146353,0.433548907438914,0.6742673094316283,3.423357915101751,15,14,0,1,0,1,21,6,0.9808098758969989,0,0,0,0
253433,0.12130279590686162,0.2499800572792689,0.5578428947898586,5.069761882636694,2,2,0,0,0,0,2,0,0.9933947026729584,0,0,0,0
168883,0.10930303856730461,0.2311411847670873,0.5091845008514797,5.862496487528739,5,6,0,0,0,0,5,0,0.9909449815750122,0,0,0,0
6471,0.14041586220264435,0.3614310423533122,0.6575578651249275,3.6413204644089454,10,16,0,0,0,0,12,2,0.9830038189888001,0,0,0,0
385997,0.1598584254582723,0.3874806861082713,0.6352713552284305,3.9408145365087854,4,9,2,0,1,1,3,1,0.9853655695915222,1,0,0,1
458223,0.18911079068978628,0.5944256782531738,0.8780194026918942,1.1299177368000959,3,4,0,0,0,0,3,0,0.9814527233441671,0,0,0,0
453708,0.13108608623345694,0.32648635903994244,0.625751972795213,4.071955450528244,9,14,0,0,0,0,12,3,0.9781913293732537,0,0,0,0
120777,0.1182017723719279,0.23932406306266785,0.5060612595521213,5.9159381582587764,1,3,0,0,0,0,3,2,0.9962159991264343,0,0,0,0
21503,0.12143927564223607,0.251262828707695,0.5403446400401407,5.34658304335759,7,8,2,1,2,1,5,0,0.9796675592660904,1,0,1,1
573391,0.17096149424711862,0.5844623247782389,0.7631426805085946,2.3478851369826277,1,1,0,0,0,0,2,1,0.9859836101531982,0,0,0,0
155443,0.15724730988343558,0.4476884106794993,0.719365830994554,2.8610038897868724,2,3,0,0,0,0,3,1,0.9903684258460999,0,0,0,0
312489,0.17352756361166635,0.5272115170955658,0.7729636806841701,2.236818236743874,3,4,0,0,0,0,5,2,0.9670751690864563,0,0,0,0
163257,0.1433649261792501,0.4072261452674866,0.6879439798260212,3.24893850979526,2,3,0,0,0,0,2,0,0.9833162128925323,0,0,0,0
17627,0.15430496136347452,0.4638965924580892,0.7208506170431255,2.8430945090952546,14,16,0,0,0,0,14,0,0.9841270531926837,0,0,0,0
561256,0.13290657351414362,0.35904066761334735,0.6327004937640656,3.976036532282951,2,3,0,0,0,0,2,0,0.9862373769283295,0,0,0,0
114049,0.13132713983456293,0.28908417622248334,0.5431816171588559,5.301098725271367,9,16,1,0,1,1,9,1,0.9175898507237434,0,0,0,0
537812,0.13202635695536932,0.3456411560376485,0.655772704208612,3.6649332860652697,1,2,0,0,0,0,2,1,0.9885631203651428,0,0,0,0
70048,0.10494336237510045,0.22359431783358255,0.5126851213533447,5.8029857209366025,6,6,2,0,2,1,5,1,0.9919507652521133,0,0,0,0
538067,0.19120332598686218,0.6009081502755483,0.8163475586591418,1.7624980339567664,7,7,0,0,0,0,7,0,0.9823600649833679,0,0,0,0
554156,0.17293726404507956,0.5125283102194468,0.8128283858080885,1.8000227649689333,2,2,0,0,0,0,2,0,0.9933732450008392,0,0,0,0
101787,0.18989215791225433,0.6446831822395325,0.8562776893719686,1.3477074306439065,1,1,0,0,0,0,1,0,0.989109218120575,0,0,0,0
209747,0.15390068044265112,0.372660626967748,0.6760571297620255,3.4003320547753875,2,2,0,0,0,0,3,1,0.9830929338932037,0,0,0,0
106563,0.12753679603338242,0.3130011310180028,0.46272190660193707,6.693598784969566,1,1,0,0,0,0,2,1,0.9937085509300232,0,0,0,0
31093,0.16559556126594543,0.4807155430316925,0.7426942705798094,2.583798527616983,3,6,0,0,0,0,4,1,0.9722345074017843,0,0,0,0
34417,0.13383020957310995,0.3098500818014145,0.5700857787622178,4.881195853558095,12,20,2,0,2,1,11,1,0.9781727075576783,0,0,0,0
281754,0.14257904887199402,0.3381417989730835,0.6040975931036313,4.377857892392754,4,4,0,0,0,0,4,0,0.9109718352556229,0,0,0,0
49269,0.1428141842285792,0.357997993628184,0.669883759121235,3.4800110251461893,2,2,0,0,0,0,2,0,0.9904834032058716,0,0,0,0
175443,0.1470494419336319,0.3603089153766632,0.6289276146752371,4.0279867208597455,1,2,0,0,0,0,1,0,0.993640661239624,0,0,0,0
208363,0.11036705474058787,0.23991827170054117,0.49982364995329037,6.023663967744315,20,32,0,0,0,0,24,4,0.9754251688718796,0,0,0,0
104119,0.13446851323048273,0.33674322565396625,0.6029351831977601,4.394587458442836,1,3,0,0,0,0,1,0,0.993438720703125,0,0,0,0
138115,0.13044033696254095,0.31877703468004864,0.670864546965286,3.4673031716994367,2,2,0,0,0,0,2,0,0.9938582181930542,0,0,0,0
32817,0.12386793394883473,0.2618210514386495,0.5214654387530305,5.655489401747574,4,3,0,0,0,0,4,0,0.9860846996307373,0,0,0,0
535094,0.12891526520252228,0.3350806434949239,0.6195258388645012,4.158811511593566,2,3,0,0,0,0,2,0,0.9946587681770325,0,0,0,0
362682,0.1300137291351954,0.3494606117407481,0.6690100736505407,3.4913468554685196,2,5,0,0,0,0,4,2,0.9945032596588135,0,0,0,0
212559,0.11387595534324646,0.2962635358174642,0.5952133649362671,4.506546513863643,9,10,0,0,0,0,10,1,0.9876084195242988,0,0,0,0
119452,0.09823634972174962,0.21298350393772125,0.5107399266002909,5.836003805317053,4,6,1,0,1,1,3,0,0.9826956192652384,0,0,0,0
145781,0.13365341226259866,0.3161059319972992,0.62930928533466,4.022717205512533,3,3,1,0,1,1,2,0,0.9899265468120575,0,0,0,0
458663,0.1461641788482666,0.41887402534484863,0.6674686667764995,3.5113823345624406,6,21,0,0,0,0,8,2,0.9802650213241577,0,0,0,0
127987,0.13020633906126022,0.2992091476917267,0.5868692101135096,4.629173499916655,6,3,1,0,0,1,6,1,0.9659263372421265,0,0,0,0
360661,0.15657150745391846,0.4990735451380412,0.7759954214749928,2.2028168231355085,7,7,0,0,0,0,11,4,0.9890598910195487,0,0,0,0
259830,0.14840262631575266,0.41762545704841614,0.6416645172669695,3.8538395127960956,3,5,2,0,1,1,2,1,0.9829356670379639,0,0,0,0
409424,0.11522209644317627,0.24117747445901236,0.4848664709980091,6.287556934889205,6,6,0,0,0,0,8,2,0.9942633907000223,0,0,0,0
530099,0.1533215194940567,0.5018647611141205,0.7844963832282184,2.10818108609533,2,2,0,0,0,0,2,0,0.9748799800872803,0,0,0,0
414034,0.12273999551932017,0.3061657249927521,0.6412140271605309,3.859939712266101,3,5,0,0,0,0,3,0,0.9752360979715983,0,0,0,0
240250,0.10257325073083241,0.16362942258516947,0.3295751749533009,9.64091017413646,9,22,1,0,1,1,9,1,0.9518902748823166,0,0,0,0
546717,0.11603884895642598,0.2342747449874878,0.5054442664606743,5.926534510778055,4,6,0,0,0,0,6,2,0.9466679841279984,0,0,0,0
547502,0.16340046127637228,0.483853538831075,0.7027451729132239,3.06404257671852,5,5,0,0,0,0,7,2,0.9870305061340332,0,0,0,0
429530,0.12722934782505035,0.24648000796635947,0.525383950597958,5.590463963058574,4,4,0,0,0,0,6,2,0.9433984011411667,0,0,0,0
90155,0.16289612650871277,0.504580001036326,0.7641590343135891,2.336324961018915,1,1,0,0,0,0,1,0,0.9953367710113525,0,0,0,0
174231,0.13132080187400183,0.32709401845932007,0.6005896424012077,4.428443235840615,3,3,0,0,0,0,3,0,0.9753145575523376,0,0,0,0
172595,0.14100994418064752,0.3543079098065694,0.6528114924809039,3.7042441721823627,9,15,2,0,0,1,10,3,0.984208847795214,0,0,0,0
156643,0.11380429565906525,0.21679999927679697,0.48653901509625475,6.257646566838258,14,21,1,1,1,1,15,2,0.9447102049986521,0,0,0,0
101884,0.20013120273749033,0.5874375998973846,0.7864615402006883,2.0864502106426057,2,3,1,0,1,1,2,1,0.9905405044555664,0,0,0,0
166391,0.1636149932940801,0.5207418004671732,0.7671775675205794,2.3020820907953055,21,27,3,0,3,1,18,0,0.9714946448802948,0,0,0,0
127182,0.14890156189600626,0.4122983415921529,0.6566853417364971,3.6528535549852186,7,10,2,0,1,1,6,1,0.9635309457778931,1,0,1,1
509699,0.14682423075040182,0.3874513506889343,0.6728290339368022,3.4419055223693755,2,7,0,0,0,0,3,1,0.9352007508277893,0,0,0,0
46463,0.13434668133656183,0.27770685652891797,0.5506532576565937,5.1824357430589725,2,3,0,0,0,0,2,0,0.9934626221656799,0,0,0,0
447522,0.12586717555920282,0.25971007347106934,0.567480028117158,4.920988368375747,7,11,1,0,1,1,6,0,0.9716749588648478,0,0,0,0
189775,0.1406655783454577,0.40016024311383563,0.6605355985135402,3.602075436193183,7,24,4,0,3,1,4,1,0.9809787273406982,0,0,0,0
499768,0.16647882759571075,0.4951656957467397,0.7279048878270681,2.7585072871027663,3,3,0,0,0,0,4,1,0.9730680783589681,0,0,0,0
15660,0.18831893304983774,0.5836785535017649,0.8335732241031211,1.5811248830749605,8,7,3,0,2,1,6,1,0.9566933512687683,1,0,1,1
172547,0.16883399585882822,0.5337533255418142,0.7334243285063061,2.692893762043334,4,7,0,0,0,0,4,0,0.9683002680540085,0,0,0,0
452122,0.2162012904882431,0.7188113927841187,0.9296871453022237,0.6332634789797762,1,1,0,0,0,0,1,0,0.9908981323242188,0,0,0,0
77460,0.16070295125246048,0.46121106545130414,0.6881694516322195,3.2460921990219047,8,26,2,0,1,1,8,2,0.9667280614376068,0,0,0,0
239773,0.14604836950699487,0.40892895062764484,0.7016457169294181,3.0776424303736354,5,6,0,0,0,0,5,0,0.9718982577323914,0,0,0,0
439522,0.15258332838614783,0.40923771262168884,0.7153159579762364,2.9100417235286886,1,1,0,0,0,0,1,0,0.9902501702308655,0,0,0,0
24567,0.1149001990755399,0.22613961001237234,0.492347756403262,6.154560735834707,8,9,0,0,0,0,10,2,0.990618072450161,0,0,0,0
565776,0.1504916101694107,0.3933546344439189,0.6681740432128809,3.5022079911493647,5,12,2,0,2,1,3,0,0.9719382921854655,0,0,0,0
162130,0.16353590289751688,0.5558492342631022,0.7493741834037232,2.5060254561877313,1,1,0,0,0,0,2,1,0.9893870949745178,0,0,0,0
208901,0.25790836413701373,0.8348132371902466,0.9845120960252546,0.13557887228974527,1,1,0,0,0,0,2,1,0.9949334859848022,0,0,0,0
306437,0.16277437408765158,0.43705760439236957,0.690119891829029,3.2215090885391136,3,7,0,0,1,1,3,0,0.9727299412091573,0,0,1,1
553339,0.1851255645354589,0.5812963247299194,0.8021894769896568,1.9144607866361765,0,7,0,0,0,0,0,0,,0,0,0,0
126107,0.16143586734930673,0.5092302958170573,0.7348044780583213,2.6765641134625135,5,8,0,0,0,0,5,0,0.9833398818969726,0,0,0,0
524850,0.12233345458904903,0.33108922839164734,0.6496726688679528,3.7461080644002975,12,40,0,1,1,1,12,0,0.973354930227453,0,0,0,0
211674,0.14421036839485168,0.43043311436971027,0.7314743401305266,2.716018083464567,8,16,2,0,1,1,8,2,0.9740687410036722,0,0,1,1
412887,0.1233545367916425,0.26667358974615735,0.5340350463137306,5.448604824925896,2,1,0,0,0,0,3,1,0.996472179889679,0,0,0,0
251140,0.15458803375562033,0.3443763752778371,0.6105104236535778,4.286138333101576,3,5,0,0,0,0,3,0,0.9724961519241333,0,0,0,0
502732,0.12025811523199081,0.2944091061751048,0.5925808258940343,4.545048101437153,1,1,0,0,0,0,1,0,0.9929508566856384,0,0,0,0
579818,0.18059055507183075,0.5429131388664246,0.8138273018661197,1.7893548949406843,2,3,0,0,0,0,2,0,0.9864631593227386,0,0,0,0
312586,0.17196006079514822,0.5371185143788656,0.7808162869890342,2.1490227266097555,3,3,1,0,1,1,2,0,0.9764818549156189,0,0,0,0
52996,0.1283796951174736,0.3076185683409373,0.5892710430313258,4.5936979950219605,12,23,2,0,2,1,13,3,0.9785301685333252,0,0,0,0
526751,0.16056964298089346,0.4769367774327596,0.7452118553781906,2.5544048928971663,4,8,0,0,0,0,4,0,0.9792883545160294,0,0,0,0
497568,0.1443061182896296,0.3934185206890106,0.7068813706289431,3.0130692743892973,3,5,0,0,0,0,3,0,0.9654722809791565,0,0,0,0
442323,0.1372647831837336,0.3775094151496887,0.6655703236820266,3.5361210104423337,5,5,0,0,0,0,5,0,0.9842597603797912,0,0,0,0
435003,0.13097538302342096,0.3382887840270996,0.6097333602392777,4.297200856934678,6,7,0,0,0,0,9,3,0.9891636371612549,0,0,0,0
419201,0.19279519220193228,0.6116293470064799,0.8349757992954804,1.5665222360702915,4,7,1,0,1,1,4,1,0.97367791334788,0,0,0,0
121242,0.16320577760537466,0.48368098338445026,0.7445778089803974,2.5617982283470098,5,22,0,0,0,0,7,2,0.9842137217521667,0,0,0,0
394677,0.123479130367438,0.29165953397750854,0.5564768236168726,5.091058372673628,7,12,0,0,0,0,8,1,0.9885512845856803,0,0,0,0
148730,0.1835726002852122,0.5380534827709198,0.8220993927218693,1.7015134520906459,0,2,0,0,0,0,0,0,,0,0,0,0
18380,0.1042148619890213,0.24613891541957855,0.48005245506081357,6.374226098372278,34,53,2,0,1,1,38,6,0.9765446484088898,0,0,0,0
161397,0.1750179280837377,0.4532958169778188,0.7186559970280896,2.8695789195599612,1,3,0,0,0,0,2,1,0.9814422130584717,0,0,0,0
316054,0.172068253159523,0.5125843286514282,0.7601363955079661,2.3821694569725445,4,4,0,0,0,0,4,0,0.9764409065246582,0,0,0,0
281447,0.1607377529144287,0.48276318113009137,0.7739877166551574,2.2253186321099703,3,3,1,0,1,1,2,0,0.9861627221107483,0,0,0,0
320632,0.12652512143055597,0.2770400146643321,0.566055913983595,4.942813357323798,4,6,0,0,0,0,7,3,0.986410990357399,0,0,0,0
334371,0.165556530157725,0.4804793993631999,0.7306628188114754,2.725659840117702,10,9,0,0,0,0,11,1,0.9751263797283173,0,0,0,0
508730,0.12957420200109482,0.31264392534891766,0.5954736784408401,4.502748615128423,3,6,0,0,0,0,3,0,0.9923253258069357,0,0,0,0
361506,0.18578912317752838,0.5031338135401408,0.7600105590542847,2.383607477880113,2,4,1,0,0,1,2,1,0.9879269599914551,0,0,0,0
210915,0.1892989526192347,0.5792992413043976,0.7830116042507539,2.1246360327945193,2,2,1,0,0,1,2,1,0.9697842001914978,1,0,0,1
67406,0.19863183299700418,0.6886511047681173,0.9101170858866404,0.8180546484474717,4,4,1,0,1,1,3,0,0.9910929401715597,1,0,1,1
213224,0.12525818000237146,0.296784112850825,0.5848088234048696,4.659721670144183,3,6,0,0,0,0,5,2,0.9923240542411804,0,0,0,0
260266,0.17378292977809906,0.5468845963478088,0.8159152288732273,1.7670992157323933,6,8,0,0,0,0,6,0,0.9901604453722636,0,0,0,0
567011,0.20378432174523672,0.695678174495697,0.9034509282009499,0.8819086316307572,3,2,1,0,0,1,3,1,0.9816664159297943,0,0,0,0
224724,0.13921738415956497,0.35308021306991577,0.592680544055041,4.54358658254281,6,9,0,0,0,0,9,3,0.9797193805376688,0,0,0,0
114907,0.11688670267661412,0.24453957875569662,0.5141715012791377,5.777839968884859,5,15,0,0,0,0,7,2,0.9800991535186767,0,0,0,0
503841,0.12267007927099864,0.30979660153388977,0.4796167244430439,6.382113625446781,2,2,0,0,0,0,3,1,0.9944632351398468,0,0,0,0
471869,0.12853141377369562,0.22184870143731436,0.4200140136644098,7.534724384632781,1,3,0,0,0,0,1,0,0.9975476861000061,0,0,0,0
460333,0.12690332531929016,0.2928609947363536,0.5806093381444213,4.722319670742081,4,4,1,0,0,1,5,2,0.9942765037218729,0,0,0,0
1490,0.23527893920739493,0.7466668685277303,0.9196592999878626,0.7274606604695935,2,2,0,0,0,0,2,0,0.9610505402088165,0,0,0,0
192716,0.12480472524960835,0.3500653604666392,0.5935296759836475,4.531151236167907,3,4,1,0,1,1,3,1,0.9845581948757172,0,0,0,0
49759,0.14640311896800995,0.4286523759365082,0.6835097742786713,3.30510541168353,14,14,1,1,2,1,14,1,0.9820375442504883,0,0,0,0
517687,0.16525177160898843,0.429869423309962,0.776432338118486,2.197927694062463,2,3,0,0,0,0,3,1,0.9683725535869598,0,0,0,0
470779,0.14940628161032996,0.3532334466775258,0.5981120174011696,4.464349431156526,7,10,0,0,0,0,11,4,0.929965444973537,0,0,0,0
50165,0.17431731522083282,0.5451151231924692,0.7896444600278916,2.051368143921636,1,1,0,0,0,0,1,0,0.9678534865379333,0,0,0,0
481573,0.12034485240777333,0.27610571682453156,0.5456684830855838,5.261422592553947,1,2,0,0,0,0,1,0,0.9946165084838867,0,0,0,0
45596,0.1630537211894989,0.4656546711921692,0.7041103552438257,3.047185370638675,7,12,2,0,2,1,5,0,0.9769640564918518,0,0,0,0
7108,0.1439338723818461,0.35033899545669556,0.6745956753117534,3.4191289461341468,5,5,0,0,0,0,5,0,0.9889975666999817,0,0,0,0
235857,0.14549818138281503,0.4340388774871826,0.714702508515989,2.9174938715420735,3,3,0,0,0,0,6,3,0.9898314674695333,0,0,0,0
519491,0.18095592161019644,0.6269124547640482,0.8847817102948274,1.0632772687108958,1,2,0,0,0,0,1,0,0.9955967664718628,0,0,0,0
47801,0.10319721326231956,0.2439711938301722,0.4580798347491337,6.78117651985646,2,7,0,0,0,0,2,0,0.9935403168201447,0,0,0,0
221754,0.16839352746804556,0.5032965242862701,0.752152862406371,2.473877747925936,8,15,1,0,0,1,7,0,0.9557190707751683,0,0,0,0
367818,0.16850975652535757,0.4932107826073964,0.7700050932570819,2.2701280428846498,2,2,0,0,0,0,2,0,0.8907552361488342,0,0,0,0
82821,0.15489808718363443,0.4390352765719096,0.6973074865814087,3.131513440099541,10,31,0,0,0,0,10,0,0.9616576731204987,0,0,0,0
84362,0.11876887579758962,0.2598053514957428,0.5669747209844621,4.928726080755475,5,8,0,0,0,0,6,1,0.9858328223228454,0,0,0,0
6213,0.17253167430559793,0.49718405803044635,0.7528372546051129,2.465977954498721,1,2,0,0,0,0,1,0,0.9633299112319946,0,0,0,0
345469,0.11531186600526173,0.2840417722860972,0.4840690336642208,6.301853973660255,1,13,0,0,0,0,1,0,0.9812384247779846,0,0,0,0
419408,0.15965516368548074,0.4419931173324585,0.6988254701110622,3.11262549315519,8,12,0,0,0,0,9,1,0.9802805930376053,0,0,0,0
459396,0.11424399415651958,0.2977369427680969,0.5019385986438796,5.986988123278869,3,3,0,0,0,0,5,2,0.9901436368624369,0,0,0,0
154213,0.13125737756490707,0.3270156681537628,0.6607422789082937,3.5993580621350816,3,1,1,0,0,1,3,1,0.9837290644645691,0,0,0,0
114884,0.14407072961330414,0.40965763727823895,0.6584121523077866,3.6300432390412247,21,33,1,0,1,1,21,1,0.9816112488508224,1,0,1,1
551439,0.125457172592481,0.28436049818992615,0.5663382498295381,4.938482112730856,2,3,0,0,0,0,2,0,0.9839967787265778,0,0,0,0
161799,0.17419623335202536,0.5606420536835989,0.8025444807727683,1.9106177524477506,3,8,0,0,0,0,4,1,0.9827958544095358,0,0,0,0
60899,0.14575820167859396,0.38090606530507404,0.6430273204513539,3.8354114942619204,4,8,0,0,0,0,4,0,0.9704960882663727,0,0,0,0
154358,0.15331529825925827,0.4162524441878001,0.6548809965270612,3.6767522367187686,10,18,3,0,1,1,10,3,0.9816176806177411,0,0,0,0
476704,0.14025744050741196,0.40925724307696026,0.7153651823952929,2.9094440251883285,7,8,0,0,0,0,8,1,0.9843448911394391,0,0,0,0
145597,0.11735174804925919,0.2598380347092946,0.5147790333368336,5.767582999593489,8,19,0,0,0,0,9,1,0.9829078614711761,0,0,0,0
104572,0.15399796018997827,0.42440420389175415,0.7098286494905696,2.976929520321709,5,6,0,0,0,0,5,0,0.9692887425422668,0,0,0,0
445999,0.1530081033706665,0.3815925319989522,0.7042136647269666,3.0459110406435714,1,2,0,0,0,0,1,0,0.986418604850769,0,0,0,0
336587,0.1680155098438263,0.47203262646993,0.7019151893841974,3.0743071878188717,2,2,0,0,0,0,3,1,0.965545654296875,0,0,0,0
126592,0.1601619323094686,0.5296611785888672,0.7716717045814596,2.251348480667084,11,13,0,0,0,0,11,0,0.9788333773612976,0,0,0,0
139077,0.13840478907028833,0.3379977246125539,0.6152807134783947,4.218533960914021,2,7,0,0,0,0,4,2,0.9799704551696777,0,0,0,0
408830,0.12886768331130347,0.3526863356431325,0.6635879840435641,3.562029731760694,3,4,0,0,0,0,5,2,0.9891422192255656,0,0,0,0
209613,0.1644601672887802,0.5101804534594218,0.731103775837542,2.720419462900513,8,9,1,0,0,1,8,1,0.9816688895225525,0,0,0,0
295231,0.13168622304995856,0.2969241738319397,0.5654908482649148,4.951488383478162,5,7,0,0,0,0,8,3,0.9865692615509033,0,0,0,0
222299,0.1094334324200948,0.23052959144115448,0.4861626268163224,6.264368601803257,2,9,0,0,0,0,7,5,0.9752564430236816,0,0,0,0
333697,0.1672755554318428,0.4706852038701375,0.7111498301584044,2.960777786929702,0,1,0,0,0,0,1,1,,0,0,0,0
21167,0.13766923795143762,0.359129935503006,0.6568731770132692,3.6503694380280987,3,4,0,0,0,0,4,1,0.9883036216100057,0,0,0,0
434204,0.1426160236199697,0.3599793016910553,0.6619048700529324,3.584088470414977,5,9,0,0,0,0,5,0,0.9815755248069763,0,0,0,0
227399,0.13288911680380502,0.35835333665211994,0.6108883040337417,4.280763794371817,15,23,1,0,1,1,19,5,0.9826033881732396,0,0,0,0
119911,0.16747202475865683,0.43005727728207904,0.657568675727173,3.6411776649214267,6,7,0,0,0,0,6,0,0.9792146682739258,0,0,0,0
50828,0.14133686075607935,0.3920985559622447,0.7052149664549666,3.033569588831693,3,4,0,0,0,0,4,1,0.9893496831258138,0,0,0,0
360960,0.15024237831433615,0.3771005670229594,0.6374307293234163,3.911340076928662,6,6,1,0,0,1,5,0,0.957100796699524,0,0,0,0
127660,0.1259524722894033,0.3183286786079407,0.6192663199250638,4.162450786969866,2,2,0,0,0,0,2,0,0.9856087863445282,0,0,0,0
49761,0.16886295874913534,0.5435090363025665,0.7952294257351484,1.9901511638154554,4,17,0,0,0,0,4,0,0.9864382147789001,0,0,0,0
316666,0.13897371043761572,0.32391472657521564,0.6024312708628349,4.40184985929805,5,40,0,0,0,0,7,2,0.9710933685302734,0,0,0,0
193245,0.14276566604773203,0.4110128382841746,0.6542118956396963,3.685631265862153,14,25,1,0,1,1,15,2,0.9674972066512475,0,0,0,0
365387,0.18125211199124655,0.5012849966684977,0.7884112303450513,2.0649439627846924,1,4,0,0,0,0,1,0,0.9837821125984192,0,0,0,0
474021,0.13124444584051767,0.3073427975177765,0.6112145480518688,4.27612634573317,7,25,0,0,0,0,7,0,0.9768194726535252,0,0,0,0
441586,0.1518266648054123,0.40803541739781696,0.6903433996887685,3.218696460877328,7,10,2,0,1,1,7,2,0.9814507722854614,0,0,0,0
571008,0.14758432656526566,0.4597308735052745,0.7557714972522646,2.4321898170352116,1,1,1,0,1,1,0,0,,0,0,0,0
210388,0.19025891025861105,0.5666122039159139,0.824903520385613,1.6719368596527935,3,4,0,0,0,0,7,4,0.9754026333491007,0,0,0,0
421060,0.17204056680202484,0.48257872462272644,0.7458168845278145,2.5473557776531335,3,14,0,0,0,0,4,1,0.9867416421572367,0,0,0,0
297681,0.15584025283654532,0.4836733341217041,0.7384753141746356,2.6332803549600636,1,1,0,0,0,0,2,1,0.9688418507575989,0,0,0,0
46804,0.15614628046751022,0.466813604036967,0.7259778333555305,2.7815327925640956,1,1,0,0,0,0,1,0,0.996300220489502,0,0,0,0
6818,0.14544151971737543,0.39550389846165973,0.6477205390137056,3.772246627738263,1,1,0,0,0,0,2,1,0.9900915026664734,0,0,0,0
37740,0.1378449723124504,0.39219244321187335,0.6700200723348697,3.478243731843297,8,22,1,0,1,1,9,2,0.9836191705295018,0,0,0,0
414170,0.16931034624576569,0.5028101801872253,0.7135378703879779,2.931659442883916,5,7,1,0,1,1,6,2,0.9866273552179337,0,0,0,0
177383,0.14133447160323462,0.3497137129306793,0.661400592114046,3.5907084124636235,1,1,0,0,0,0,1,0,0.9947309494018555,0,0,0,0
113051,0.15109255661567053,0.44582174221674603,0.7274467271851532,2.7639761138283387,1,1,1,0,1,1,0,0,,0,0,0,0
231097,0.12552592406670252,0.27466774980227154,0.5509521463011559,5.1777224149741325,5,11,1,0,0,1,5,1,0.9766053408384323,1,0,0,1
444879,0.15987490117549896,0.4877652625242869,0.7442816817415762,2.565253394620486,1,1,0,0,0,0,2,1,0.9759153723716736,0,0,0,0
25560,0.12695631136496863,0.2998845378557841,0.5988776134726855,4.453238417794666,4,4,0,0,0,0,6,2,0.9781995713710785,0,0,0,0
96825,0.15396705269813538,0.4877128799756368,0.701597722005056,3.078236594728576,2,3,1,0,1,1,2,1,0.98570317029953,0,0,0,0
507797,0.12611820052067438,0.3730430503686269,0.6527850491667265,3.7045960170307737,14,15,2,1,3,1,14,2,0.9811896573413502,0,0,0,0
254516,0.12418973942597707,0.2902083098888397,0.5888526319727584,4.599867589111221,6,11,0,1,1,1,6,0,0.9829006910324096,0,0,0,0
18150,0.10805545250574748,0.24006138741970062,0.5575815745040494,5.0738317219969336,4,7,0,0,0,0,5,1,0.9796446412801743,0,0,0,0
224222,0.196589857339859,0.6099719703197479,0.8658740833147753,1.2509051826914233,4,4,0,0,0,0,4,0,0.9842481464147568,0,0,0,0
437392,0.15070110311110815,0.39023200670878094,0.681046147870853,3.336469183576016,0,1,0,0,0,0,0,0,,0,0,0,0
389109,0.12310316165288289,0.28112758696079254,0.5278033343762044,5.550557409389787,11,17,1,0,1,1,13,3,0.979336041212082,0,0,0,0
425227,0.2226212720076243,0.7141380111376444,0.8938148539321888,0.9750486451761868,4,5,0,0,0,0,5,1,0.9626670777797699,0,0,0,0
99428,0.11333393305540085,0.26764870683352154,0.5790989163421386,4.744944955073492,3,5,3,0,3,1,0,0,,1,0,1,1
479099,0.1722009927034378,0.4939606388409932,0.7141919710875546,2.923700728677408,1,1,0,0,0,0,1,0,0.9928756356239319,0,0,0,0
575815,0.12605894853671393,0.270570973555247,0.614501994844982,4.229534058682789,1,1,0,0,0,0,2,1,0.9962297677993774,0,0,0,0
546325,0.11795592308044434,0.2976611653963725,0.5872243691958159,4.623918599044483,3,3,0,0,0,0,4,1,0.9860681295394897,0,0,0,0
107087,0.13361967851718268,0.34428038199742633,0.6445925660043611,3.81429414904277,1,3,0,0,0,0,3,2,0.9392203688621521,0,0,0,0
294163,0.15769034872452417,0.48454561829566956,0.7342456606228878,2.6831722293849216,2,2,0,0,0,0,2,0,0.9766267538070679,0,0,0,0
402615,0.1354236031572024,0.411115030447642,0.6735383638368617,3.43275324816973,4,19,0,0,0,0,5,1,0.9677394330501556,0,0,0,0
7278,0.17900999387105307,0.5431109666824341,0.7472442457158807,2.530748412718097,2,2,0,0,0,0,3,1,0.974448174238205,0,0,0,0
290619,0.1228102445602417,0.29451504349708557,0.5953806494403904,4.504105690656085,2,1,1,0,0,1,2,1,0.9938028454780579,1,0,0,1
521719,0.13213598479827246,0.2639927516380946,0.5196165565448138,5.686340389028053,5,8,1,0,1,1,4,0,0.9838512986898422,0,0,0,0
452321,0.15508763243754706,0.46846052010854083,0.7734177354624892,2.2317174643648534,3,4,0,0,0,0,3,0,0.9911855260531107,0,0,0,0
130826,0.1120388333996137,0.23490005234877268,0.4759695669904633,6.448416294776596,10,9,2,0,0,1,10,2,0.933486707508564,1,0,0,1
457559,0.13902231057484946,0.38340147336324054,0.6892293950516728,3.2327241707221726,5,7,0,0,0,0,8,3,0.9841127872467041,0,0,0,0
474881,0.16028569638729095,0.48916786909103394,0.7219968101928246,2.8292944230868518,4,4,0,0,0,0,4,0,0.9888431429862976,0,0,0,0
318238,0.11004718268911044,0.2354054848353068,0.5285400330397078,5.53844224963682,3,4,0,0,0,0,3,0,0.994735062122345,0,0,0,0
26926,0.14755171785751978,0.39782572786013287,0.684945402612129,3.2868808997653853,3,3,0,0,0,0,4,1,0.9865823984146118,0,0,0,0
132703,0.16976423313220343,0.5107027888298035,0.788988679018304,2.0585845663604885,2,2,0,0,0,0,3,1,0.9925280809402466,0,0,0,0
430377,0.16759628057479858,0.39951955278714496,0.6628960067281727,3.5710919431112416,3,4,0,0,0,0,3,0,0.9858885606129965,0,0,0,0
410735,0.10303002595901489,0.20800524453322092,0.48015849174389946,6.372307722136973,4,6,0,0,0,0,5,1,0.985792800784111,0,0,0,0
569273,0.16314955055713654,0.4808255930741628,0.7123269731957457,2.9464122042702052,6,6,0,0,0,0,6,0,0.9584320684274038,0,0,0,0
233825,0.1451380973060926,0.362552414337794,0.6429829836212378,3.8360104083020685,4,19,0,0,0,0,6,2,0.9747826457023621,0,0,0,0
376322,0.10854857663313548,0.23827151954174042,0.4446402309008478,7.039824900766506,23,42,1,1,1,1,28,6,0.9707332565670922,0,0,0,0
194471,0.17165140807628632,0.5317977964878082,0.7570260202775188,2.41778385600294,2,2,0,0,0,0,2,0,0.9764523804187775,0,0,0,0
550084,0.15843506654103598,0.4453151822090149,0.7011286920539979,3.0840452007444514,0,3,0,0,0,0,0,0,,0,0,0,0
10707,0.11626261472702026,0.27949532866477966,0.5264715232250454,5.572502295484125,9,15,0,0,0,0,12,3,0.9818099670939975,0,0,0,0
463647,0.1444860448439916,0.391801784435908,0.6826089960146807,3.3165598501897775,2,2,0,0,0,0,3,1,0.9909557104110718,0,0,0,0
89761,0.15675734480222067,0.38114585479100543,0.6536301559486234,3.6933583871637703,1,1,0,0,0,0,1,0,0.9929326772689819,0,0,0,0
79014,0.16145265102386475,0.424505611260732,0.714937605965515,2.914637165859997,1,2,0,0,0,0,1,0,0.9700324535369873,0,0,0,0
106330,0.1678412432471911,0.5548990368843079,0.8454005804192296,1.4587491667432153,1,1,0,0,0,0,1,0,0.9714136719703674,0,0,0,0
253695,0.15062432984511057,0.4312499761581421,0.7161621026425377,2.8997732880597966,2,2,1,0,1,1,1,0,0.9978798627853394,0,0,0,0
439525,0.1230638399720192,0.26862574617067975,0.5158921997632469,5.7488207712948105,6,7,0,0,0,0,11,5,0.9836206336816152,0,0,0,0
175251,0.11049225429693858,0.2329399138689041,0.404286515927344,7.866214866920621,2,2,0,0,0,0,3,1,0.9871586561203003,0,0,0,0
234660,0.13934957484404245,0.33259324232737225,0.6356666292043383,3.935411745366676,2,2,0,0,0,0,2,0,0.9933991432189941,0,0,0,0
466156,0.11607356866200765,0.2683217227458954,0.5591826011800434,5.048927000220759,4,5,0,0,0,0,5,1,0.9802320152521133,0,0,0,0
270244,0.177016352613767,0.5676164825757345,0.7950414100612707,1.9922050069274295,1,1,0,0,0,0,1,0,0.9638726711273193,0,0,0,0
484415,0.18344621857007345,0.47627949714660645,0.7193269233749353,2.861473687510039,2,2,2,0,1,1,0,0,,1,0,0,1
129812,0.15892326831817627,0.4505300422509511,0.7255513818982715,2.7866365277991716,2,2,0,0,0,0,2,0,0.9851269423961639,0,0,0,0
173302,0.1267133206129074,0.33137136697769165,0.5958985693975164,4.496553144114107,12,24,1,0,0,1,15,4,0.978113201531497,0,0,0,0
60886,0.1555852790673574,0.4642958144346873,0.7191696175613408,2.863373366658193,10,14,0,0,0,0,14,4,0.9812125921249389,0,0,0,0
236721,0.12903260191281637,0.2594091594219208,0.5328820356352886,5.467378406439786,9,9,1,0,1,1,10,2,0.9857429713010788,1,0,1,1
31817,0.15221688896417618,0.3467766344547272,0.6453019103842619,3.80474098367448,5,6,1,0,1,1,5,1,0.9887459129095078,0,0,0,0
111086,0.1526101976633072,0.39526663223902386,0.6563833422284701,3.6568489810825113,8,17,1,0,0,1,12,5,0.9852618745395115,0,1,0,1
219485,0.17079992592334747,0.4464326699574788,0.7016987670813649,3.07698573093802,1,1,0,0,0,0,1,0,0.9889588952064514,0,0,0,0
544052,0.12175598988930385,0.29333407680193585,0.5251429431778288,5.594449322980961,2,2,1,0,1,1,1,0,0.9979972839355469,0,0,0,0
30828,0.1452412580450376,0.37721602121988934,0.6663308357131005,3.5262017694511583,5,5,1,0,1,1,4,0,0.9848469346761703,0,0,0,0
411817,0.11505734672149022,0.25991620620091754,0.5130455952644959,5.796880733169668,14,16,0,0,0,0,17,3,0.9780883959361485,0,0,0,0
301867,0.1203751986225446,0.29085905849933624,0.5300264925149235,5.514048447022143,6,7,0,0,0,0,9,3,0.9899110496044159,0,0,0,0
19742,0.15029087911049524,0.37131747603416443,0.6848131137524957,3.288558635548686,0,1,0,0,0,0,0,0,,0,0,0,0
482735,0.20305335521697998,0.6719821492830912,0.8737365621679463,1.1723898105318198,2,2,0,0,0,0,2,0,0.8852454721927643,0,0,0,0
488736,0.15738983949025473,0.4304119149843852,0.6548147503976333,3.6776309241100997,2,2,0,0,0,0,3,1,0.9649904668331146,0,0,0,0
24021,0.1396599287788073,0.37145528197288513,0.5913582672233532,4.562986546963097,0,26,0,0,0,0,0,0,,0,0,0,0
89697,0.1573748141527176,0.47305217385292053,0.7399995098388739,2.6153713587410925,4,4,0,0,0,0,6,2,0.9779605716466904,0,0,0,0
541055,0.17505202194054922,0.5345907012621561,0.7886879208625626,2.061896211066838,5,11,0,0,0,0,7,2,0.9851174592971802,0,0,0,0
323709,0.2300066351890564,0.6717634995778402,0.9088596899668743,0.8300631623274135,1,1,0,0,0,0,1,0,0.9959076642990112,0,0,0,0
539883,0.15015419324239096,0.3784812092781067,0.6395759295807112,3.8821577855386717,3,8,0,0,0,0,3,0,0.9814120332400004,0,0,0,0
256916,0.09748855978250504,0.19537565608819327,0.4898277465201727,6.1991323540381345,7,9,1,0,1,1,7,1,0.9865701595942179,0,0,0,0
66817,0.12165115028619766,0.20232527454694113,0.3463398281153922,9.209951258462683,3,11,1,0,1,1,3,1,0.9827662706375122,0,0,0,0
399560,0.14300434539715448,0.33882854382197064,0.6104619286907857,4.286828310879085,1,2,0,0,0,0,1,0,0.9870889186859131,0,0,0,0
66231,0.1263464093208313,0.3053159515062968,0.5561803919852846,5.095686523126468,9,26,0,0,0,0,10,1,0.9676941633224487,0,0,0,0
413552,0.12741156915823618,0.29222039381663006,0.5791618078590576,4.744001698060194,2,3,0,0,0,0,2,0,0.8797295093536377,0,0,0,0
544565,0.09690741697947185,0.1721778412659963,0.3195257412898075,9.909882978606081,2,5,0,0,0,0,5,3,0.9808415174484253,0,0,0,0
561366,0.11675812552372615,0.2819507618745168,0.6323690949183886,3.980587260387284,3,2,1,0,0,1,2,0,0.988834947347641,0,0,0,0
396338,0.1356421560049057,0.3536445101102193,0.6590719727195006,3.6213431300268093,8,12,1,0,1,1,9,2,0.979276887008122,0,0,0,0
119516,0.17045888304710388,0.5000017682711283,0.7442734926549037,2.5653489631345683,3,9,0,0,0,0,3,0,0.9726328253746033,0,0,0,0
84241,0.13804996013641357,0.3032102932532628,0.5876407060843903,4.617762562076707,7,18,0,0,0,0,8,1,0.9801455736160278,0,0,0,0
21465,0.13783929497003555,0.3598557809988658,0.6638657926839431,3.5583941773355754,2,2,0,0,0,0,3,1,0.9827502369880676,0,0,0,0
43314,0.16841495037078857,0.48189591368039447,0.6727521917116588,3.442897574094151,2,5,0,0,0,0,4,2,0.9851497113704681,0,0,0,0
167898,0.14732123663028082,0.43142077326774597,0.7032652409151989,3.0576169436918677,3,3,0,0,0,0,4,1,0.9769756197929382,0,0,0,0
442822,0.14362693081299463,0.3930511176586151,0.6846861896226203,3.2901686385402096,8,14,2,0,2,1,10,4,0.9819608628749847,0,0,0,0
294783,0.1534188191095988,0.4048734207948049,0.6653924336201843,3.538442838676211,1,20,0,0,0,0,1,0,0.940181314945221,0,0,0,0
272212,0.19986709455649057,0.6862900058428446,0.8803644244807213,1.1067503120121773,2,3,1,0,1,1,1,0,0.9850744605064392,0,0,0,0
153782,0.16207884500424066,0.4502984384695689,0.732241380918113,2.7069146323737177,2,2,1,0,0,1,1,0,0.9949544668197632,1,0,0,1
523194,0.17289320627848306,0.5224461555480957,0.7419706341489752,2.5922656593637146,1,2,0,0,0,0,1,0,0.9925341606140137,0,0,0,0
506707,0.1457757701476415,0.3975311815738678,0.6512788642466814,3.7246603124581465,12,16,1,0,1,1,11,0,0.9731037454171614,0,0,0,0
281032,0.15324744085470834,0.37958699464797974,0.6596104566308552,3.6142493643380114,2,4,0,0,0,0,2,0,0.9957925379276276,0,0,0,0
347370,0.14028970648845038,0.3157578408718109,0.5957698346260286,4.498429800436114,2,2,2,0,2,1,0,0,,1,0,1,1
249786,0.16937618454297385,0.5307623942693075,0.7925875850949249,2.0190546926985715,2,12,0,0,0,0,2,0,0.9923827052116394,0,0,0,0
359937,0.12718239923318228,0.3276410500208537,0.674796733779738,3.416540563889114,2,2,0,0,0,0,2,0,0.9913215935230255,0,0,0,0
300341,0.14451254655917486,0.3616741995016734,0.6768569184213339,3.3900625526631147,9,9,0,0,0,0,9,0,0.9814644919501411,0,0,0,0
39480,0.17433213690916696,0.5428001483281454,0.7929797831901808,2.0147576952839317,4,2,0,0,0,0,4,0,0.9837485700845718,0,0,0,0
161044,0.2790621022383372,0.7975908319155375,0.9491695235131201,0.4531242962108788,2,2,0,0,0,0,2,0,0.9865848422050476,0,0,0,0
407518,0.1616038183371226,0.48312418659528095,0.7950371896604009,1.9922511152596716,1,1,0,0,0,0,1,0,0.9601602554321289,0,0,0,0
400044,0.18691864609718323,0.48930702606836957,0.7426742673487786,2.58403247071287,1,2,0,0,0,0,3,2,0.994394063949585,0,0,0,0
293794,0.12785203754901886,0.28968608876069385,0.5142908684641856,5.7758237352706985,12,23,0,2,1,1,12,0,0.983326655626297,0,0,0,0
387383,0.12533816446860632,0.29996893803278607,0.6378461838661601,3.905680768901921,4,2,0,0,0,0,5,1,0.9946264326572418,0,0,0,0
428218,0.16133709251880646,0.4906713167826335,0.7081597620658607,2.997375073422659,3,3,0,0,0,0,4,1,0.9882729252179464,0,0,0,0
274066,0.15247818330923715,0.4388362268606822,0.7100930157125174,2.973695178722907,7,9,0,0,0,0,11,4,0.983110887663705,0,0,0,0
308466,0.17529365917046866,0.4699708620707194,0.7507339662222411,2.490278689221367,2,2,0,0,0,0,3,1,0.9911652207374573,0,0,0,0
27620,0.12186254560947418,0.29162582755088806,0.5605765480927349,5.027301501010176,5,7,0,0,0,0,7,2,0.9882966995239257,0,0,0,0
100428,0.12661097943782806,0.31785427530606586,0.6299690586344999,4.013615613921824,1,4,0,0,0,0,2,1,0.9928009510040283,0,0,0,0
328117,0.11271367470423381,0.2553264945745468,0.5346031746465835,5.439369331814117,9,11,0,0,0,0,12,3,0.9895196225908067,0,0,0,0
488251,0.16221078236897787,0.4701887865861257,0.7702045103098095,2.267878849635097,3,6,0,0,0,0,4,1,0.9780347347259521,0,0,0,0
139099,0.11827965329090755,0.2540506422519684,0.5246379778935732,5.602805491359225,14,29,1,0,1,1,15,2,0.9859199523925781,0,0,0,0
175438,0.14233402411142984,0.40736276904741925,0.6568088435233302,3.6512201668732103,12,18,0,0,0,0,12,0,0.9824346005916595,0,0,0,0
447313,0.1424263914426168,0.4072635968526204,0.6367998600154121,3.919940814784027,3,3,0,0,1,1,3,0,0.9909651279449463,0,0,1,1
434230,0.12603133916854858,0.30458153784275055,0.6021971466421481,4.405226132244194,2,20,0,0,0,0,2,0,0.9813424646854401,0,0,0,0
401250,0.2375324765841166,0.7451257904370626,0.9381966609148122,0.5541223412040311,2,2,0,0,0,0,3,1,0.9774689674377441,0,0,0,0
301421,0.13952208558718363,0.3860222299893697,0.675604644616084,3.4061474684562736,7,10,0,0,0,0,9,2,0.9806824667113168,0,0,0,0
885,0.16591927409172058,0.47772345940272015,0.7424291618617584,2.5868995561796435,8,9,1,0,1,1,7,0,0.9833181244986398,0,0,0,0
227985,0.11615940183401108,0.22981700797875723,0.5527687307636884,5.149130645559836,4,4,0,0,0,0,4,0,0.9539575725793839,0,0,0,0
377575,0.1596214845776558,0.45366379618644714,0.7105854469543635,2.96767382525736,2,2,0,0,0,0,2,0,0.9684956073760986,0,0,0,0
144984,0.1648777723312378,0.40469735860824585,0.6811411366420578,3.3352578053841055,4,5,0,0,0,0,4,0,0.9829480797052383,0,0,0,0
306136,0.14094726741313934,0.4257679879665375,0.6837499267371938,3.3020541438505973,5,7,1,0,0,1,5,1,0.9702780991792679,0,0,0,0
65288,0.12237691382567088,0.31026654442151386,0.5665774899827279,4.934813678220743,14,37,4,0,2,1,16,6,0.9797245144844056,0,0,0,0
203546,0.16234430174032846,0.49243951837221783,0.7470294478953918,2.5332455592369585,1,1,0,0,0,0,1,0,0.995391845703125,0,0,0,0
165257,0.15893363704284033,0.45904606580734253,0.7722802840109867,2.2445010474908087,0,1,0,0,0,0,0,0,,0,0,0,0
199551,0.12376572440067928,0.32484326759974164,0.6631270977937189,3.568064497352335,2,2,0,0,0,0,3,1,0.975281834602356,0,0,0,0
550322,0.13819563140471777,0.35027528802553815,0.6180661229734893,4.179301200283804,3,6,0,0,0,0,4,1,0.9559813141822815,0,0,0,0
561679,0.15440853436787924,0.44104284048080444,0.6802089114164558,3.3471536534866635,1,1,0,0,0,0,1,0,0.9732540249824524,0,0,0,0
171298,0.10819748664895694,0.2735109031200409,0.5868128407230235,4.630007828608576,3,3,0,0,0,0,3,0,0.9931915005048116,0,0,0,0
220858,0.1580834984779358,0.4838848312695821,0.7498663505011852,2.5003226898217883,5,9,0,0,0,0,5,0,0.9750963926315308,0,0,0,0
255965,0.1655849019686381,0.4260069628556569,0.759163751625789,2.3932907335522007,1,1,0,0,0,0,1,0,0.9983705282211304,0,0,0,0
465430,0.10629334549109141,0.2353880206743876,0.5124373286512414,5.807184829258725,4,3,1,0,0,1,3,0,0.9630164901415507,1,0,0,1
504415,0.16438408692677817,0.525149424870809,0.7776302565414301,2.1845369988438006,7,8,1,0,0,1,8,2,0.9825244049231211,0,0,0,0
261888,0.18483837942282358,0.6187536617120107,0.833157181845907,1.5854611538876715,6,6,1,0,0,1,6,1,0.9855799674987793,0,0,0,0
178982,0.15638768672943115,0.471116840839386,0.7672109091879327,2.3017046087594055,6,9,0,0,0,0,6,0,0.96025883158048,0,0,0,0
580410,0.14788623402516046,0.3807259698708852,0.6144900033762807,4.229703557872193,3,19,0,0,0,0,4,1,0.9905876914660136,0,0,0,0
312720,0.20361848175525665,0.6715047558148702,0.8533634816691441,1.377318920392341,2,2,0,0,0,0,2,0,0.9906266629695892,0,0,0,0
117374,0.17015389601389566,0.508801152308782,0.7473720126582332,2.52926338998112,3,3,0,0,0,0,3,0,0.9880194067955017,0,0,0,0
157928,0.15622765819231668,0.396497239669164,0.6540288251742602,3.688062209714988,7,8,0,0,0,0,8,1,0.9805669188499451,0,0,0,0
496571,0.12460474421580632,0.2724605401357015,0.534268625888508,5.444806567008516,11,14,1,0,1,1,14,4,0.985833078622818,0,0,0,0
84431,0.145113634566466,0.3792503972848256,0.6836764759657666,3.302987262143179,3,2,1,0,0,1,2,0,0.9819211959838867,0,0,0,0
227044,0.1326866845289866,0.303226500749588,0.6062166389942979,4.3474429521017806,4,8,1,0,1,1,4,1,0.9952454368273417,0,0,0,0
280325,0.15323220690091452,0.4200740655263265,0.673592626002274,3.4320535163929344,1,1,0,0,0,0,1,0,0.9884279370307922,0,0,0,0
496722,0.17370665073394775,0.4972335994243622,0.7817214399215414,2.1389595336111498,3,13,1,0,0,1,3,1,0.9613294899463654,0,0,0,0
486104,0.12815419087807337,0.3623609741528829,0.6138317727337258,4.239012713463332,5,17,0,0,0,0,8,3,0.9848582029342652,0,0,0,0
41635,0.15468189616998038,0.43312062819798786,0.712837920120545,2.9401841126147388,3,4,0,1,1,1,4,1,0.9760643839836121,0,0,0,0
97994,0.1342414195338885,0.3595626850922902,0.6185242736941349,4.1728650403557745,10,20,1,0,1,1,13,4,0.9791460368368361,0,0,0,0
283037,0.17172314723332724,0.4625782370567322,0.7229818636425707,2.8174519412116172,2,2,1,0,1,1,2,1,0.9823279976844788,0,0,0,0
197022,0.10720485697189967,0.2646266222000122,0.6050742769809443,4.363826189498523,2,2,0,0,0,0,2,0,0.997331440448761,0,0,0,0
310072,0.15925049036741257,0.41591819127400714,0.7297821898342134,2.7361347939712815,4,7,0,0,0,0,6,2,0.9915779083967209,0,0,0,0
30494,0.1664432535568873,0.5192538797855377,0.7175438117282519,2.8830315333865704,2,2,0,0,0,0,3,1,0.9851398766040802,0,0,0,0
546829,0.15958954393863678,0.4923321803410848,0.7388109628649752,2.6293333778887544,2,2,0,0,0,0,2,0,0.9945358037948608,0,0,0,0
47585,0.1335767408212026,0.32348881165186566,0.6152739823019148,4.21862898514373,6,7,1,1,1,1,6,1,0.9757262170314789,0,0,0,0
261318,0.1447384605805079,0.34406301379203796,0.5932876107879531,4.534694412742109,3,6,0,0,0,0,3,0,0.9836735725402832,0,0,0,0
148957,0.10075118641058604,0.23755436142285666,0.5706890827926662,4.872008707361564,6,6,0,0,0,0,11,5,0.9891394078731537,0,0,0,0
173383,0.13397300243377686,0.3385266363620758,0.6374989715404822,3.9104102305751636,3,4,0,0,0,0,3,0,0.9925061662991842,0,0,0,0
32081,0.16206094125906625,0.4529753128687541,0.7044048781820383,3.0435529019031318,2,2,0,0,0,0,2,0,0.9901144206523895,0,0,0,0
71756,0.1712513566017151,0.512161652247111,0.7579891774950139,2.4067399028668413,2,2,0,0,0,0,2,0,0.9847120046615601,0,0,0,0
308165,0.1750330775976181,0.5609296460946401,0.7989299507176948,1.9498259494000623,2,2,0,0,0,0,2,0,0.9833859205245972,0,0,0,0
344029,0.13442145536343256,0.4003420074780782,0.716312750038218,2.8979463706021997,6,12,0,0,0,0,7,1,0.9821068247159322,0,0,0,0
60363,0.16062934696674347,0.5027787685394287,0.7627694436040169,2.352134260605723,1,13,0,0,0,0,1,0,0.9908863306045532,0,0,0,0
52507,0.1937805414199829,0.6547160943349203,0.8512688718301205,1.3986649414460517,2,2,0,0,0,0,4,2,0.9870843291282654,0,0,0,0
205834,0.15125286827484766,0.41848045587539673,0.7062938906810027,3.020291006082521,2,2,0,0,0,0,3,1,0.9690248668193817,0,0,0,0
28285,0.17663393914699554,0.5717844764391581,0.8386534795382123,1.5283489362453129,1,1,0,0,0,0,1,0,0.9773212671279907,0,0,0,0
345941,0.11040395746628444,0.2037102778752645,0.3787223597317217,8.433581068355151,3,3,1,0,0,1,3,1,0.9885094463825226,0,1,0,1
52007,0.13993897785743079,0.3502604464689891,0.6122533502598071,4.261376594612413,5,8,0,0,0,0,5,0,0.9805955290794373,0,0,0,0
299553,0.17020960648854574,0.5286650359630585,0.741631733109732,2.596233915469604,7,17,1,0,1,1,8,2,0.9754024048646291,0,0,0,0
403817,0.1285060023268064,0.30462560057640076,0.6089504045378911,4.30836153363517,2,3,0,0,0,0,2,0,0.7691089510917664,0,0,0,0
213816,0.12628706296284994,0.2815764844417572,0.6092594342366913,4.303954742898789,1,1,0,0,0,0,1,0,0.9956067800521851,0,0,0,0
34760,0.16011053323745728,0.43761515617370605,0.6861950185427583,3.2710487808940405,2,4,0,0,0,0,3,1,0.9863570332527161,0,0,0,0
272566,0.13002173354228339,0.29503604769706726,0.5514604142176246,5.169713146030842,3,19,1,0,1,1,3,1,0.9860241115093231,0,0,0,0
64868,0.12280612935622533,0.26376973092556,0.5497601843046629,5.196534331790954,3,6,0,0,0,0,3,0,0.9359163244565328,0,0,0,0
45728,0.14035450667142868,0.314455767472585,0.5928556611879465,4.541020573854947,2,2,2,0,1,1,0,0,,1,0,1,1
473821,0.14645573745171228,0.3995683590571086,0.7135331261163838,2.9317171950484266,4,4,1,0,1,1,3,0,0.9912454684575399,0,0,0,0
203294,0.14762059102455774,0.4703721801439921,0.7619981347577154,2.360921834767651,6,7,0,0,0,0,8,2,0.9818362792332967,0,0,0,0
345261,0.16601881384849548,0.5458144545555115,0.8079073327441025,1.8527690019798613,2,2,0,0,0,0,3,1,0.983159750699997,0,0,0,0
147740,0.1213722750544548,0.2650006413459778,0.5473615852312471,5.234513707663365,9,13,0,0,0,0,9,0,0.9802647564146254,0,0,0,0
514376,0.14223738511403403,0.38615400592486065,0.6095736991488425,4.299475589305432,3,8,0,0,0,0,4,1,0.9831026792526245,0,0,0,0
363666,0.10922166208426158,0.21478689710299173,0.4825816640739345,6.328583666894911,15,40,2,0,2,1,17,4,0.9873860982748178,0,0,0,0
337987,0.13694303731123605,0.3716864287853241,0.6357982386627894,3.9336135907115137,1,1,0,0,0,0,1,0,0.9927645325660706,0,0,0,0
546219,0.13718186567227045,0.3853064676125844,0.5958547856376025,4.497191364942461,21,41,1,0,1,1,24,4,0.9779464364051819,1,0,1,1
229858,0.15317150205373764,0.43860235810279846,0.6553539925568211,3.670481008234661,1,2,0,0,0,0,3,2,0.9797724485397339,0,0,0,0
437514,0.12102602918942769,0.2634612073500951,0.5361499168994044,5.414275139777912,2,3,0,0,0,0,2,0,0.9882138073444366,0,0,0,0
406570,0.12026083966096242,0.2315912296374639,0.5297089493597661,5.519253793138884,1,7,0,0,0,0,2,1,0.9952956438064575,0,0,0,0
410510,0.1863518754641215,0.5468307534853617,0.773474018461354,2.2310853995605577,3,3,0,0,0,0,4,1,0.8939906358718872,0,0,0,0
366884,0.1319413259625435,0.341085284948349,0.604893428166592,4.366422676739717,5,16,1,0,1,1,5,1,0.9890904128551483,0,0,0,0
472678,0.13292599221070608,0.2768668830394745,0.5446696238074223,5.277336892579411,6,14,0,0,0,0,9,3,0.9888241589069366,0,0,0,0
141821,0.09967613220214844,0.19309638440608978,0.468359582802971,6.588411790481555,5,5,0,0,0,0,6,1,0.9863219499588013,0,0,0,0
375278,0.12275081872940063,0.2838970522085826,0.5413071694400236,5.331124415591637,4,6,2,0,1,1,5,3,0.9574501514434814,0,1,1,1
18833,0.1521241913239161,0.37403397758801776,0.6976968309085926,3.1266649935355613,1,1,0,0,0,0,1,0,0.9942467212677002,0,0,0,0
433774,0.16406306624412537,0.47786826888720196,0.7325291192452396,2.7035021341210137,5,7,0,1,0,1,6,1,0.9768887460231781,0,0,0,0
173004,0.10945038745800655,0.23081824680169424,0.5205919849508467,5.670050451712584,13,15,0,0,0,0,16,3,0.9824763674002427,0,0,0,0
450439,0.21995639304320017,0.6410480539004008,0.9076106284947595,0.8420085397967297,2,2,0,0,0,0,3,1,0.990403026342392,0,0,0,0
423123,0.13209228465954462,0.3067340354124705,0.5858318953624019,4.644539740736061,2,7,0,0,0,0,3,1,0.9787659645080566,0,0,0,0
19786,0.13782759507497153,0.2893569866816203,0.5771456725781486,4.77429112641362,2,6,0,0,0,0,2,0,0.9943761229515076,0,0,0,0
185472,0.14792136351267496,0.40260835488637287,0.6464401221081276,3.789433927422973,7,9,1,0,0,1,8,2,0.9841819306214651,0,0,0,0
322844,0.11974712212880452,0.27336129546165466,0.5691277148128288,4.895805300758971,1,2,0,0,0,0,2,1,0.9940668344497681,0,0,0,0
3934,0.1338834116856257,0.31429316600163776,0.5393996450087348,5.361786874043655,8,14,1,0,1,1,8,1,0.9744611467633929,0,0,0,0
54593,0.15412301321824393,0.39558802048365277,0.6731543990256798,3.4377062354540886,10,18,0,0,0,0,14,4,0.9795200824737549,0,0,0,0
524280,0.1279949570695559,0.24300759037335715,0.4154666733225265,7.62927614867376,1,1,0,0,0,0,1,0,0.9919801354408264,0,0,0,0
273493,0.20400653779506683,0.6426140268643697,0.8767023974180016,1.1429561165695703,2,5,0,0,0,0,2,0,0.9879153966903687,0,0,0,0
19924,0.11538584530353546,0.26785406470298767,0.4667389326790185,6.61851942508885,2,2,0,0,0,0,2,0,0.9828835725784302,0,0,0,0
144300,0.12820149213075638,0.3267492751280467,0.6741558740502411,3.4247935407103345,3,9,0,0,0,0,4,1,0.9859547813733419,0,0,0,0
393115,0.10511195907990138,0.22271033624807993,0.4597103334540848,6.750314679762167,2,2,1,0,1,1,1,0,0.9878865480422974,1,0,1,1
173183,0.15657067795594534,0.46017393469810486,0.6802855492089607,3.3461750866085582,0,0,0,0,0,0,0,0,,0,0,0,0
525286,0.1255729248126348,0.30559976895650226,0.4757682836718526,6.452090257551713,1,1,1,0,1,1,0,0,,0,0,0,0
79588,0.1562817543745041,0.4634622534116109,0.7025811202739621,3.06607049455204,4,6,0,0,0,0,4,0,0.9758989363908768,0,0,0,0
266409,0.1708481659491857,0.550871749718984,0.7788596472415257,2.170815927942228,2,2,0,0,0,0,3,1,0.9649090468883514,0,0,0,0
499313,0.10629930843909581,0.21496777733167013,0.5133445551273764,5.7918208006525145,6,5,0,0,0,0,7,1,0.9743819435437521,0,0,0,0
449909,0.16056225697199503,0.4231739143530528,0.7086487169204375,2.991379897452938,2,2,0,0,0,0,2,0,0.9929043650627136,0,0,0,0
200162,0.13153810799121857,0.36175234119097394,0.6618292802918414,3.585080458607089,3,9,0,0,0,0,3,0,0.9773096044858297,0,0,0,0
3156,0.13326448947191238,0.2909644544124603,0.578330056132867,4.756484731709388,2,3,0,0,0,0,2,0,0.9928798973560333,0,0,0,0
123480,0.18006515502929688,0.5208774705727895,0.779658182278066,2.1619151791986555,4,4,1,0,1,1,4,1,0.9805696805318197,0,0,0,0
565045,0.17375952502091727,0.460374653339386,0.7104937808920501,2.968794383895208,1,2,0,0,0,0,2,1,0.991967499256134,0,0,0,0
494427,0.13114850968122482,0.285528764128685,0.5843702530511606,4.666237992487308,1,2,0,0,0,0,1,0,0.9946631789207458,0,0,0,0
440475,0.13531823952992758,0.32488242785135907,0.5564085087651244,5.092124745365235,10,26,6,0,5,1,9,5,0.9879121035337448,0,0,0,0
450399,0.1078724463780721,0.23025077084700266,0.47663257946750737,6.43632550922551,14,30,1,0,1,1,15,2,0.9728258802340581,1,0,1,1
343561,0.1155541514356931,0.258572980761528,0.5278584463764588,5.549650496283515,14,28,3,0,3,1,12,1,0.9857082096013156,0,0,0,0
18519,0.1520563910404841,0.44660351673762005,0.6458324881861948,3.79760223731854,1,1,0,0,0,0,1,0,0.9569850564002991,0,0,0,0
309452,0.14308518916368484,0.3789001802603404,0.6627863190411618,3.572529293715809,1,1,0,0,0,0,1,0,0.9434490203857422,0,0,0,0
343149,0.15289900451898575,0.43109235167503357,0.6421150158566168,3.8477434798068844,5,6,0,0,0,0,9,4,0.986238670349121,0,0,0,0
481386,0.12289313475290935,0.28042171398798627,0.5307592186322899,5.50204907875071,7,30,1,0,1,1,6,0,0.9813734292984009,0,0,0,0
546826,0.1246362030506134,0.2902710735797882,0.5370704792359368,5.399374370374233,2,1,2,0,1,1,0,0,,2,0,1,1
117645,0.19162242114543915,0.6187959412733713,0.8196145584521685,1.72780672041714,2,2,0,0,0,0,2,0,0.9581145644187927,0,0,0,0
445722,0.1546019266049067,0.37914634744326275,0.6427498402829409,3.8391604520605283,2,6,0,0,0,0,2,0,0.9669334888458252,0,0,0,0
199681,0.12366657207409541,0.30640148123105365,0.5987910481482868,4.4544940185791155,2,2,1,0,1,1,1,0,0.9414123892784119,0,0,0,0
252559,0.15529719491799673,0.4341951608657837,0.6411299734411431,3.8610783791619974,9,13,0,0,0,0,9,0,0.9865859084659152,0,0,0,0
417876,0.16760438680648804,0.49651363492012024,0.714583246998176,2.9189433960758486,2,6,0,0,0,0,2,0,0.9708622992038727,0,0,0,0
132544,0.13931982715924582,0.342265784740448,0.6128081841088641,4.253508865890748,10,15,1,0,0,1,12,3,0.9784728089968363,0,0,0,0
250619,0.165996586283048,0.5263601740201315,0.7755951315354201,2.20729851362885,1,7,0,0,0,0,1,0,0.992438018321991,0,0,0,0
105923,0.1469621534148852,0.40652156869570416,0.6794462548610014,3.356897817347418,3,9,1,0,0,1,2,0,0.9866820573806763,0,0,0,0
579900,0.120865764717261,0.21844579776128134,0.49461060773656407,6.114731474332528,5,13,3,0,3,1,3,1,0.9818228781223297,0,0,0,0
506178,0.1550592506925265,0.37834983070691425,0.6375395251758895,3.9098577070198415,3,5,0,0,0,0,3,0,0.955439289410909,0,0,0,0
468965,0.12363083412249883,0.3272158205509186,0.5801979643704719,4.728475985131834,10,15,0,0,0,0,13,3,0.9829872250556946,0,0,0,0
61658,0.11659323672453563,0.23065699140230814,0.49545394608745275,6.099934165234452,4,12,0,1,0,1,4,0,0.983840803305308,0,0,0,0
180188,0.14822333306074142,0.45171377062797546,0.7485907918530309,2.5151103857894737,1,1,0,0,0,0,1,0,0.9914708733558655,0,0,0,0
570169,0.13670761386553446,0.3425818582375844,0.6301099897567041,4.011672700609042,1,1,0,0,0,0,1,0,0.9716888666152954,0,0,0,0
343076,0.13237521052360535,0.26729942858219147,0.522220419445803,5.642923014901174,1,2,0,0,0,0,1,0,0.9963950514793396,0,0,0,0
553664,0.12911318987607956,0.30279480417569477,0.586264003652814,4.638135409664853,1,17,0,0,0,0,1,0,0.9953843355178833,0,0,0,0
516318,0.21494060754776,0.723992665608724,0.9020121979045304,0.895751789143222,2,3,1,0,1,1,1,0,0.9952422976493835,0,0,0,0
24144,0.1163589929540952,0.25764118631680805,0.587594639681302,4.618443494104313,1,1,0,0,0,0,1,0,0.9980360269546509,0,0,0,0
447169,0.13484161843856177,0.30344269176324207,0.5797749130258615,4.734811611636637,2,4,0,0,0,0,2,0,0.9662769734859467,0,0,0,0
489014,0.14439300199349722,0.42029022177060443,0.7197637375045806,2.856200747392912,2,3,0,0,0,0,2,0,0.994276762008667,0,0,0,0
238866,0.10488419979810715,0.2620316843191783,0.534824490271662,5.435774281517375,16,12,1,0,1,1,22,7,0.993274454275767,0,0,0,0
92053,0.14998613049586615,0.3033868074417114,0.5787167467318617,4.750678999419772,6,11,0,0,0,0,10,4,0.9822482069333395,0,0,0,0
291861,0.1436697468161583,0.38176944851875305,0.7036500741336039,3.0528652448344626,1,1,0,0,0,0,1,0,0.9978771805763245,0,0,0,0
581062,0.18398859103520712,0.5791100561618805,0.8171813633504756,1.7536309290527519,3,2,0,0,0,0,3,0,0.9851915041605631,0,0,0,0
166563,0.17028061052163443,0.4367179771264394,0.7333294477716633,2.694017500198113,1,1,1,0,1,1,0,0,,0,0,0,0
221213,0.13976027071475983,0.3425690333048503,0.6701323500913408,3.4767883269393787,2,2,0,0,0,0,2,0,0.9882400631904602,0,0,0,0
176446,0.13108311345179877,0.31027934948603314,0.5806921412888153,4.721081027740505,1,2,0,0,0,0,1,0,0.9722025990486145,0,0,0,0
161861,0.20335652927557626,0.654167632261912,0.8576350452348711,1.333949617364874,2,2,1,0,1,1,2,1,0.9795137047767639,0,0,0,0
198915,0.18852261205514273,0.5894840657711029,0.8310214572500546,1.6077552488668132,0,0,0,0,0,0,0,0,,0,0,0,0
515350,0.206865926583608,0.6966583728790283,0.8813178182049329,1.0973489872125861,2,2,0,0,0,0,2,0,0.9382833242416382,0,0,0,0
562443,0.13221937914689383,0.3114989101886749,0.5888602547001647,4.599755150553841,2,1,0,0,0,0,2,0,0.9888939559459686,0,0,0,0
273760,0.17011536409457526,0.5140205025672913,0.7627008459565432,2.3529154381873076,2,2,0,0,0,0,2,0,0.9951967895030975,0,0,0,0
279714,0.15971583624680838,0.4287434717019399,0.6870284736340838,3.2605052679528654,1,5,0,0,0,0,1,0,0.9851569533348083,0,0,0,0
519569,0.1506169910232226,0.4194331963857015,0.6801611717467262,3.3477632839216915,7,8,0,0,0,0,10,3,0.9794180563517979,0,0,0,0
280779,0.16519726812839508,0.4716213444868724,0.6990764090775973,3.109507065138066,2,3,0,0,0,0,2,0,0.9622296988964081,0,0,0,0
122606,0.13795919716358185,0.3566341996192932,0.6668482190333286,3.5194600874097466,1,2,0,0,0,0,1,0,0.9887035489082336,0,0,0,0
407614,0.13122013211250305,0.3541627923647563,0.618550409033926,4.172498031507753,5,13,0,0,0,0,8,3,0.9765840291976928,0,0,0,0
488270,0.21439075966676077,0.7277296384175619,0.8964641384325119,0.9493415797578626,1,1,0,0,0,0,3,2,0.9885613918304443,0,0,0,0
110784,0.15564928452173868,0.4650019903977712,0.7088643085942025,2.9887377975696343,2,3,0,0,0,0,3,1,0.9851460754871368,0,0,0,0
429281,0.12267727653185527,0.2560955037673314,0.5058966702618672,5.918763580899861,2,18,1,0,1,1,1,0,0.9933601021766663,0,0,0,0
198510,0.12149593482414882,0.2955459753672282,0.5704560496980153,4.875556196129926,2,2,0,0,0,0,2,0,0.9937363266944885,0,0,0,0
275791,0.1460491269826889,0.3917754391829173,0.6988627779829784,3.112161795962896,4,8,0,0,0,0,6,2,0.9852956086397171,0,0,0,0
547854,0.10793193429708481,0.18835855027039847,0.3383473704997381,9.412743886603677,2,5,0,0,0,0,2,0,0.994805097579956,0,0,0,0
146363,0.15536540498336157,0.43012118339538574,0.719924688322208,2.8542586590635013,3,3,0,0,0,0,3,0,0.9786560535430908,0,0,0,0
283785,0.13688106338183084,0.34498437245686847,0.6118019825998319,4.267782399567775,7,30,1,0,1,1,7,1,0.9806171854337057,0,0,0,0
225946,0.17495949566364288,0.5582969983418783,0.8215383846192785,1.7074428055303992,2,2,1,0,1,1,1,0,0.9957216382026672,0,0,0,0
44260,0.16635001202424368,0.4525025387605031,0.693860359180082,3.174558468125342,4,6,2,0,2,1,2,0,0.9929089546203613,0,0,0,0
371749,0.13687333712975183,0.30161185065905255,0.6033055327507987,4.389253837377409,7,7,0,0,0,0,9,2,0.9824692862374442,0,0,0,0
263299,0.15237978349129358,0.48485427101453143,0.7384131229260823,2.6340118744278,1,1,0,0,0,0,1,0,0.9910509586334229,0,0,0,0
173008,0.1418501933415731,0.33922938505808514,0.6078179390478374,4.324529727289449,6,18,2,0,2,1,4,0,0.9863400757312775,1,0,1,1
75612,0.13425938536723456,0.36063575744628906,0.603860043651035,4.381274118744824,14,20,1,1,2,1,18,5,0.9679109553496043,0,0,0,0
97988,0.1251037692030271,0.26113686958948773,0.41744920381297795,7.587927258498964,8,17,0,0,0,0,11,3,0.9624192044138908,0,0,0,0
197388,0.152752215663592,0.4215800960858663,0.7222143761502381,2.826677418140124,7,9,0,0,0,0,10,3,0.9859716466494969,0,0,0,0
366611,0.16239705930153528,0.5237042506535848,0.7307620306995112,2.7244805204806024,2,2,0,0,0,0,2,0,0.9934879839420319,0,0,0,0
46872,0.15096303075551987,0.42852718631426495,0.731081437897989,2.72068485318882,7,6,0,1,0,1,6,0,0.9816882908344269,0,0,0,0
125211,0.12971646835406622,0.35967812935511273,0.6449429003431596,3.8095746736076164,1,1,0,0,0,0,1,0,0.998112142086029,0,0,0,0
63965,0.14306423316399255,0.3617698649565379,0.6461987293025233,3.7926780064493553,3,3,0,0,0,0,6,3,0.9758889079093933,0,0,0,0
93261,0.13049647957086563,0.3479181428750356,0.6145142323997435,4.229361084481561,3,4,0,0,0,0,4,1,0.9804049134254456,0,0,0,0
383676,0.16060900688171387,0.441420982281367,0.6706806821576029,3.4696840521993124,2,2,0,0,0,0,2,0,0.9912658035755157,0,0,0,0
482800,0.15037452429533005,0.4990200499693553,0.7324907325559676,2.703957312317067,4,4,0,0,0,0,4,0,0.9931167513132095,0,0,0,0
213086,0.12476734817028046,0.27860452731450397,0.5771771704105437,4.773817105306351,2,5,0,0,0,0,2,0,0.9925028681755066,0,0,0,0
465179,0.14582441995541254,0.355571170647939,0.6159510725758366,4.209075683797463,2,3,1,0,1,1,1,0,0.9965349435806274,0,0,0,0
574823,0.129971611003081,0.3466629087924957,0.6453371019366332,3.8042673114280245,4,7,0,0,0,0,7,3,0.9902203679084778,0,0,0,0
281409,0.11876169343789418,0.301706259449323,0.5935383326060716,4.531024553506978,17,19,1,0,0,1,20,4,0.9781865365803242,0,0,0,0
272364,0.13196419179439545,0.32239479819933575,0.6041371579621829,4.3772890360595875,3,4,0,0,0,0,3,0,0.97318434715271,0,0,0,0
87038,0.16525071362654367,0.49454396963119507,0.7738518863387376,2.226843088699235,10,16,0,0,0,0,10,0,0.9834161639213562,0,0,0,0
481404,0.16178485254446665,0.3996037244796753,0.6335499670170471,3.9643825471334093,2,0,1,0,0,1,1,0,0.9902479648590088,0,0,0,0
348243,0.169000044465065,0.5028087496757507,0.7384783763914954,2.633244337476426,1,2,0,0,0,0,1,0,0.9881731271743774,0,0,0,0
504439,0.2021209498246511,0.5485876897970835,0.8653638725554937,1.2560247960415674,2,2,0,0,0,0,3,1,0.9895707964897156,0,0,0,0
250127,0.1116123969356219,0.2589615732431412,0.42694323453612215,7.3925972801343045,3,5,0,0,0,0,5,2,0.9808545907338461,0,0,0,0
502599,0.13579880694548288,0.3411497076352437,0.6525625032729329,3.7075576943067015,3,3,0,0,0,0,4,1,0.9779977003733317,0,0,0,0
125405,0.17060876389344534,0.5208214223384857,0.7512737790559298,2.4840353726802302,3,3,0,0,0,0,4,1,0.9547375241915385,0,0,0,0
564023,0.16736973822116852,0.4280553460121155,0.6942700453843276,3.1694314436787425,1,1,0,0,0,0,2,1,0.9975807666778564,0,0,0,0
335177,0.16450714568297067,0.5216085016727448,0.7714343537893331,2.2540204976564455,3,3,0,0,0,0,5,2,0.9888912638028463,0,0,0,0
155051,0.2059631198644638,0.5909512539704641,0.8257877710677014,1.662631055943242,1,1,0,0,0,0,2,1,0.9913035035133362,0,0,0,0
508101,0.19980005423227945,0.6339965065320333,0.8606550363464912,1.3034177103321425,4,4,0,0,0,0,5,1,0.9522557854652405,0,0,0,0
384136,0.16577266653378805,0.46952609221140545,0.7497886988572627,2.5012221948249125,1,2,0,0,0,0,1,0,0.9949079155921936,0,0,0,0
544519,0.13703765471776327,0.3489114244778951,0.6825550791735249,3.3172459446170603,2,2,0,0,0,0,3,1,0.9860669076442719,0,0,0,0
348488,0.13935433576504389,0.30028679966926575,0.5769102579886923,4.777834776452428,0,5,0,0,0,0,0,0,,0,0,0,0
176634,0.11712538699309032,0.2694655160109202,0.5795132950595001,4.738731922057939,1,1,0,0,0,0,1,0,0.9937381744384766,0,0,0,0
117914,0.15610109269618988,0.4153286814689636,0.6808916659192658,3.3384396306474278,2,3,0,0,0,0,3,1,0.9859993755817413,0,0,0,0
124975,0.16954234739144644,0.4478632907072703,0.7174384491897557,2.88430704376455,2,2,0,0,0,0,2,0,0.9860772490501404,0,0,0,0
101762,0.14096453040838242,0.36685951550801593,0.6814619030140991,3.331168365866456,2,2,0,0,0,0,3,1,0.9770495295524597,0,0,0,0
117525,0.11562755703926086,0.2446608046690623,0.408919587093065,7.767241728130657,1,2,0,0,0,0,3,2,0.9701537489891052,0,0,0,0
142585,0.13746863355239233,0.3375840683778127,0.5778745784852563,4.763328206758622,7,11,1,0,0,1,9,3,0.9594075083732605,0,0,0,0
353051,0.14693922797838846,0.4271817107995351,0.7421875329092963,2.589726902039853,2,2,0,0,0,0,2,0,0.9893884658813477,0,0,0,0
174123,0.10906397551298141,0.19986260930697122,0.46519656483467453,6.64727001811742,4,6,1,0,1,1,3,0,0.9721353848775228,0,0,0,0
115898,0.17256991068522134,0.5188003480434418,0.7517309293997061,2.4787516133757483,2,2,0,0,0,0,4,2,0.9795915484428406,0,0,0,0
184324,0.14532057692607245,0.416050652662913,0.6358119576058979,3.933426172859493,21,31,2,0,0,1,20,1,0.9818162980832552,1,0,0,1
392228,0.18113261461257935,0.5365144809087118,0.8450561858141236,1.4622882972705777,1,1,0,0,0,0,1,0,0.971467137336731,0,0,0,0
370375,0.15239358196655908,0.3847795029481252,0.6536884763221913,3.6925834202715486,3,3,0,0,0,0,3,0,0.9814090530077616,0,0,0,0
201646,0.15943334003289542,0.4568844238917033,0.7667140280717004,2.307331813305014,2,4,0,0,0,0,3,1,0.9891946315765381,0,0,0,0
466256,0.14761404941479364,0.3292977015177409,0.6301248600142486,4.011467720694464,6,12,1,0,0,1,5,0,0.9787555932998657,1,0,0,1
555012,0.1577370141943296,0.46475181976954144,0.7451708484613118,2.5548828661768868,1,1,0,0,0,0,2,1,0.994513213634491,0,0,0,0
431545,0.17134314278761545,0.5833837588628134,0.8131856661011173,1.796205704173667,2,4,0,0,0,0,2,0,0.9746218025684357,0,0,0,0
83113,0.15762580931186676,0.46271461248397827,0.7060762414667918,3.0229680339045943,2,2,0,0,0,0,3,1,0.9723153412342072,0,0,0,0
213605,0.13920005162556967,0.3562486966451009,0.6129329917554439,4.251740033335764,3,4,0,0,0,0,4,1,0.9792736172676086,0,0,0,0
279927,0.16132823626200357,0.489841749270757,0.7488994931860359,2.511529266400085,6,16,1,0,1,1,7,2,0.9841480374336242,0,0,0,0
102644,0.16233733048041663,0.44668009877204895,0.7126270172009562,2.942754332967831,1,1,0,0,0,0,2,1,0.9825924038887024,0,0,0,0
227686,0.15401389201482138,0.4226582646369934,0.6813175215178783,3.333008842357472,1,1,0,0,0,0,1,0,0.9852045178413391,0,0,0,0
452515,0.2010501672824224,0.5762697358926138,0.8218117990836543,1.7045525537648496,4,5,0,0,0,0,5,1,0.9649540185928345,0,0,0,0
181816,0.1147913932800293,0.2800324658552806,0.5491667570986497,5.205915198755772,6,11,0,0,0,0,8,2,0.9681411882241567,0,0,0,0
79408,0.134113147854805,0.39903656641642254,0.6937535191183617,3.1758960174268798,1,1,1,0,1,1,0,0,,0,0,0,0
430871,0.17263467609882355,0.4752783974011739,0.764582221095676,2.331516097823292,1,2,0,0,0,0,2,1,0.9571502208709717,0,0,0,0
311002,0.1522275855143865,0.44219134251276654,0.7083918703674822,2.9945286298990403,7,9,0,0,0,0,8,1,0.9805153438023159,0,0,0,0
78170,0.11145034680763881,0.23999138673146567,0.41860396974528147,7.56393314869507,3,10,0,0,0,0,3,0,0.9869900147120158,0,0,0,0
164637,0.15122724076112112,0.40368254979451496,0.6511201169751016,3.726777730097433,1,1,0,0,0,0,2,1,0.9744646549224854,0,0,0,0
311883,0.2242827167113622,0.6686140100161234,0.9059447634655461,0.8579656193867974,3,7,1,0,0,1,2,0,0.977433830499649,0,0,0,0
263969,0.11261471609274547,0.2091979831457138,0.36420037656805276,8.773192189968443,4,5,0,0,0,0,5,1,0.9878681600093842,0,0,0,0
785,0.1616752122839292,0.4864520827929179,0.7657700882710023,2.3180320324894064,2,2,0,0,0,0,2,0,0.981058806180954,0,0,0,0
258388,0.16412140925725302,0.4746655225753784,0.7518145989347585,2.4777849059038597,4,4,0,0,0,0,5,1,0.9641095846891403,0,0,0,0
382696,0.14432615786790848,0.3637080192565918,0.63126995388557,3.9956976198281318,2,3,0,0,0,0,2,0,0.9873649775981903,0,0,0,0
429598,0.13259632140398026,0.3364049990971883,0.6368549323454366,3.9191896659109253,4,4,0,0,0,0,4,0,0.9853226393461227,0,0,0,0
292005,0.1686236560344696,0.4810681641101837,0.70754816941067,3.004879766331129,4,5,0,0,0,0,4,0,0.9761032313108444,0,0,0,0
537241,0.13090608517328897,0.31442031264305115,0.6634248788517584,3.5641649238785207,1,1,0,0,0,0,1,0,0.993129551410675,0,0,0,0
85823,0.12370438128709793,0.30431870619455975,0.6476097266304335,3.7737327416035966,2,3,0,0,0,0,3,1,0.9940605759620667,0,0,0,0
173044,0.18175370494524637,0.5588194529215494,0.7763236647134045,2.1991435002843676,1,1,0,0,0,0,1,0,0.9936943650245667,0,0,0,0
16451,0.12504356851180395,0.3629852036635081,0.6143056431063996,4.2323099033201625,7,12,1,0,1,1,10,4,0.966809352238973,0,0,0,0
399764,0.13011053452889124,0.3017979959646861,0.5967766577516584,4.4837634428761195,2,2,0,0,0,0,2,0,0.9927226305007935,0,0,0,0
446522,0.12112538268168767,0.29164692759513855,0.559796943774357,5.039389538102932,3,4,0,0,0,0,4,1,0.9909876585006714,0,0,0,0
51712,0.20616386334101358,0.6009127100308737,0.8278079159917442,1.641408498664207,2,2,0,0,0,0,3,1,0.972286731004715,0,0,0,0
237984,0.1508699208498001,0.4059162735939026,0.6760120730899338,3.400910956033644,2,2,0,0,0,0,2,0,0.9908188879489899,0,0,0,0
509260,0.10989436755577724,0.25013647476832074,0.5444341595632272,5.2810926714168085,1,14,0,0,0,0,1,0,0.9914872646331787,0,0,0,0
119088,0.18380879362424216,0.5946462551752726,0.8184720514017155,1.7399229195245591,3,4,0,0,0,0,5,2,0.9859819412231445,0,0,0,0
454067,0.11988628158966701,0.24040861427783966,0.5012881339651988,5.998251509750832,3,7,1,0,1,1,2,0,0.9965664148330688,0,0,0,0
511076,0.14338268339633942,0.37990116079648334,0.6468565348490807,3.783840600915347,16,18,2,1,4,1,15,1,0.9712438950171838,0,0,0,0
344909,0.14244935164848962,0.34339070320129395,0.643236197821251,3.8325904769929258,4,4,1,1,2,1,2,0,0.936265379190445,0,0,0,0
224119,0.15716392795244852,0.40242019295692444,0.6992635149002998,3.107182622406417,4,12,3,0,0,1,1,0,0.9594006538391113,0,0,0,0
33638,0.15182016541560492,0.39680548508961994,0.6373600953350771,3.9123026176312954,4,8,0,0,0,0,7,3,0.9841673672199249,0,0,0,0
121744,0.12388864407936732,0.279695803920428,0.5780551857677856,4.760613967563198,13,15,0,1,1,1,16,3,0.9699342201153437,0,0,0,0
366225,0.1253226175904274,0.2636368175347646,0.47741443829194424,6.422089018034777,3,4,0,0,0,0,3,0,0.9651484886805216,0,0,0,0
244181,0.11047401279211044,0.2308235764503479,0.5237134199442505,5.618125946714906,4,5,0,0,0,0,5,1,0.9866503924131393,0,0,0,0
425390,0.12798657516638437,0.26482465366522473,0.5737162821566768,4.82605649196402,1,2,0,0,0,0,1,0,0.9908433556556702,0,0,0,0
173057,0.15012277166048685,0.44618616501490277,0.6786762777722055,3.3667466145994682,10,17,0,0,0,0,10,0,0.979108452796936,0,0,0,0
262682,0.1519926885763804,0.42768119772275287,0.6608998257869646,3.597287252189521,4,8,1,0,0,1,3,0,0.9749940236409506,0,0,0,0
15597,0.16704791287581125,0.47744855284690857,0.7428821940489628,2.581601020371762,2,3,0,0,0,0,2,0,0.9847824573516846,0,0,0,0
235399,0.12966203689575195,0.34682705998420715,0.6161552222844788,4.2061973252296445,2,3,0,0,0,0,2,0,0.9884984195232391,0,0,0,0
491130,0.16072394450505575,0.4194393952687581,0.6768245140481428,3.3904783976361346,2,3,1,0,1,1,1,0,0.9955354332923889,0,0,0,0
496854,0.12608596434195837,0.2996179660161336,0.5589456351905105,5.052608618119176,12,15,0,0,0,0,16,4,0.983657548824946,0,0,0,0
259382,0.15123409032821655,0.4647318820158641,0.682082219887725,3.3232654250137923,1,1,0,0,0,0,1,0,0.9976164698600769,0,0,0,0
220764,0.19281152884165445,0.6426493128140768,0.8546413202697722,1.3643222741082806,1,3,0,0,0,0,1,0,0.9907943606376648,0,0,0,0
262587,0.20782359937826791,0.6864953637123108,0.8683738775229554,1.2258649898952034,1,2,0,0,0,0,2,1,0.9749886393547058,0,0,0,0
188439,0.17089692006508508,0.5007244745890299,0.7542378581490181,2.4498334488818267,3,2,0,0,0,0,4,1,0.9821064273516337,0,0,0,0
224807,0.11375098923842113,0.25446100533008575,0.5125571703020173,5.805153732782618,20,45,1,0,1,1,21,2,0.980546750520405,0,0,0,0
380711,0.15435107052326202,0.5220045248667399,0.7656719681500165,2.3191450495177035,2,2,0,0,0,0,3,1,0.9829785525798798,0,0,0,0
534394,0.18747425079345703,0.5408707857131958,0.779092690615147,2.1682174029552073,11,15,0,0,0,0,12,1,0.9771322174505754,0,0,0,0
265518,0.12169120957454045,0.2410044421752294,0.4196859945185057,7.541510470657922,4,5,1,0,0,1,4,1,0.9654872814814249,1,0,0,1
30213,0.11821944018205006,0.2679016093413035,0.5473826437744108,5.234179543432058,4,14,0,0,0,0,4,0,0.9877812564373016,0,0,0,0
53624,0.16444242000579834,0.4528851310412089,0.6811383402196113,3.3352934653454644,4,6,0,0,0,0,5,1,0.9852532148361206,0,0,0,0
524456,0.10683773209651311,0.23762467006842294,0.5216374249135308,5.65262515340745,3,6,1,0,1,1,2,0,0.9823790490627289,0,0,0,0
392818,0.11001384258270264,0.20880239208539328,0.3610000417155735,8.849854958183666,1,1,0,0,0,0,1,0,0.9755527377128601,0,0,0,0
308193,0.1733058194319407,0.49597566326459247,0.7648766949860376,2.328171427734172,1,1,0,0,0,0,2,1,0.9914382100105286,0,0,0,0
66841,0.15709361930688223,0.343597670396169,0.5834869769596334,4.679376653475411,2,7,0,0,0,0,3,1,0.9924810230731964,0,0,0,0
523241,0.16925272345542908,0.5350294709205627,0.7824837401133766,2.130493565148633,7,10,0,0,0,0,13,6,0.9614539231572833,0,0,0,0
450075,0.12088634818792343,0.28325841824213666,0.5582844754249788,5.062888973745759,3,4,0,0,0,0,5,2,0.9894116918245951,0,0,0,0
457078,0.11812945703665416,0.2676016241312027,0.5072023661678856,5.896374581577776,4,18,0,0,0,0,5,1,0.988222062587738,0,0,0,0
273711,0.10297427078088124,0.19869789481163025,0.4560488726124181,6.819772270897644,12,37,1,1,1,1,12,1,0.9841052830219269,1,1,1,1
187236,0.1360388919711113,0.3084529936313629,0.6241018030343047,4.094891254752537,2,4,0,0,0,0,3,1,0.9830363690853119,0,0,0,0
406611,0.1560762325922648,0.45525384942690533,0.7048801310647589,3.0376946202654476,5,24,0,1,0,1,5,1,0.9768404364585876,0,0,0,0
106048,0.15387247502803802,0.4720868666966756,0.7882240182498024,2.067006714594072,1,1,0,0,0,0,1,0,0.9961886405944824,0,0,0,0
32811,0.1566904460390409,0.4040996829668681,0.6866819306280112,3.264887609908059,1,1,0,0,0,0,2,1,0.9849525690078735,0,0,0,0
545958,0.16131589313348135,0.5126150449117025,0.7516249347157008,2.479976417363937,1,1,0,0,0,0,1,0,0.9911622405052185,0,0,0,0
199442,0.20777705311775208,0.6555218895276388,0.8749340327545245,1.1604938033411392,2,2,1,0,1,1,1,0,0.9927676916122437,0,0,0,0
226408,0.14587228993574777,0.3197006781895955,0.5869026284246348,4.628678910162715,1,3,0,0,0,0,2,1,0.993375301361084,0,0,0,0
276024,0.15062242498000464,0.4774174988269806,0.70090746810517,3.0867862524738774,8,9,0,0,0,0,11,3,0.9528711885213852,0,0,0,0
447314,0.18575532734394073,0.5917011201381683,0.8363335745555504,1.5524093628448576,5,11,0,0,0,0,8,3,0.9818929672241211,0,0,0,0
308531,0.17037904262542725,0.4596615831057231,0.7326686088584837,2.701848307655524,3,3,0,0,0,0,3,0,0.9863306085268656,0,0,0,0
365766,0.14939294258753458,0.3812398413817088,0.6750752167657093,3.41295670911598,3,3,0,0,0,0,5,2,0.9816079139709473,0,0,0,0
581482,0.165720301369826,0.4865882098674774,0.7557854544880306,2.432029411554783,1,2,0,0,0,0,2,1,0.9883217811584473,0,0,0,0
482970,0.1560767541329066,0.4245603283246358,0.7581070220896587,2.405389612369617,1,2,0,0,0,0,1,0,0.996238648891449,0,0,0,0
394510,0.1364984561999639,0.35633281866709393,0.6192146911013786,4.163174968060959,5,6,0,0,0,0,6,1,0.9810639381408691,0,0,0,0
222317,0.12781712661186853,0.30929382642110187,0.6017855706664189,4.41116459563029,2,3,0,0,0,0,3,1,0.9880602359771729,0,0,0,0
447200,0.13502537459135056,0.3330698311328888,0.5928140396922235,4.5416303890814005,2,1,0,0,0,0,2,0,0.9829514026641846,0,0,0,0
511453,0.1019627849260966,0.20055799186229706,0.35699076148370623,8.946860455826892,2,3,0,0,0,0,3,1,0.9877809286117554,0,0,0,0
212573,0.13717730591694513,0.3451901078224182,0.5743024729442147,4.81718627288915,8,15,0,0,0,0,10,2,0.9841530248522758,0,0,0,0
405432,0.1215278481443723,0.29271838068962097,0.5694200792268901,4.891344451414315,1,4,0,0,0,0,2,1,0.9812946915626526,0,0,0,0
365385,0.17433172464370728,0.4882396161556244,0.7359761259995288,2.6627254663704276,3,6,2,0,2,1,1,0,0.9732987284660339,0,0,0,0
176847,0.15084690352280936,0.3414323727289836,0.560640700531555,5.026307543764343,1,1,0,0,0,0,1,0,0.9923418164253235,0,0,0,0
454750,0.14233506470918655,0.3824533422787984,0.7418605440376158,2.5935545264172206,2,2,0,0,0,0,2,0,0.9929976761341095,0,0,0,0
26690,0.16382631659507751,0.44343748688697815,0.6803411939816708,3.345464642899608,11,15,2,0,2,1,9,0,0.9805811643600464,0,0,0,0
158744,0.15561962127685547,0.3918826977411906,0.6624858709271872,3.57646759291866,6,12,1,0,0,1,6,1,0.9766137480735779,0,0,0,0
252716,0.17175767322381338,0.5488258500893911,0.773753291793246,2.227949806813538,2,4,0,0,0,0,3,1,0.9865002930164337,0,0,0,0
364297,0.12179708232482274,0.2763350357611974,0.6038606397473473,4.381265544532502,4,3,1,0,0,1,3,0,0.9809003273646036,0,0,0,0
473121,0.1775822639465332,0.5461597641309103,0.7967099938419159,1.9739947011677565,2,2,1,0,1,1,2,1,0.9808468818664551,1,0,1,1
159684,0.1431968609491984,0.42034833629926044,0.7563977233921785,2.4249957393136827,2,2,0,0,0,0,2,0,0.9739635288715363,0,0,0,0
338532,0.18070759375890097,0.5274549424648285,0.7669850391986821,2.304262146230964,1,3,0,0,0,0,1,0,0.993248462677002,0,0,0,0
62554,0.12565701454877853,0.25807564953962964,0.5627892158200584,4.9930846623689,2,6,0,0,0,0,2,0,0.9730443358421326,0,0,0,0
237864,0.18522765239079794,0.5654362837473551,0.8169404834917373,1.7561916388165075,2,2,0,0,0,0,2,0,0.9831705689430237,0,0,0,0
431727,0.16534894208113352,0.4886581500371297,0.7250681315896405,2.792423653871277,1,2,0,0,0,0,2,1,0.9860076308250427,0,0,0,0
73702,0.11104556918144226,0.24341150124867758,0.5014052180426981,5.9962230144424336,4,6,1,0,1,1,3,0,0.993848462899526,0,0,0,0
507575,0.1138879011074702,0.27149005730946857,0.5343775242477087,5.443036328781509,7,8,2,0,2,1,7,2,0.9864481806755065,2,0,2,1
429761,0.17811801532904306,0.5660269657770792,0.7945571508968967,1.9974971880999663,4,4,0,0,0,0,6,2,0.9775629192590714,0,0,0,0
429623,0.10969113061825435,0.2487959017356237,0.5692092659266014,4.8945607765323365,2,4,0,0,0,0,2,0,0.9914804697036743,0,0,0,0
246436,0.11800284186999004,0.25755437711874646,0.5098974348774754,5.850343456330465,6,7,0,0,0,0,6,0,0.9883144795894623,0,0,0,0
430286,0.12053458392620087,0.2990795969963074,0.6029293799401958,4.3946710606255115,3,4,0,0,0,0,3,0,0.9936771790186564,0,0,0,0
500423,0.14562958230574927,0.39121217528978985,0.7256373969462819,2.785606865461647,1,2,0,0,0,0,1,0,0.9953869581222534,0,0,0,0
517832,0.10222285240888596,0.23127634326616922,0.41555192996531226,7.6274939267359665,2,2,0,0,0,0,2,0,0.9910857975482941,0,0,0,0
101780,0.14337086180845895,0.39915888508160907,0.6062619338585771,4.3467939902128165,4,4,0,0,0,0,5,1,0.9740288704633713,0,0,0,0
416451,0.11469949781894684,0.29768282175064087,0.5731881392309778,4.834056097518694,8,27,0,0,1,1,9,1,0.9692968651652336,0,0,1,1
129756,0.15052125602960587,0.4606186846892039,0.6925352881014335,3.1911618449159205,9,9,0,0,0,0,10,1,0.977355076207055,0,0,0,0
138856,0.10925574103991191,0.2357426385084788,0.5297892082100906,5.517937850279052,2,2,1,0,0,1,1,0,0.9929279685020447,0,0,0,0
222094,0.1627653936545054,0.4693227708339691,0.6949288062005561,3.161193711305142,4,11,1,0,1,1,5,2,0.9895606637001038,0,0,0,0
519764,0.13903248558441797,0.31532655159632367,0.6117403135125272,4.26865797352801,3,3,1,0,0,1,2,0,0.9865100979804993,0,0,0,0
570448,0.1646676113208135,0.5147873063882192,0.7314856222705433,2.7158841147633224,4,10,2,0,2,1,3,1,0.9728911817073822,0,1,1,1
306700,0.13108166803916296,0.30844370524088544,0.6049199123453367,4.366042388895195,4,4,1,0,1,1,3,0,0.9864200552304586,0,0,0,0
59386,0.16421901683012644,0.44821813702583313,0.6679302957499733,3.5053771502099584,8,10,1,0,1,1,10,3,0.9748186043330601,0,0,0,0
381971,0.1487022414803505,0.4357001582781474,0.6872287776122334,3.25797325546537,7,16,0,0,0,0,8,1,0.9646074090685163,0,0,0,0
509403,0.16162361204624176,0.48321235179901123,0.73881340062064,2.6293047182683624,5,5,0,0,0,0,7,2,0.9871519684791565,0,0,0,0
23126,0.17029057443141937,0.42790605624516803,0.7207893805358305,2.8438324097436802,3,3,0,0,0,0,4,1,0.8492814898490906,0,0,0,0
258911,0.14574957390626272,0.33986039956410724,0.5927142938065736,4.543091985117816,7,8,1,0,0,1,7,1,0.9659095704555511,0,0,0,0
356424,0.11131332566340764,0.21687292059262595,0.46594483655461383,6.6333099322098406,7,10,0,0,0,0,9,2,0.9920469267027718,0,0,0,0
525247,0.11378986885150273,0.25803251564502716,0.5917566611271854,4.557136894441544,3,2,0,0,0,0,3,0,0.9923155307769775,0,0,0,0
463730,0.1546118756135305,0.4483302632967631,0.7215929259752968,2.8341546596812837,14,21,1,0,0,1,17,4,0.9789246687522302,0,0,0,0
333745,0.1412463809053103,0.3187943398952484,0.5900379696124168,4.582400802324359,4,11,0,0,0,0,5,1,0.9646674990653992,0,0,0,0
313034,0.12058918674786885,0.2931918799877167,0.5791389017041607,4.744345236369114,4,11,0,0,0,0,4,0,0.9829581677913666,0,0,0,0
386134,0.11989323794841766,0.23983285824457803,0.39567261572114765,8.053280119407036,0,1,0,0,0,0,0,0,,0,0,0,0
469246,0.13304675867160162,0.37911392251650494,0.6936478783680688,3.1772187548866535,4,9,0,0,0,0,4,0,0.9655516147613525,0,0,0,0
534827,0.14523897071679434,0.37538232405980426,0.5812605746344329,4.712582661786638,7,10,1,0,1,1,9,3,0.9725691576798757,0,0,0,0
469652,0.1488335778315862,0.3522940476735433,0.6993164459334339,3.106525165378108,1,1,0,0,0,0,1,0,0.992316722869873,0,0,0,0
109118,0.13083297510941824,0.2969180444876353,0.5457805029285941,5.259639656274661,6,6,1,0,0,1,5,0,0.9744648218154908,1,0,0,1
536343,0.1770778795083364,0.4764471451441447,0.7429960237539184,2.580270208404987,1,0,0,0,0,0,1,0,0.9741765260696411,0,0,0,0
38070,0.1633833348751068,0.4547566771507263,0.7532977515092925,2.4606665775016086,1,1,0,0,0,0,1,0,0.9897218942642212,0,0,0,0
65736,0.1798101266225179,0.5718895097573599,0.8292992475523667,1.6257745733135005,3,3,0,0,0,0,4,1,0.9907004435857137,0,0,0,0
151820,0.12451680252949397,0.3280887007713318,0.5830348550820221,4.686109628068186,18,26,0,0,0,0,25,7,0.9814449118243324,0,0,0,0
11149,0.1260851969321569,0.3266917864481608,0.6247119217773226,4.0864041211083135,5,5,0,0,0,0,6,1,0.9818088293075562,0,0,0,0
259854,0.16143858432769775,0.5176526804765066,0.8186204528633038,1.738348178063517,0,1,0,0,0,0,0,0,,0,0,0,0
181796,0.13077534486850104,0.3174276649951935,0.6081554421217498,4.31970805179361,13,15,1,0,1,1,14,2,0.9532440056403478,1,0,1,1
505942,0.15421914060910544,0.424316147963206,0.6692278524461708,3.4885198505478465,7,7,1,0,1,1,7,1,0.9784810940424601,1,0,1,1
285047,0.15147429207960764,0.3323843578497569,0.6133803691750069,4.245402548661655,4,3,0,0,0,0,6,2,0.9906797409057617,0,0,0,0
344614,0.16545096784830093,0.43998560309410095,0.6715870558425484,3.4579536607550847,2,2,0,0,0,0,3,1,0.990228146314621,0,0,0,0
442456,0.15443141758441925,0.413253794113795,0.7276731276413868,2.7612732582715287,4,9,0,0,0,0,9,5,0.9946801066398621,0,0,0,0
527750,0.16179018716017404,0.432155708471934,0.6574471697805617,3.64278279728427,6,6,1,0,1,1,7,2,0.9768617630004883,0,0,0,0
526706,0.17629793286323547,0.5508754352728525,0.7813420335482631,2.143176229870682,4,4,0,0,0,0,5,1,0.9806038737297058,0,0,0,0
32887,0.14613201469182968,0.41036373376846313,0.6849817773157604,3.2864196392457568,3,4,1,0,1,1,3,1,0.987050861120224,0,0,0,0
253386,0.14657998581727347,0.35328253110249835,0.6629940398260984,3.5698075158342957,3,3,0,0,0,0,3,0,0.9899107416470846,0,0,0,0
239274,0.13291551917791367,0.3454542060693105,0.5787973489071089,4.749469335360294,8,14,0,0,0,0,9,1,0.9739204496145248,0,0,0,0
168974,0.12560882916053137,0.29295655091603595,0.575183851322273,4.803866311337873,2,3,0,0,0,0,3,1,0.985110342502594,0,0,0,0
410496,0.13694529235363007,0.3451470136642456,0.6076635477033355,4.326736303368552,8,17,1,0,1,1,7,0,0.9903088467461723,0,0,0,0
371042,0.16632462541262308,0.5239746669928232,0.7733365975419206,2.232628733865289,7,9,0,0,0,0,9,2,0.9818345989499774,0,0,0,0
506454,0.16766669849554697,0.5237831075986227,0.7587512033510235,2.3980121428267718,1,2,0,0,0,0,1,0,0.9871484637260437,0,0,0,0
199395,0.1932638386885325,0.6396524409453074,0.8328996481200536,1.5881464278812418,5,13,1,0,1,1,5,1,0.9702782034873962,1,0,1,1
46378,0.16215466459592184,0.4289988875389099,0.765499564223465,2.3211010439361774,1,2,0,0,0,0,1,0,0.9960713982582092,0,0,0,0
142092,0.11140705396731694,0.24234713117281595,0.5215023762221679,5.6548741674594885,1,1,0,0,0,0,1,0,0.9946651458740234,0,0,0,0
485802,0.20838930706183115,0.6814700365066528,0.8668819705559261,1.2408005885542344,1,1,0,0,0,0,1,0,0.9897519946098328,0,0,0,0
88970,0.15124418338139853,0.45941606163978577,0.7251832071080944,2.791045226244617,3,3,0,0,0,0,3,0,0.9932563900947571,0,0,0,0
51610,0.16212642192840576,0.4977165758609772,0.7517587562179185,2.478430093814542,3,3,0,0,0,0,3,0,0.9794965585072836,0,0,0,0
368335,0.1679160992304484,0.47230443358421326,0.718842407181447,2.867326203280331,5,6,0,0,0,0,7,2,0.9853932857513428,0,0,0,0
58655,0.15915071467558542,0.4490954677263896,0.7044073789029935,3.0435220660183306,2,1,0,0,0,0,3,1,0.9722229838371277,0,0,0,0
479953,0.21775502463181814,0.7053132653236389,0.8884539099035802,1.0273019411631596,2,2,0,0,0,0,3,1,0.9926139414310455,0,0,0,0
505789,0.1354595422744751,0.3434641857941945,0.5633252855767585,4.984815089264314,6,11,1,0,1,1,6,1,0.9808558702468873,0,0,0,0
417285,0.1689546306927999,0.41304123401641846,0.7399848032947071,2.615543981408051,6,6,1,0,1,1,7,2,0.9796296834945679,0,0,0,0
210789,0.16016841928164163,0.42634199062983197,0.656568886814887,3.6543940253337235,2,5,0,0,0,0,5,3,0.9350723624229431,0,0,0,0
442836,0.1590308571855227,0.47617454330126446,0.7323101495797077,2.7060989328327056,4,4,0,0,0,0,7,3,0.9907848089933395,0,0,0,0
320706,0.12124123672644298,0.2692684233188629,0.5355443692292479,5.424090850958606,0,0,0,0,0,0,0,0,,0,0,0,0
396580,0.17127872010072073,0.49082452058792114,0.745668655274188,2.5490822482195745,1,2,0,0,0,0,1,0,0.9859700202941895,0,0,0,0
485027,0.1842591514190038,0.5610586404800415,0.7802173499556466,2.155687927287448,3,3,0,0,0,0,4,1,0.9846030275026957,0,0,0,0
346968,0.14702817300955454,0.4060448110103607,0.7285069523550938,2.7513259854969503,5,5,0,1,0,1,5,0,0.9825340807437897,0,0,0,0
530854,0.12062258025010426,0.3156483471393585,0.6526011758772603,3.7070429604404915,8,8,0,0,0,0,10,2,0.9816886782646179,0,0,0,0
529939,0.14146214226881662,0.3801282048225403,0.6171613597676102,4.192025455321948,11,14,3,0,2,1,11,3,0.9528523609042168,0,0,0,0
559707,0.10965499033530553,0.22211707631746927,0.49710842160830054,6.070977586665495,5,5,0,0,0,0,7,2,0.9787031531333923,0,0,0,0
434548,0.15097260226806006,0.4357665677865346,0.6820696622160491,3.323425340565309,2,3,0,0,0,0,2,0,0.9887230098247528,0,0,0,0
226883,0.15101385861635208,0.46468422810236615,0.7114521580749846,2.957085978568438,1,1,0,0,0,0,1,0,0.9853482246398926,0,0,0,0
568690,0.14493932326634726,0.3781606654326121,0.6618152320475909,3.5852648306163952,2,2,0,0,0,0,2,0,0.99526447057724,0,0,0,0
132587,0.13860250761111578,0.37462228536605835,0.6627219762616676,3.57337255404713,5,10,1,0,1,1,5,1,0.9902673810720444,0,0,0,0
401862,0.12439606835444768,0.3268284598986308,0.6104735163381295,4.286663438892763,7,10,0,0,0,0,11,4,0.9862346734319415,0,0,0,0
379453,0.17731265226999918,0.6377038359642029,0.9065331240640112,0.8523264494522881,1,1,0,0,0,0,1,0,0.995166540145874,0,0,0,0
162543,0.18604057530562082,0.5720756153265635,0.815948404963778,1.76674604423545,3,6,0,0,0,0,7,4,0.9925503532091776,0,0,0,0
456015,0.1829723318417867,0.5978158315022787,0.8077808198794644,1.8541292604932427,8,8,0,0,0,0,10,2,0.9899093210697174,0,0,0,0
90108,0.1533912867307663,0.4360819260279338,0.6743548604381486,3.4222301590876563,2,3,0,0,0,0,4,2,0.9938994944095612,0,0,0,0
554266,0.2186671793460846,0.5847518543402354,0.856405020658081,1.3464159065405734,2,4,0,0,0,0,2,0,0.9762395620346069,0,0,0,0
264335,0.18899858991305032,0.56829101840655,0.8759709239419146,1.1502061821441583,1,1,0,0,0,0,1,0,0.9980728030204773,0,0,0,0
303713,0.12704549233118692,0.3025669852892558,0.4877373211417316,6.236280227689975,5,25,1,0,1,1,5,1,0.9747278839349747,0,0,0,0
355257,0.1428730289141337,0.3987295726935069,0.6939747304118259,3.173126863021254,5,3,0,0,0,0,6,1,0.9485278844833374,0,0,0,0
479448,0.11468596508105595,0.22440625230471292,0.47371015520178406,6.4897460989463145,4,17,0,0,0,0,6,2,0.9907299429178238,0,0,0,0
415194,0.12996325145165125,0.3241528371969859,0.5619919872566532,5.005397529011234,3,11,0,0,0,0,7,4,0.9887282053629557,0,0,0,0
288042,0.16359982391198477,0.4787608782450358,0.7103745195898717,2.9702524930118566,3,3,0,0,0,0,3,0,0.952953020731608,0,0,0,0
400815,0.1499347761273384,0.3973325590292613,0.7016673026013706,3.077375218765466,2,3,0,0,0,0,2,0,0.9950724244117737,0,0,0,0
556765,0.16939572989940643,0.5211775799592336,0.7656436307588254,2.3194665187859846,1,1,0,0,0,0,1,0,0.9930599927902222,0,0,0,0
1296,0.12605099628369013,0.25769225756327313,0.5723844056305336,4.846244138387251,4,4,2,0,1,1,2,0,0.9873512387275696,0,0,0,0
342006,0.18253820637861887,0.5445830225944519,0.7738718116856512,2.226619444951295,3,4,2,0,1,1,1,0,0.9847328662872314,0,0,0,0
190637,0.13991019626458487,0.3616166114807129,0.649251723155739,3.7517377810340853,4,4,0,0,0,0,5,1,0.9889599084854126,0,0,0,0
236845,0.14686585466066995,0.37173887093861896,0.6247050919979642,4.086499081732519,1,1,0,0,0,0,1,0,0.9749719500541687,0,0,0,0
463802,0.1357418249050776,0.33459553122520447,0.6218268859563088,4.126610085546636,1,3,0,0,0,0,1,0,0.9816285967826843,0,0,0,0
313562,0.11389845858017604,0.23317226767539978,0.5017181218377803,5.990804243267418,2,6,0,0,0,0,2,0,0.9925488829612732,0,0,0,0
85576,0.17014117538928986,0.4640969932079315,0.7400301425832001,2.6150118083278535,1,1,0,0,0,0,1,0,0.9891026020050049,0,0,0,0
88345,0.14426900198062262,0.4047492245833079,0.7301529842182031,2.7317227087989515,3,3,0,0,0,0,3,0,0.9917053778966268,0,0,0,0
154000,0.13893888394037882,0.3978506326675415,0.7228205585978824,2.8193900730067876,2,3,0,0,0,0,2,0,0.9802271127700806,0,0,0,0
94336,0.14492463568846384,0.31509919961293537,0.6330382856517541,3.971400468073707,2,2,0,0,0,0,2,0,0.9926272928714752,0,0,0,0
334521,0.14095004896322885,0.41723016897837323,0.6725053215446002,3.446085494665405,3,4,0,0,0,0,3,0,0.9807995955149332,0,0,0,0
459467,0.19596419235070547,0.6322010358174642,0.8428816164325315,1.4846683637437652,1,1,0,0,0,0,1,0,0.9480688571929932,0,0,0,0
167486,0.15437819560368857,0.35103856523831684,0.6204924838237086,4.145269496960419,6,10,1,0,0,1,6,1,0.9752614617347717,0,0,0,0
471893,0.12619771311680475,0.2933891812960307,0.5390296732026346,5.367746531016598,8,31,0,0,0,0,12,4,0.9797776564955711,0,0,0,0
345397,0.12283047288656235,0.3010557293891907,0.6266435121697769,4.059589047077435,3,3,1,0,1,1,3,1,0.9892154932022095,0,0,0,0
482477,0.17359048128128052,0.5004892746607462,0.7789695665037587,2.1695901882089967,1,1,0,0,0,0,1,0,0.9944807291030884,0,0,0,0
82807,0.10991507023572922,0.19402830799420676,0.35382378371729545,9.024259551193234,3,4,0,0,0,0,4,1,0.9923384189605713,0,0,0,0
560279,0.11819229523340861,0.28018885354201,0.45446298083806314,6.850029745981596,2,2,0,0,0,0,2,0,0.9927728176116943,0,0,0,0
296657,0.14815432826677957,0.4349142909049988,0.678628275636732,3.367360981139744,6,14,0,0,0,0,9,3,0.9873330891132355,0,0,0,0
336658,0.15259699523448944,0.45866361260414124,0.7292826650867654,2.7420821882666053,7,22,1,0,0,1,8,2,0.976903647184372,0,0,0,0
39551,0.177283043662707,0.5657678147157034,0.8303468701659028,1.61480893971854,3,3,0,0,0,0,3,0,0.9732248981793722,0,0,0,0
413404,0.1599112848440806,0.4765107234319051,0.7047393768092733,3.039429238616669,6,12,0,0,0,0,6,0,0.9741497735182444,0,0,0,0
433374,0.17324985563755035,0.5167853633562723,0.7465615287721659,2.5386878711688574,4,6,0,0,0,0,6,2,0.9808681309223175,0,0,0,0
282298,0.1305766354004542,0.3363354802131653,0.5635361231424835,4.9815648016341845,10,18,0,2,1,1,11,1,0.9753604605793953,0,0,0,0
184791,0.12347554663817088,0.33667731285095215,0.6114209537838983,4.273193636150614,6,7,0,0,0,0,7,1,0.9821008642514547,0,0,0,0
443969,0.1122820054491361,0.21589678525924683,0.37795992394632594,8.45108494143923,6,7,1,1,1,1,6,1,0.9537821710109711,0,0,0,0
150417,0.10673275589942932,0.21895857652028403,0.4861041586821552,6.265413269314082,8,12,0,0,0,0,8,0,0.9859865605831146,0,0,0,0
269113,0.14658646285533905,0.45984886089960736,0.7229343667966673,2.81802258611225,3,4,0,0,0,0,4,1,0.9903424779574076,0,0,0,0
439715,0.12804960707823435,0.373719980319341,0.6321041652383198,3.9842269577523535,10,19,0,0,0,0,12,2,0.9832665205001831,0,0,0,0
6894,0.14389095703760782,0.3496331771214803,0.6532894583935852,3.6978869922861977,2,2,0,0,0,0,3,1,0.9959131181240082,0,0,0,0
426253,0.12564961860577264,0.31619541843732196,0.631984839319785,3.9858667976033377,2,2,1,0,1,1,1,0,0.9553326368331909,0,0,0,0
129492,0.11412842820088069,0.25422575573126477,0.5337117443337553,5.453864808712778,5,9,0,0,0,0,6,1,0.9736926674842834,0,0,0,0
171382,0.14932449162006378,0.3894711236159007,0.5921760281461522,4.550983544964947,17,36,1,2,3,1,22,7,0.9729753094060081,0,0,0,0
83172,0.17828403413295746,0.5540772577126821,0.8164457319654149,1.761453538600721,5,6,1,0,1,1,8,4,0.9834388792514801,0,0,0,0
88462,0.18105322619279227,0.535603920618693,0.8008205324624063,1.9292960077573862,9,16,1,0,1,1,8,0,0.9872640892863274,0,0,0,0
376093,0.11964353670676549,0.3022436201572418,0.5941610828197802,4.521915952367996,12,13,1,0,0,1,13,2,0.9817952622066844,0,0,0,0
431876,0.14924734582503638,0.39062513907750446,0.6158010072743058,4.211192101013836,11,11,1,0,0,1,13,3,0.9815298199653626,0,0,0,0
125257,0.1568609525760015,0.5130745569864908,0.729868545879771,2.7351070425183948,2,2,0,0,0,0,3,1,0.9816486239433289,0,0,0,0
286503,0.14937227964401245,0.371343453725179,0.6510068254711422,3.7282891610811992,4,4,0,0,0,0,4,0,0.975275456905365,0,0,0,0
370900,0.13032396137714386,0.2716544767220815,0.5630394549830716,4.989223418033564,3,4,0,0,0,0,3,0,0.9898377259572347,0,0,0,0
7511,0.1660298854112625,0.5326313674449921,0.7651017995827907,2.325615530765075,4,16,0,0,0,0,5,1,0.9850111752748489,0,0,0,0
346232,0.16117405394713083,0.4986979365348816,0.7158752848225238,2.903252621750368,15,20,1,0,1,1,15,1,0.9702099221093314,0,0,0,0
215778,0.11442715426286061,0.25858862201372784,0.5614712561448841,5.01344944048836,3,19,0,0,0,0,3,0,0.9929758310317993,0,0,0,0
125472,0.14416954666376114,0.40121692419052124,0.7077452897555572,3.002460246109242,2,2,0,0,0,0,3,1,0.9753953516483307,0,0,0,0
92839,0.13840526839097342,0.3333489000797272,0.6422910516183091,3.8453625704563192,1,1,0,0,0,0,1,0,0.9928594827651978,0,0,0,0
394275,0.15053839484850565,0.4489014844099681,0.7858923998551587,2.092738222927629,5,10,0,0,0,0,6,1,0.9634269833564758,0,0,0,0
248334,0.15074933816989264,0.46468688050905865,0.7106474633621364,2.9669157965484882,3,10,0,0,0,0,3,0,0.9872172276178995,0,0,0,0
214539,0.15396778285503387,0.4313969016075134,0.6944919972560512,3.1666550868660206,7,16,0,1,1,1,10,3,0.9821883936723074,0,0,0,0
146358,0.13964283963044485,0.34121082226435345,0.5831335660644997,4.684639184028772,11,11,0,0,0,0,15,4,0.948971770026467,0,0,0,0
203580,0.1475800300637881,0.4045826594034831,0.671512959013359,3.458912035968255,2,3,0,0,0,0,3,1,0.9839542806148529,0,0,0,0
126110,0.14651980251073837,0.35837050278981525,0.6441087924662096,3.8208154485385233,2,3,0,0,0,0,4,2,0.9672175049781799,0,0,0,0
163290,0.16299415628115335,0.4770701328913371,0.765991989248263,2.3155154439919707,2,3,0,0,0,0,4,2,0.9874279797077179,0,0,0,0
224337,0.13260732839504877,0.35220108429590863,0.6851079246951962,3.284820178688687,4,5,0,0,0,0,4,0,0.9651811867952347,0,0,0,0
237071,0.17620859543482462,0.5003908077875773,0.7695632843796778,2.275113210560646,3,3,0,0,0,0,3,0,0.9888619780540466,0,0,0,0
250766,0.11947198957204819,0.24257399638493857,0.49489151112587126,6.10979991156472,1,5,1,0,1,1,0,0,,1,0,1,1
403122,0.16156977663437525,0.4771208167076111,0.7198109764926677,2.855630700373753,9,16,2,0,2,1,7,0,0.9710667729377747,0,0,0,0
65485,0.1372703934709231,0.4033923049767812,0.7920527120981362,2.0249182921604207,2,2,0,0,0,0,3,1,0.9946616291999817,0,0,0,0
490470,0.15468603869279227,0.45565499862035114,0.7100947743953003,2.9736736664628136,2,3,1,0,0,1,1,0,0.9743037223815918,0,0,0,0
537827,0.18446979423364004,0.5947160522143046,0.8147064562398875,1.7799768411310248,4,4,0,0,0,0,5,1,0.9795318245887756,0,0,0,0
242060,0.11421702305475871,0.2457567403713862,0.5179385233814301,5.7144357140012145,13,12,1,0,2,1,17,5,0.98194486896197,0,0,0,0
355817,0.1454160287976265,0.4715998073418935,0.7598537426440175,2.385399861629543,1,3,0,0,0,0,1,0,0.9988119602203369,0,0,0,0
454661,0.13434710850318274,0.35200724999109906,0.6742597536643783,3.4234552487960617,8,10,0,0,0,0,14,6,0.986187532544136,0,0,0,0
331569,0.12224954118331273,0.20608992874622345,0.3581198230500659,8.9194327753506,1,1,0,0,0,0,1,0,0.9931566715240479,0,0,0,0
90062,0.14190442860126495,0.3926145136356354,0.6951452206152037,3.1584891765816088,1,1,0,0,0,0,1,0,0.9952080845832825,0,0,0,0
464522,0.13155155877272287,0.3268428643544515,0.6236900118220214,4.1006242193562175,1,2,0,0,0,0,1,0,0.9980753064155579,0,0,0,0
391375,0.1718143274386724,0.4801737566788991,0.7011978738128946,3.083188189064208,2,2,0,0,0,0,2,0,0.9884814023971558,0,0,0,0
144114,0.1850871741771698,0.587517778078715,0.8421018095936665,1.4927079877784495,2,2,0,0,0,0,2,0,0.9853679835796356,0,0,0,0
359781,0.1357152909040451,0.3695455690224965,0.648148945146135,3.766503628821167,1,1,0,0,0,0,1,0,0.997039258480072,0,0,0,0
338304,0.1365279679497083,0.30380399028460187,0.547596258333144,5.230790560316116,8,25,0,0,0,0,12,4,0.9751059710979462,0,0,0,0
275392,0.14427645752827326,0.41279077529907227,0.6464277735239607,3.7895998507004003,2,2,0,0,0,0,2,0,0.9450309872627258,0,0,0,0
568710,0.15177691479523978,0.41948410868644714,0.6826846097952302,3.3155977524390137,5,8,0,0,0,0,5,0,0.9746081590652466,0,0,0,0
166426,0.10175999005635579,0.17366451025009155,0.3013147264356011,10.419592842574822,9,11,0,0,0,0,15,6,0.9844857586754693,0,0,0,0
359677,0.21922496457894644,0.7017166018486023,0.8802969578893491,1.107415979326823,2,2,0,0,0,0,2,0,0.9706106781959534,0,0,0,0
366141,0.14954050381978354,0.41555724541346234,0.714483293929359,2.9201584288280418,5,4,0,0,0,0,7,2,0.9758976936340332,0,0,0,0
224200,0.10972589999437332,0.24803767601648966,0.43181365397507987,7.294072587313148,2,2,0,0,0,0,3,1,0.9812301397323608,0,0,0,0
65074,0.14163332680861154,0.373541921377182,0.6714106373339352,3.4602356478538354,1,2,0,0,0,0,1,0,0.9889241456985474,0,0,0,0
486573,0.1577321117122968,0.40857480963071185,0.6701203820556044,3.476943451469401,1,1,0,0,0,0,1,0,0.9951871633529663,0,0,0,0
146155,0.11045492937167485,0.22983241577943167,0.4891539775872505,6.2110882126059055,9,21,1,1,2,1,10,2,0.9869409118379865,0,0,0,0
223738,0.10335552444060643,0.20728055636088052,0.3799929639927135,8.404488895423212,5,7,0,0,0,0,7,2,0.9760872006416321,0,0,0,0
162581,0.1787355716029803,0.4971529444058736,0.7431700793184043,2.578235674811733,2,2,0,0,0,0,3,1,0.9890520870685577,0,0,0,0
186422,0.1769909312327703,0.489803413550059,0.7458276419913258,2.5472304956047838,2,2,0,0,0,0,2,0,0.9742611646652222,0,0,0,0
95862,0.11620979259411494,0.29433976113796234,0.5901115198869669,4.5813181436034025,10,17,0,0,0,0,11,1,0.9729362785816192,0,0,0,0
298697,0.18619860708713531,0.6363161007563273,0.8518575126676252,1.3926608426297225,1,4,0,0,0,0,1,0,0.9689741730690002,0,0,0,0
9378,0.15069479991992316,0.4097174306710561,0.704840936578808,3.038177607981659,6,10,1,0,1,1,6,1,0.9876230597496033,0,0,0,0
297562,0.11076862116654713,0.242510125041008,0.4998905253045922,6.022501891750682,8,15,3,0,2,1,6,1,0.9711093306541443,0,0,0,0
530457,0.12411334613958995,0.27237311999003094,0.5487928328687439,5.211831381371605,1,1,0,0,0,0,1,0,0.9754703044891357,0,0,0,0
560474,0.10485917081435521,0.23561113576094309,0.4929591288181941,6.143781730663811,10,20,1,0,1,1,11,2,0.9712575475374857,0,0,0,0
143961,0.13631572822729746,0.30571843187014264,0.6156165236053728,4.213794637944134,11,20,1,1,1,1,10,0,0.98878456486596,0,0,0,0
466986,0.12462771187225978,0.30864056944847107,0.5936532052108591,4.529343660847367,3,7,1,0,1,1,2,0,0.992058128118515,1,0,1,1
453860,0.13316767166058222,0.3735722502072652,0.7277549735901978,2.760296356865211,2,2,0,0,0,0,2,0,0.9929826557636261,0,0,0,0
166918,0.11365565409262975,0.27364615102608997,0.45987076371073876,6.74728399650359,18,44,1,0,1,1,21,4,0.9740749281995437,1,0,1,1
68933,0.1593993455171585,0.4285867512226105,0.7697209899145968,2.2733334056223558,3,3,0,0,0,0,5,2,0.9865680535634359,0,0,0,0
442661,0.14584297686815262,0.3623294532299042,0.6480719284672438,3.767535796081461,1,1,0,0,0,0,1,0,0.9938619136810303,0,0,0,0
139684,0.13608570645252863,0.32771748304367065,0.6289678114470769,4.027431595661139,5,12,0,0,0,0,6,1,0.988837194442749,0,0,0,0
239347,0.13717026511828104,0.32493552565574646,0.5840252075313512,4.671368151741444,1,4,0,0,0,0,3,2,0.9851461052894592,0,0,0,0
342295,0.15705234557390213,0.41516462961832684,0.6637212158322344,3.560285998474331,2,1,0,0,0,0,4,2,0.9861206114292145,0,0,0,0
212453,0.13278033584356308,0.27658604085445404,0.4969902343836829,6.073042897162209,1,9,0,0,0,0,1,0,0.9950454235076904,0,0,0,0
286994,0.16128299136956534,0.4917404055595398,0.7436817886376511,2.5722570686775015,9,9,0,0,0,0,10,1,0.9773237903912863,0,0,0,0
319534,0.10652609666188557,0.24171656370162964,0.5621490731937954,5.002970020274843,3,8,0,0,0,0,3,0,0.9820078611373901,0,0,0,0
29596,0.13736066222190857,0.3978324234485626,0.6843680862210071,3.2942050177230966,7,11,1,0,1,1,9,3,0.9861175318559011,0,0,0,0
424545,0.14199968924125037,0.3203268150488536,0.652037219811607,3.7145522602867533,1,1,0,0,0,0,1,0,0.9957683682441711,0,0,0,0
349837,0.15131727357705435,0.38287654519081116,0.6664139697416943,3.5251181516489876,6,6,0,0,0,0,8,2,0.9853301147619883,0,0,0,0
18737,0.1760266125202179,0.5689603189627329,0.8481325771316245,1.430725100707749,1,1,0,0,0,0,1,0,0.9977931976318359,0,0,0,0
100582,0.1345414643486341,0.2971813827753067,0.6398367289364547,3.8786166693273176,1,3,0,0,0,0,1,0,0.9955342411994934,0,0,0,0
581100,0.13886441042025885,0.4197871883710225,0.6824770173614383,3.318239381016383,2,4,0,0,0,0,3,1,0.9837634563446045,0,0,0,0
76211,0.155832439661026,0.461154838403066,0.6932169192316309,3.182616921491761,1,1,0,0,0,0,2,1,0.9817764759063721,0,0,0,0
465806,0.11787639558315277,0.269473855694135,0.5383557653108758,5.3786126335796975,4,14,0,0,0,0,4,0,0.9837358444929123,0,0,0,0
426203,0.15375897785027823,0.4298320511976878,0.6758548927383671,3.4029307571348517,5,8,1,0,1,1,5,1,0.9889475852251053,0,0,0,0
186296,0.13737640529870987,0.3383399744828542,0.6331332538504655,3.970097511453779,1,1,0,0,0,0,1,0,0.9986696839332581,0,0,0,0
368212,0.1511326159040133,0.3255012333393097,0.5908228865958028,4.570853797000288,3,3,0,0,0,0,3,0,0.9846030473709106,0,0,0,0
192699,0.13893582671880722,0.3531716565291087,0.6423251884514011,3.8449009403513106,3,5,1,0,0,1,2,0,0.9924996793270111,0,0,0,0
372317,0.14972827831904092,0.47652806838353473,0.7900368406845837,2.047053127786805,2,2,0,0,0,0,2,0,0.9779804050922394,0,0,0,0
212226,0.15075003852446875,0.3623165786266327,0.6939784162416542,3.1730807307563564,1,2,0,0,0,0,1,0,0.964161217212677,0,0,0,0
534673,0.13075696676969528,0.3775769571463267,0.6928884991761859,3.1867329437971654,2,3,0,0,0,0,3,1,0.9941577911376953,0,0,0,0
375015,0.15355324248472849,0.42719005544980365,0.7272782316049805,2.765988224793485,1,1,0,0,0,0,1,0,0.995434045791626,0,0,0,0
4395,0.13101795315742493,0.30458061893781024,0.6219941081794982,4.124274582622574,2,2,0,0,0,0,2,0,0.9367833137512207,0,0,0,0
328337,0.15803053975105286,0.42118747035662335,0.7088543781061899,2.9888594791468606,2,2,0,0,0,0,3,1,0.9927776753902435,0,0,0,0
5001,0.11800577739874522,0.2458187242348989,0.4960287206974368,6.0898635315146805,14,17,1,0,0,1,18,5,0.9765024414429297,0,0,0,0
394206,0.11576945334672928,0.2559812019268672,0.5322910719062492,5.4770163633518765,7,14,0,0,0,0,13,6,0.9653390901429313,0,0,0,0
38678,0.12197300046682358,0.27234527468681335,0.5511917090161828,5.173946473518125,7,7,0,1,1,1,9,2,0.9898536503314972,0,0,0,0
489091,0.16475847363471985,0.4584229687849681,0.6863565425952666,3.269004442247421,2,2,1,0,1,1,2,1,0.9900357723236084,0,0,0,0
324258,0.11765161156654358,0.28655531505743664,0.5782007099956076,4.758427587551936,10,21,1,0,1,1,9,0,0.9858260883225335,0,0,0,0
231549,0.14164143800735474,0.4022609194119771,0.662689635086418,3.573796440297459,3,3,1,0,1,1,2,0,0.978450208902359,1,0,1,1
248284,0.15541637688875198,0.45100178321202594,0.6812721226385652,3.333587636798252,5,6,2,0,2,1,3,0,0.9485729932785034,0,0,0,0
375763,0.14192105333010355,0.43731386462847394,0.6885487779832711,3.241305762938553,9,12,0,0,0,0,14,5,0.9330144789483812,0,0,0,0
181753,0.1388143723209699,0.37950440247853595,0.6588124086552252,3.624764590782121,6,14,0,0,1,1,7,1,0.9734313189983368,0,0,1,1
102356,0.15607518206040064,0.3952835003534953,0.6711251385947209,3.46392986684221,3,2,1,0,1,1,2,0,0.9846625328063965,0,0,0,0
182805,0.15452179312705994,0.39147913455963135,0.7065060537818786,3.01768224990221,4,5,0,0,0,0,4,0,0.9698576033115387,0,0,0,0
353518,0.18278505901495615,0.5739427208900452,0.8101741979024577,1.8284318433156974,1,9,0,0,0,0,1,0,0.907940685749054,0,0,0,0
573943,0.14450594782829285,0.3564292887846629,0.6002665417483142,4.433117262119172,3,13,0,0,0,0,3,0,0.9859329462051392,0,0,0,0
80413,0.11644687006870906,0.30067206422487897,0.5925971689017417,4.544808553349132,1,1,0,0,0,0,2,1,0.997053861618042,0,0,0,0
192607,0.15525408585866293,0.4619926909605662,0.7219846334168883,2.8294409154568205,2,2,0,0,0,0,3,1,0.9928543567657471,0,0,0,0
310980,0.12347942094008128,0.31014930208524066,0.6430533369096193,3.8350600760456466,2,3,0,0,0,0,2,0,0.997833251953125,0,0,0,0
95899,0.14347128321727118,0.42252829670906067,0.7039265386968536,3.049453223500472,1,1,0,0,0,0,1,0,0.9694075584411621,0,0,0,0
217060,0.2091111938158671,0.7479245464007059,0.9293272235812711,0.6366268100415764,1,1,0,0,0,0,2,1,0.9896208047866821,0,0,0,0
350122,0.12656118720769882,0.314288725455602,0.5521872827598612,5.158271993443128,15,31,2,0,1,1,15,2,0.9646558303099412,0,0,0,0
144932,0.23809868594010672,0.7416269977887472,0.9387909491480471,0.5486221214349775,1,3,0,0,0,0,1,0,0.9828238487243652,0,0,0,0
526728,0.13427388668060303,0.35357364018758136,0.6183979768136291,4.174638799004012,9,13,0,0,0,0,10,1,0.9795191089312235,0,0,0,0
549136,0.18662377198537192,0.5839863121509552,0.8381047008911264,1.534034467993591,1,1,1,0,0,1,0,0,,1,0,0,1
351609,0.11437400182088216,0.2528395503759384,0.5775986259971785,4.767476970906616,1,4,0,0,0,0,2,1,0.9934815764427185,0,0,0,0
372577,0.17303518950939178,0.5064393877983093,0.7455638539910501,2.550303107307755,3,3,0,0,0,0,3,0,0.9870822230974833,0,0,0,0
463037,0.15121676524480185,0.4731513460477193,0.7819160489968578,2.1367974558003113,2,2,1,0,0,1,1,0,0.9925480484962463,0,0,0,0
551804,0.18414090077082315,0.5623701711495718,0.7934193139725704,2.0099446366117704,2,2,0,0,0,0,2,0,0.9925885200500488,0,0,0,0
118921,0.16368613640467325,0.5039339959621429,0.7763679670767064,2.1986478378739167,2,3,0,0,0,0,3,1,0.9968429505825043,0,0,0,0
400367,0.15869534264008203,0.4595625599225362,0.7061595890404188,3.0219427832894685,8,18,2,0,2,1,7,1,0.9818236231803894,0,0,0,0
194724,0.09947642932335536,0.19981449842453003,0.4572865355222763,6.796231718481472,14,19,0,0,0,0,17,3,0.9692643540246146,0,0,0,0
333069,0.1691367377837499,0.4885735511779785,0.7144939337992438,2.9200290821403687,2,2,0,0,0,0,2,0,0.990664005279541,0,0,0,0
529105,0.14882500221331915,0.48308120171229046,0.6935057228975001,3.1789990144512807,1,1,0,0,0,0,1,0,0.9933494925498962,0,0,0,0
445834,0.13607482860485712,0.4090769688288371,0.7149049391916059,2.9150340487112136,5,5,0,0,0,0,8,3,0.9910828948020936,0,0,0,0
257370,0.12618831793467203,0.3059297700723012,0.6234173131966118,4.104422818169638,6,6,0,0,0,0,6,0,0.9924439092477163,0,0,0,0
509451,0.11520683268706004,0.2376860280831655,0.5276805280241141,5.552578629161916,9,12,0,0,0,0,12,3,0.9759823944833543,0,0,0,0
505573,0.15139157821734747,0.38138312101364136,0.6786134674236858,3.3675505162832344,1,2,0,0,0,0,2,1,0.9874567985534668,0,0,0,0
89078,0.15397770951191583,0.44416165351867676,0.7096764158173745,2.9787925427539,1,2,0,0,0,0,1,0,0.9886995553970337,0,0,0,0
569700,0.1488358055551847,0.3648224174976349,0.6812144755375393,3.3343226405163566,2,2,0,0,0,0,2,0,0.9775302708148956,0,0,0,0
145665,0.1792885959148407,0.5137101411819458,0.7453515576934339,2.5527767315116168,2,2,0,0,0,0,2,0,0.9873653948307037,0,0,0,0
106881,0.14878247678279877,0.4237629969914754,0.6343476657578014,3.9534530778107912,1,1,0,0,0,0,1,0,0.990818977355957,0,0,0,0
456496,0.1690801332394282,0.4363839824994405,0.7052769797799986,3.032805825665088,4,5,0,0,0,0,5,1,0.9873636960983276,0,0,0,0
419601,0.15229691565036774,0.442012220621109,0.7106614000935702,2.966745456498883,3,9,0,0,0,0,5,2,0.9815216263135275,0,0,0,0
97585,0.11967924982309341,0.24732238054275513,0.45621622622134606,6.81658544505975,2,13,0,0,0,0,3,1,0.9808953702449799,0,0,0,0
170191,0.11707504590352376,0.2714418371518453,0.5848148030952414,4.659632857077377,4,3,0,0,0,0,5,1,0.99318066239357,0,0,0,0
246883,0.19969061017036438,0.7080031832059225,0.8898184296794311,1.0139720700918715,4,4,0,0,0,0,7,3,0.9871155172586441,0,0,0,0
79144,0.14980859557787576,0.42731083432833356,0.6652058201325727,3.5408791926462024,2,2,0,0,0,0,2,0,0.9895296692848206,0,0,0,0
24919,0.192097137371699,0.6143881976604462,0.8490873275430725,1.4209528165651364,2,2,0,0,0,0,3,1,0.9803481996059418,0,0,0,0
222455,0.12189073363939922,0.2794760266939799,0.4100173018076259,7.743956332871727,0,2,0,0,0,0,0,0,,0,0,0,0
374551,0.17739276587963104,0.4589853187402089,0.7870688457702589,2.079745555349234,1,1,0,0,0,0,1,0,0.9684233069419861,0,0,0,0
407943,0.14980804920196533,0.3812977174917857,0.6908360484792652,3.2125001723186957,2,4,1,0,1,1,1,0,0.9911584854125977,0,0,0,0
129945,0.19061069190502167,0.5234917203585306,0.8217438154845128,1.7052711154422808,5,5,0,0,0,0,5,0,0.9857747197151184,0,0,0,0
381639,0.11845530072848003,0.2675657123327255,0.44875318844795914,6.959849053712706,9,15,0,0,0,0,9,0,0.9428727693027921,0,0,0,0
234607,0.12474629779656728,0.2987202803293864,0.5650638143463191,4.958050064726665,3,5,0,0,0,0,3,0,0.9902941385904948,0,0,0,0
513181,0.19520174960295358,0.6032760938008627,0.8210932711970554,1.7121501373814443,3,14,0,0,0,0,5,2,0.9794185956319174,0,0,0,0
298738,0.1523278777798017,0.3690735697746277,0.6773491629350226,3.3837480311615304,1,1,0,0,0,0,1,0,0.9874195456504822,0,0,0,0
322610,0.13880799214045206,0.32304714620113373,0.5390406128833709,5.367570251490522,15,23,3,0,1,1,14,2,0.9763814210891724,0,0,0,0
395180,0.16091567277908325,0.45006923874219257,0.6870184542029395,3.260631941462182,7,9,0,0,0,0,7,0,0.9662642734391349,0,0,0,0
247917,0.11317727714776993,0.23176100353399912,0.4583280182596914,6.776471857781999,16,16,1,0,1,1,17,2,0.9617594758669535,0,0,0,0
354753,0.15493418027957281,0.4199301203091939,0.706644357085706,3.0159820950875176,1,9,1,0,1,1,0,0,,0,0,0,0
303863,0.1309575860699018,0.3594275712966919,0.6699974399513217,3.47853713455477,2,9,0,0,0,0,2,0,0.9805426895618439,0,0,0,0
532690,0.1026855818927288,0.19528000056743622,0.4002324705437582,7.953753606053615,5,5,0,0,0,0,5,0,0.9880397915840149,0,0,0,0
321557,0.11112753798564275,0.278666948278745,0.5646679980819264,4.9641364942532515,1,1,0,0,0,0,1,0,0.997717559337616,0,0,0,0
87742,0.13770577559868494,0.36806713541348773,0.6182926105607393,4.176118877619853,2,1,0,0,0,0,4,2,0.9922724962234497,0,0,0,0
384850,0.18371028204758963,0.48237956563631695,0.7314802820388545,2.715947526580308,2,1,1,0,0,1,1,0,0.9906436204910278,0,0,0,0
148999,0.1596781462430954,0.422354519367218,0.6990779137370157,3.109488370054929,8,16,0,0,0,0,9,1,0.9797948449850082,0,0,0,0
500049,0.1567323530713717,0.4578555126984914,0.7495275288458071,2.5042482327978295,1,1,0,0,0,0,1,0,0.9968335032463074,0,0,0,0
116362,0.11999041835467021,0.21192381779352823,0.37926885901357493,8.421056297211202,2,8,0,0,0,0,2,0,0.9593597948551178,0,0,0,0
390902,0.14103151361147562,0.3668215175469716,0.6861789171561082,3.271252595414021,3,3,1,0,1,1,2,0,0.9859514236450195,0,0,0,0
181303,0.19071276485919952,0.5981461604436239,0.8258360916213314,1.6621228203749845,2,2,0,0,0,0,2,0,0.984072357416153,0,0,0,0
225405,0.14639636129140854,0.3811998466650645,0.6629355839306267,3.570573380700717,4,4,0,0,0,0,4,0,0.9876860231161118,0,0,0,0
111609,0.13121246546506882,0.31677156686782837,0.6479548472091438,3.769105138487645,2,3,0,0,0,0,3,1,0.9879048764705658,0,0,0,0
21903,0.13867017378409704,0.4117423892021179,0.6693004104021921,3.4875781739072034,2,3,0,0,0,0,2,0,0.987920492887497,0,0,0,0
327890,0.14271836231152216,0.3847273290157318,0.611458790746127,4.272656138200005,8,13,1,0,1,1,7,0,0.9717562624386379,0,0,0,0
371552,0.1753628800312678,0.4938676357269287,0.7332521143985457,2.694933520366631,7,10,0,0,0,0,7,0,0.9721718771117074,0,0,0,0
177357,0.1976816157499949,0.5869929095109304,0.8243436822841257,1.6778337223469988,2,2,0,0,0,0,3,1,0.9489657878875732,0,0,0,0
198641,0.13255283484856287,0.3555856943130493,0.6649447418540839,3.5442888775462067,5,7,0,0,0,0,5,0,0.9753270864486694,0,0,0,0
57232,0.09065200140078862,0.1572188436985016,0.2822144522377148,10.988414994739227,6,15,0,0,0,0,7,1,0.9761207203070322,0,0,0,0
552775,0.11129448066155116,0.2396793415149053,0.5172318252330014,5.726295217292638,5,11,0,0,0,0,6,1,0.9861078500747681,0,0,0,0
229997,0.14352699865897497,0.39113929867744446,0.6817944656026556,3.326930568683552,6,6,0,0,0,0,10,4,0.9859825372695923,0,0,0,0
435880,0.12629914283752441,0.30578086773554486,0.5827950378853197,4.689683092337397,6,7,0,0,0,0,7,1,0.9802488088607788,0,0,0,0
509719,0.17528410255908966,0.5297542711098989,0.7822721509457161,2.1328426090865564,1,2,0,0,0,0,1,0,0.991280198097229,0,0,0,0
123633,0.10857826471328735,0.2500735471645991,0.5068815742684489,5.901869911928902,9,14,0,0,0,0,13,4,0.9836421145333184,0,0,0,0
109313,0.12732856969038645,0.26895924905935925,0.5169406592177325,5.731186153726994,4,10,0,0,0,0,4,0,0.9823804795742035,0,0,0,0
276285,0.1165031169851621,0.23784135282039642,0.5196590191893311,5.685630614156334,10,10,0,0,1,1,15,5,0.9668839275836945,0,0,1,1
482436,0.19409420589605966,0.44955889383951825,0.6968106326327838,3.137704621014889,1,9,0,0,0,0,4,3,0.9662407636642456,0,0,0,0
195045,0.14779859284559885,0.44359834988911945,0.6931094011286113,3.1839642094499854,2,2,0,0,0,0,2,0,0.981028288602829,0,0,0,0
183104,0.12726609160502753,0.32493536671002704,0.6439609756668723,3.822809005786891,1,2,0,0,0,0,1,0,0.9976592659950256,0,0,0,0
23751,0.16308514028787613,0.4621199468771617,0.7098758520928476,2.976351940136945,2,1,0,0,0,0,3,1,0.9718641340732574,0,0,0,0
501023,0.15926220268011093,0.463054617245992,0.6920979564625519,3.196648661719992,2,3,0,0,0,0,2,0,0.9839969277381897,0,0,0,0
126226,0.14344654977321625,0.3828360239664714,0.6178912287164683,4.181759395500457,9,22,3,0,2,1,7,1,0.978158712387085,2,0,2,1
564127,0.15790758778651556,0.41914812723795575,0.6944148301100078,3.167620256453642,1,1,0,0,0,0,1,0,0.9957506060600281,0,0,0,0
243199,0.12426289916038513,0.3138328691323598,0.6563110838221243,3.6578052257821465,2,2,0,0,0,0,2,0,0.9949066936969757,0,0,0,0
566436,0.142770454287529,0.35000113646189374,0.6501954644745724,3.7391212861714456,2,2,0,0,0,0,2,0,0.9942499697208405,0,0,0,0
20107,0.1488330289721489,0.39307764172554016,0.6823168085921925,3.320278598469815,1,1,1,0,1,1,0,0,,0,0,0,0
138819,0.1562644143899282,0.4116958777109782,0.6744629109670004,3.420838547869529,2,2,0,0,0,0,2,0,0.991049587726593,0,0,0,0
321887,0.1311936154961586,0.3497437636057536,0.6886745019894578,3.239719927349645,2,1,0,0,0,0,2,0,0.9961898326873779,0,0,0,0
153343,0.1314113736152649,0.3124016622702281,0.6074375041566525,4.3299679511718825,2,2,0,0,0,0,3,1,0.9829600155353546,0,0,0,0
151662,0.1442877600590388,0.4068303306897481,0.6498809078565029,3.7433244302035025,1,2,0,0,0,0,1,0,0.9963588118553162,0,0,0,0
520707,0.14631429314613342,0.3736078341801961,0.5990654315118088,4.4505148045476774,11,21,1,0,0,1,16,6,0.9814889252185821,0,0,0,0
478862,0.1405878116687139,0.42112040519714355,0.7021459440926776,3.071452169755084,13,14,1,1,1,1,14,2,0.9702348763292487,0,0,0,0
531495,0.1660147358973821,0.5140437384446462,0.7714141446324092,2.254248043662304,1,8,1,0,1,1,0,0,,0,0,0,0
396205,0.19474107027053833,0.6457181771596273,0.8309720107456985,1.6082720822818923,2,2,0,0,0,0,3,1,0.9952422976493835,0,0,0,0
13291,0.15756676097710928,0.5011311570803324,0.7899019220917991,2.048536587826534,8,8,0,0,0,0,8,0,0.9887885898351669,0,0,0,0
468332,0.12316528459390004,0.2715027779340744,0.5293530375849531,5.525091809329442,12,15,1,0,0,1,14,3,0.9797796986319802,0,0,0,0
580294,0.12278742094834645,0.317825843890508,0.603745641253077,4.382919832438272,2,9,0,0,0,0,2,0,0.9795367419719696,0,0,0,0
319100,0.13200936714808145,0.30666343371073407,0.5889289085886037,4.598742541306843,5,7,0,0,0,0,5,0,0.9819600105285644,0,0,0,0
143556,0.1525395611921946,0.3802058200041453,0.6348310723606863,3.946836489492844,5,10,0,0,0,0,6,1,0.9738354086875916,0,0,0,0
83540,0.18230779965718588,0.4880439837773641,0.6976830833498496,3.126836143738912,1,2,0,0,0,0,1,0,0.9890881776809692,0,0,0,0
155571,0.14740780492623648,0.4243842462698619,0.7376874298418211,2.642552336711365,1,1,0,0,0,0,1,0,0.9975340366363525,0,0,0,0
379800,0.13439642637968063,0.3777156372865041,0.6562300791395542,3.658877341085983,5,7,0,0,0,0,5,0,0.9840230226516724,0,0,0,0
301563,0.19224811593691507,0.6245640913645426,0.8418977147598087,1.4948133864862645,4,7,0,0,0,0,6,2,0.988310307264328,0,0,0,0
387098,0.1207476978500684,0.2691902269919713,0.5365736844316521,5.407412611155998,8,24,0,0,0,0,13,5,0.9924475103616714,0,0,0,0
315001,0.12478005637725194,0.353444238503774,0.5842676570091146,4.667763080614488,5,19,0,0,0,0,5,0,0.9718872308731079,0,0,0,0
578489,0.12406677504380544,0.295331468184789,0.556487786012228,5.090887265424744,10,11,0,0,0,0,13,3,0.9794268846511841,0,0,0,0
441468,0.1523027295867602,0.44151389598846436,0.6866975225959348,3.2646903882118816,6,11,0,0,0,0,7,1,0.9827880263328552,0,0,0,0
235836,0.1536045844356219,0.40666311979293823,0.6520763690235283,3.7140307631761043,5,5,0,0,0,0,6,1,0.9840585947036743,0,0,0,0
193429,0.16538964211940765,0.5121151506900787,0.7235830021835539,2.8102328756196266,2,2,1,0,1,1,1,0,0.987159788608551,1,0,1,1
300155,0.14662253111600876,0.39410628875096637,0.7055848176991733,3.0290154526610538,1,1,0,0,0,0,2,1,0.9906826019287109,0,0,0,0
211120,0.1278857166568438,0.30308396617571515,0.6568547921367839,3.650612546208667,7,6,1,0,0,1,10,4,0.9882066349188486,0,0,0,0
165500,0.166280597448349,0.5409762461980184,0.7422243743881037,2.589295753492044,3,3,1,0,1,1,3,1,0.9716936945915222,0,0,0,0
425906,0.16436325510342917,0.42833704749743146,0.651648884215295,3.719726880498539,8,14,0,0,0,0,10,2,0.968847431242466,0,0,0,0
241297,0.15390369792779288,0.4965175489584605,0.7744397531977356,2.220247242317177,1,1,0,0,0,0,1,0,0.9967480301856995,0,0,0,0
489842,0.1021888976295789,0.1967912365992864,0.3540135531750123,9.01960221957201,10,21,0,0,0,0,15,5,0.9636823296546936,0,0,0,0
132931,0.1468312293291092,0.4425264696280162,0.7528114009576028,2.466276247102651,3,3,0,0,0,0,3,0,0.9735410412152609,0,0,0,0
80022,0.1758312185605367,0.5749844610691071,0.7931513318977104,2.0128788428576847,3,3,0,0,0,0,3,0,0.9819708069165548,0,0,0,0
52591,0.16498838116725287,0.4377301832040151,0.6835061262443195,3.3051517702134694,3,2,0,0,0,0,3,0,0.9252018332481384,0,0,0,0
140658,0.17690566182136536,0.5259470144907633,0.7411281528385711,2.6021337821558204,1,1,0,0,0,0,1,0,0.9871770143508911,0,0,0,0
295420,0.1592300534248352,0.4726586143175761,0.748383202552554,2.5175193758885435,4,5,0,0,0,0,4,0,0.9887005686759949,0,0,0,0
371677,0.12235583364963531,0.27327583730220795,0.5682889439073242,4.908615861922493,7,9,0,0,0,0,8,1,0.9786519663674491,0,0,0,0
549738,0.18834766248861948,0.5647310117880503,0.8332639204997233,1.584348445740701,10,14,2,0,2,1,8,0,0.9686477556824684,0,0,0,0
447465,0.13681020587682724,0.3530159691969554,0.6303490635945117,4.008377759785814,3,4,0,0,0,0,4,1,0.9663328528404236,0,0,0,0
377814,0.10726182162761688,0.22444725036621094,0.5190547537604758,5.6957365423839255,6,6,0,0,0,0,9,3,0.9870975712935129,0,0,0,0
149222,0.1173522820075353,0.2469472736120224,0.5423382564178968,5.314595188990223,3,9,0,0,0,0,3,0,0.9925665855407715,0,0,0,0
312549,0.1617071827252706,0.5234373211860657,0.7720344931326345,2.2472659144635703,1,0,1,0,0,1,0,0,,0,0,0,0
37670,0.14617255826791128,0.3788899978001912,0.6804490674536565,3.3440875356391304,1,3,0,0,0,0,2,1,0.9892585277557373,0,0,0,0
326627,0.17638662457466125,0.4891752401987712,0.711435413235034,2.9572904133175455,4,13,0,0,0,0,4,0,0.9773704707622528,0,0,0,0
573008,0.1982893000046412,0.6408006350199381,0.8548718734265156,1.3619794325382881,1,1,0,0,0,0,1,0,0.9871037602424622,0,0,0,0
133418,0.1620416839917501,0.5071422755718231,0.7632088895828225,2.347131595369526,2,2,0,0,0,0,2,0,0.9813156723976135,0,0,0,0
60102,0.1372754176457723,0.40450313687324524,0.7804840360792673,2.152719510291031,3,3,0,0,0,0,3,0,0.9928975900014242,0,0,0,0
581206,0.1256301278869311,0.2735353310902913,0.5679282341335825,4.914130802995201,3,3,0,0,0,0,3,0,0.9821093678474426,0,0,0,0
301981,0.16754377881685892,0.3998888333638509,0.6595804648997625,3.6146443107587585,1,1,0,0,0,0,1,0,0.9970617294311523,0,0,0,0
104612,0.12211478998263676,0.23083151380221048,0.5318548639547693,5.484137293311448,7,12,2,0,0,1,6,1,0.9587437510490417,0,0,0,0
96549,0.2276764214038849,0.6301695505777994,0.9021019693444938,0.8948873817404404,1,1,0,0,0,0,1,0,0.9932911992073059,0,0,0,0
259571,0.1600080206990242,0.45805976788202923,0.7811820500753018,2.1449548889127747,11,15,1,0,1,1,12,2,0.9815592467784882,0,0,0,0
402334,0.17170406381289163,0.5366091132164001,0.7723999520846125,2.2431552366770178,2,2,0,0,0,0,2,0,0.9739058613777161,0,0,0,0
365207,0.1311448539296786,0.2807694574197133,0.5229162494919658,5.631357247360031,2,5,0,0,0,0,2,0,0.9793067872524261,0,0,0,0
560256,0.10779820630947749,0.22797545790672302,0.4462232125555728,7.008956828843608,3,27,1,0,0,1,5,3,0.9861760437488556,0,0,0,0
166287,0.1454626421133677,0.42957837382952374,0.6998138819025451,3.100348937151484,17,16,0,0,0,0,21,4,0.9721423913450802,0,0,0,0
206271,0.15992948661247888,0.4729880591233571,0.7689739415761593,2.2817675400293904,0,2,0,0,0,0,0,0,,0,0,0,0
346707,0.17025315264860788,0.41407307982444763,0.6652601791256619,3.5401694319828927,2,4,0,0,0,0,3,1,0.9819558560848236,0,0,0,0
567740,0.13994009792804718,0.39825836817423504,0.7009433009596597,3.086342210602304,4,6,1,0,0,1,4,1,0.9847533106803894,0,0,0,0
187055,0.1557722513874372,0.4127638538678487,0.6752743131098002,3.4103954035482174,6,6,1,0,1,1,5,0,0.9859798431396485,1,0,1,1
537153,0.19388549029827118,0.6717586318651835,0.8552036375177445,1.3586092113989299,1,3,0,0,0,0,4,3,0.9895216822624207,0,0,0,0
514797,0.15917664269606271,0.48000506560007733,0.7736526265553112,2.229079913837116,4,4,0,0,0,0,5,1,0.9724303185939789,0,0,0,0
104669,0.10599983235200246,0.21782733500003815,0.4987562705548238,6.0422326230867895,10,15,0,0,0,0,13,3,0.9777385354042053,0,0,0,0
263644,0.12514066944519678,0.31767989198366803,0.6187297806435736,4.169979601115809,1,1,0,0,0,0,1,0,0.983174204826355,0,0,0,0
44652,0.21704785029093424,0.674527903397878,0.913053074445012,0.7900795365285631,1,1,0,0,0,0,1,0,0.9978982210159302,0,0,0,0
342971,0.1849517102042834,0.5633775691191355,0.8164007281192672,1.7619323324745861,3,2,1,0,0,1,2,0,0.9840643107891083,1,0,0,1
108244,0.13413206487894058,0.3099542061487834,0.6281833064661221,4.038272177151313,2,1,1,0,0,1,1,0,0.9908705949783325,1,0,0,1
328030,0.12199873973925908,0.2650647610425949,0.5450394329604122,5.271441517858281,5,5,0,0,0,0,6,1,0.9837190389633179,0,0,0,0
14473,0.16282708446184793,0.4448626637458801,0.7159251415226902,2.902647719296689,8,8,1,0,1,1,7,0,0.9830847297395978,0,0,0,0
228436,0.12867715706427893,0.3204323848088582,0.5938156558035559,4.5269671304389805,7,28,2,0,2,1,6,1,0.9757080674171448,0,1,1,1
60090,0.14955142388741174,0.42408403754234314,0.7080752863843514,2.998411266459067,3,6,0,0,0,0,3,0,0.9658401211102804,0,0,0,0
278749,0.16796153287092844,0.44599931438763935,0.6990968934521371,3.1092525544615297,8,17,0,0,0,0,11,3,0.9701401814818382,0,0,0,0
32901,0.10661992927392323,0.22215582927068075,0.44604574889156584,7.012411907720622,15,21,0,1,0,1,16,1,0.9851820511477334,0,1,0,1
245026,0.139422374467055,0.3301340142885844,0.6242801556516733,4.0924094002994424,6,4,0,0,0,0,8,2,0.9819478491942087,0,0,0,0
48504,0.13899234185616174,0.34192867080370587,0.5909392884136936,4.569142702554181,4,6,0,0,0,0,5,1,0.955767035484314,0,0,0,0
441442,0.1579118271668752,0.47190401951471966,0.7459981158000827,2.5452453888485094,3,4,0,0,0,0,4,1,0.9901968836784363,0,0,0,0
122927,0.17551679412523905,0.5532518227895101,0.8432459356721927,1.4809148674510118,2,2,0,0,0,0,3,1,0.9797490537166595,0,0,0,0
29984,0.15619954963525137,0.48371896147727966,0.7500037010510814,2.4987318697101064,7,7,1,0,0,1,7,1,0.9816631774107615,0,0,0,0
194746,0.13403733571370444,0.3302246431509654,0.6158924417393048,4.209902511182548,2,2,0,0,0,0,2,0,0.9789505004882812,0,0,0,0
266082,0.15461662908395132,0.4339536428451538,0.6677444661914756,3.507794048534321,1,1,0,0,0,0,2,1,0.984481930732727,0,0,0,0
290592,0.14509440710147223,0.3778027494748433,0.6399097423051539,3.877625557294484,9,12,0,1,1,1,10,1,0.9881250187754631,0,0,0,0
46031,0.11498282353083293,0.28368841608365375,0.5717887613862396,4.855287700648646,6,6,0,0,0,0,8,2,0.9920369287331899,0,0,0,0
335328,0.16843185325463614,0.5434638361136118,0.7648952170036495,2.3279610954622845,3,3,0,0,0,0,4,1,0.9910324613253275,0,0,0,0
64495,0.14440976331631342,0.37623582283655804,0.6735568420558252,3.432514958002958,1,1,0,0,0,0,2,1,0.9960646629333496,0,0,0,0
159399,0.18029428025086722,0.5520289838314056,0.7726707630184927,2.2401104130510703,6,9,0,0,0,0,7,1,0.9718749324480692,0,0,0,0
125850,0.12678485115369162,0.2747400850057602,0.5766010821128655,4.78249093804726,1,2,0,0,0,0,1,0,0.9901295900344849,0,0,0,0
8762,0.18440813819567362,0.5872737566630045,0.8396939668610667,1.5175793435327614,3,7,0,0,0,0,4,1,0.9844416181246439,0,0,0,0
232489,0.10764264812072118,0.20957882702350616,0.3670224176171122,8.706148167270372,1,1,0,0,0,0,1,0,0.9953249096870422,0,0,0,0
369310,0.146247332294782,0.37798134485880536,0.6661815170051019,3.5281484168069692,4,9,1,0,0,1,3,0,0.9651323755582174,0,0,0,0
6012,0.11667722711960475,0.22088157633940378,0.5080043014456684,5.882652207620469,3,2,0,0,0,0,4,1,0.9816091656684875,0,0,0,0
441286,0.18245263397693634,0.5838442941506704,0.7921604631877246,2.023736741484552,1,2,0,0,0,0,1,0,0.9908841848373413,0,0,0,0
242934,0.1816264788309733,0.5129811267058054,0.8029425086864124,1.906310988675375,1,16,0,0,0,0,4,3,0.7111901640892029,0,0,0,0
562448,0.16746375461419424,0.526923398176829,0.8133366709399007,1.7945929241479828,1,3,0,0,0,0,1,0,0.9964680075645447,0,0,0,0
25228,0.1844845563173294,0.5773336291313171,0.8195219300327767,1.728788408317683,2,2,0,0,0,0,2,0,0.9855457544326782,0,0,0,0
256195,0.12797136108080545,0.32928651571273804,0.6759960034891097,3.401117432284358,2,1,0,0,0,0,2,0,0.964721143245697,0,0,0,0
256192,0.11717931677897771,0.30183911323547363,0.595462933980223,4.502905340848616,1,17,0,0,0,0,1,0,0.9873409271240234,0,0,0,0
579893,0.1804613471031189,0.5402636329332987,0.773821147792585,2.227188111987312,1,1,0,0,0,0,2,1,0.9834967255592346,0,0,0,0
464786,0.12754259258508682,0.28666047751903534,0.6214634025538672,4.1316888299685965,1,2,1,0,1,1,1,1,,0,0,0,0
488592,0.1506046255429586,0.36799081166585285,0.6033345421008125,4.388836195003362,6,13,0,0,0,0,8,2,0.9510150651137034,0,0,0,0
459757,0.17607583105564117,0.5622943341732025,0.7833278085684551,2.121129109810312,1,1,0,0,0,0,2,1,0.9863145351409912,0,0,0,0
164363,0.1028759703040123,0.2266616771618525,0.40020600946689894,7.954327886274088,1,1,1,0,1,1,0,0,,0,0,0,0
354829,0.15589296569426855,0.43021689852078754,0.703435004210443,3.055520483896182,2,2,0,0,0,0,2,0,0.9903761744499207,0,0,0,0
338560,0.14333799729744592,0.39112046360969543,0.6375599133556298,3.909579941264782,11,12,1,0,1,1,10,0,0.9729138255119324,0,0,0,0
128372,0.13880199193954468,0.4051521122455597,0.7138378611051699,2.928008426206459,11,16,2,1,3,1,12,3,0.9862789809703827,0,0,0,0
131431,0.1584068164229393,0.4961426556110382,0.7222450953756545,2.826307973642672,1,1,0,0,0,0,1,0,0.9946126341819763,0,0,0,0
13546,0.15949039161205292,0.4556325276692708,0.7057124831480921,3.0274440077185,6,8,0,0,0,0,6,0,0.9793154199918112,0,0,0,0
376278,0.1517040878534317,0.4268261790275574,0.7211442495120242,2.839557105026196,3,3,0,0,0,0,3,0,0.9932008385658264,0,0,0,0
201426,0.11164555946985881,0.21234632035096487,0.5167994217181548,5.733559619483706,8,9,1,0,0,1,11,4,0.9614811880247933,1,0,0,1
55002,0.1413673236966133,0.3921284079551697,0.6671998254956666,3.514881519177307,2,2,1,0,1,1,2,1,0.9963568449020386,0,0,0,0
364102,0.20247598985830942,0.682016928990682,0.879040225839527,1.1198250136460532,2,2,0,0,0,0,2,0,0.9808856248855591,0,0,0,0
424776,0.13886537651220957,0.43190133571624756,0.7069439638097433,3.0123001872218245,1,1,0,0,0,0,1,0,0.9966633319854736,0,0,0,0
61960,0.14623037725687027,0.3796704908212026,0.7227320290036215,2.8204539682853254,1,4,0,0,0,0,2,1,0.9961689710617065,0,0,0,0
288584,0.12829428414503732,0.31832635402679443,0.6007947206126626,4.4254778456057995,13,19,0,0,0,0,15,2,0.9836656634624188,0,0,0,0
203864,0.14478899786869684,0.3967983623345693,0.6556342732826167,3.666767035268674,5,5,0,0,0,0,5,0,0.9844724535942078,0,0,0,0
328959,0.17477784057458243,0.4373565415541331,0.7144594019237778,2.9204488859951945,1,1,0,0,0,0,1,0,0.9922178983688354,0,0,0,0
411953,0.143366110821565,0.35531846682230633,0.6467169054498924,3.785715725308761,3,3,0,0,0,0,3,0,0.9849004546801249,0,0,0,0
481480,0.16019132236639658,0.45600388447443646,0.7083648796101606,2.994859581192373,3,4,0,0,0,0,4,1,0.9693168997764587,0,0,0,0
323151,0.11214477568864822,0.2383280098438263,0.5088107659559339,5.868874160015629,6,5,0,0,0,0,8,2,0.986931711435318,0,0,0,0
427034,0.13682561119397482,0.3035728931427002,0.5685212789774567,4.905065512417016,4,5,1,0,0,1,3,0,0.9717758893966675,0,0,0,0
545219,0.1423569917678833,0.3638424177964528,0.6733189817713504,3.435582840231083,6,8,1,0,0,1,8,3,0.9878546714782714,1,0,0,1
448810,0.14881722380717596,0.43326375881830853,0.6743336636849521,3.4225031838160085,1,1,0,0,0,0,1,0,0.9841645956039429,0,0,0,0
428454,0.1787570317586263,0.6168306171894073,0.8467734801309925,1.4446550398150197,3,5,0,0,0,0,5,2,0.9842912554740906,0,0,0,0
228214,0.1281212642788887,0.2979896565278371,0.5849793324680733,4.657189548565877,4,8,0,0,0,0,5,1,0.9765174090862274,0,0,0,0
579902,0.12044573823610942,0.27653995156288147,0.4770047753617756,6.429545463101828,5,8,0,0,0,0,5,0,0.9798259139060974,0,0,0,0
277020,0.1585234155257543,0.40903735160827637,0.7386772040838931,2.63090606596811,8,12,0,0,0,0,9,1,0.9876917973160744,0,0,0,0
296224,0.13445867598056793,0.3568727672100067,0.6793713042416788,3.357856022227888,2,5,0,0,0,0,3,1,0.990809828042984,0,0,0,0
152771,0.1537800133228302,0.4786365330219269,0.7303793007724074,2.729030867407945,4,6,0,0,0,0,6,2,0.9769076108932495,0,0,0,0
74058,0.14763344824314117,0.37745916843414307,0.6258852658849356,4.070105443137211,12,27,1,0,1,1,14,3,0.9435512260957197,0,0,0,0
382088,0.16166823854049048,0.4807179073492686,0.7450734155697057,2.556018641519548,1,1,0,0,0,0,1,0,0.9972570538520813,0,0,0,0
478474,0.15414124230543771,0.5123074948787689,0.777688415197814,2.1838874089169735,3,8,0,0,0,0,3,0,0.9794085423151652,0,0,0,0
483667,0.12937252968549728,0.30720579624176025,0.6076186962925458,4.32737742917506,2,3,0,0,0,0,2,0,0.9805145561695099,0,0,0,0
377239,0.1341668168703715,0.33614195386568707,0.6420974196435552,3.8479815070374035,5,6,0,0,0,0,6,1,0.9596420288085937,0,0,0,0
422670,0.13085139046112695,0.31461744507153827,0.6201814314729791,4.149624817747605,2,4,1,0,1,1,1,0,0.9959981441497803,0,0,0,0
321790,0.18029304842154184,0.5354864696661631,0.8255188071588124,1.6654605618395977,2,2,0,0,0,0,2,0,0.9928777813911438,0,0,0,0
348708,0.15109200527270636,0.3635346094767253,0.6660378670471929,3.530021573286573,3,3,1,0,1,1,2,0,0.9887975752353668,0,0,0,0
423798,0.21328060825665793,0.6434700886408488,0.8906487763872526,1.0058704882556262,1,7,1,0,1,1,2,2,,0,0,0,0
387387,0.1452919989824295,0.4553077121575673,0.7399532597002322,2.61591424579585,1,1,0,0,0,0,1,0,0.9817042946815491,0,0,0,0
106235,0.12492612997690837,0.30479101339975995,0.5817984286684804,4.70454912075237,5,10,0,0,0,0,5,0,0.981825077533722,0,0,0,0
475150,0.14764202386140823,0.4601672987143199,0.729213590311657,2.7429049204081437,1,1,0,0,0,0,1,0,0.997683048248291,0,0,0,0
210502,0.13258586575587591,0.3169347246487935,0.6559639937115547,3.662399973509642,1,1,0,0,0,0,1,0,0.9727020263671875,0,0,0,0
282296,0.1363137662410736,0.3176802496115367,0.5969983403990019,4.480537523360942,3,3,0,0,0,0,3,0,0.9824112256368002,0,0,0,0
364322,0.10331172496080399,0.21836445728937784,0.5216499492493594,5.6524166106770455,12,15,0,0,0,0,15,3,0.9863493591547012,0,0,0,0
488673,0.11666968961556752,0.25064320862293243,0.46946818902308335,6.56787660042978,5,15,0,0,0,0,9,4,0.9841335654258728,0,0,0,0
512776,0.14283437778552374,0.35413294037183124,0.6819577296220537,3.3248508752229657,3,3,0,0,0,0,3,0,0.9934800267219543,0,0,0,0
73118,0.12016525616248448,0.23310653865337372,0.4444595578343382,7.043355002466577,2,2,0,0,0,0,2,0,0.9861813187599182,0,0,0,0
390555,0.10410620520512263,0.2731137275695801,0.526719279875824,5.568415691311128,13,25,3,0,1,1,10,0,0.9815596520900727,0,0,0,0
240940,0.11612565815448761,0.28751779596010846,0.561401499294575,5.014528637220365,3,16,0,0,0,0,3,0,0.9913684328397115,0,0,0,0
279730,0.1355719491839409,0.290955126285553,0.5930132761641057,4.538711674020968,5,7,2,0,1,1,5,2,0.9804914792378744,0,0,0,0
11699,0.11265444507201512,0.26822181046009064,0.5311866453733901,5.495057043039905,6,6,0,1,1,1,6,0,0.980512535572052,0,0,0,0
290768,0.12513427684704462,0.30861441294352215,0.5157851405353373,5.750623475697385,5,9,0,0,0,0,5,0,0.9656330227851868,0,0,0,0
116589,0.11391641944646835,0.28326161702473956,0.6047190791818707,4.368926579503759,3,3,0,0,0,0,3,0,0.9898475805918375,0,0,0,0
9483,0.13675607989231744,0.3604318102200826,0.6278904640924866,4.042322252305261,6,6,0,0,0,0,7,1,0.9805570542812347,0,0,0,0
37689,0.1704565485318502,0.5389824509620667,0.7778295142056142,2.182311637413491,10,15,0,0,0,0,10,0,0.9771022617816925,0,0,0,0
151480,0.1468220353126526,0.40631048878033954,0.6722805100345178,3.4489895823472914,10,18,0,0,0,0,12,2,0.9566256821155548,0,0,0,0
511599,0.1405062973499298,0.37840160727500916,0.6081184801729633,4.32023597137189,18,23,3,0,1,1,15,0,0.9753821611404419,1,0,1,1
292060,0.13434785107771555,0.3403124113877614,0.5908574559434459,4.570345596046505,8,17,1,0,1,1,10,3,0.9657123855182103,0,0,0,0
195842,0.12103313952684402,0.3053731918334961,0.5661202809996123,4.94182572871875,5,9,0,0,0,0,6,1,0.9888241410255432,0,0,0,0
499109,0.12937205781539282,0.2947019636631012,0.5775374725869287,4.768396640499782,1,1,0,0,0,0,1,0,0.9944340586662292,0,0,0,0
6614,0.15450880179802576,0.33082661032676697,0.6030700689258173,4.392644510764164,0,2,0,0,0,0,0,0,,0,0,0,0
231508,0.15618604918320975,0.429585079352061,0.6404598741106985,3.8701614869477083,6,25,1,0,1,1,6,1,0.9821614265441895,0,0,0,0
527528,0.16829374929269156,0.5548752546310425,0.7803787073751041,2.153891776725487,4,8,0,0,0,0,5,1,0.9749101996421814,0,0,0,0
34139,0.12041965623696645,0.29517025748888653,0.5903913522137857,4.577200249761923,4,4,0,0,0,0,4,0,0.9706468433141708,0,0,0,0
571857,0.18450788160165152,0.5584588348865509,0.789963928772381,2.0478547790712662,7,14,1,0,0,1,6,0,0.9791585008303324,0,0,0,0
253819,0.15984242409467697,0.4807950456937154,0.7387423853317449,2.6301396525135505,2,2,0,0,0,0,3,1,0.9945490658283234,0,0,0,0
257169,0.1495566964149475,0.35229971011479694,0.6041201921579074,4.377532962742185,1,4,0,0,0,0,3,2,0.9915260076522827,0,0,0,0
480212,0.10969845205545425,0.25494954486687976,0.5617203462194107,5.009596902901379,3,2,0,0,0,0,7,4,0.9899024566014608,0,0,0,0
462643,0.14148704459269842,0.33308157324790955,0.5825863108271937,4.692794486239057,3,2,1,0,1,1,2,0,0.9418209195137024,0,0,0,0
230008,0.15272633731365204,0.42506589492162067,0.7593192698733858,2.3915115706364105,3,4,0,0,0,0,4,1,0.9893002112706503,0,0,0,0
304180,0.14216719567775726,0.3923598329226176,0.6560178653377651,3.66168666639046,5,5,0,0,0,0,8,3,0.9595865845680237,0,0,0,0
250282,0.10818078368902206,0.28731194138526917,0.5204535527025652,5.6723604510248515,8,26,3,0,3,1,5,0,0.943379020690918,0,0,0,0
63740,0.11641095081965129,0.26788565516471863,0.5336034191872634,5.455627924806028,10,11,1,0,1,1,10,1,0.9569050470987955,0,0,0,0
1532,0.14823979884386063,0.44015567501386005,0.7519610553242535,2.476093025820067,7,8,1,0,1,1,8,2,0.986374427874883,1,0,1,1
470773,0.10880682865778606,0.2291090488433838,0.46486611951041823,6.653442100466254,19,31,4,1,3,1,15,1,0.9693888127803802,0,0,0,0
495448,0.14420410990715027,0.3327087461948395,0.6285202773832312,4.033614130011145,1,2,0,0,0,0,1,0,0.9915133714675903,0,0,0,0
491683,0.18462437887986502,0.5806583563486735,0.7677413270652306,2.2957016189349213,1,2,0,0,0,0,1,0,0.9736146330833435,0,0,0,0
313588,0.15695530672868094,0.42594578862190247,0.6482817984070284,3.764723435360075,5,5,0,0,0,0,5,0,0.9680917859077454,0,0,0,0
270122,0.201792910695076,0.693376362323761,0.8694054584572799,1.2155527494222773,1,2,0,0,0,0,1,0,0.9850091934204102,0,0,0,0
402433,0.12732086330652237,0.29418336351712543,0.6403779266792616,3.871272925642156,1,3,0,0,0,0,1,0,0.995346188545227,0,0,0,0
391144,0.13750468691190085,0.3498614430427551,0.6433170524675629,3.831498731221256,5,6,0,0,0,0,6,1,0.9670668244361877,0,0,0,0
315492,0.11600326249996822,0.23259778320789337,0.40296205449170164,7.894716958108424,3,4,1,0,0,1,2,0,0.9921759068965912,0,0,0,0
361551,0.14020291715860367,0.35697512825330097,0.5833852238710415,4.680891499916097,12,17,1,1,2,1,12,2,0.9788524448871613,1,0,1,1
189820,0.12117442985375722,0.2880830814441045,0.5597355176842976,5.040342686418065,12,16,1,1,0,1,11,1,0.9841399133205414,0,0,0,0
523782,0.12373379369576772,0.2936818351348241,0.6231880015674617,4.107618337236335,3,3,0,0,0,0,3,0,0.984998345375061,0,0,0,0
19109,0.13702239096164703,0.36514025926589966,0.6222208350109247,4.12110901341231,20,27,0,0,0,0,25,5,0.9801614314317704,0,0,0,0
509008,0.1424668331940969,0.4169995089371999,0.7401057305108775,2.6141246622079866,1,1,0,0,0,0,1,0,0.9961216449737549,0,0,0,0
512330,0.1381494253873825,0.2818508992592494,0.5411263507457548,5.334026342053147,2,14,0,0,0,0,2,0,0.9483477175235748,0,0,0,0
410880,0.12203445782264073,0.30297325054804486,0.5848385207235542,4.659280601074961,3,10,0,0,0,0,4,1,0.9922009507815043,0,0,0,0
218424,0.15174500147501627,0.4056527813275655,0.6619950078046999,3.5829057124460713,3,4,0,0,0,0,4,1,0.9794758955637614,0,0,0,0
450100,0.1282323474685351,0.2737958033879598,0.5495296852585954,5.200176845673045,5,4,1,0,0,1,5,1,0.9842771291732788,0,0,0,0
528524,0.18962320685386658,0.5382715066274008,0.7406484669219119,2.607757435577016,2,2,0,0,0,0,3,1,0.9883967638015747,0,0,0,0
52412,0.1357682521144549,0.3637403647104899,0.6552784333819106,3.6714825074226187,1,16,0,0,0,0,1,0,0.9940809607505798,0,0,0,0
106266,0.11712285876274109,0.26685478786627453,0.5679110639723186,4.914393407266891,0,1,0,0,0,0,0,0,,0,0,0,0
68387,0.15744881331920624,0.4736922283967336,0.7277280328678971,2.760617905299183,6,7,0,0,0,0,7,1,0.9780396620432535,0,0,0,0
529122,0.13579377780357996,0.32222514351209003,0.6430876828723092,3.8345961685317427,4,19,0,0,0,0,5,1,0.9873419106006622,0,0,0,0
527215,0.17217896382013956,0.5155140856901804,0.7615041187929213,2.3665548665403793,7,7,1,0,2,1,6,0,0.9542571703592936,1,0,2,1
153527,0.13398181150356928,0.3415280481179555,0.5955685131535854,4.501365416688742,4,15,1,0,1,1,3,0,0.9822185834248861,0,0,0,0
206218,0.1240147997935613,0.2964099744955699,0.565083981356584,4.957740072659831,1,2,0,0,0,0,1,0,0.9967241883277893,0,0,0,0
555009,0.10692966729402542,0.23507059117158255,0.5488048409643769,5.211641328138217,7,9,1,0,1,1,7,1,0.9813245932261149,0,0,0,0
557172,0.15880570312341055,0.4381979803244273,0.6715721074593859,3.4581469960052473,3,4,0,0,0,0,6,3,0.9782213370005289,0,0,0,0
547886,0.1920297940572103,0.6360223293304443,0.8597277547644235,1.312781052382337,7,7,0,0,0,0,10,3,0.9868423087256295,0,0,0,0
494913,0.14189904928207397,0.3645908037821452,0.6406643658920866,3.8673886207343426,6,26,0,0,0,0,7,1,0.9758496185143789,0,0,0,0
176799,0.15384351462125778,0.37122206886609393,0.6419784953155464,3.849590389470732,5,6,0,0,0,0,7,2,0.9904509544372558,0,0,0,0
523957,0.1740358074506124,0.5336462060610453,0.8034561173740622,1.9007567651374315,10,13,0,1,0,1,11,1,0.9850901232825385,0,0,0,0
91779,0.09999566649397214,0.2109761337439219,0.5029662889103859,5.9692224472244035,6,8,0,0,0,0,7,1,0.9700011710325877,0,0,0,0
323202,0.1256143351395925,0.2998700737953186,0.6115774528543835,4.2709706836843875,1,2,0,0,0,0,1,0,0.9983695149421692,0,0,0,0
162092,0.10049370303750038,0.17506893475850424,0.3236454079404838,9.798611012238585,12,16,1,1,1,1,15,4,0.9721766531467437,0,1,1,1
513567,0.11176931609710057,0.24628634750843048,0.5546944081854934,5.118924243498634,11,14,0,0,0,0,17,6,0.9783320968801325,0,0,0,0
356531,0.12352914859851201,0.2811139722665151,0.5386661730104093,5.373605925731559,5,8,0,0,0,0,5,0,0.9759376406669616,0,0,0,0
305317,0.1848749965429306,0.6381647288799286,0.8168886461735189,1.7567428019915976,11,17,1,0,0,1,10,0,0.9646059274673462,0,0,0,0
362520,0.14355597645044327,0.3943345745404561,0.675228038761588,3.410990639656093,2,2,1,0,1,1,1,0,0.9805033206939697,1,0,1,1
385719,0.11307675143082936,0.26829563577969867,0.5387965284246052,5.371504223750698,7,17,2,0,2,1,11,6,0.9910911083221435,0,0,0,0
50811,0.11272735893726349,0.26813029249509174,0.579908347737485,4.732812791401186,8,9,1,0,1,1,11,4,0.9821544204439435,0,0,0,0
319369,0.1471897860368093,0.38349466522534686,0.6511818141339495,3.7259547339851884,10,18,0,0,0,0,14,4,0.9802275061607361,0,0,0,0
289516,0.17524430652459463,0.5211768746376038,0.7701670609684266,2.268301190390276,2,2,0,0,0,0,3,1,0.9829537272453308,0,0,0,0
209222,0.1495737706621488,0.4559939702351888,0.6843470982195529,3.2944713981453226,9,17,0,0,0,0,13,4,0.9710323479440477,0,0,0,0
515025,0.12552532305320105,0.32731472452481586,0.6426309359167108,3.8407674314469133,9,10,0,0,0,0,13,4,0.9820976456006368,0,0,0,0
512929,0.10146388411521912,0.18067227800687155,0.3326519735757419,9.560197912086776,5,7,1,0,1,1,4,0,0.9811006039381027,0,0,0,0
455267,0.12649123867352804,0.29229308168093365,0.591857014771694,4.555664014056978,4,15,2,0,1,1,2,0,0.9931264221668243,0,1,1,1
329447,0.12497016042470932,0.3164129654566447,0.6320270028306598,3.9852873289779094,5,5,0,0,0,0,7,2,0.9773703694343567,0,0,0,0
404839,0.12185973177353542,0.2771563728650411,0.5553571916222849,5.108551996891345,3,5,0,0,0,0,3,0,0.976998527844747,0,0,0,0
94185,0.13891105353832245,0.3287642647822698,0.5928149599756569,4.541616905132642,5,12,1,0,1,1,6,2,0.9880227297544479,0,0,0,0
262938,0.10816315809885661,0.2318537880976995,0.5044467290268673,5.9436937941394135,3,5,0,0,0,0,3,0,0.9908581376075745,0,0,0,0
153529,0.13764674961566925,0.2950965017080307,0.5322159742113651,5.478241888900623,11,17,1,0,0,1,12,2,0.9868739247322083,0,0,0,0
541773,0.11174431939919789,0.25503256420294446,0.5223876674037694,5.6401416898553745,14,18,0,0,0,0,17,3,0.9830960631370544,0,0,0,0
229601,0.1593063622713089,0.491264283657074,0.7579689650959047,2.4069715222804136,9,11,0,0,0,0,10,1,0.9749205973413255,0,0,0,0
520910,0.1713568170865377,0.44261057178179425,0.683257355060691,3.3083136912035256,4,3,1,0,1,1,3,0,0.9762203494707743,0,0,0,0
13774,0.18875746925671896,0.6808388630549113,0.893011286464274,0.9828610435464485,2,2,0,0,0,0,2,0,0.9828982055187225,0,0,0,0
458755,0.11697757989168167,0.26075952251752216,0.5332343520513516,5.461637604301584,4,6,0,0,0,0,4,0,0.9863566011190414,0,0,0,0
570539,0.12533788134654364,0.2830140044291814,0.5567680977155638,5.086513146937745,4,8,0,0,0,0,5,1,0.980931431055069,0,0,0,0
102707,0.11090805878241856,0.21856538454691568,0.3790097292308045,8.426992829819639,1,3,1,0,1,1,1,1,,0,0,0,0
270402,0.17371047039826712,0.49252353111902875,0.7625580034800682,2.3545423279317927,2,2,0,0,0,0,2,0,0.985914945602417,0,0,0,0
231580,0.1253985365231832,0.32223762075106305,0.5754960146619361,4.799153590686311,8,10,0,0,0,0,12,4,0.9785467907786369,0,0,0,0
292225,0.1894384225209554,0.5980299313863119,0.7969645761146531,1.9712196383220544,3,3,0,0,0,0,5,2,0.9510839581489563,0,0,0,0
298994,0.1422314171989759,0.3079934020837148,0.5905820111756114,4.574395711121763,4,9,0,2,2,1,3,0,0.9841643869876862,0,0,1,1
71938,0.12689544757207236,0.28493639330069226,0.6140795335059471,4.2355075372467335,3,3,1,0,0,1,5,3,0.9846549034118652,1,0,0,1
203639,0.14890368531147638,0.41369210680325824,0.6462652833245367,3.791783465657439,2,2,0,0,0,0,2,0,0.9915845096111298,0,0,0,0
413689,0.15109864870707193,0.385007381439209,0.660086641143996,3.6079811285209082,13,17,0,0,0,0,13,0,0.978448381790748,0,0,0,0
283038,0.15041354050238928,0.4501768847306569,0.7630880379224954,2.34850708681874,4,6,1,0,1,1,3,0,0.9732171297073364,0,0,0,0
547144,0.12880082676808038,0.3225875000158946,0.5705404991386828,4.874270445487259,8,8,0,0,0,0,9,1,0.9862269908189774,0,0,0,0
244379,0.16184821228186289,0.5180662473042806,0.7560804950928602,2.4286393091908263,2,3,0,0,0,0,2,0,0.9855995178222656,0,0,0,0
572678,0.1518813520669937,0.40916281938552856,0.638158039690679,3.9014351006217014,8,34,0,0,0,0,10,2,0.9678265303373337,0,0,0,0
404128,0.17513975004355112,0.5917725960413615,0.8525436589264135,1.3856674292236635,1,1,0,0,0,0,1,0,0.9956771731376648,0,0,0,0
313783,0.11189722021420796,0.2546998858451843,0.5308551003431751,5.500480113550381,2,7,1,0,0,1,2,1,0.9798076152801514,0,0,0,0
577932,0.12659196058909097,0.3002854933341344,0.5105830579381384,5.83867199925466,15,21,1,0,1,1,16,2,0.9753441938332149,0,0,0,0
162415,0.1256620412071546,0.31389662623405457,0.5618971119140751,5.006864002451669,2,2,1,0,1,1,1,0,0.9941572546958923,0,0,0,0
377588,0.16485364735126495,0.49858928720156354,0.756534995962462,2.4234195497266176,9,10,0,0,0,0,10,1,0.9884260959095426,0,0,0,0
183965,0.12596241384744644,0.28233861923217773,0.5978651283626749,4.467935538097232,4,5,0,0,0,0,4,0,0.9917855262756348,0,0,0,0
80340,0.13528534024953842,0.3348147173722585,0.5864043614397536,4.63605616494518,13,20,1,0,1,1,16,4,0.970773309469223,0,0,0,0
91654,0.13355716317892075,0.2625894447167714,0.5337835903545771,5.452695629628886,2,3,1,0,1,1,1,0,0.9433767795562744,1,0,1,1
507042,0.17041238645712534,0.39400047063827515,0.6382322772873571,3.900424720702812,3,3,0,0,0,0,4,1,0.8116014003753662,0,0,0,0
549390,0.1594353218873342,0.46956872940063477,0.724959290433827,2.793727604755091,8,19,1,0,1,1,10,3,0.969204808984484,0,0,0,0
458702,0.16052604218324026,0.43886683384577435,0.6631423572962556,3.5678646249139523,3,4,0,0,0,0,3,0,0.9878628055254618,0,0,0,0
357816,0.11138264089822769,0.21182037889957428,0.3834601021449278,8.325596327635019,9,10,0,0,0,0,10,1,0.980727858013577,0,0,0,0
221693,0.15756328155597052,0.45542601744333905,0.7589991636714198,2.3951740529227394,2,2,0,0,0,0,2,0,0.9920409023761749,0,0,0,0
480021,0.12360807756582896,0.2827577292919159,0.5981833161769848,4.463314079297481,8,9,0,0,0,0,8,0,0.9778032973408699,0,0,0,0
293474,0.1655638962984085,0.5023134549458822,0.7688745300220291,2.2828905086509064,1,6,0,0,0,0,1,0,0.9900906682014465,0,0,0,0
161008,0.11936448762814204,0.2599352349837621,0.5445112693094547,5.279862551469358,1,1,1,0,1,1,0,0,,1,0,1,1
567886,0.12191155304511388,0.2963183323542277,0.5865064344860289,4.63454437867757,4,5,2,0,1,1,2,0,0.9926313757896423,0,1,0,1
163682,0.15138032784064612,0.36769842108090717,0.6235619990254777,4.102407187060054,3,3,1,0,1,1,3,1,0.9861834049224854,0,0,0,0
402783,0.12381260097026825,0.2873601019382477,0.6076989341949872,4.326230506676899,7,2,0,0,0,0,9,2,0.9933750970023019,0,0,0,0
25096,0.14139619966348013,0.3449479440848033,0.6164138222308754,4.20255262777799,3,6,0,0,0,0,4,1,0.9487684567769369,0,0,0,0
451150,0.11079586793979009,0.25190575420856476,0.5492684985809186,5.20430615482795,6,6,0,0,0,0,10,4,0.9803493320941925,0,0,0,0
420840,0.12920983384052911,0.3202329178651174,0.64582148213376,3.797750260487278,5,6,2,0,2,1,5,2,0.9889370997746786,0,0,0,0
450303,0.128738505144914,0.33371783296267193,0.5846874770257305,4.661524157694722,18,27,1,0,1,1,17,0,0.9861495950642754,0,0,0,0
145020,0.1553378403186798,0.4043281475702922,0.6874269212160753,3.2554692779401693,8,17,1,0,1,1,7,0,0.9766819902828762,0,0,0,0
429690,0.13908813645442328,0.39181220531463623,0.68387118623992,3.300513882953756,11,14,0,0,0,0,13,2,0.9788064685734835,0,0,0,0
482917,0.11654884119828542,0.23611005147298178,0.5368197257504159,5.4034306828930845,4,5,0,0,0,0,4,0,0.9920218288898468,0,0,0,0
400082,0.1356810381015142,0.32400553425153095,0.7004789879073623,3.0920977521109165,3,4,0,0,0,0,4,1,0.9902462959289551,0,0,0,0
378099,0.18221069872379303,0.4891049861907959,0.8262721202243509,1.6575380160799058,2,2,1,0,1,1,1,0,0.9889821410179138,1,0,1,1
284991,0.1271694302558899,0.33394889036814374,0.6645978223766005,3.548821721313939,2,2,1,0,1,1,1,0,0.9982597231864929,0,0,0,0
229111,0.13803988695144653,0.3216551939646403,0.5976708670076557,4.4707582598087034,3,3,0,0,0,0,3,0,0.982435961564382,0,0,0,0
309173,0.14248609791199365,0.385030855735143,0.6614054741514666,3.590644299001604,1,2,0,0,0,0,1,0,0.9978646039962769,0,0,0,0
171190,0.11738482862710953,0.25983449816703796,0.5026303429677317,5.975025946158873,24,37,2,0,2,1,28,6,0.9768652997233651,0,0,0,0
136600,0.11745847761631012,0.30108850200970966,0.5988878336359859,4.453090189757656,6,5,1,0,0,1,5,0,0.9909718871116638,1,0,0,1
393056,0.19660148521264395,0.6736434896787008,0.875463996679625,1.1552341901230845,1,2,0,0,0,0,1,0,0.9870170950889587,0,0,0,0
361268,0.1486710955699285,0.4679361581802368,0.7297407901045564,2.736627548779374,1,1,0,0,0,0,2,1,0.988695502281189,0,0,0,0
537355,0.17202050983905792,0.5443526804447174,0.7664910499959073,2.3098582371988643,1,1,0,0,0,0,1,0,0.9851072430610657,0,0,0,0
224093,0.23028389116128287,0.7130140066146851,0.917666591130401,0.7463015814918028,6,7,0,0,0,0,7,1,0.9837945600350698,0,0,0,0
575500,0.13618296881516775,0.35276320576667786,0.6626540771575878,3.574262511464958,1,1,0,0,0,0,2,1,0.9954370856285095,0,0,0,0
123585,0.14286724229653677,0.349963237841924,0.6033611181563441,4.388453601955252,6,6,0,0,0,0,9,3,0.9892698923746744,0,0,0,0
493905,0.12117697050174077,0.32155798375606537,0.5489642921155041,5.20911807426022,25,28,3,2,1,1,22,1,0.9796854883432389,0,0,0,0
201418,0.14233374098936716,0.3429342309633891,0.601585352303977,4.41405493406632,8,28,0,0,0,0,13,5,0.9781688898801804,0,0,0,0
108440,0.18406589329242706,0.5295297205448151,0.7884919468978728,2.0640547578157347,1,1,0,0,0,0,1,0,0.9934377074241638,0,0,0,0
557501,0.16148089865843454,0.43216244379679364,0.6915532221137441,3.2034878170700116,2,2,0,0,0,0,4,2,0.9800602197647095,0,0,0,0
350388,0.14307604481776556,0.3233824670314789,0.6004655478988957,4.430238109488908,2,5,0,0,0,0,3,1,0.9913060963153839,0,0,0,0
261706,0.12619949380556741,0.27133234838644665,0.5757005539258382,4.79606705352997,3,3,0,0,0,0,3,0,0.9769748449325562,0,0,0,0
424642,0.15213313698768616,0.4464222490787506,0.6623912401824283,3.5777083905743066,6,7,1,0,1,1,5,0,0.982403838634491,0,0,0,0
210394,0.1454267700513204,0.44156896074612934,0.694124055481877,3.1712580895638567,13,17,1,0,0,1,14,2,0.96773628393809,0,0,0,0
461036,0.17458652953306833,0.5121664305528005,0.7631381544696678,2.34793665132221,1,1,0,0,0,0,1,0,0.9915198683738708,0,0,0,0
191580,0.11912089834610622,0.2239114890495936,0.486398366189144,6.2601578505382935,5,9,0,0,0,0,7,2,0.978485381603241,0,0,0,0
354307,0.13336712618668875,0.31425560514132184,0.5755473891904469,4.798378235936602,1,1,1,0,1,1,1,1,,1,0,1,1
166768,0.1288969467083613,0.3061591684818268,0.6198082382025765,4.154853112365745,3,3,0,0,0,0,4,1,0.9483828743298849,0,0,0,0
121417,0.13629096498092017,0.3395412663618724,0.5743555654091926,4.81638332670962,9,13,1,1,0,1,8,1,0.9652352333068848,0,0,0,0
390826,0.15319708238045374,0.4115152060985565,0.7168459837995317,2.8914828718892776,1,3,0,0,0,0,2,1,0.9934834837913513,0,0,0,0
477955,0.18415107826391855,0.5859703024228414,0.8175919708007956,1.7492676439433845,2,4,0,0,0,0,3,1,0.9941892325878143,0,0,0,0
161609,0.1271923283735911,0.31485183040301007,0.6262084097640992,4.065622085080965,4,7,0,0,0,0,5,1,0.9914329648017883,0,0,0,0
236784,0.11505795270204544,0.28364364306132,0.602877899580189,4.39541272595365,3,3,0,0,0,0,4,1,0.9595933953921,0,0,0,0
542089,0.17077667017777762,0.4719272355238597,0.7025527431666734,3.066421322937299,1,1,0,0,0,0,2,1,0.9965526461601257,0,0,0,0
447611,0.1472837229569753,0.3754676282405853,0.6884449466485346,3.2426156708924827,5,6,0,0,0,0,5,0,0.9467803239822388,0,0,0,0
178744,0.1829395592212677,0.5121843119462332,0.7673482106434333,2.3001503052758903,1,10,0,0,0,0,3,2,0.9836214780807495,0,0,0,0
124659,0.12396220117807388,0.30764538049697876,0.5614859114906097,5.013222727094019,3,19,1,0,1,1,3,1,0.9932917952537537,0,0,0,0
511760,0.2186445395151774,0.7061730623245239,0.8843402791022903,1.0676118739260596,2,7,0,0,0,0,3,1,0.9922178089618683,0,0,0,0
60347,0.1693526158730189,0.4222765862941742,0.6457971067541421,3.7980781000818666,2,2,0,0,0,0,2,0,0.9465987980365753,0,0,0,0
162732,0.1306169107556343,0.30488188068072003,0.599881411580725,4.438691905207995,6,6,0,0,0,0,7,1,0.967958132425944,0,0,0,0
259625,0.15957182894150415,0.4713034729162852,0.7429748987825802,2.580517170397151,1,1,0,0,0,0,1,0,0.9931362271308899,0,0,0,0
213935,0.11525744199752808,0.2523575723171234,0.5697969830582457,4.88559709156316,7,4,0,1,0,1,10,3,0.9658068418502808,0,0,0,0
356428,0.14901298781236014,0.39343947172164917,0.6748697731299954,3.4156004624152416,5,13,0,0,0,0,6,1,0.9903588414192199,0,0,0,0
222118,0.18717079857985178,0.595076858997345,0.8187059438792023,1.7374411316355203,3,3,0,1,0,1,4,1,0.9919369220733643,0,0,0,0
210708,0.1580668787161509,0.47057493527730304,0.7601159954667481,2.382402566300566,2,2,0,0,0,0,2,0,0.9926863610744476,0,0,0,0
562818,0.1689800719420115,0.5227484405040741,0.76079963252996,2.3745941167401146,6,23,0,0,0,0,7,1,0.9690656363964081,0,0,0,0
526103,0.13008725891510645,0.31231934825579327,0.6003261800064169,4.432254336134155,2,3,0,0,0,0,3,1,0.9884660840034485,0,0,0,0
326970,0.12740966926018396,0.28525441884994507,0.559704360452952,5.040826192997116,9,11,2,0,2,1,8,1,0.9866348079272679,0,0,0,0
49259,0.1600810612241427,0.45688021183013916,0.7018430348904968,3.075200113621745,1,1,0,0,0,0,3,2,0.9935054779052734,0,0,0,0
528862,0.14385794599850973,0.41068364183108014,0.6432047630618024,3.8330149641784637,7,7,1,0,1,1,12,6,0.9837518930435181,0,0,0,0
521540,0.10977386683225632,0.24911762277285257,0.5244486365560221,5.605940786304558,2,3,1,0,1,1,1,0,0.9964802861213684,0,0,0,0
376284,0.1454904874165853,0.3733249505360921,0.6866633189264536,3.2651230338639348,7,9,0,0,0,0,8,1,0.987508237361908,0,0,0,0
351810,0.12297865996758144,0.30700306097666424,0.5866683621075133,4.632146636307748,7,17,1,0,1,1,6,0,0.9850872854391733,0,0,0,0
565391,0.11855968584616979,0.2991804281870524,0.5856870989075637,4.646686843837698,3,3,0,0,0,0,4,1,0.9912139376004537,0,0,0,0
404479,0.19149388372898102,0.6388043959935507,0.8668015921764249,1.2416059924343208,1,3,0,0,0,0,1,0,0.9931353330612183,0,0,0,0
154004,0.15707594901323318,0.4696622888247172,0.7221681651354737,2.8272332041081367,13,14,1,0,1,1,12,0,0.9735514720280966,0,0,0,0
370270,0.11806913216908772,0.2644320527712504,0.48910666443422307,6.211928391201042,3,9,0,0,0,0,4,1,0.9749120473861694,0,0,0,0
377486,0.1735908885796865,0.47003182768821716,0.7076615688292495,3.0034877820756574,5,9,0,0,0,0,8,3,0.9699683904647827,0,0,0,0
438304,0.14576550076405206,0.3626449207464854,0.6359073710259676,3.932122818542842,4,5,0,0,0,0,4,0,0.9791247993707657,0,0,0,0
179285,0.1610407829284668,0.404379407564799,0.6962889807249953,3.1442095558650083,2,2,1,0,1,1,1,0,0.9942680597305298,1,0,1,1
545407,0.23204858104387918,0.7846705516179403,0.9536888522955347,0.4118658764049423,1,1,0,0,0,0,1,0,0.9578482508659363,0,0,0,0
428280,0.1608139971892039,0.48720919092496234,0.7358711762364452,2.663964157449108,4,7,0,0,0,0,5,1,0.9901401251554489,0,0,0,0
293245,0.1315665915608406,0.3526807228724162,0.65551139916492,3.6683950329065267,2,4,1,0,0,1,1,0,0.9981722235679626,0,0,0,0
453981,0.15600889176130295,0.4701978067557017,0.7411554705058899,2.6018136298721557,1,2,0,0,0,0,1,0,0.9810810089111328,0,0,0,0
9772,0.12198248753945033,0.28085071841875714,0.4626284794657346,6.6953527104214405,4,4,0,0,0,0,5,1,0.9769813418388367,0,0,0,0
131938,0.12756020575761795,0.2754330138365428,0.5719718290743883,4.852507213608971,2,2,0,0,0,0,3,1,0.9935111999511719,0,0,0,0
47828,0.2251156618197759,0.6261762281258901,0.8931652586124289,0.9813635598926531,10,13,0,0,0,0,10,0,0.9672981142997742,0,0,0,0
47819,0.1402005230387052,0.36690230170885724,0.6205433595114778,4.144557348940126,2,4,0,0,0,0,2,0,0.9830882251262665,0,0,0,0
122962,0.1100089078148206,0.24035167694091797,0.49026609083289796,6.19136287231595,20,29,2,0,2,1,22,4,0.9781886835892996,0,0,0,0
345356,0.10812255988518397,0.25439582268397015,0.5353484116171413,5.427269630836361,6,11,0,0,0,0,7,1,0.9802221159140269,0,0,0,0
243204,0.12135664621988933,0.29045095046361286,0.5573903703988161,5.076810770537614,3,4,0,0,0,0,3,0,0.9777859648068746,0,0,0,0
356347,0.12422739962736766,0.29941660165786743,0.5774241195990383,4.770101582989269,3,3,0,1,0,1,3,0,0.9956279397010803,0,1,0,1
62355,0.15212753166755041,0.4593193332354228,0.7222267287093567,2.8265288583062995,7,7,1,0,0,1,7,1,0.9898350437482198,0,0,0,0
303305,0.1418913702170054,0.41415565212567645,0.7316916307973261,2.7134382493205567,2,5,1,0,1,1,1,0,0.9756389260292053,0,0,0,0
213593,0.18585346142450967,0.47772695620854694,0.7239282023020313,2.806090081864813,8,10,1,0,1,1,8,1,0.9742353473390851,0,0,0,0
321333,0.1523111735781034,0.34460508823394775,0.6561980644184199,3.6593010996528603,5,3,1,0,0,1,4,0,0.9851011484861374,1,0,0,1
161879,0.13696823517481485,0.3387739062309265,0.5498653740134002,5.19487255483965,2,2,0,0,0,0,2,0,0.9722985029220581,0,0,0,0
340015,0.11810773859421413,0.29419315854708356,0.599476133824114,4.444562044624148,1,2,0,0,0,0,1,0,0.992341935634613,0,0,0,0
165713,0.160234364370505,0.4584025243918101,0.7098485246170648,2.9766863197428166,1,1,0,0,0,0,1,0,0.9893926382064819,0,0,0,0
276707,0.14801651239395142,0.3870992660522461,0.6256307604102668,4.0736381290146335,2,4,0,0,0,0,4,2,0.9901105463504791,0,0,0,0
11813,0.13738018522659937,0.341295450925827,0.6196727175632734,4.156752483737096,1,2,0,0,0,0,2,1,0.7580874562263489,0,0,0,0
130579,0.17271085580190024,0.5717061161994934,0.7955545158429327,1.9866010942376258,2,2,0,0,0,0,2,0,0.9880236387252808,0,0,0,0
545100,0.15292541682720184,0.40096577008565265,0.6825319093451182,3.3175407984603456,7,11,1,0,1,1,8,2,0.9758970737457275,0,0,0,0
508482,0.13934246947367987,0.3088267644246419,0.6067474019871857,4.339841491681403,1,1,0,0,0,0,1,0,0.9962301850318909,0,0,0,0
339870,0.17912258207798004,0.480307012796402,0.7437495340810684,2.5714658665071237,5,6,0,0,0,0,5,0,0.9739429116249084,0,0,0,0
100624,0.14436578998963037,0.3763759434223175,0.6593157641728005,3.6181308039061295,4,9,0,0,0,0,4,0,0.9682106971740723,0,0,0,0
577959,0.2138648678859075,0.7151913245519003,0.9072709386697246,0.845260000849905,2,2,0,0,0,0,3,1,0.984237402677536,0,0,0,0
527695,0.12767613679170609,0.26436416308085126,0.557941220011627,5.068231045235802,5,9,3,0,1,1,2,0,0.9964256286621094,0,0,0,0
224051,0.1687714159488678,0.5309569736321768,0.7892182043545706,2.0560581146322505,3,3,0,0,0,0,5,2,0.9810037811597189,0,0,0,0
180383,0.1328760733207067,0.3166195750236511,0.6023912160094113,4.402427391739925,4,4,2,0,2,1,2,0,0.981302797794342,0,0,0,0
193717,0.1219766562183698,0.3188709119955699,0.5506212809382472,5.182940151790653,11,12,1,0,1,1,11,1,0.9807779252529144,0,0,0,0
517523,0.1700254182020823,0.5248921513557434,0.7745113547568415,2.2194442173055333,1,1,0,0,0,0,1,0,0.9970310926437378,0,0,0,0
568290,0.1638198047876358,0.5112896660963694,0.7764464392185743,2.197769947558443,5,10,1,0,1,1,4,0,0.9731455147266388,0,0,0,0
389316,0.1572900339961052,0.4361295501391093,0.7556453457041453,2.433639765713879,3,3,0,0,0,0,4,1,0.9942502776781718,0,0,0,0
253742,0.11387405792872111,0.26910365124543506,0.48303328095003206,6.32045890732961,25,28,0,4,2,1,32,8,0.9668356918153309,0,0,0,0
29397,0.14503693083922067,0.3700265387694041,0.6507185914992583,3.732135699649168,2,2,0,0,0,0,3,1,0.9920312762260437,0,0,0,0
193674,0.16999812424182892,0.5341911812623342,0.7667398525510943,2.307039259898835,2,3,0,0,0,0,3,1,0.9915294945240021,0,0,0,0
293390,0.1363667150338491,0.3385326663653056,0.6134026992045752,4.245086345777109,4,5,0,0,0,0,5,1,0.9755833446979523,0,0,0,0
571804,0.1583834836880366,0.4379476110140483,0.749272896592088,2.50719953657095,7,9,0,0,0,0,9,2,0.9867409552846637,0,0,0,0
563758,0.13371583819389343,0.3366651237010956,0.6451936001865249,3.8061989824334415,2,1,1,0,0,1,1,0,0.6228427886962891,0,0,0,0
579158,0.12987875938415527,0.308660626411438,0.6311465159953925,3.997396216004963,1,9,0,0,0,0,1,0,0.9241411089897156,0,0,0,0
485237,0.24501982827981314,0.6561493674914042,0.879730718233057,1.1130048634104808,7,8,0,0,0,0,7,0,0.9752070478030613,0,0,0,0
36494,0.1296182076136271,0.32159799337387085,0.5559992942396031,5.098515193827931,13,49,3,0,2,1,12,2,0.9683513522148133,0,0,0,0
338905,0.11472806086142857,0.22814464072386423,0.513932722997891,5.781874582861132,15,38,0,0,0,0,17,2,0.9761699199676513,0,0,0,0
287959,0.1444976975520452,0.32206612825393677,0.6222486388700788,4.12072089420612,1,1,0,0,0,0,1,0,0.9960829019546509,0,0,0,0
287545,0.1492675393819809,0.392948846022288,0.6660370608427235,3.5300320871141375,2,2,0,0,0,0,2,0,0.9877015948295593,0,0,0,0
53994,0.1488433157404264,0.37022774418195087,0.644526144089448,3.815189230959551,2,4,1,0,1,1,1,0,0.9843284487724304,0,0,0,0
375430,0.1206805631518364,0.302298903465271,0.6051992498684071,4.3620323789457345,3,4,0,0,0,0,5,2,0.9888323148091634,0,0,0,0
410712,0.15027309954166412,0.38283220926920575,0.6546643396875852,3.679626298978622,2,5,0,0,0,0,3,1,0.9868248403072357,0,0,0,0
386277,0.1523814151684443,0.3987862269083659,0.7046987431891908,3.0399300610858804,1,1,0,0,0,0,1,0,0.96000736951828,0,0,0,0
453040,0.12364484369754791,0.25640900433063507,0.52071780795221,5.667951393936428,2,2,0,0,0,0,2,0,0.9880295395851135,0,0,0,0
2685,0.11366089433431625,0.2246954341729482,0.43030729326733785,7.324425860179361,8,19,2,0,0,1,7,1,0.9905629555384318,1,0,0,1
406129,0.16030969470739365,0.4755903283754985,0.7146656541820515,2.9179417794858638,3,3,0,0,0,0,4,1,0.9900767803192139,0,0,0,0
484029,0.15221745520830154,0.4143446683883667,0.6457107683361485,3.7992394185465845,8,8,0,0,0,0,8,0,0.9724102467298508,0,0,0,0
577735,0.1291347841421763,0.3220847050348918,0.6263186549075974,4.064093052808466,2,2,1,0,1,1,1,0,0.9878268241882324,0,0,0,0
376206,0.21405101319154105,0.6913381417592367,0.8734624504316048,1.1751152061996575,2,2,0,0,0,0,2,0,0.9836205244064331,0,0,0,0
391140,0.12964196999867758,0.30990926424662274,0.6081934560875676,4.319165139949167,3,3,0,0,0,0,3,0,0.9888976812362671,0,0,0,0
52017,0.21547512710094452,0.679315189520518,0.9259866173718572,0.6679057964596713,1,2,0,0,0,0,1,0,0.997196614742279,0,0,0,0
85478,0.1888993432124456,0.5434598624706268,0.8016704879130313,1.9200820778946581,2,1,0,0,0,0,3,1,0.9871272444725037,0,0,0,0
455448,0.1192281146844228,0.2538679987192154,0.5509677045766306,5.17747713858015,2,3,1,0,0,1,1,0,0.9949655532836914,0,0,0,0
551780,0.1514380027850469,0.36501466234525043,0.6459772528446811,3.7956554957629836,1,2,0,0,0,0,1,0,0.9507840871810913,0,0,0,0
128051,0.18550812204678854,0.5466734766960144,0.8362743308927447,1.5530246701328627,4,4,0,0,0,0,4,0,0.9494209438562393,0,0,0,0
42563,0.15526468058427176,0.47595715522766113,0.743480391092229,2.57460962563121,1,1,0,0,0,0,2,1,0.9821037650108337,0,0,0,0
190007,0.2097083479166031,0.6847174366315206,0.8858067304609258,1.0532204843908353,2,2,0,0,0,0,2,0,0.9597247242927551,0,0,0,0
571718,0.13044403493404388,0.28410190840562183,0.554083477275868,5.1284960054612,7,33,1,0,1,1,10,4,0.9793554941813151,0,0,0,0
572956,0.12191175172726314,0.2902419865131378,0.6059172386732757,4.351733828294253,5,8,0,0,0,0,6,1,0.9612924814224243,0,0,0,0
370478,0.13077673812707266,0.30813442667325336,0.5762664157377385,4.787533799064674,7,12,0,0,0,0,8,1,0.9825403094291687,0,0,0,0
409630,0.14147404581308365,0.31306837995847064,0.6542987579346797,3.684478082573988,3,3,1,0,1,1,2,0,0.9953050911426544,1,0,1,1
110042,0.1448120748003324,0.3321674068768819,0.5826962606549697,4.691155378101696,6,8,0,1,1,1,8,3,0.9759902954101562,0,1,1,1
456662,0.12940074255069098,0.2887716094652812,0.49509016397291244,6.106314035467722,2,2,0,0,0,0,2,0,0.9914191961288452,0,0,0,0
153510,0.15028159320354462,0.3391495148340861,0.6251264160321073,4.080642973645082,1,6,1,0,0,1,1,1,,1,0,0,1
222825,0.14943848301966986,0.43113823731740314,0.6689201747722174,3.492514108750664,4,3,1,0,0,1,5,2,0.9695825775464376,0,0,0,0
42070,0.12337581813335419,0.32950419187545776,0.6301458965306167,4.01117774989476,1,3,0,0,0,0,1,0,0.9972066283226013,0,0,0,0
802,0.1520630344748497,0.4021520713965098,0.6587105784695098,3.62610724023166,2,2,0,0,0,0,2,0,0.9866219162940979,0,0,0,0
323895,0.17672646045684814,0.5768824418385824,0.8142816211969052,1.7845073474404312,2,3,0,0,0,0,2,0,0.9895415008068085,0,0,0,0
581357,0.1176716759800911,0.29496951401233673,0.523202863715762,5.626597751911659,7,14,1,0,1,1,7,1,0.9520349204540253,0,0,0,0
409867,0.15427256375551224,0.44579146305720013,0.7206338826260101,2.84570644317079,2,2,0,0,0,0,3,1,0.955866128206253,0,0,0,0
112634,0.12887248396873474,0.34547194838523865,0.6688569778888913,3.4933347553783287,2,2,0,0,0,0,2,0,0.9920536279678345,0,0,0,0
229221,0.17230835556983948,0.5188845793406168,0.7918088632920263,2.0275928236572236,1,2,0,0,0,0,1,0,0.9900804162025452,0,0,0,0
394559,0.17792893946170807,0.5125347077846527,0.737601858007949,2.6435599594360664,2,2,0,0,0,0,2,0,0.9921687543392181,0,0,0,0
235778,0.18351449072360992,0.46080031991004944,0.788675894324146,2.0620286614050674,2,12,1,0,1,1,1,0,0.9133610129356384,1,0,1,1
187144,0.14143611242373785,0.4126971463362376,0.6887647057718803,3.2385823089404067,9,18,0,0,1,1,9,0,0.975633078151279,0,0,1,1
521405,0.13586236039797464,0.33748836318651837,0.6381079739368523,3.902116566096712,1,2,0,0,0,0,2,1,0.9194164872169495,0,0,0,0
106389,0.10568038125832875,0.254208246866862,0.5408500151794485,5.338463075349339,3,12,0,0,0,0,3,0,0.9938128987948099,0,0,0,0
292236,0.149649108449618,0.32945788900057477,0.5809722848495174,4.716891700696494,6,7,0,1,1,1,7,1,0.9613153576850891,0,0,0,0
268375,0.133537990351518,0.3637527525424957,0.6468569593596517,3.783834900654839,5,2,0,0,0,0,6,1,0.9868615865707397,0,0,0,0
217425,0.1541372910141945,0.46925313274065655,0.7593579663815603,2.3910689306976125,1,1,0,0,0,0,1,0,0.9921867251396179,0,0,0,0
356169,0.16566880544026694,0.5523763100306193,0.779489498892666,2.163794623067598,6,11,0,0,0,0,6,0,0.9565397302309672,0,0,0,0
500477,0.1197580670317014,0.2610437373320262,0.5369351760326748,5.401562866666898,1,2,1,0,1,1,1,1,,0,0,0,0
183127,0.21881414453188577,0.7133911450703939,0.8888184803152491,1.0237384824351652,2,2,0,0,0,0,4,2,0.9866240620613098,0,0,0,0
537270,0.10968736559152603,0.2365624209245046,0.5302590959053924,5.510237459806003,9,8,0,0,0,0,11,2,0.9882858196894327,0,0,0,0
322959,0.11583731075127919,0.18318487207094827,0.3394949304381823,9.383334130123874,6,9,2,0,1,1,6,2,0.990293100476265,1,0,1,1
569917,0.15061180541912714,0.37418293952941895,0.6212268602173858,4.13499549570144,3,5,1,0,1,1,3,1,0.903416633605957,1,0,1,1
451155,0.1862404098113378,0.474090834458669,0.7452624439705848,2.5538152726254966,3,3,1,0,1,1,2,0,0.8346152603626251,1,0,1,1
475678,0.10731337716182072,0.22385129829247793,0.48445075535831456,6.295007252061766,9,12,0,0,0,0,16,7,0.9832823144065009,0,0,0,0
162035,0.13138109693924585,0.3438224097092946,0.6251253045942597,4.080658416657593,3,5,0,0,0,0,6,3,0.9405881563822428,0,0,0,0
519039,0.2205972820520401,0.641146183013916,0.8893143720237097,1.0188937817052706,1,1,0,0,0,0,2,1,0.9969529509544373,0,0,0,0
119038,0.17393004894256592,0.5244326988855997,0.7616042300462494,2.365413049807707,3,3,0,0,0,0,5,2,0.9879980285962423,0,0,0,0
559543,0.13542528450489044,0.346420298020045,0.6155629819930066,4.214550102982717,4,5,0,0,0,0,4,0,0.9851133078336716,0,0,0,0
384666,0.16260801752408346,0.5003551840782166,0.7546822728826633,2.4447170250735644,8,14,0,0,0,0,9,1,0.9677898436784744,0,0,0,0
210230,0.13182667394479117,0.28603917360305786,0.5831529211866081,4.684350890446677,8,17,2,0,1,1,7,1,0.9736746251583099,2,0,1,1
55950,0.18224173784255981,0.5456546743710836,0.7830330154573959,2.124398523114934,3,3,0,0,0,0,3,0,0.99247807264328,0,0,0,0
517069,0.14227794855833054,0.36468695600827533,0.6130717283374731,4.249774216033984,5,11,1,0,0,1,7,3,0.982154980301857,0,0,0,0
226154,0.14380534986654916,0.4556481937567393,0.7514627062136883,2.4818513564316675,6,6,1,0,0,1,5,0,0.9393713712692261,0,0,0,0
49091,0.17275367180506387,0.4361864427725474,0.7032298713008135,3.0580537977761635,0,0,0,0,0,0,0,0,,0,0,0,0
136355,0.1300139253338178,0.31013869245847064,0.5814335146149483,4.7099987704437085,9,19,2,0,1,1,9,2,0.9716881598745074,1,0,1,1
187513,0.16687060395876566,0.44672077894210815,0.6836332300025304,3.3035367055683915,2,2,1,0,1,1,1,0,0.9957601428031921,0,0,0,0
369503,0.1413796842098236,0.37280896306037903,0.6794947666874636,3.3562776750979917,2,2,0,0,0,0,2,0,0.9475781619548798,0,0,0,0
133645,0.16294804215431213,0.5020707348982493,0.7567101458724202,2.421408860575535,3,8,0,0,0,0,4,1,0.9841216405232748,0,0,0,0
519338,0.1610982542236646,0.49024296800295514,0.8180045149204018,1.744885985262893,1,1,0,0,0,0,1,0,0.9430540800094604,0,0,0,0
170670,0.11243269592523575,0.2592390576998393,0.5454277044383414,5.265256125866614,14,21,1,0,1,1,15,2,0.9898288249969482,0,0,0,0
463618,0.12339156617720921,0.2682749678691228,0.5587730044354489,5.055291675635379,4,5,1,0,0,1,4,1,0.9840425054232279,0,0,0,0
512648,0.1705602506796519,0.5120371480782827,0.7455828611194775,2.5500816752807207,1,1,0,0,0,0,2,1,0.9868802428245544,0,0,0,0
336309,0.21794510881106058,0.7359776695569357,0.8934498413873193,0.9785964786153284,1,1,0,0,0,0,3,2,0.9892650246620178,0,0,0,0
310622,0.15667528907457987,0.44187302390734357,0.7128926402704213,2.9395173762814633,0,0,0,0,0,0,0,0,,0,0,0,0
494759,0.18401294946670532,0.6296155154705048,0.8368098933800889,1.547463877973379,3,3,1,0,0,1,4,2,0.9918581247329712,0,0,0,0
401446,0.14537306874990463,0.4051513870557149,0.6310734924367867,3.998401230293278,4,3,0,0,0,0,5,1,0.9908315241336823,0,0,0,0
234757,0.17751959462960562,0.5491741100947062,0.7683839526186931,2.2884342755282088,0,3,0,0,0,0,0,0,,0,0,0,0
168619,0.16653850674629211,0.5185132424036661,0.7441652710232586,2.566612033102264,1,1,0,0,0,0,1,0,0.9873657822608948,0,0,0,0
187734,0.12903826932112375,0.31938787798086804,0.5611189825857404,5.018900778388868,8,26,1,0,0,1,9,2,0.9827607614653451,0,0,0,0
55072,0.1715192347764969,0.5357339779535929,0.7992874087447153,1.9459405692215401,1,1,0,0,0,0,1,0,0.9940171241760254,0,0,0,0
60449,0.15093356370925903,0.4066591064135234,0.6835487785501719,3.304609768249593,3,5,0,0,0,0,4,1,0.9880337317784628,0,0,0,0
290163,0.10590049127737682,0.1918398638566335,0.38182721482553816,8.362662407933614,8,13,1,0,0,1,10,3,0.9586474043982369,0,0,0,0
181542,0.10432044168313344,0.19646635154883066,0.3779256604589909,8.451872385666109,14,20,1,0,1,1,19,6,0.9720986118683448,0,0,0,0
136334,0.17514748374621072,0.5547065337498983,0.7683332054976009,2.2890079450432363,2,2,0,0,0,0,2,0,0.9806853830814362,0,0,0,0
545007,0.16890816390514374,0.5139122307300568,0.7806688295199795,2.1506632152609555,2,3,0,0,0,0,3,1,0.9762164950370789,0,0,0,0
311950,0.16208470116058984,0.36953548590342206,0.6795775580589062,3.3552194286704387,1,1,0,0,0,0,2,1,0.9784634113311768,0,0,0,0
372819,0.17431814968585968,0.5218977530797323,0.745383145315751,2.5524086356983746,6,8,0,0,0,0,9,3,0.99058731396993,0,0,0,0
95843,0.14374815672636032,0.4295349419116974,0.7523277928859995,2.471857879020492,1,1,0,0,0,0,1,0,0.9978252649307251,0,0,0,0
360943,0.1698351353406906,0.5076120694478353,0.7589458012752638,2.395784746847391,1,1,0,0,0,0,1,0,0.9925825595855713,0,0,0,0
550797,0.14174643655618033,0.4034399787584941,0.7208068751441036,2.8436215931074265,1,1,0,0,0,0,1,0,0.9959942102432251,0,0,0,0
67616,0.13144150376319885,0.3435073097546895,0.5712166617376596,4.863982663461552,15,37,0,0,0,0,18,3,0.9772805531819662,0,0,0,0
180135,0.14625675479571024,0.38033326466878253,0.683567278436594,3.3043746924182926,3,2,2,0,1,1,1,0,0.9895147085189819,0,0,0,0
173799,0.12481992443402608,0.3439652423063914,0.5819352630333609,4.702506508759611,16,15,1,2,2,1,17,4,0.9732402471395639,0,0,0,0
109827,0.15762312213579813,0.44525353113810223,0.6924738956490066,3.1919318731193376,1,1,0,0,0,0,1,0,0.9452587366104126,0,0,0,0
197528,0.1531401053071022,0.3455030818780263,0.6470895188305361,3.7807126912679956,1,1,0,0,0,0,2,1,0.9922724962234497,0,0,0,0
562561,0.13220004240671793,0.352348268032074,0.6534321079771216,3.695990584395914,2,3,0,0,0,0,2,0,0.9909032583236694,0,0,0,0
457884,0.16035318871339163,0.5121545195579529,0.7610226712489877,2.3720481037035728,6,10,0,0,0,0,6,0,0.9597992102305094,0,0,0,0
474028,0.14141875505447388,0.45630672574043274,0.7236067871289329,2.8099473658514484,13,14,0,0,0,0,17,4,0.9877702318705045,0,0,0,0
41990,0.14235591143369675,0.3761577208836873,0.6323848358023765,3.980371054566041,3,4,0,0,0,0,5,2,0.9819844563802084,0,0,0,0
568147,0.1538744568824768,0.3896665374437968,0.6353900820553029,3.9391913690968625,7,7,2,0,2,1,5,0,0.9869033336639405,0,0,0,0
417632,0.1020549808939298,0.21548282106717428,0.47804611927090607,6.410604060281802,12,17,0,0,0,0,14,2,0.9782574425141016,0,0,0,0
459634,0.15667129307985306,0.5003742178281149,0.7859631616927591,2.0919561796821378,3,3,0,0,0,0,3,0,0.9779544870058695,0,0,0,0
232538,0.15500521411498389,0.4752112329006195,0.7329008841060927,2.699095088251105,3,4,1,0,1,1,2,0,0.9871887564659119,0,0,0,0
3255,0.19757123291492462,0.6093316276868185,0.8369147060671285,1.5463760150910564,5,10,0,0,0,0,5,0,0.9798012971878052,0,0,0,0
512476,0.14069077869256338,0.33028074105580646,0.6192842809863272,4.162198867030845,4,6,0,0,0,0,6,2,0.9726541191339493,0,0,0,0
419312,0.11657693733771642,0.2123102843761444,0.44568470984898073,7.0194453008710775,8,12,0,0,0,0,8,0,0.9837987273931503,0,0,0,0
426795,0.12642672657966614,0.3169073164463043,0.6094024921186385,4.301915481716858,2,2,0,0,0,0,5,3,0.9958195984363556,0,0,0,0
233238,0.10281507670879364,0.20767836769421896,0.4464913125620164,7.003739736318678,13,25,0,0,0,0,18,5,0.9855855886752789,0,0,0,0
109916,0.1230804647008578,0.26236117879549664,0.5666230807595898,4.934114779073012,2,3,0,0,0,0,2,0,0.986389696598053,0,0,0,0
455937,0.12789242714643478,0.2995635022719701,0.5513656151438316,5.171206426517271,8,14,2,0,1,1,10,4,0.9826106230417887,1,0,0,1
1993,0.14903136591116586,0.4315642714500427,0.7172660451698717,2.886394556981337,3,4,0,0,0,0,3,0,0.9917786916097006,0,0,0,0
325031,0.10592617839574814,0.21930816769599915,0.37567081525846435,8.503850853298424,3,16,1,0,1,1,2,0,0.9933741986751556,0,0,0,0
45070,0.1123023306330045,0.27840020259221393,0.5218385887264738,5.64927618002004,2,2,0,0,0,0,2,0,0.9977164268493652,0,0,0,0
458790,0.17373347282409668,0.49120404322942096,0.7552625583568247,2.4380408926334933,0,0,0,0,0,0,0,0,,0,0,0,0
165831,0.101341612637043,0.2144796053568522,0.496408334029909,6.083218717808673,4,22,2,0,1,1,3,1,0.9902160465717316,0,0,0,0
264441,0.13100230445464453,0.3035017301638921,0.5701692498094879,4.879924172596048,2,2,0,0,0,0,2,0,0.9948580861091614,0,0,0,0
223182,0.10847157736619313,0.20507257680098215,0.4156405987222333,7.625640765131885,7,11,0,0,0,0,11,4,0.9880789688655308,0,0,0,0
50145,0.1582593470811844,0.41325583060582477,0.693774709560757,3.1756307142204476,5,11,0,0,0,0,7,2,0.9746265053749085,0,0,0,0
327601,0.14966828127702078,0.4009508391221364,0.6552468126961409,3.6719016581223096,3,3,0,0,0,0,3,0,0.9727611541748047,0,0,0,0
560911,0.12866813937822977,0.27935556570688885,0.5487345046892178,5.212754605993521,3,5,0,0,0,0,4,1,0.8325131932894388,0,0,0,0
347693,0.1398544336358706,0.368829349676768,0.6405789066528895,3.8685473226564944,0,2,0,0,0,0,0,0,,0,0,0,0
286507,0.15749175598224005,0.5102437237898508,0.7849940460290603,2.1026727450065597,1,1,0,0,0,0,1,0,0.987887442111969,0,0,0,0
331817,0.10679707179466884,0.2280653715133667,0.45609532056968133,6.818887669901297,11,17,2,0,0,1,10,1,0.9828603466351827,1,0,0,1
263796,0.1339541176954905,0.3004581332206726,0.594010677227772,4.52411497177586,2,1,0,0,0,0,2,0,0.9910042583942413,0,0,0,0
189436,0.13340775420268378,0.3255797823270162,0.6237184737154615,4.100227850615393,1,5,0,0,0,0,1,0,0.9958442449569702,0,0,0,0
384670,0.19409220417340597,0.6369714240233103,0.8525032803317382,1.386078824369545,3,4,0,0,0,0,3,0,0.9881349404652914,0,0,0,0
2431,0.11321686704953511,0.25305988887945813,0.5057064440387886,5.9220302454168925,6,9,1,0,0,1,5,0,0.9855939626693726,0,0,0,0
95155,0.1756805678208669,0.5504797399044037,0.7682543573298647,2.2898993572872115,7,8,0,0,0,0,9,2,0.9816805464880807,0,0,0,0
263966,0.14198695371548334,0.35381991664568585,0.6757333328857649,3.40449314935898,3,3,1,0,0,1,2,0,0.9904715418815613,0,0,0,0
579655,0.14761065691709518,0.3607358435789744,0.6797951259916327,3.352439071097047,3,16,0,0,0,0,4,1,0.9746051629384359,0,0,0,0
64084,0.11975653221209843,0.25040092567602795,0.51363439766992,5.786917992475315,9,17,1,0,1,1,10,2,0.9792821630835533,0,0,0,0
314182,0.11399015535910924,0.24539117018381754,0.497806697934558,6.058785286069231,6,9,1,0,1,1,8,3,0.9937180161476136,0,0,0,0
23937,0.17870215078194937,0.5294189055760702,0.7681498322599304,2.291081198926817,5,6,0,0,0,0,5,0,0.9625245690345764,0,0,0,0
311392,0.1279671291510264,0.31855130195617676,0.6488587453660606,3.7569967507418296,3,4,0,0,0,0,4,1,0.9854487776756287,0,0,0,0
64718,0.13896570851405463,0.3673149148623149,0.6884432071142512,3.242637618067736,3,3,0,0,0,0,3,0,0.989910622437795,0,0,0,0
523100,0.11907519648472469,0.23513385156790415,0.46297334983702265,6.688880151642426,7,10,0,0,0,0,8,1,0.9398486529077802,0,0,0,0
170955,0.1561212589343389,0.3947698970635732,0.6917914557085371,3.20049612488211,2,2,0,0,0,0,2,0,0.9653572142124176,0,0,0,0
498463,0.12443651258945465,0.29987632234891254,0.5932843226747953,4.534742551733435,2,2,0,0,0,0,2,0,0.9816324710845947,0,0,0,0
532058,0.12251847237348557,0.26008421182632446,0.5692002468408355,4.894698405009124,6,5,0,0,0,0,7,1,0.9881291190783182,0,0,0,0
525083,0.14332032203674316,0.38962943355242413,0.651136084980752,3.7265647208069135,8,9,0,0,0,0,13,5,0.9864097833633423,0,0,0,0
471087,0.14547479897737503,0.33117342988650006,0.584946114321723,4.657682792223495,2,2,0,0,0,0,3,1,0.9812066853046417,0,0,0,0
476770,0.13296111673116684,0.3587157229582469,0.6475037343976485,3.7751544499962923,5,16,0,0,0,0,6,1,0.984718668460846,0,0,0,0
517056,0.12736987074216208,0.29476454854011536,0.5483286376377059,5.219181431290956,9,15,1,0,1,1,11,3,0.9577831774950027,1,0,1,1
42102,0.18085390577713648,0.49734679857889813,0.773897944068759,2.2263261416420246,3,3,0,0,0,0,3,0,0.9897562861442566,0,0,0,0
581615,0.16459315021832785,0.3643041253089905,0.6496470171874767,3.746451024901961,1,1,0,0,0,0,2,1,0.982639491558075,0,0,0,0
357567,0.1746507709225019,0.43878597021102905,0.6794210616101359,3.35721988822809,2,2,0,0,0,0,3,1,0.9749490320682526,0,0,0,0
499266,0.11471743136644363,0.24967805544535318,0.5475077009923921,5.232195357154876,5,5,1,1,2,1,4,0,0.9913780291875204,0,0,0,0
423971,0.1454232633113861,0.38729891180992126,0.7093318103074496,2.9830112716260966,1,1,0,0,0,0,1,0,0.998208224773407,0,0,0,0
225757,0.11208968609571457,0.24878049393494925,0.5204418752789699,5.672555338637735,8,9,1,0,1,1,12,5,0.9852168474878583,0,0,0,0
30504,0.16464402278264365,0.43862854441006977,0.6722901266380943,3.448865336353692,3,3,0,0,0,0,4,1,0.9817129373550415,0,0,0,0
30675,0.17737424125274023,0.5542685190836588,0.845432208757915,1.4584242141387374,1,1,0,0,0,0,1,0,0.9926429390907288,0,0,0,0
214753,0.17301543553670248,0.5452459653218588,0.7891778121479834,2.05650267004808,4,4,0,0,0,0,7,3,0.9918746054172516,0,0,0,0
66926,0.09995568792025249,0.22738592326641083,0.5108287997526962,5.834492517088243,11,12,0,1,1,1,13,2,0.9841026604175568,0,0,0,0
289229,0.1483334923783938,0.4205533067385356,0.7178051001737402,2.8798692045514516,2,2,0,0,0,0,2,0,0.9829451143741608,0,0,0,0
146489,0.12463962535063426,0.2762346863746643,0.5823206806786997,4.696755719558412,5,6,1,0,1,1,5,1,0.9731709063053131,0,0,0,0
76731,0.14093317091464996,0.351420392592748,0.6713078953651408,3.461564899490951,1,1,0,0,0,0,2,1,0.9959926009178162,0,0,0,0
551794,0.17606483896573386,0.5254225333531698,0.7302166550523591,2.730965314473403,3,3,0,0,0,0,4,1,0.9840756058692932,0,0,0,0
255912,0.13477319727341333,0.31957624355951947,0.6569235439776351,3.649703456925983,4,5,1,0,0,1,6,3,0.9753097693125407,0,0,0,0
545594,0.10784887770811717,0.2058343936999639,0.46119595281192866,6.722290249539778,9,9,0,1,1,1,10,1,0.9678614437580109,0,0,0,0
86755,0.18359132607777914,0.5465448697408041,0.7898334419844485,2.0492896388358974,2,5,0,0,0,0,3,1,0.9890869855880737,0,0,0,0
128658,0.13219986607631048,0.3291454315185547,0.6392252594159614,3.8869214383299457,4,1,2,0,1,1,2,0,0.9889203608036041,0,0,0,0
367386,0.14033634960651398,0.35699500640233356,0.6332701392006166,3.9682197984665346,5,19,0,0,0,0,6,1,0.9535042881965637,0,0,0,0
185409,0.16721546153227487,0.4509801467259725,0.6912138446634831,3.20775143486744,8,12,1,1,1,1,8,1,0.9811549385388693,0,0,0,0
533206,0.12222643196582794,0.28441853324572247,0.6009472366626277,4.4232731500351345,8,8,1,0,0,1,13,6,0.9778884989874703,0,0,0,0
261061,0.1677746375401815,0.511990467707316,0.7831296130617256,2.123327068444398,2,5,0,0,0,0,2,0,0.980065107345581,0,0,0,0
230450,0.14671532809734344,0.38735635081926983,0.6399614325715215,3.8769239617619196,4,10,0,0,0,0,7,3,0.9764509797096252,0,0,0,0
443844,0.16236426929632822,0.5180888076623281,0.7621120395292602,2.3596235503084024,3,3,0,0,0,0,3,0,0.9902084271113077,0,0,0,0
130386,0.1448664739727974,0.3818894823392232,0.6589891313953118,3.622434961957934,6,12,0,0,0,0,7,1,0.9699678321679434,0,0,0,0
47121,0.15691318611303964,0.3849543035030365,0.7117875943620148,2.952991710376863,4,4,0,0,0,0,5,1,0.960335835814476,0,0,0,0
293044,0.13744353502988815,0.3286144932111104,0.6878922602382791,3.2495915390125236,2,4,0,0,0,0,5,3,0.9894798994064331,0,0,0,0
478721,0.1510260303815206,0.4842488467693329,0.7116750266240633,2.9543654745154875,8,13,0,0,0,0,8,0,0.9744320809841156,0,0,0,0
16249,0.12541293104489645,0.3075745503107707,0.5754001774639784,4.800600170025615,10,11,1,1,1,1,9,1,0.92794518917799,0,0,0,0
214200,0.14226403584082922,0.38911622762680054,0.6364859332772875,3.9242238014809665,4,4,0,0,0,0,9,5,0.9849028140306473,0,0,0,0
237316,0.1539367064833641,0.423873504002889,0.6743371849712331,3.4224578273021473,2,2,0,0,0,0,3,1,0.9801787436008453,0,0,0,0
112997,0.12777592490116754,0.27517972389856976,0.5506703500826184,5.182166134880111,2,2,1,0,1,1,1,0,0.9052304625511169,0,0,0,0
161032,0.16696056226889291,0.5035763184229533,0.7290978403488007,2.744283763615367,2,2,0,0,0,0,2,0,0.9878673553466797,0,0,0,0
189698,0.16373147070407867,0.4727238714694977,0.7340236921044643,2.6857984424367114,1,1,0,0,0,0,2,1,0.9960860013961792,0,0,0,0
279769,0.13495918611685434,0.31193708380063373,0.5804879866094139,4.724135274002634,1,2,0,0,0,0,2,1,0.9061570763587952,0,0,0,0
304545,0.12120546648899715,0.2728217840194702,0.5516566736243177,5.1666224721871625,1,1,0,0,0,0,1,0,0.9803552627563477,0,0,0,0
39405,0.1236158162355423,0.30178916454315186,0.5018113230656963,5.989190866427806,6,29,0,0,0,0,8,2,0.9706416527430216,0,0,0,0
581781,0.10546913494666417,0.20683195690313974,0.4296081213478257,7.338550345834438,6,13,0,0,0,0,6,0,0.8942036032676697,0,0,0,0
22892,0.11866041272878647,0.28305644790331524,0.5892533424261166,4.593958906896645,3,5,0,0,0,0,3,0,0.9931896527608236,0,0,0,0
267940,0.16569863756497702,0.4812064270178477,0.7536699866046714,2.456375585807681,1,2,0,0,0,0,2,1,0.9854550957679749,0,0,0,0
568213,0.1792932152748108,0.5040065050125122,0.7697723105281654,2.272754299255798,3,3,0,0,0,0,3,0,0.9811845819155375,0,0,0,0
451084,0.1809783081213633,0.5474102199077606,0.7636192710784301,2.3424624013396693,2,2,0,0,0,0,4,2,0.9864108562469482,0,0,0,0
183049,0.11770030359427135,0.25043265024820965,0.47634528420182715,6.44156259844231,3,14,1,0,0,1,2,0,0.9893712997436523,0,0,0,0
479126,0.14565532157818475,0.3990943431854248,0.6582302451923776,3.6324433214658445,7,8,0,0,0,0,10,3,0.9829651372773307,0,0,0,0
521052,0.12118371079365413,0.2988971024751663,0.5962479176783315,4.491462493372504,2,2,0,0,0,0,3,1,0.9911591410636902,0,0,0,0
8532,0.13883976886669794,0.3769041895866394,0.7039751210555918,3.048853776793947,2,2,0,0,0,0,2,0,0.9920259118080139,0,0,0,0
390301,0.15942349036534628,0.4262518386046092,0.6790829796815991,3.3615430882941357,1,1,0,0,0,0,1,0,0.9810694456100464,0,0,0,0
189475,0.10085008293390274,0.1986373116572698,0.4516172421261335,6.9045897132722,27,36,1,0,1,1,31,5,0.9812652101883521,1,0,1,1
448256,0.12746664385000864,0.3297542830308278,0.6305201960820248,4.006019961151663,4,6,1,0,0,1,6,3,0.9729043046633402,0,0,0,0
493442,0.19159236053625742,0.551291157801946,0.7933577089937303,2.0106190779981588,2,2,0,0,0,0,3,1,0.9828544557094574,0,0,0,0
206025,0.1328248530626297,0.38553984959920246,0.6905791613875375,3.215730617355022,2,2,0,0,0,0,2,0,0.9839965105056763,0,0,0,0
572555,0.14277049899101257,0.3742602964242299,0.6912446190296374,3.207364728495911,2,4,0,0,0,0,2,0,0.9697811901569366,0,0,0,0
461573,0.13319002091884613,0.3786168694496155,0.6544058500036863,3.6830565396391854,1,2,0,0,0,0,1,0,0.9960355758666992,0,0,0,0
289059,0.13689590245485306,0.3678460915883382,0.6789445928676618,3.3633133212727295,3,3,0,0,0,0,5,2,0.9871424237887064,0,0,0,0
475572,0.14423850923776627,0.3391793469587962,0.6481479688180986,3.766516712671763,4,6,0,0,0,0,4,0,0.9643714725971222,0,0,0,0
356498,0.14664310216903687,0.2961027721563975,0.6337822989089231,3.961197890277268,1,2,0,0,0,0,1,0,0.990654468536377,0,0,0,0
553731,0.12495953838030498,0.2938289940357208,0.6054741437526058,4.358087965871255,3,7,0,0,0,0,4,1,0.995665450890859,0,0,0,0
304291,0.16531742115815481,0.5033848385016123,0.7417832766926001,2.5944592390209613,1,1,0,0,0,0,1,0,0.9736232161521912,0,0,0,0
10764,0.17803349594275156,0.6029635270436605,0.8738702220939562,1.1710611874352832,2,2,0,0,0,0,2,0,0.977946013212204,0,0,0,0
496954,0.1067483772834142,0.23027408123016357,0.5075560006398143,5.890320667226919,7,6,0,0,0,0,10,3,0.9814743059022086,0,0,0,0
238013,0.14890615890423456,0.4155876139799754,0.7223214756693029,2.82538945480793,4,4,1,0,1,1,3,0,0.9811910192171732,0,0,0,0
418961,0.14733229825894037,0.3652488986651103,0.662089281502998,3.5816688562320294,1,1,0,0,0,0,2,1,0.980543315410614,0,0,0,0
261161,0.13790049652258554,0.38023850321769714,0.7116821962283953,2.9542779709837284,2,2,0,0,0,0,2,0,0.9885577261447906,0,0,0,0
423229,0.1626580407222112,0.46092984080314636,0.7502657530548706,2.495697541708205,1,12,0,0,0,0,1,0,0.9920419454574585,0,0,0,0
430056,0.14770393570264181,0.355144460995992,0.6527854368323621,3.704590858793875,3,3,1,0,0,1,3,1,0.9814755022525787,1,0,0,1
110638,0.13352337976296744,0.33965693910916644,0.6652537627797381,3.5402532066369097,3,3,0,0,0,0,3,0,0.984540601571401,0,0,0,0
229216,0.13913742701212564,0.31366849939028424,0.6212865147260568,4.13416145642335,3,3,0,0,0,0,3,0,0.9923770229021708,0,0,0,0
314541,0.1710543135801951,0.5437002877394358,0.7465814879035259,2.538455659236927,1,1,0,0,0,0,2,1,0.9757150411605835,0,0,0,0
403565,0.16379819313685098,0.5141374468803406,0.7574199332986118,2.4132653915476183,3,3,0,0,0,0,3,0,0.9778655370076498,0,0,0,0
329827,0.18030546108881632,0.5543161233266195,0.8024531792966133,1.911605958930862,1,2,0,0,0,0,2,1,0.9925336837768555,0,0,0,0
277051,0.12490890423456828,0.279059757788976,0.5692188711801287,4.894414205713563,7,10,1,0,1,1,8,2,0.9388624231020609,1,0,1,1
174371,0.10714356104532878,0.2484016716480255,0.5154427542740649,5.7563912199627385,9,8,1,0,0,1,8,0,0.9919722452759743,0,0,0,0
213171,0.17414521674315134,0.47835617264111835,0.7202502784905211,2.8503313024817563,2,2,0,0,0,0,2,0,0.9897514879703522,0,0,0,0
320696,0.19087664286295572,0.5914322833220164,0.8336487032772982,1.5803384205572173,1,2,0,0,0,0,2,1,0.9896515011787415,0,0,0,0
492992,0.1566530242562294,0.46930070718129474,0.755330537161163,2.4372591382426365,2,2,0,0,0,0,3,1,0.9945730268955231,0,0,0,0
153632,0.13575881471236548,0.28694990277290344,0.5623915162400178,4.9992247867182815,3,4,1,0,1,1,4,2,0.9680135548114777,0,0,0,0
226592,0.12452852229277293,0.2958599229653676,0.5951727027334769,4.507139913627983,1,1,0,0,0,0,1,0,0.9937819242477417,0,0,0,0
491216,0.13406340777873993,0.29262379308541614,0.5351052064257683,5.431216468798159,6,16,1,0,0,1,6,1,0.9574467301368713,0,0,0,0
488385,0.13465532660484314,0.319748987754186,0.6300461362123656,4.012552948426228,2,2,0,0,0,0,2,0,0.9893403053283691,0,0,0,0
53505,0.164079616467158,0.4642309049765269,0.7060281296880166,3.02355990743665,7,9,0,0,0,0,8,1,0.977198098387037,0,0,0,0
4134,0.12616202980279922,0.29257466395696,0.5739806841816336,4.822054448015413,14,26,0,0,0,0,17,3,0.9722049619470324,0,0,0,0
15278,0.12849312275648117,0.23715781172116598,0.5373318244132664,5.395148736447747,2,1,0,0,0,0,2,0,0.9930881857872009,0,0,0,0
38118,0.20967150231202444,0.6976092060407003,0.9043717659217007,0.8730600918544464,1,2,0,0,0,0,1,0,0.9848289489746094,0,0,0,0
177893,0.15866165359814963,0.46132177114486694,0.7338262147656773,2.6881355565694887,3,3,0,0,0,0,3,0,0.9819228053092957,0,0,0,0
80671,0.2013771484295527,0.6265155474344889,0.8286985509640389,1.632068410983417,2,2,0,0,0,0,2,0,0.9708749651908875,0,0,0,0
290833,0.13802491376797357,0.3719138602415721,0.7114150519621444,2.9575390069309258,2,2,0,0,0,0,2,0,0.9971226155757904,0,0,0,0
347335,0.11880778769652049,0.24562041461467743,0.4939546570163609,6.12625831348622,2,5,0,0,0,0,4,2,0.9957752227783203,0,0,0,0
326462,0.11170787115891774,0.24666190147399902,0.4539741878336023,6.859376793083433,2,2,0,0,0,0,2,0,0.9632745087146759,0,0,0,0
550691,0.148182379702727,0.4127656916777293,0.7146733807400157,2.9178478731023954,6,8,0,0,0,0,7,1,0.9687463641166687,0,0,0,0
51598,0.18664243320624033,0.5247894624869028,0.7650458896794138,2.32625027635732,2,2,0,0,0,0,3,1,0.9888131618499756,0,0,0,0
241602,0.16610166927178702,0.47492286562919617,0.7170992870879896,2.8884141851324556,2,7,0,0,0,0,2,0,0.9867516160011292,0,0,0,0
286907,0.1629153167208036,0.45782918731371564,0.6970711241447336,3.1344581468576846,1,1,0,0,0,0,1,0,0.990295946598053,0,0,0,0
304560,0.15663349628448486,0.4801661769549052,0.758234144098557,2.403933254437684,1,1,0,0,0,0,1,0,0.9974712133407593,0,0,0,0
283412,0.13142870118220648,0.31925270954767865,0.6463721125324949,3.790347785836426,3,3,0,0,0,0,3,0,0.9911417961120605,0,0,0,0
98520,0.16792316734790802,0.548027922709783,0.8080319712249903,1.851429105005841,1,3,0,0,0,0,1,0,0.9917024374008179,0,0,0,0
331075,0.1325897897283236,0.3413007656733195,0.6569760270689933,3.649009549492432,1,1,0,0,0,0,1,0,0.9963824152946472,0,0,0,0
306582,0.1608624905347824,0.44717687368392944,0.6704195119810332,3.4730670885586097,3,7,1,0,1,1,4,2,0.9849092960357666,0,0,0,0
330369,0.14503694822390875,0.4131910701592763,0.7498734091404726,2.500240928220883,1,4,0,0,0,0,1,0,0.9982948303222656,0,0,0,0
50006,0.15800830721855164,0.47638361652692157,0.7682538944969235,2.289904590081559,4,11,0,1,1,1,5,1,0.9581040740013123,0,0,0,0
243344,0.146328404545784,0.37299105525016785,0.660476414368657,3.6028537288144595,2,2,0,0,0,0,2,0,0.9702500104904175,0,0,0,0
559513,0.12000531454881032,0.261567364136378,0.5542433153054862,5.125990723618069,6,5,2,0,0,1,4,0,0.9887324124574661,0,1,0,1
572517,0.17462212344010672,0.46925994753837585,0.7300534381429958,2.7329069882422563,2,2,1,0,1,1,1,0,0.9846336245536804,1,0,1,1
408112,0.15623974800109863,0.49144123991330463,0.7568389397143518,2.419930627579417,4,10,0,0,0,0,6,2,0.9671864211559296,0,0,0,0
276804,0.14755881081024805,0.4342846671740214,0.6590007352023857,3.6222820178569486,6,8,0,0,0,0,8,2,0.984312911828359,0,0,0,0
1818,0.1300702542066574,0.3579372862974803,0.6966157207812927,3.1401345777012923,1,2,0,0,0,0,1,0,0.995759129524231,0,0,0,0
377368,0.1257883608341217,0.2620461980501811,0.5347662905041594,5.436719534163665,5,9,0,0,0,0,9,4,0.9881614089012146,0,0,0,0
73326,0.10677911837895711,0.2224005957444509,0.5061992507455498,5.9135700400275955,6,14,0,0,0,0,6,0,0.9873242278893789,0,0,0,0
323799,0.1457984894514084,0.4031478563944499,0.6403878600318296,3.8711381937418547,15,16,0,0,0,0,18,3,0.9794103821118673,0,0,0,0
45090,0.22799531122048697,0.6715043783187866,0.8957515722379659,0.9562484176065905,3,4,0,0,0,0,3,0,0.9613476792971293,0,0,0,0
408774,0.1709094444910685,0.5409075617790222,0.7829658337884706,2.1251437759771883,5,6,0,0,0,0,7,2,0.9805117726325989,0,0,0,0
191471,0.1333335613210996,0.4113241533438365,0.708677644153511,2.991025344315501,1,1,1,0,1,1,0,0,,0,0,0,0
148620,0.11818782240152359,0.3196314473946889,0.6291768188348076,4.024545734884287,4,5,0,0,0,0,4,0,0.9861925393342972,0,0,0,0
407825,0.10017622758944829,0.2074113388856252,0.3708273400716309,8.616565080382093,3,5,0,0,0,0,4,1,0.9928152561187744,0,0,0,0
384808,0.14515220125516257,0.34288233518600464,0.5964930628727328,4.487892054914237,5,7,1,0,1,1,5,1,0.9882722944021225,0,0,0,0
451090,0.17661085724830627,0.5811866323153178,0.8377353118987292,1.5378635591346952,1,1,0,0,0,0,1,0,0.9864882230758667,0,0,0,0
439994,0.12408234924077988,0.29314624269803363,0.5104491022467544,5.840951113280247,4,23,0,0,0,0,6,2,0.9904906451702118,0,0,0,0
179214,0.13168775538603464,0.3012898763020833,0.6120226112805123,4.26465064947593,1,1,0,0,0,0,1,0,0.996748149394989,0,0,0,0
561958,0.1507373253504435,0.4258474111557007,0.6709836744356151,3.4657609286255098,11,26,0,0,0,0,13,2,0.9852646535093134,0,0,0,0
147729,0.12103284150362015,0.27061912417411804,0.5870824815205846,4.62601757461174,8,10,0,0,0,0,8,0,0.9802358597517014,0,0,0,0
554838,0.1308268134792646,0.32253334919611615,0.5931517949453693,4.536683020705123,3,3,1,0,1,1,2,0,0.9909601509571075,0,0,0,0
352684,0.14911039173603058,0.40188103914260864,0.620354097430609,4.147206898345917,10,10,1,0,1,1,13,4,0.9804709023899503,0,0,1,1
439593,0.13352210819721222,0.3464498023192088,0.6570629224662953,3.647860780146761,8,10,0,0,0,0,10,2,0.9495082050561905,0,0,0,0
553788,0.17294315000375113,0.4633653461933136,0.7893429773590556,2.054685010362898,3,3,0,0,0,0,3,0,0.9649026791254679,0,0,0,0
478393,0.11551346133152644,0.2577778945366542,0.5510060953629246,5.176871937017244,4,4,0,0,0,0,4,0,0.9963312447071075,0,0,0,0
329323,0.12110850711663564,0.26048973202705383,0.5172870877126392,5.725367242378482,11,13,1,1,1,1,10,1,0.9486274586783515,0,0,0,0
251572,0.1299812172849973,0.2844265103340149,0.5946502488155438,4.514767901233852,2,3,0,0,0,0,3,1,0.990478128194809,0,0,0,0
159458,0.14032128204902014,0.4062595069408417,0.6923155174094758,3.193918681947685,4,3,0,0,0,0,5,1,0.9886799603700638,0,0,0,0
235241,0.1342679833372434,0.37715619802474976,0.7079076593177521,3.0004677745717596,7,7,0,0,0,0,8,1,0.9902536017554147,0,0,0,0
296649,0.1615451673666636,0.4059283336003621,0.6343514368383778,3.9534014419427823,13,25,1,0,1,1,16,4,0.9693289597829183,1,0,1,1
163611,0.11173879355192184,0.23113742967446646,0.5022951021466385,5.980821132053238,7,6,0,1,0,1,8,1,0.987821082274119,0,1,0,1
76416,0.1298676778872808,0.3660150667031606,0.6354598329355753,3.9382379151261526,4,7,1,0,1,1,3,0,0.9854884346326193,0,0,0,0
127494,0.14491260796785355,0.2970914940039317,0.6106993400388288,4.283450986611255,3,1,0,0,0,0,3,0,0.9896803498268127,0,0,0,0
543043,0.13499998797972998,0.35364014903704327,0.6236101531646041,4.1017364512076835,2,4,0,0,0,0,2,0,0.9940460622310638,0,0,0,0
54931,0.15566076586643854,0.4229310949643453,0.6797632329008569,3.352846585588696,2,2,0,0,0,0,3,1,0.9931561648845673,0,0,0,0
324158,0.16652371982733408,0.5306092798709869,0.7543220426938302,2.4488640241134507,5,15,1,0,1,1,4,0,0.9887635856866837,1,0,1,1
161128,0.16368220746517181,0.4591118295987447,0.703625557019073,3.053167890522865,5,14,0,0,0,0,6,1,0.982658839225769,0,0,0,0
535608,0.17937188843886057,0.5753320852915446,0.8184780962067841,1.7398587703386044,7,11,0,0,0,0,9,2,0.9788475377219064,0,0,0,0
138954,0.10188715408245723,0.18889226019382477,0.3549598501181241,8.996415353448093,4,2,0,0,0,0,5,1,0.9812378585338593,0,0,0,0
473406,0.12276521076758702,0.2652851889530818,0.509319846937658,5.860188002195397,6,9,0,0,0,0,8,2,0.9841454525788625,0,0,0,0
294350,0.13004845132430395,0.32202831904093426,0.5950293081725395,4.509232851340428,5,13,0,0,0,0,7,2,0.9878528475761413,0,0,0,0
526256,0.1597562978665034,0.44909970959027606,0.6754657618903115,3.407933193355781,2,2,0,0,0,0,3,1,0.9956018924713135,0,0,0,0
231527,0.11817448337872823,0.2599855860074361,0.5395413960947947,5.3595045726948864,8,9,0,0,0,0,9,1,0.990528903901577,0,0,0,0
465718,0.1166026492913564,0.26590050260225934,0.5815386870102937,4.708427768453885,6,12,0,0,0,0,9,3,0.9888542393843333,0,0,0,0
247838,0.18480397264162698,0.5984230240186056,0.8191498430145568,1.7327329527770634,7,12,2,0,2,1,5,0,0.9805333495140076,1,0,1,1
12639,0.14281237622102103,0.37557875116666156,0.609572312537978,4.299495347314441,14,15,1,0,0,1,15,2,0.9760541594945468,0,0,0,0
110359,0.21409807602564493,0.739343265692393,0.9314908470716706,0.6164281634126638,1,1,0,0,0,0,2,1,0.973230242729187,0,0,0,0
417043,0.15818769733111063,0.4501217007637024,0.7115631703658243,2.9557307710883967,1,1,0,0,0,0,1,0,0.9947598576545715,0,0,0,0
99182,0.14281884332497916,0.3561663130919139,0.6426240792082437,3.840860108172272,5,3,1,0,0,1,4,0,0.9843704849481583,0,0,0,0
434996,0.1254082272450129,0.26227072874705,0.569341001528893,4.892550780240171,5,5,0,0,0,0,5,0,0.98324556350708,0,0,0,0
485895,0.18350965281327566,0.5984142522017161,0.8150886230303882,1.7759033736519745,1,1,0,0,0,0,2,1,0.9895955920219421,0,0,0,0
450686,0.15295633922020593,0.4362125297387441,0.7471814332948901,2.531478568475735,2,2,0,0,0,0,2,0,0.9798510670661926,0,0,0,0
504711,0.11414879063765208,0.2590707987546921,0.5552174503748087,5.110737850977993,2,2,1,0,1,1,1,0,0.9724316596984863,1,0,1,1
344816,0.14755524694919586,0.4417106509208679,0.7221479867449668,2.8274759034268415,1,1,0,0,0,0,1,0,0.9974650740623474,0,0,0,0
257624,0.13205232719580332,0.38625144958496094,0.6845732519455169,3.2916014775942903,3,3,0,0,0,0,3,0,0.9925663669904073,0,0,0,0
199310,0.14993502448002496,0.4213629364967346,0.6930646190683192,3.1845254261917937,2,2,0,0,0,0,2,0,0.9861890375614166,0,0,0,0
554579,0.11790964504082997,0.2605808774630229,0.505406701615508,5.927180073991306,5,6,0,0,0,0,5,0,0.9861155867576599,0,0,0,0
439426,0.11678177118301392,0.2843141009410222,0.5662771090940067,4.939419874482976,4,4,0,0,0,0,4,0,0.9899476021528244,0,0,0,0
335450,0.150103231271108,0.4533349772294362,0.7299042641692767,2.7346819830589597,2,3,0,0,0,0,2,0,0.9685592949390411,0,0,0,0
491757,0.16670092195272446,0.4410161276658376,0.7693181883407351,2.2778799956584237,2,2,0,0,0,0,3,1,0.9916588962078094,0,0,0,0
407403,0.1625361293554306,0.4359788993994395,0.6945213313354136,3.16628821842672,1,1,0,0,0,0,2,1,0.9807515144348145,0,0,0,0
33109,0.14022476226091385,0.41932761669158936,0.6580215823291908,3.6351972361476554,7,9,1,0,1,1,6,0,0.9749599397182465,0,0,0,0
474167,0.11791883160670598,0.26449282467365265,0.5347065346796049,5.437690166582984,8,9,1,0,1,1,8,1,0.9843308585030692,0,0,0,0
186929,0.1469582443435987,0.3015325168768565,0.5837281907146606,4.675786645149266,10,1,6,2,0,1,3,0,0.9803526997566223,0,3,0,1
273617,0.1813917557398478,0.5755061407883962,0.8123439361369688,1.8052011407588204,1,1,0,0,0,0,1,0,0.9896318912506104,0,0,0,0
201775,0.15175041059652963,0.4300871392091115,0.6769379108751984,3.389023264432138,4,3,1,0,0,1,3,0,0.9933779040972391,0,0,0,0
13201,0.1657626653711001,0.4569409688313802,0.7155605737911646,2.9070719271196777,2,2,0,0,0,0,2,0,0.9880361557006836,0,0,0,0
79651,0.12826108684142432,0.27098771929740906,0.5695681958987074,4.889085385012473,6,5,2,0,0,1,4,0,0.8467583358287811,0,0,0,0
170116,0.11946592976649602,0.2984456916650136,0.563118020731154,4.988011485540997,0,9,0,0,0,0,0,0,,0,0,0,0
290293,0.19446974992752075,0.5493327776590983,0.8513549701532348,1.3977864848958852,2,4,0,0,0,0,2,0,0.9409476816654205,0,0,0,0
51008,0.10384785508116086,0.2212662398815155,0.5420424811883046,5.3193335082475235,3,2,0,0,0,0,3,0,0.9930497407913208,0,0,0,0
464358,0.1534345199664434,0.42347292105356854,0.7167787288646673,2.8922978256733685,3,3,0,0,0,0,4,1,0.9878920714060465,0,0,0,0
62353,0.14956929783026376,0.4179992179075877,0.6557899691370387,3.6647046103550203,7,9,0,0,0,0,7,0,0.9829070738383702,0,0,0,0
485424,0.14842326442400613,0.3376170297463735,0.6002997936370535,4.432636118799709,5,9,0,0,0,0,5,0,0.9842258572578431,0,0,0,0
99810,0.15805920958518982,0.3805228074391683,0.6759170436898319,3.402132047987019,7,8,4,0,4,1,3,0,0.979711095492045,0,0,0,0
345361,0.12060505151748657,0.28444381554921466,0.5824647366323191,4.694607248084391,11,11,2,0,3,1,11,2,0.9837071961826749,0,0,0,0
177539,0.17067846655845642,0.4632122615973155,0.7622174417904302,2.3584223501468844,1,2,0,0,0,0,1,0,0.9940266609191895,0,0,0,0
130566,0.15690512458483377,0.4700430929660797,0.7219586041343847,2.8297540683139815,1,1,0,0,0,0,1,0,0.9839054942131042,0,0,0,0
191614,0.1319570690393448,0.3743852178255717,0.587798492285122,4.615430644720032,3,3,0,0,0,0,4,1,0.9889906247456869,0,0,0,0
323355,0.12431881328423817,0.2807190517584483,0.5768798229247885,4.778293015105423,3,3,0,0,0,0,3,0,0.9879006942113241,0,0,0,0
14831,0.13996792833010355,0.39647433161735535,0.6993448173831969,3.1061727837285824,1,2,0,0,0,0,1,0,0.9984033703804016,0,0,0,0
202228,0.16034899900356928,0.45506595571835834,0.6867285141547445,3.2642983914790764,1,1,0,0,0,0,2,1,0.9777186512947083,0,0,0,0
261116,0.11460937311251958,0.254195640484492,0.5095463118143659,5.856326751251924,6,11,0,0,0,0,7,1,0.9745006362597147,0,0,0,0
480985,0.12307503322760265,0.2934548457463582,0.5689710326194264,4.8981968757463115,6,13,0,0,0,0,8,2,0.9722834726174673,0,0,0,0
17178,0.1525332604845365,0.4863538444042206,0.7463544841202986,2.541097071676146,5,5,2,0,1,1,5,2,0.9930925965309143,0,0,0,0
299720,0.1518034115433693,0.4502110381921132,0.733266287842026,2.694765627531904,1,1,0,0,0,0,1,0,0.9921654462814331,0,0,0,0
179653,0.16662256916364035,0.5222084820270538,0.7235909566722082,2.810137390470579,1,1,0,0,0,0,2,1,0.9912175536155701,0,0,0,0
489046,0.1558626095453898,0.44181759158770245,0.7315101389121849,2.7155930013516985,1,1,0,0,0,0,2,1,0.9957954287528992,0,0,0,0
156076,0.1086862434943517,0.22087456285953522,0.4908107331688687,6.181718971669827,11,19,0,0,0,0,13,2,0.9845282597975298,0,0,0,0
378515,0.14814718067646027,0.31407900154590607,0.5654935205984872,4.9514473367667735,10,23,0,1,1,1,11,2,0.9744858476850722,0,1,1,1
407002,0.17099704841772714,0.5010888775189718,0.7331165815770613,2.696539150841875,2,2,0,0,0,0,2,0,0.9616706967353821,0,0,0,0
402346,0.10785127679506938,0.23849928379058838,0.5212445631510527,5.659169238188602,6,3,1,0,0,1,5,0,0.9929800152778625,0,0,0,0
430048,0.16921451687812805,0.4955209692319234,0.7395245351155738,2.6209482578570675,2,2,0,0,0,0,2,0,0.9885165691375732,0,0,0,0
552612,0.13231532027324042,0.38085288802782696,0.6189480059391181,4.166916637760526,8,10,0,0,0,0,10,2,0.9903310686349869,0,0,0,0
22935,0.13494636366764703,0.3380156656106313,0.6800859205506464,3.3487243204696098,3,3,0,0,0,0,3,0,0.9923215707143148,0,0,0,0
357238,0.20641466975212097,0.7004116376241049,0.877076225896318,1.1392532171132383,2,2,0,0,0,0,2,0,0.9767546653747559,0,0,0,0
244099,0.2119233508904775,0.7082687218983968,0.8982913911089451,0.9316552483206535,2,2,0,0,0,0,3,1,0.9910688996315002,0,0,0,0
297396,0.11082099129756291,0.24317346016565958,0.5353754355114861,5.426831186199959,2,9,1,0,1,1,3,2,0.6596328020095825,0,1,1,1
223130,0.17495478689670563,0.5089166164398193,0.745904914142882,2.5463306327193718,1,1,0,0,0,0,1,0,0.9936408996582031,0,0,0,0
363188,0.11887369801600774,0.3157629768053691,0.6041891621346619,4.376541386197729,9,18,1,0,1,1,11,3,0.9859231412410736,0,0,0,0
405972,0.13980245838562647,0.40034717321395874,0.698155448054005,3.120957372300059,3,3,0,0,0,0,4,1,0.9872558315594991,0,0,0,0
447187,0.14565414686997732,0.3873482247193654,0.6728977546647923,3.4410184171044076,4,7,0,0,0,0,6,2,0.9900527745485306,0,0,0,0
66771,0.11381306499242783,0.23013151188691458,0.4922716919576695,6.1559027515387665,10,11,1,0,1,1,11,2,0.9899579286575317,0,0,0,0
165039,0.1362004280090332,0.3760731716950734,0.6729004402496439,3.4409837511437575,10,23,1,0,1,1,11,2,0.9797331028514438,0,0,0,0
174018,0.115098570783933,0.24633866548538208,0.570185631347729,4.879674621801597,2,2,0,0,0,0,2,0,0.991751104593277,0,0,0,0
51961,0.15752987563610077,0.4072108566761017,0.6618555547086021,3.5847356383322255,1,1,0,0,0,0,1,0,0.9886470437049866,0,0,0,0
236308,0.2209519644578298,0.7188947598139445,0.9237040159681207,0.6893433640047825,5,7,1,0,1,1,6,2,0.9793635606765747,0,0,0,0
361103,0.13449772198994955,0.3424277404944102,0.6081918415516966,4.319188197906904,15,26,2,0,1,1,18,5,0.9845739740591782,1,0,1,1
512657,0.14095452427864075,0.3628812829653422,0.6588330037750286,3.6244930656266847,8,10,3,0,1,1,7,2,0.9858703970909118,1,0,0,1
280918,0.11346190919478734,0.24471441904703775,0.5242421652961949,5.6093610253231425,3,6,0,0,0,0,3,0,0.9504676461219788,0,0,0,0
500464,0.14822224527597427,0.3869223395983378,0.6385866706387164,3.895603016541202,1,5,0,0,0,0,2,1,0.9927889108657837,0,0,0,0
191761,0.12592658400535583,0.3172541558742523,0.5856295052747363,4.6475410141571665,3,4,1,0,0,1,2,0,0.9926408529281616,1,0,0,1
223955,0.17240181813637415,0.5915990074475607,0.8246959183850258,1.6741230971512806,2,2,0,0,0,0,2,0,0.9768509566783905,0,0,0,0
163117,0.12437098224957784,0.3258021076520284,0.5557679372690807,5.102130233172517,16,27,1,0,0,1,17,2,0.96413228114446,0,0,0,0
81394,0.13052486131588617,0.3464522163073222,0.6482318110383093,3.7653932081492583,4,6,0,0,0,0,5,1,0.9647450596094131,0,0,0,0
510329,0.14658039808273315,0.40241782863934833,0.6494861261398683,3.7486024316266704,4,4,0,0,0,0,6,2,0.9890756756067276,0,0,0,0
217614,0.17719400922457376,0.5005384981632233,0.6936348737968887,3.1773816002329083,1,1,0,0,0,0,2,1,0.9965742826461792,0,0,0,0
376900,0.1445505345861117,0.39656952023506165,0.6303169072275019,4.008820869477886,7,14,2,0,1,1,7,2,0.9865509748458863,0,0,0,0
216739,0.16244894762833914,0.5374832153320312,0.8109716576584972,1.8198864703417712,3,4,0,0,0,0,3,0,0.982827881971995,0,0,0,0
338625,0.14629419893026352,0.41354334354400635,0.6840470138074001,3.298280973332672,4,14,0,0,0,0,7,3,0.9852680414915085,0,0,0,0
492110,0.13578864187002182,0.3079756995042165,0.5873122516250954,4.622618789281655,11,15,0,0,0,0,14,3,0.9859727350148287,0,0,0,0
203488,0.1568682591120402,0.42968257268269855,0.6840180113883093,3.2986492479495317,4,2,0,0,0,0,6,2,0.9912164509296417,0,0,0,0
184978,0.1776692271232605,0.4872708817323049,0.6983930119396319,3.1180022958790685,1,2,0,0,0,0,1,0,0.9848824143409729,0,0,0,0
347174,0.14247999837001166,0.35603582859039307,0.6663827371408579,3.5255252398757566,2,2,0,0,0,0,2,0,0.9507764577865601,0,0,0,0
196759,0.1432406802972158,0.4306379059950511,0.7545547646104699,2.4461846842355555,5,4,0,0,0,0,5,0,0.973605751991272,0,0,0,0
363875,0.10534456620613734,0.20989041030406952,0.424021920786949,7.452233819526217,2,3,0,0,0,0,2,0,0.992771565914154,0,0,0,0
11122,0.17132554948329926,0.47775210936864215,0.7059813041991878,3.0241359956958407,1,1,1,0,1,1,0,0,,0,0,0,0
486479,0.1427271862824758,0.3891500135262807,0.7193655065720514,2.8610078069852807,1,2,0,0,0,0,1,0,0.9953824877738953,0,0,0,0
338718,0.14014948159456253,0.3534199893474579,0.626666341733594,4.059272612843387,3,2,1,0,0,1,3,1,0.9925794005393982,0,0,0,0
67213,0.134646567205588,0.37662145495414734,0.6610960494109211,3.594708761913475,11,14,2,0,2,1,12,3,0.9760857158237033,0,0,0,0
20247,0.17918856938680014,0.5497746765613556,0.7768413059454071,2.193353806511075,2,2,0,0,0,0,2,0,0.9804740846157074,0,0,0,0
252507,0.1880864550669988,0.6121167143185934,0.8336514818683135,1.5803094701197098,2,2,0,0,0,0,3,1,0.989260196685791,0,0,0,0
49810,0.1352328136563301,0.32010302941004437,0.657532319274919,3.6416579141694925,3,3,0,0,0,0,3,0,0.99409552415212,0,0,0,0
295797,0.16870159407456717,0.5247795780499777,0.8029261933748805,1.9064874825508702,2,2,0,0,0,0,3,1,0.9864514470100403,0,0,0,0
183716,0.13034377992153168,0.26095135509967804,0.5680570395121073,4.91216107797604,4,5,0,0,0,0,5,1,0.9683789759874344,0,0,0,0
154718,0.13944600522518158,0.31175000468889874,0.6127240067469073,4.254702070414603,1,2,0,0,0,0,1,0,0.9922882318496704,0,0,0,0
516916,0.12569241970777512,0.30252885321776074,0.574229235085396,4.818294010630199,12,10,1,0,0,1,15,4,0.9848830916664817,0,0,0,0
522751,0.2009429633617401,0.5996560752391815,0.8723851412494515,1.1858348015349325,4,6,0,0,0,0,6,2,0.9865875244140625,0,0,0,0
133244,0.14925923943519592,0.429641713698705,0.6947521861402401,3.1634015595357616,12,20,2,0,2,1,11,1,0.9868969976902008,0,0,0,0
115885,0.11777326216300328,0.2756947974363963,0.5786573766875234,4.751570122943181,2,3,0,0,0,0,2,0,0.9868584871292114,0,0,0,0
223959,0.16376530130704245,0.42639731367429096,0.7199653651705511,2.853767906849789,2,2,0,0,0,0,2,0,0.9890452027320862,0,0,0,0
369081,0.16451873630285263,0.5494223038355509,0.8259553890188359,1.660868177712422,3,3,0,0,0,0,4,1,0.9902855157852173,0,0,0,0
478420,0.14439705510934195,0.36962037285168964,0.6560555779693545,3.6611873532495554,3,3,0,0,0,0,3,0,0.9870965083440145,0,0,0,0
476491,0.18300587932268778,0.5279489755630493,0.7632903145472976,2.346204967626819,1,0,0,0,0,0,1,0,0.9676417708396912,0,0,0,0
8690,0.11957409729560216,0.2921221852302551,0.5708675590148318,4.869292723371623,3,5,0,0,0,0,4,1,0.9825101693471273,0,0,0,0
256518,0.12533723066250482,0.27904287974039715,0.5706274738960182,4.87294644558045,5,8,0,0,0,0,6,1,0.9917616844177246,0,0,0,0
176606,0.1636575311422348,0.4530545175075531,0.6821866347109091,3.3219358694361354,3,4,0,0,0,0,3,0,0.971462607383728,0,0,0,0
463174,0.15318186581134796,0.43868934114774066,0.7446707470422802,2.5607141248956773,3,3,0,0,0,0,4,1,0.9875984390576681,0,0,0,0
133087,0.15262424449125925,0.4561058779557546,0.7368797361269329,2.652067724456883,3,4,0,0,0,0,4,1,0.9761933088302612,0,0,0,0
123131,0.1619718074798584,0.47651516397794086,0.7589538827883783,2.395692257031683,2,4,0,0,0,0,2,0,0.9934558868408203,0,0,0,0
30785,0.11986597875754039,0.25530385971069336,0.569772731383756,4.885966787888919,3,10,0,0,0,0,3,0,0.9755308429400126,0,0,0,0
276018,0.12218773116668065,0.26437898476918537,0.5616132782378191,5.011252654415344,9,12,0,1,0,1,11,3,0.9847756996750832,0,0,0,0
551820,0.15577048559983572,0.4078478515148163,0.647172964218376,3.779592675135132,16,16,1,0,1,1,18,3,0.9678376475969951,0,0,0,0
226802,0.17938527464866638,0.5498768389225006,0.802961385688148,1.9061067877211886,14,22,0,0,0,0,14,0,0.9714394722666059,0,0,0,0
394940,0.1278246541817983,0.2947222093741099,0.5892524039856087,4.593972739991152,3,4,0,0,0,0,3,0,0.9791868130366007,0,0,0,0
469192,0.146449347337087,0.4443822999795278,0.7374176112629516,2.645729892694419,10,15,0,0,0,0,11,1,0.9739213526248932,0,0,0,0
185599,0.11135533452033997,0.2594488213459651,0.5900490686753201,4.582237415671782,4,6,1,0,1,1,5,2,0.9948583841323853,1,0,1,1
109055,0.12370975067218144,0.26454858481884,0.5656599981129934,4.94889064520415,2,2,1,0,1,1,1,0,0.990066647529602,0,0,0,0
180296,0.13677959392468134,0.33381254474322003,0.6489285129147556,3.7560628638894196,1,5,0,0,0,0,1,0,0.9967244267463684,0,0,0,0
447342,0.16075020035107931,0.4741608798503876,0.711769683815095,2.953210274162524,6,13,0,0,0,0,7,1,0.9835870862007141,0,0,0,0
119828,0.12660271922747293,0.2838604748249054,0.5751810546929036,4.803908543526867,4,6,1,0,1,1,4,1,0.9804636637369791,0,0,0,0
535578,0.154498224457105,0.4627777437369029,0.6945306329334822,3.166171890663092,9,11,0,0,0,0,10,1,0.9821812113126119,0,0,0,0
496597,0.1796140025059382,0.5877674023310343,0.780654268585937,2.1508252248620128,2,3,0,0,0,0,2,0,0.9806430339813232,0,0,0,0
545129,0.16209189593791962,0.449070284763972,0.6943949178100778,3.167869327343162,3,3,0,0,0,0,4,1,0.9895330866177877,0,0,0,0
563702,0.15524259706338248,0.480546514193217,0.7405141431252671,2.6093328489296184,2,5,0,0,0,0,2,0,0.9804338216781616,0,0,0,0
311394,0.12844436367352804,0.27657219767570496,0.5759695247329429,4.792009900648876,2,2,0,0,0,0,4,2,0.9811796844005585,0,0,0,0
410934,0.14794919391473135,0.3751448194185893,0.6633940356612802,3.5645687477096355,1,1,0,0,0,0,2,1,0.9911140203475952,0,0,0,0
190648,0.1476262186964353,0.40945876638094586,0.684730420354529,3.289607548141124,2,2,0,0,0,0,2,0,0.9870314598083496,0,0,0,0
466339,0.1938915103673935,0.5548535088698069,0.7887831585991423,2.0608474127958765,1,1,0,0,0,0,2,1,0.9960401058197021,0,0,0,0
32334,0.1144995888074239,0.2700696885585785,0.5669244902897742,4.929495634639013,9,10,0,0,0,0,12,3,0.9931887918048434,0,0,0,0
187271,0.14688570549090704,0.41366925835609436,0.680357383885242,3.3452579494879076,1,1,0,0,0,0,1,0,0.9969630241394043,0,0,0,0
251824,0.11735058079163234,0.25462086995442706,0.535641017008157,5.422523480913359,4,3,0,0,0,0,5,1,0.9874895513057709,0,0,0,0
104666,0.15168849378824234,0.4240556557973226,0.7014152634524484,3.0804957539478153,1,15,0,0,0,0,2,1,0.9913891553878784,0,0,0,0
404249,0.1642691840728124,0.5028362969557444,0.7650171038210342,2.3265771005339912,2,2,0,0,0,0,3,1,0.9958802461624146,0,0,0,0
172877,0.12910197178522745,0.31257131695747375,0.6014656075388991,4.415784020950177,6,8,0,0,0,0,7,1,0.970788856347402,0,0,0,0
64499,0.16142271955808005,0.4129185577233632,0.6496845536492383,3.745949170607532,2,2,0,0,0,0,2,0,0.976539820432663,0,0,0,0
121153,0.15906769533952078,0.4388418197631836,0.7371174466797769,2.6492661890539804,0,0,0,0,0,0,0,0,,0,0,0,0
548339,0.10874872654676437,0.2147292047739029,0.41667499744056286,7.604051171529819,6,11,0,0,0,0,6,0,0.9368166526158651,0,0,0,0
160012,0.10393386582533519,0.21289993822574615,0.5179954007409324,5.713481926396552,6,9,1,0,0,1,7,2,0.9878189086914062,0,0,0,0
325347,0.18320437769095102,0.5500907699267069,0.8231912067589088,1.689985546168062,6,7,0,0,0,0,8,2,0.9763338069121043,0,0,0,0
269316,0.14386233439048132,0.43348293503125507,0.7279024741992718,2.758536088309866,5,5,0,0,0,0,6,1,0.9826208829879761,0,0,0,0
473974,0.14248021443684897,0.40630006790161133,0.7093701900209636,2.9825413181673346,5,5,0,0,0,0,6,1,0.9906968235969543,0,0,0,0
195165,0.1498891512552897,0.38581418991088867,0.6385200541776668,3.8965091635656246,5,17,1,0,1,1,6,2,0.9809593856334686,0,0,0,0
561465,0.09849024812380473,0.18939900398254395,0.32478403318070603,9.768106588122167,3,6,0,0,0,0,4,1,0.9783035318056742,0,0,0,0
448365,0.16320477426052094,0.5082652568817139,0.7619015496511579,2.3620228620674735,4,3,0,0,0,0,6,2,0.9699864983558655,0,0,0,0
179642,0.10845350722471873,0.22172417243321738,0.49592795226834213,6.09162825265822,17,21,1,1,2,1,19,3,0.9825593829154968,0,0,0,0
371699,0.13055476794640222,0.30035610993703205,0.5233853694572094,5.623568433036578,6,18,0,0,0,0,6,0,0.9857490162054697,0,0,0,0
319721,0.12875852485497793,0.31190062562624615,0.5969994807963752,4.480520931428273,2,4,0,0,0,0,3,1,0.9936525523662567,0,0,0,0
72852,0.15268069008986154,0.4229576587677002,0.6726814104537188,3.4438114775294264,3,4,1,0,1,1,3,1,0.9935750365257263,0,0,0,0
426297,0.14630444596211115,0.433426966269811,0.7449819372471039,2.5570851396384136,1,1,0,0,0,0,1,0,0.9951903223991394,0,0,0,0
407960,0.13883856187264124,0.376253883043925,0.6877680202565327,3.2511604362007587,2,3,0,0,0,0,2,0,0.9969865679740906,0,0,0,0
289938,0.14044125626484552,0.43345165252685547,0.6919635779832999,3.198335287083292,4,27,0,0,0,0,4,0,0.9826042205095291,0,0,0,0
418959,0.1958620697259903,0.587293932835261,0.781182566142236,2.144949150815035,2,1,1,0,0,1,1,0,0.9901692867279053,1,0,0,1
51738,0.13414051880439123,0.36898472905158997,0.6696935041994392,3.4824782710605184,2,3,1,0,1,1,1,0,0.9933465719223022,0,0,0,0
527960,0.15224509437878928,0.4661712646484375,0.7235379814209569,2.8107733216222686,1,1,0,0,0,0,1,0,0.9894246459007263,0,0,0,0
19432,0.12908868491649628,0.3767678737640381,0.6267272082219487,4.0584290157131155,11,15,2,0,1,1,12,3,0.9886304206318326,0,0,0,0
440508,0.17862284183502197,0.5484701097011566,0.7883880399867554,2.065199453634581,1,1,0,0,0,0,1,0,0.9942351579666138,0,0,0,0
562121,0.17585426568984985,0.555891732374827,0.7856304999606526,2.0956332919097327,4,3,0,0,0,0,5,1,0.9699896723031998,0,0,0,0
239627,0.12700470288594565,0.2963702380657196,0.5795481079537447,4.738210153398066,10,14,1,0,0,1,9,0,0.984317832522922,0,1,0,1
155341,0.15355411420265833,0.47431928912798565,0.7147298152024097,2.9171620155168183,9,9,0,0,0,0,11,2,0.9762864377763536,0,0,0,0
504074,0.1529300312201182,0.38352541128794354,0.6400004257101939,3.8763947427120495,5,9,0,1,0,1,5,1,0.9887324571609497,0,0,0,0
560312,0.18424900869528452,0.467113455136617,0.7123812137732692,2.9457508370164587,1,2,0,0,0,0,1,0,0.9881147146224976,0,0,0,0
69224,0.11881219844023387,0.2626917709906896,0.5586232506830899,5.057619846269037,7,13,0,0,0,0,10,3,0.9867419855935233,0,0,0,0
82765,0.14604121446609497,0.41744309663772583,0.7055472101322151,3.029478421638853,2,2,0,0,0,0,2,0,0.9653665721416473,0,0,0,0
378139,0.16054790715376535,0.44178582231203717,0.6878835413771593,3.2497016311734224,8,17,4,0,1,1,5,1,0.9679224342107773,0,0,0,0
559160,0.16217092176278433,0.4633677701155345,0.6919483480095724,3.1985264638027178,6,8,0,0,0,0,10,4,0.989868958791097,0,0,0,0
521819,0.1629966696103414,0.5002549290657043,0.7058743325354481,3.0254521983489258,13,14,0,0,0,0,18,5,0.9839184880256653,0,0,0,0
440617,0.1555203547080358,0.4289398193359375,0.6849135660483084,3.287284633122142,1,2,0,0,0,0,1,0,0.9918278455734253,0,0,0,0
2149,0.13733353465795517,0.2889991303284963,0.6013245704634138,4.417821005455968,2,2,1,0,0,1,1,0,0.9930118322372437,0,0,0,0
276921,0.14682211726903915,0.3697185019652049,0.6378602600143773,3.905489088644232,2,2,0,0,0,0,2,0,0.9763701260089874,0,0,0,0
443426,0.15054969737927118,0.40860608220100403,0.724228563876563,2.8024870085149667,2,3,0,0,0,0,2,0,0.994039922952652,0,0,0,0
455301,0.1398408388098081,0.3101007441679637,0.6017873891341406,4.411138348762889,1,4,0,0,0,0,2,1,0.9889652729034424,0,0,0,0
365208,0.11665188521146774,0.24176821112632751,0.4292886982588991,7.3450108979353255,3,4,0,0,0,0,3,0,0.9696612358093262,0,0,0,0
433915,0.13361468414465585,0.34376585483551025,0.67285239177809,3.4416039894392902,3,4,0,0,0,0,3,0,0.9747141798337301,0,0,0,0
414676,0.1711583137512207,0.49665220578511554,0.7228685619643354,2.8188132519773017,2,2,0,0,0,0,2,0,0.9829610884189606,0,0,0,0
571598,0.11039554327726364,0.2711358467737834,0.5715747958915273,4.858538601349985,8,15,0,0,0,0,9,1,0.9904684126377106,0,0,0,0
267946,0.1555180698633194,0.46498244007428485,0.7470965802625076,2.532465030257056,0,0,0,0,0,0,0,0,,0,0,0,0
172648,0.14833834767341614,0.3888789216677348,0.6616710116048765,3.5871578353377287,5,4,0,0,0,0,5,0,0.9857578277587891,0,0,0,0
217957,0.15088052302598953,0.38201699654261273,0.6408206534372232,3.865269990621444,1,1,0,0,0,0,1,0,0.9932863712310791,0,0,0,0
196754,0.14566166947285333,0.3814789454142253,0.6578339351553034,3.637674533438538,1,2,0,0,0,0,2,1,0.9957582950592041,0,0,0,0
79031,0.14842680344978967,0.42329689860343933,0.7286135882735257,2.7500546729393665,2,2,0,0,0,0,2,0,0.9917743504047394,0,0,0,0
479030,0.163157656788826,0.44615864753723145,0.7075321186712237,3.0050768080857493,4,12,0,0,0,0,4,0,0.9658302813768387,0,0,0,0
167159,0.11335692803064983,0.25139766931533813,0.561544818697051,5.012311511611217,2,2,0,0,0,0,3,1,0.9427386522293091,0,0,0,0
116208,0.09400508801142375,0.18432873984177908,0.43822249339657054,7.166106688527872,15,21,0,0,0,0,19,4,0.9857721010843913,0,0,0,0
484296,0.14131755381822586,0.3956819673379262,0.6524157535233807,3.70951121671638,2,2,0,0,0,0,3,1,0.988325297832489,0,0,0,0
157767,0.1320682317018509,0.36481834451357525,0.6182300787676345,4.176997380309578,17,25,0,0,0,0,26,9,0.9785690272555632,0,0,0,0
135673,0.23098726073900858,0.8043388525644938,0.9530709945140723,0.4174949488847428,2,2,0,0,0,0,2,0,0.9880561232566833,0,0,0,0
516038,0.16380687554677328,0.4807380139827728,0.7070910815655221,3.010492808261475,5,7,0,0,0,0,7,2,0.9883298754692078,0,0,0,0
117492,0.13154070327679315,0.37521599729855853,0.6142308560963782,4.2333674082728106,10,23,3,2,4,1,7,1,0.971762728691101,0,0,0,0
109900,0.1465766578912735,0.4593539237976074,0.7248334664241585,2.795235259500051,10,13,0,0,0,0,13,3,0.9798606991767883,0,0,0,0
395343,0.1168549507856369,0.2601584643125534,0.5700760934119883,4.881343421873183,6,7,0,0,0,0,7,1,0.9866324961185455,0,0,0,0
450488,0.14544038971265158,0.41067395607630414,0.6797537100838941,3.3529682672457155,2,4,0,0,0,0,2,0,0.9910672307014465,0,0,0,0
322211,0.10718211034933726,0.24473612507184347,0.5150068085623043,5.7637405880502515,11,13,0,0,0,0,15,4,0.9906552704897794,0,0,0,0
445792,0.13057346642017365,0.31724798679351807,0.6165351673902499,4.200842920929261,2,7,0,0,0,0,3,1,0.8227290213108063,0,0,0,0
227482,0.17732061445713043,0.5423895418643951,0.7674059641989919,2.2994965966647687,2,2,0,0,0,0,2,0,0.9896551072597504,0,0,0,0
9769,0.1359469617406527,0.40693093339602154,0.6609793274179052,3.596242463198705,3,5,1,0,1,1,2,0,0.9867255091667175,0,0,0,0
157756,0.15487406651178995,0.43042617042859393,0.6443391760231553,3.8177092522150087,13,20,1,0,1,1,15,3,0.9714546352624893,0,0,0,0
295138,0.14919954041639963,0.4198506474494934,0.6979692526214482,3.12327417535799,3,4,0,0,0,0,4,1,0.9698562622070312,0,0,0,0
548506,0.1125902608036995,0.2621871034304301,0.5812279573083039,4.713070082500624,5,8,2,0,1,1,3,0,0.9781068166097006,0,0,0,0
532071,0.18706050515174866,0.5470191140969595,0.780952003269751,2.147513134378033,1,1,0,0,0,0,2,1,0.9924601316452026,0,0,0,0
575081,0.1496248866120974,0.35950011014938354,0.6578866892362619,3.636978008481927,3,4,0,0,0,0,4,1,0.9871345559755961,0,0,0,0
76547,0.11810611188411713,0.27136650681495667,0.5288769210758169,5.53290768280461,6,13,2,0,1,1,7,3,0.9239170849323273,0,0,0,0
369037,0.1328753853837649,0.28045327464739483,0.5844974957326438,4.6643469044764885,3,4,0,0,0,0,3,0,0.980472187201182,0,0,0,0
84170,0.14132025092840195,0.4212641517321269,0.6705870487342424,3.470896769935425,5,7,0,0,0,0,5,0,0.9847512364387512,0,0,0,0
570782,0.13134383410215378,0.3245986998081207,0.5906989266441834,4.57267636591301,7,8,1,0,0,1,8,2,0.9871341784795126,0,0,0,0
68409,0.190050741036733,0.4624367356300354,0.7609299530192689,2.3731064024954396,12,16,2,0,1,1,13,3,0.976297277212143,0,0,0,0
329456,0.13786755998929343,0.31093111634254456,0.6070985271493996,4.334816414906838,7,9,0,0,0,0,9,2,0.9713763083730426,0,0,0,0
259690,0.1453444560368856,0.3895176251729329,0.6238846924059016,4.097913401199595,10,25,1,0,0,1,12,3,0.985563231839074,0,0,0,0
74860,0.2084193378686905,0.7123049100240072,0.896338415298034,0.9505598034496405,2,2,0,0,0,0,5,3,0.9918773174285889,0,0,0,0
396863,0.15613217651844025,0.4411160945892334,0.6997612917345895,3.101001695793863,3,4,0,0,0,0,3,0,0.9655451774597168,0,0,0,0
445846,0.16207716365655264,0.4586844543615977,0.7180172963321364,2.8773018780752047,2,4,0,0,0,0,2,0,0.974737137556076,0,0,0,0
499775,0.17019982635974884,0.502571682135264,0.7506833079839155,2.4908648179080175,2,2,0,0,0,0,3,1,0.9883337616920471,0,0,0,0
15440,0.16223761439323425,0.46888590852419537,0.7027649175842157,3.0637985371568766,2,3,1,0,1,1,1,0,0.9888828992843628,0,0,0,0
138550,0.1423904374241829,0.404004434744517,0.6816787683659644,3.3284046473918147,1,4,0,0,0,0,2,1,0.985877275466919,0,0,0,0
436883,0.13348816831906637,0.33454955617586773,0.674200669806973,3.424216407012067,6,12,0,0,0,0,7,1,0.9864908258120219,0,0,0,0
414385,0.15908497075239816,0.4742768108844757,0.7753407495543805,2.210147804640782,6,9,0,1,1,1,6,1,0.9726030588150024,0,0,0,0
512248,0.16494538883368173,0.46820515394210815,0.7103747084876871,2.970250183321244,1,1,0,0,0,0,2,1,0.9941938519477844,0,0,0,0
476215,0.1881371388832728,0.6286664207776388,0.8443719331625739,1.469324220579939,3,3,0,0,0,0,5,2,0.9847749074300131,0,0,0,0
474164,0.11341065913438797,0.2834521532058716,0.5745613172183404,4.813272331383123,3,3,1,0,1,1,3,1,0.9869506061077118,0,0,0,0
222559,0.16409863034884134,0.5189075867335001,0.7506870458208231,2.4908215688338853,11,25,1,0,0,1,12,2,0.9715369343757629,0,0,0,0
45550,0.12038340419530869,0.2622058441241582,0.5560953870677691,5.097014149507578,8,10,1,0,0,1,8,1,0.9739792687552316,0,0,0,0
462904,0.12209829688072205,0.3117012530565262,0.5494307796379488,5.201740292831119,20,38,1,1,2,1,19,1,0.9772929085625542,0,1,1,1
399655,0.1206297477086385,0.2614109565814336,0.5437190455689885,5.292509082446993,2,2,0,0,0,0,2,0,0.9903581142425537,0,0,0,0
35197,0.15488310158252716,0.4515189329783122,0.7220313134170406,2.8288793464095274,3,3,0,0,0,0,3,0,0.9766586224238077,0,0,0,0
44195,0.169489656885465,0.4562200407187144,0.7053845433484696,3.031481219767347,2,3,0,0,0,0,4,2,0.987868994474411,0,0,0,0
242946,0.093312402566274,0.1927096943060557,0.4325574724603104,7.279123622289612,19,41,2,0,1,1,22,5,0.9867496525540072,0,0,0,0
306893,0.12480187664429347,0.3277425169944763,0.6297035295069286,4.0172774491536885,7,21,0,0,1,1,7,0,0.9739415049552917,0,0,1,1
11615,0.15221578379472098,0.4016323486963908,0.6593544423430482,3.6176212688963743,0,1,0,0,0,0,0,0,,0,0,0,0
441247,0.14092619717121124,0.3829762935638428,0.6456093473237562,3.8006038079210684,9,24,2,0,1,1,10,3,0.9850656560489109,1,0,1,1
370486,0.13805789252122244,0.29162470002969104,0.5177247692183979,5.718021136231401,10,19,1,1,0,1,10,1,0.9395479038357735,0,0,0,0
434297,0.12449280172586441,0.2899380624294281,0.5778871400347353,4.763139399272244,3,4,0,0,0,0,5,2,0.982734759648641,0,0,0,0
188296,0.11234192550182343,0.23189437886079153,0.42385786926954117,7.455594987959888,8,13,1,0,0,1,8,1,0.9710166113717216,0,0,0,0
473015,0.16619771718978882,0.5256338616212209,0.7857827005635405,2.0939507329962344,1,5,0,0,0,0,1,0,0.9901843070983887,0,0,0,0
22192,0.14136897772550583,0.3988123635450999,0.7094732739660875,2.98127919758095,2,3,0,0,0,0,2,0,0.9916016459465027,0,0,0,0
35279,0.11466371516386668,0.2580287406841914,0.5579254766418251,5.068476137544856,6,9,0,0,0,0,7,1,0.9897789160410563,0,0,0,0
399296,0.14340115586916605,0.3845963378747304,0.6114860881598749,4.272268381846716,9,12,1,0,1,1,10,2,0.9816283658146858,0,0,0,0
474344,0.16322044283151627,0.49469153086344403,0.7250668346244056,2.792439190765645,3,3,1,0,1,1,2,0,0.9903771579265594,0,0,0,0
329319,0.14305909971396127,0.3468538622061412,0.6162399526198655,4.205002970759081,1,4,0,0,0,0,1,0,0.9937099814414978,0,0,0,0
354072,0.16819872707128525,0.4805697401364644,0.7385980475167493,2.631836894811621,3,3,0,0,0,0,3,0,0.9877529939015707,0,0,0,0
262227,0.13130633781353632,0.29767415920893353,0.5789348850701955,4.7474056043793755,1,11,1,0,0,1,0,0,,0,0,0,0
374083,0.13167236000299454,0.2834100027879079,0.5650350644419576,4.958492005695069,5,8,0,0,0,0,7,2,0.9821841597557068,0,0,0,0
402992,0.12271298219760259,0.34297176202138263,0.6156701224225687,4.213038431560039,10,10,1,0,0,1,13,4,0.9840771357218424,0,0,0,0
155179,0.12575124700864157,0.2695968995491664,0.5422619734861777,5.315816994239759,1,2,0,0,0,0,1,0,0.9933676719665527,0,0,0,0
426372,0.1390091230471929,0.36511147022247314,0.6732531487846084,3.436432134590986,2,5,0,0,0,0,3,1,0.994030624628067,0,0,0,0
309391,0.14995606491963068,0.3940672477086385,0.6676084699088519,3.509563241792833,19,35,1,0,0,1,20,2,0.9750266174475352,0,0,0,0
327605,0.16315820813179016,0.5149407088756561,0.7516445138435318,2.4797501609948975,2,3,0,0,0,0,5,3,0.9233282208442688,0,0,0,0
463522,0.1460405190785726,0.4107424020767212,0.6643776395949338,3.551699853249379,4,21,0,0,0,0,5,1,0.9790595918893814,0,0,0,0
432553,0.13467711955308914,0.33267640074094135,0.5889998693035621,4.597696031617835,4,5,1,0,0,1,4,1,0.9897903402646383,0,0,0,0
84752,0.15740800400575003,0.47344133257865906,0.7923953297485143,2.0211618557648756,9,13,0,0,0,0,10,1,0.9789656400680542,0,0,0,0
8629,0.10197899987300237,0.16823080678780875,0.3281211969789741,9.679314256427475,6,7,0,0,0,0,7,1,0.9731975992520651,0,0,0,0
166747,0.15095516790946326,0.45916605989138287,0.7062143855262316,3.0212688028322616,13,17,1,0,0,1,16,4,0.9763509631156921,0,0,0,0
10995,0.13751719146966934,0.3829314907391866,0.6962097701479814,3.145197728142251,1,1,0,0,0,0,1,0,0.9945455193519592,0,0,0,0
57244,0.13702778766552606,0.3795272906621297,0.7160865431251625,2.900689751317171,1,1,0,0,0,0,1,0,0.9656865000724792,0,0,0,0
44279,0.1317469502488772,0.3002002537250519,0.5841557391811082,4.669427042340588,5,11,2,0,1,1,3,0,0.9837933381398519,0,1,0,1
170278,0.11599809676408768,0.2309997429450353,0.553280937893439,5.141085844236793,1,2,0,0,0,0,1,0,0.9938719272613525,0,0,0,0
27768,0.11775986601909001,0.2480634997288386,0.44455584513752816,7.041473503249512,5,9,0,0,0,0,5,0,0.9648940563201904,0,0,0,0
182611,0.10053366919358571,0.2015704264243444,0.4222488569097797,7.488630349097486,5,25,0,0,0,0,9,4,0.9213093280792236,0,0,0,0
90956,0.1848527987798055,0.6165920893351237,0.8189119328040144,1.7352560100604653,1,2,0,0,0,0,3,2,0.985617458820343,0,0,0,0
507975,0.1409531757235527,0.31084304054578143,0.5691799391159316,4.895008302632975,9,11,0,1,1,1,11,2,0.9818959012627602,0,0,0,0
493799,0.10928779592116673,0.20821385582288107,0.5068681818145777,5.902099407177838,4,6,0,0,0,0,5,1,0.9915519207715988,0,0,0,0
391290,0.16385716199874878,0.5158199568589529,0.7778350130175767,2.182250233334385,5,6,0,0,0,0,6,1,0.9829151391983032,0,0,0,0
530162,0.124494269490242,0.30664533376693726,0.5974016664213753,4.47467140575939,12,12,0,1,0,1,15,3,0.973344391042536,0,0,0,0
86582,0.12587099273999533,0.3042932649453481,0.5913512361607008,4.563089820056044,6,7,2,0,2,1,5,1,0.9618976712226868,1,0,1,1
528705,0.14501674473285675,0.3882601062456767,0.6688755340202599,3.4930937856661433,3,2,1,0,1,1,3,1,0.9928135275840759,0,0,0,0
213547,0.11339696248372395,0.2376667857170105,0.484900695361337,6.286943861868722,6,19,2,0,1,1,4,0,0.9851140975952148,0,0,0,0
379332,0.1349430133899053,0.31979265809059143,0.6502466037996931,3.7384381484212463,5,5,1,0,0,1,4,0,0.9681265503168106,0,0,0,0
266981,0.15548978249231973,0.43360306819279987,0.6345359520775761,3.95087532492166,12,28,3,0,3,1,10,1,0.9288685321807861,0,0,0,0
149770,0.19411106904347739,0.5909678141276041,0.835296549196586,1.5631862552295785,1,2,0,0,0,0,1,0,0.9827315807342529,0,0,0,0
319184,0.159400204817454,0.4752345681190491,0.8009242840916431,1.9281707658421101,9,9,0,0,0,0,10,1,0.9737210671106974,0,0,0,0
125129,0.12290143221616745,0.28617841998736065,0.6011564463658928,4.420249829438459,6,10,1,0,1,1,9,4,0.9854147791862488,0,0,0,0
357978,0.1361428921421369,0.34016597270965576,0.6013739126477007,4.417108306847839,7,14,0,0,0,0,9,2,0.9596194880349296,0,0,0,0
579307,0.16767664750417074,0.5092691977818807,0.7390673046227486,2.626320198401702,3,5,0,0,0,0,4,1,0.8977320790290833,0,0,0,0
287347,0.10867306093374889,0.2504505117734273,0.4904057240058556,6.188889387670083,9,15,1,0,1,1,13,5,0.9865725338459015,0,0,0,0
168593,0.14904840290546417,0.38948362072308856,0.687267706897853,3.2574812418698738,3,3,0,0,0,0,3,0,0.9569584727287292,0,0,0,0
207306,0.14786514143149057,0.3984214663505554,0.6530710814911185,3.7007909343972543,2,2,0,0,0,0,2,0,0.9881560206413269,0,0,0,0
22969,0.1555783599615097,0.4755908747514089,0.7138963565921532,2.9272966896125627,2,2,0,0,0,0,4,2,0.9868493676185608,0,0,0,0
190753,0.13603035608927408,0.3924953540166219,0.6027565135350849,4.397161756643997,10,21,1,0,1,1,11,2,0.9800972474945916,0,0,0,0
33759,0.1616435299317042,0.45051976044972736,0.7009042209191128,3.0868264928284828,3,5,0,0,0,0,3,0,0.9862463076909384,0,0,0,0
170474,0.13871839145819345,0.388535608847936,0.6683165376299646,3.500355840744027,4,4,0,0,0,0,4,0,0.9854431748390198,0,0,0,0
516871,0.12582621475060782,0.3070232768853505,0.6177919433546837,4.18315519292893,3,5,0,0,0,0,3,0,0.9851311246554056,0,0,0,0
338191,0.09557259579499562,0.19129971663157144,0.3308933766994561,9.606238515471192,9,9,1,0,1,1,11,3,0.9927178844809532,0,0,0,0
376264,0.09918521344661713,0.19672572116057077,0.459483424758017,6.754603011605997,3,9,1,0,1,1,5,3,0.9898077845573425,0,0,0,0
526197,0.1334803675611814,0.34475575884183246,0.6113530896841937,4.274157771894539,2,7,1,0,1,1,2,1,0.9910568594932556,1,0,1,1
492362,0.13221440464258194,0.28775223592917126,0.5296717954267443,5.519863045220477,5,13,1,0,1,1,5,1,0.9811278879642487,0,0,0,0
22396,0.2002552549044291,0.6772939960161845,0.8965291435932625,0.9487117640657561,1,1,0,0,0,0,1,0,0.957196831703186,0,0,0,0
183437,0.1548063407341639,0.4012294411659241,0.6430169549514455,3.8355515105739117,7,6,0,0,0,0,7,0,0.9812047140938895,0,0,0,0
442161,0.11413187781969707,0.2728109459082286,0.5799218603660147,4.732610401086958,7,8,0,0,0,0,8,1,0.9923356090273175,0,0,0,0
150726,0.14516959339380264,0.4171393911043803,0.6579270272516198,3.6364454535384176,2,2,0,0,0,0,2,0,0.9941319227218628,0,0,0,0
331352,0.14899118493000665,0.31533034642537433,0.6447865340163076,3.8116808218098956,1,2,0,0,0,0,1,0,0.9958553910255432,0,0,0,0
26465,0.11739954600731532,0.2792515257994334,0.5750065092488315,4.806544778734419,4,6,1,0,0,1,3,0,0.9937076767285665,1,0,0,1
305309,0.1761561781167984,0.533647378285726,0.7829244218306214,2.1256031947574856,3,4,1,0,1,1,3,1,0.9871275722980499,0,0,0,0
193181,0.1352489466468493,0.3581181267897288,0.6127904442203734,4.253760313159161,9,15,1,0,0,1,9,1,0.9837146699428558,0,0,0,0
18193,0.14164583136638006,0.3519502381483714,0.6433028411594978,3.8316906105075677,2,3,0,0,0,0,2,0,0.9876373708248138,0,0,0,0
92124,0.17626551787058511,0.480889360109965,0.7304329683135846,2.728392660363979,3,3,0,0,0,0,5,2,0.9872525135676066,0,0,0,0
397327,0.17739946146806082,0.47733713189760846,0.75125801191434,2.4842176671948426,2,2,0,0,0,0,3,1,0.9775443077087402,0,0,0,0
161978,0.11648313949505489,0.295874426762263,0.565113683521165,4.957283533539924,27,19,0,0,0,0,37,10,0.9758305019802518,0,0,0,0
419974,0.12899256000916162,0.3002125273148219,0.5411495349291785,5.333654209103937,12,25,0,0,0,0,13,1,0.9787020136912664,0,0,0,0
58350,0.13813593486944833,0.33967222770055133,0.6650176706604778,3.5433362918814595,3,6,0,0,0,0,5,2,0.9943496187527975,0,0,0,0
572462,0.10870494445164998,0.21869109570980072,0.3917470997649275,8.139884201501456,8,17,0,0,0,0,9,1,0.9833963885903358,0,0,0,0
575205,0.18440589308738708,0.5530794362227122,0.7890607751038163,2.057790904741207,1,1,0,0,0,0,2,1,0.9484671354293823,0,0,0,0
9400,0.10339173177878062,0.23051591217517853,0.48732260736963084,6.243668816160758,21,24,0,1,1,1,25,4,0.9747441560029984,0,0,0,0
153299,0.11080274979273479,0.2405862957239151,0.4169125357220186,7.599100926303483,2,2,0,0,0,0,2,0,0.9916812777519226,0,0,0,0
570688,0.12875238806009293,0.33465273181597394,0.5495049555584508,5.200567733163388,19,35,2,1,4,1,24,7,0.9720775485038757,0,1,1,1
54967,0.1640218049287796,0.45940448840459186,0.6703550189317097,3.473902694391451,11,16,0,0,0,0,12,1,0.9804092808203264,0,0,0,0
572900,0.15672038743893305,0.4647015333175659,0.7072819512807392,3.0081484857197016,5,11,0,0,0,0,7,2,0.9846778512001038,0,0,0,0
172330,0.11358467489480972,0.30115171273549396,0.6209528327916247,4.138827746429688,4,4,0,0,0,0,5,1,0.9807970523834229,0,0,0,0
533816,0.12583430111408234,0.28535130123297375,0.5490356052074529,5.207989808859109,14,15,1,0,1,1,16,3,0.9870257102526151,0,0,0,0
179141,0.12457774827877681,0.26965635021527606,0.572001825375896,4.852051705628535,6,7,0,0,0,0,7,1,0.9793827931086222,0,0,0,0
507667,0.11806902289390564,0.28730528553326923,0.5724125080929484,4.845817696134977,9,15,0,0,0,0,9,0,0.9831231302685208,0,0,0,0
161642,0.17273632685343424,0.49393285314242047,0.7823132101268435,2.1323867240644194,1,1,0,0,0,0,2,1,0.9957785606384277,0,0,0,0
212895,0.1641580288608869,0.49228635430336,0.7242920437984998,2.801725708201244,1,1,0,0,0,0,1,0,0.988722026348114,0,0,0,0
270297,0.15897370874881744,0.47226298848787945,0.7487552648604985,2.5132022171458335,2,3,0,0,0,0,2,0,0.990754097700119,0,0,0,0
167240,0.14115672061840692,0.3980442484219869,0.7066438394433464,3.015988457815824,1,1,0,0,0,0,1,0,0.9969927668571472,0,0,0,0
288762,0.14212384074926376,0.3063206970691681,0.5783294653936071,4.7564936039763275,4,15,2,0,2,1,3,1,0.9925587475299835,1,0,1,1
200252,0.13677261273066202,0.38076112667719525,0.7305080294814504,2.727500121894945,1,3,0,0,0,0,1,0,0.9922335147857666,0,0,0,0
48396,0.13987284898757935,0.3628748854001363,0.6621621626038315,3.580712788255668,7,7,1,0,1,1,9,3,0.9881726602713267,0,0,0,0
519688,0.12176950772603352,0.3083813786506653,0.6010385912126629,4.421952842386466,2,2,0,0,0,0,2,0,0.9897000193595886,0,0,0,0
465180,0.14490233113368353,0.3918345371882121,0.6577549611734615,3.638717350527212,9,12,0,0,0,0,12,3,0.9913106759389242,0,0,0,0
384350,0.16347372035185495,0.4955613911151886,0.768460774315297,2.2875659187353943,1,2,0,0,0,0,1,0,0.9925212860107422,0,0,0,0
1268,0.14858469863732657,0.3975894848505656,0.678240491638447,3.372325719345014,7,11,1,0,1,1,8,2,0.9750017523765564,1,0,1,1
163951,0.1786742260058721,0.5418890515963236,0.7612230741622132,2.3697611173838835,1,2,0,0,0,0,3,2,0.9620406627655029,0,0,0,0
243626,0.12101334085067113,0.26167264580726624,0.5762477414260706,4.787815275885102,3,2,0,0,0,0,5,2,0.9789993762969971,0,0,0,0
449432,0.14297552406787872,0.41809676090876263,0.6924539944776198,3.192181502547091,16,17,0,1,1,1,18,3,0.9822049339612325,0,0,0,0
491213,0.1270512491464615,0.34961310029029846,0.650205097310001,3.73899260313655,3,8,0,0,0,0,4,1,0.9717104633649191,0,0,0,0
427256,0.10380514214436214,0.23695172866185507,0.47764780330245016,6.4178443045937,17,15,3,0,0,1,16,2,0.9855680891445705,0,0,0,0
24027,0.17514382799466452,0.5309560298919678,0.7704135806809814,2.265521403370699,3,3,0,0,0,0,3,0,0.9739246567090353,0,0,0,0
263068,0.18312594294548035,0.5608416398366293,0.7896175354664993,2.051664312346505,2,2,0,0,0,0,4,2,0.9866365492343903,0,0,0,0
365521,0.15691986928383508,0.4610113898913066,0.7102195510465509,2.9721475307257523,11,14,2,0,3,1,13,4,0.9781653682390848,0,0,0,0
224675,0.1303883045911789,0.32203622659047443,0.5996838837280716,4.4415524500250365,3,5,1,0,1,1,2,0,0.9932277798652649,1,0,1,1
62692,0.1825145830710729,0.5471370915571848,0.7458899914825704,2.546504405374162,1,3,0,0,0,0,2,1,0.9739375114440918,0,0,0,0
309938,0.11845395465691884,0.259025976061821,0.5294552090345728,5.523415490805959,4,7,1,0,1,1,4,1,0.9645395080248514,0,0,0,0
160728,0.1534697711467743,0.4620603124300639,0.7233676515730536,2.812818328890269,11,37,0,0,0,0,12,1,0.9727120182730935,0,0,0,0
336356,0.11049335201581319,0.23208609223365784,0.5049363694278782,5.935266938517162,12,14,0,0,0,0,18,6,0.9855393469333649,0,0,0,0
76625,0.15304705500602722,0.42482664187749225,0.6953935635045985,3.1553866684354874,9,15,0,0,0,0,11,2,0.9866197175449796,0,0,0,0
245576,0.10312269379695256,0.23560242354869843,0.5502257693123959,5.189181473833981,3,6,0,0,0,0,4,1,0.9715712865193685,0,0,0,0
215723,0.12022815148035686,0.286072959502538,0.6000220776464643,4.436655391539357,4,6,0,0,0,0,5,1,0.9842067658901215,0,0,0,0
383921,0.12782475600639978,0.34641696015993756,0.5809451137294642,4.71729793499586,12,10,0,1,1,1,14,2,0.9858714017001066,0,0,0,0
116439,0.14794927587111792,0.32730154196421307,0.5923157192964862,4.548934831795844,5,12,0,0,0,0,5,0,0.9753625631332398,0,0,0,0
289702,0.13434738665819168,0.3404395679632823,0.6297940929441895,4.016028341559319,2,2,0,0,0,0,2,0,0.9923341870307922,0,0,0,0
214720,0.10919863730669022,0.2227779577175776,0.45059307311418173,6.924309777827897,9,11,0,0,0,0,9,0,0.9856376184357537,0,0,0,0
374545,0.1546658327182134,0.4218233327070872,0.5987174113648606,4.455562238130915,7,15,1,0,0,1,6,0,0.9702120224634806,0,0,0,0
307074,0.16359352072079977,0.4502435028553009,0.7038341314177033,3.050593530154359,9,20,0,0,0,0,10,1,0.9744135737419128,0,0,0,0
92091,0.1053277204434077,0.24605290591716766,0.4994630602253194,6.029932524477465,6,9,0,0,0,0,9,3,0.9850897391637167,0,0,0,0
31735,0.1267491728067398,0.3098105788230896,0.6043785625850632,4.373818971244221,3,5,0,0,0,0,4,1,0.9927880167961121,0,0,0,0
386352,0.13150401413440704,0.27011675635973614,0.5679686420888468,4.913512826051308,9,13,0,0,0,0,12,3,0.9784847961531745,0,0,0,0
153011,0.14063879350821176,0.4017301102479299,0.6274780402453464,4.048029370393483,15,25,0,1,0,1,18,3,0.9774185844830104,0,0,0,0
416330,0.1387933095296224,0.318321426709493,0.6437800467235134,3.8252497587292345,1,2,0,0,0,0,2,1,0.9915937185287476,0,0,0,0
14226,0.1261157418290774,0.2694923182328542,0.5479300208554924,5.225498082026538,4,8,0,0,0,0,6,2,0.9915775954723358,0,0,0,0
240767,0.1709937502940496,0.5464671552181244,0.7599757667965308,2.3840051152877946,0,0,0,0,0,0,0,0,,0,0,0,0
303653,0.14670350650946298,0.4041321575641632,0.6959831150209883,3.1480259302647133,7,7,0,0,0,0,9,2,0.9801261595317295,0,0,0,0
578093,0.14358927061160406,0.40761130054791767,0.6731346867655661,3.4379605916955285,1,5,0,0,0,0,2,1,0.9838428497314453,0,0,0,0
278353,0.10409277429183324,0.23064035177230835,0.430002070460434,7.330589065739586,1,1,0,0,0,0,1,0,0.9930810928344727,0,0,0,0
553221,0.1813182681798935,0.5837839941183726,0.7999889572313774,1.9383201563255639,12,20,1,0,1,1,13,2,0.9713138450275768,0,0,0,0
16010,0.16317635774612427,0.4757930338382721,0.7260409116174367,2.7807781317531104,2,5,0,0,0,0,3,1,0.9857687950134277,0,0,0,0
528977,0.17138761778672537,0.5134974817434946,0.7988343709216991,1.9508651459190907,0,0,0,0,0,0,0,0,,0,0,0,0
261712,0.15403270969788233,0.466126670440038,0.7033266693440061,3.0568582864726594,2,2,0,0,0,0,4,2,0.9831162989139557,0,0,0,0
454404,0.12216305236021678,0.2942365805308024,0.5829455558744253,4.6874400844912625,1,5,0,0,0,0,1,0,0.9389584064483643,0,0,0,0
358195,0.16569536427656809,0.4607234597206116,0.725598452566805,2.78607304273029,2,2,0,0,0,0,2,0,0.9928115606307983,0,0,0,0
492905,0.15966375668843588,0.4400597910086314,0.6853119422141013,3.282234002423556,2,3,0,0,0,0,3,1,0.9869376718997955,0,0,0,0
214703,0.19170140226682028,0.6201032300790151,0.8037233200079106,1.8978686089602081,2,4,0,0,0,0,3,1,0.9586181044578552,0,0,0,0
243495,0.15294518073399863,0.3540411392847697,0.6189190614570328,4.167322834166733,1,1,0,0,0,0,1,0,0.9961664080619812,0,0,0,0
460379,0.18355865279833475,0.5371661384900411,0.7351008694640216,2.673061271488621,3,3,0,0,0,0,4,1,0.9785159031550089,0,0,0,0
565962,0.1644839346408844,0.43406933546066284,0.7345158142502007,2.6799769867825396,1,2,0,0,0,0,1,0,0.9967691898345947,0,0,0,0
124277,0.14922129611174265,0.3211050132910411,0.5692083996749266,4.894573995171986,2,7,0,0,0,0,2,0,0.9807620644569397,0,0,0,0
336209,0.1628721902767817,0.5039635101954142,0.8005670604742386,1.9320456603007954,2,3,0,0,0,0,3,1,0.9819693267345428,0,0,0,0
332351,0.1849342336257299,0.6025435626506805,0.823629604622487,1.6853610290084073,9,21,0,0,0,0,10,1,0.963395529323154,0,0,0,0
412286,0.17861105998357138,0.5314661264419556,0.7544643627523729,2.447225387496644,3,3,0,0,0,0,3,0,0.9830470085144043,0,0,0,0
127263,0.1626967986424764,0.4554142653942108,0.7402920447571567,2.611938351181638,4,6,1,0,1,1,4,1,0.9924929141998291,1,0,1,1
476119,0.15151714533567429,0.4516197343667348,0.7168398122308948,2.8915576519620423,5,5,0,0,0,0,8,3,0.9884483218193054,0,0,0,0
97022,0.13681219766537348,0.3897883892059326,0.6616014609138303,3.5880708893606617,5,6,0,0,0,0,5,0,0.9848333239555359,0,0,0,0
522638,0.164313534895579,0.4286724627017975,0.743479775772827,2.5746168142520447,2,1,0,0,0,0,2,0,0.9850960671901703,0,0,0,0
384513,0.1454666256904602,0.4323132832845052,0.6951054950983964,3.1589855639612345,1,1,0,0,0,0,1,0,0.9968227744102478,0,0,0,0
84031,0.15524393816788992,0.4074989954630534,0.7062191565556956,3.0212101230655337,4,16,0,0,0,0,4,0,0.9921314418315887,0,0,0,0
264535,0.11596768349409103,0.27160921692848206,0.49820278154302466,6.051877041192392,6,5,1,0,0,1,5,0,0.981526505947113,0,0,0,0
35326,0.12359034766753514,0.295771986246109,0.5806415562948486,4.7218377020299505,1,6,0,0,0,0,1,0,0.9484108686447144,0,0,0,0
36861,0.16195201377073923,0.4339381555716197,0.6650845037517144,3.542463419306243,2,2,0,0,0,0,3,1,0.990209698677063,0,0,0,0
384468,0.12949686497449875,0.3455616732438405,0.6312541362400599,3.9959152637120248,6,6,0,0,0,0,8,2,0.987848162651062,0,0,0,0
278463,0.1399039700627327,0.36763957142829895,0.6438147545282021,3.824781493152383,7,15,1,0,0,1,7,1,0.987311859925588,0,0,0,0
377723,0.1449097121755282,0.3958759705225627,0.6517204878309101,3.7187725215625638,11,20,2,0,2,1,12,3,0.9680047366354201,0,0,0,0
433515,0.16019669671853384,0.4878684878349304,0.7437362218287866,2.571621335228351,7,26,0,0,0,0,8,1,0.9718412501471383,0,0,0,0
86220,0.15430636207262674,0.444764107465744,0.734691864979254,2.6778953788081274,3,6,0,0,0,0,3,0,0.9667881727218628,0,0,0,0
182441,0.12544013311465582,0.3405880530675252,0.6113003509008575,4.274907098296906,2,26,0,0,0,0,3,1,0.9849093854427338,0,0,0,0
297595,0.21621623635292053,0.740879754225413,0.9206271634408867,0.7183243047120952,2,2,0,0,0,0,2,0,0.9739953279495239,0,0,0,0
330554,0.1429558644692103,0.34652506311734516,0.6187251982411304,4.170043930311746,0,0,0,0,0,0,0,0,,0,0,0,0
352900,0.12999974439541498,0.2817919651667277,0.6004214986974639,4.430875315966467,8,9,1,0,0,1,9,2,0.9861773933683123,0,0,0,0
327769,0.14234440525372824,0.35276610652605694,0.6554529398641328,3.669169685610914,5,7,0,0,0,0,7,2,0.9861028909683227,0,0,0,0
262631,0.12373418857653935,0.29690297444661456,0.5664571180923282,4.936659229895897,1,13,0,0,0,0,2,1,0.9924458265304565,0,0,0,0
389804,0.14766615629196167,0.3991621732711792,0.6827459830329704,3.314816927440803,2,2,0,0,0,0,3,1,0.9905988574028015,0,0,0,0
512564,0.14866301914056143,0.4342007537682851,0.6738913409946835,3.4282024791066212,5,17,0,0,0,0,6,1,0.9850037813186645,0,0,0,0
244496,0.16308340430259705,0.4661375085512797,0.7608618698016832,2.373883595940272,2,2,0,0,0,0,2,0,0.9626634120941162,0,0,0,0
389812,0.12811369448900223,0.3514227271080017,0.6396998498631918,3.8804750242166675,2,4,0,0,0,0,3,1,0.995307058095932,0,0,0,0
346703,0.08978041758139928,0.16703507800896963,0.31933582742526145,9.915047073607424,20,19,2,0,2,1,21,3,0.9761224190394083,0,0,0,0
19221,0.1334768757224083,0.3336819012959798,0.6509378550387278,3.7292094299279013,2,2,0,0,0,0,2,0,0.9933208227157593,0,0,0,0
343934,0.12852057814598083,0.34801432490348816,0.6475025797023087,3.775169939582988,1,1,0,0,0,0,1,0,0.9923101663589478,0,0,0,0
361586,0.14797634134689966,0.40709689259529114,0.6963030612532705,3.1440339094287797,11,18,2,0,2,1,13,4,0.9848597976896498,1,0,1,1
580418,0.13987571001052856,0.4018529752890269,0.6692199607228988,3.4886222776080897,5,10,0,0,0,0,8,3,0.9829705953598022,0,0,0,0
303818,0.16417995591958365,0.4573478897412618,0.6759552644435773,3.401640905078021,12,18,0,0,1,1,12,0,0.9854908585548401,0,0,0,0
334555,0.1367418666680654,0.38224247097969055,0.636452513555812,3.9246798801126714,13,20,0,0,0,0,18,5,0.9823107627721933,0,0,0,0
519611,0.14182314773400626,0.41601619124412537,0.6838744511957385,3.300472414649801,1,1,0,0,0,0,1,0,0.9924208521842957,0,0,0,0
62025,0.15001428127288818,0.39559702078501385,0.6342187435647519,3.955218541465435,6,6,0,0,0,0,7,1,0.9870016475518545,0,0,0,0
409268,0.12356009831031163,0.2755107879638672,0.5395572321924176,5.359249636597935,1,1,0,0,0,0,1,0,0.9931991696357727,0,0,0,0
461751,0.11819973587989807,0.22599105536937714,0.4461876081784911,7.009649908046466,4,6,1,0,1,1,4,1,0.9416861732800802,0,0,0,0
25386,0.1240758349498113,0.26296623051166534,0.5356450645844666,5.4224578461557895,2,8,0,0,0,0,3,1,0.9788676202297211,0,0,0,0
240049,0.13333147019147873,0.3366038501262665,0.6022394025807956,4.40461666814244,4,4,0,0,0,0,4,0,0.9926605671644211,0,0,0,0
148508,0.14195593694845834,0.4050406714280446,0.6681684637371988,3.5022805215220205,9,16,1,0,2,1,8,0,0.965486466884613,0,0,0,0
189310,0.15553285678227743,0.45626088976860046,0.7739961897400408,2.225223545488091,1,1,0,0,0,0,1,0,0.9949737787246704,0,0,0,0
579091,0.13786780337492624,0.31484376390775043,0.6440608421302974,3.8214620890350046,2,3,0,0,0,0,2,0,0.9852693676948547,0,0,0,0
283318,0.15748855968316397,0.40502140919367474,0.6766379745841368,3.3928726438326393,4,9,1,0,1,1,3,0,0.9701066215833029,0,0,0,0
66635,0.1337192008892695,0.3299274643262227,0.6460168091904028,3.795123632554587,3,4,0,0,0,0,4,1,0.9704630374908447,0,0,0,0
318114,0.1236057976881663,0.2746644814809163,0.5749099397695902,4.808003653145309,5,6,0,0,0,0,6,1,0.9648382425308227,0,0,0,0
573258,0.16102318465709686,0.4710057278474172,0.7364950872214926,2.6566029153194046,3,3,1,0,1,1,2,0,0.9883280694484711,0,0,0,0
132796,0.14245926340421042,0.38081758220990497,0.6733641515245443,3.4350001649429363,5,9,0,0,0,0,6,1,0.976774024963379,0,0,0,0
300276,0.13366802285114923,0.32508350412050885,0.638322303401399,3.899199615401031,14,29,4,1,4,1,12,3,0.9458169937133789,1,0,1,1
361919,0.1663155605395635,0.5224694212277731,0.7719675117024257,2.248019531763466,9,21,0,0,0,0,11,2,0.9803400834401449,0,0,0,0
58384,0.17585291465123495,0.5310786565144857,0.7726380345055597,2.240478334662405,4,4,1,0,1,1,3,0,0.9863084355990092,1,0,1,1
442463,0.16732260584831238,0.5141207575798035,0.7488783142957793,2.511774906978439,2,2,0,0,0,0,2,0,0.9910465478897095,0,0,0,0
152465,0.15406863391399384,0.48117881019910175,0.7014194895874774,3.0804434202821755,1,1,0,0,0,0,1,0,0.9881753325462341,0,0,0,0
466567,0.154697984457016,0.3346002797285716,0.5774451336780659,4.769785484918804,1,1,0,0,0,0,2,1,0.972861647605896,0,0,0,0
401244,0.15925763795773187,0.4818234443664551,0.739486460394322,2.62139546592769,2,2,0,0,0,0,2,0,0.9903201758861542,0,0,0,0
399205,0.11150830735762914,0.2542637785275777,0.5174630119024524,5.722413759962439,13,16,0,1,0,1,15,2,0.976069857676824,0,0,0,0
152214,0.13792754213015238,0.32081084450085956,0.6181879686248436,4.177589031416319,2,2,0,0,0,0,2,0,0.9790356457233429,0,0,0,0
17899,0.1073817436893781,0.20840948820114136,0.4409578633799071,7.112058168733798,6,11,0,0,0,0,10,4,0.992780735095342,0,0,0,0
570471,0.1183015654484431,0.24619239568710327,0.48238961629485255,6.332040983957711,5,10,1,0,0,1,6,2,0.9961782693862915,0,0,0,0
491071,0.17991901437441507,0.4917543629805247,0.7303383199076766,2.7295182378118863,2,2,0,0,0,0,2,0,0.9863002300262451,0,0,0,0
458054,0.1381005346775055,0.3284997344017029,0.6203028576422864,4.147924362016887,4,10,0,0,0,0,6,2,0.9865467250347137,0,0,0,0
51314,0.15487919747829437,0.44538535674413043,0.7150204721517364,2.9136304698455255,2,2,0,0,0,0,2,0,0.9813394844532013,0,0,0,0
341196,0.19095445175965628,0.63334854443868,0.8350330957917721,1.5659262260189712,4,4,0,0,0,0,4,0,0.9811102449893951,0,0,0,0
91406,0.12881809224685034,0.28986935317516327,0.5895517573438803,4.589561234884669,11,36,2,0,0,1,18,9,0.9802692929903666,0,0,0,0
31050,0.12313952793677647,0.2712156226237615,0.5523304051327057,5.156020974458372,3,1,0,0,0,0,3,0,0.9896785219510397,0,0,0,0
1675,0.1290305331349373,0.30209289987881977,0.6058096415816595,4.353276381291699,1,2,0,0,0,0,2,1,0.9624342918395996,0,0,0,0
423617,0.11674271772305171,0.29456325868765515,0.5711749807983518,4.86461648469329,11,12,0,0,0,0,15,4,0.9832961938597939,0,0,0,0
166165,0.13541273276011148,0.36060284574826557,0.5730293093150866,4.836463283225445,3,4,0,0,0,0,3,0,0.985578735669454,0,0,0,0
410456,0.14245624095201492,0.4256184597810109,0.6488496988057907,3.7571178525570526,10,11,0,1,1,1,14,4,0.9784069524870979,0,0,0,0
437205,0.147825558980306,0.32775845130284625,0.6525994196465942,3.7070663352777347,2,3,0,0,0,0,3,1,0.99168661236763,0,0,0,0
549674,0.102925144135952,0.21287764608860016,0.5138717691380198,5.782904814786614,8,6,0,0,0,0,9,1,0.9905737936496735,0,0,0,0
17182,0.15369688967863718,0.46891793608665466,0.7292095483738128,2.742953065319051,1,8,1,0,1,1,0,0,,0,0,0,0
63047,0.11435976872841518,0.28027792274951935,0.517426777894012,5.72302198820411,4,7,0,0,0,0,4,0,0.9712944775819778,0,0,0,0
245320,0.16810009876887003,0.4784631331761678,0.6988039080727744,3.112893497660359,2,4,0,0,0,0,4,2,0.9916089773178101,0,0,0,0
223747,0.15074659635623297,0.362906148036321,0.6498003308257339,3.7444014376676233,0,3,0,0,0,0,0,0,,0,0,0,0
186873,0.14517355461915335,0.44814247886339825,0.6750103328611079,3.41379158129907,8,10,0,0,0,0,8,0,0.9712831452488899,0,0,0,0
9891,0.133974959452947,0.33919572830200195,0.6189396658889331,4.1670336770640635,7,13,0,0,0,0,11,4,0.9716314247676304,0,0,0,0
389315,0.10157644748687744,0.16872147222359976,0.2933808100366015,10.651365933083861,9,14,0,0,0,0,12,3,0.9807082547081841,0,0,0,0
467176,0.13748582700888315,0.3667241036891937,0.6519887818890144,3.715197533386494,7,29,0,0,0,0,10,3,0.9879485198429653,0,0,0,0
579970,0.15602489312489828,0.4237341582775116,0.6951997463390573,3.1578079004503925,4,8,0,0,0,0,5,1,0.9719842225313187,0,0,0,0
337055,0.13751288751761118,0.3950163722038269,0.6713926044391966,3.4604689385232215,2,2,0,0,0,0,2,0,0.9942377209663391,0,0,0,0
267670,0.16392868757247925,0.4214898844559987,0.665389866031065,3.5384763554967043,1,2,1,0,1,1,2,2,,0,0,0,0
59044,0.14076497902472815,0.3140602509180705,0.5735694391961145,4.828279934185601,11,19,1,0,0,1,13,3,0.9673313021659851,0,0,0,0
269866,0.15223489701747894,0.40840307871500653,0.7086675676236642,2.9911488479269814,1,1,1,0,1,1,1,1,,0,0,0,0
393569,0.1312031994263331,0.32345999280611676,0.5739833708674318,4.8220137912435685,5,10,0,0,0,0,6,1,0.9819378018379211,0,0,0,0
168458,0.13632422933975855,0.3607842028141022,0.7009184995256925,3.0866495483416623,2,1,0,0,0,0,3,1,0.9951523840427399,0,0,0,0
219440,0.14600491027037302,0.42948328455289203,0.7566597991668633,2.4219867839441105,5,5,0,0,0,0,5,0,0.9780926465988159,0,0,0,0
276434,0.12555566926797232,0.29083484411239624,0.5953820846039188,4.504084753366625,7,11,1,0,1,1,7,1,0.9785815378030142,0,0,0,0
15956,0.15630179643630981,0.4345627824465434,0.6880957434234402,3.2470225740249044,3,4,0,0,0,0,5,2,0.9837854504585266,0,0,0,0
389451,0.16449260711669922,0.513459712266922,0.7545738629930111,2.445964840227572,8,17,0,0,0,0,10,2,0.9806851595640182,0,0,0,0
330396,0.16179834306240082,0.5096675356229147,0.7569836468977528,2.418270049068036,6,6,0,0,0,0,6,0,0.9758802751700083,0,0,0,0
565607,0.1645864819486936,0.41807928681373596,0.8165842071147525,1.7599804733018432,1,10,0,0,0,0,2,1,0.9824454188346863,0,0,0,0
319607,0.11587566882371902,0.2653643687566121,0.4182268514380561,7.5717617518867275,4,10,0,0,0,0,4,0,0.979338601231575,0,0,0,0
433204,0.17605826755364737,0.561222106218338,0.7960879984263028,1.9807784663862493,7,8,1,0,1,1,6,0,0.9756353596846262,0,0,0,0
300233,0.13620409617821375,0.33002277215321857,0.6385367459750765,3.896282105364058,3,4,0,1,0,1,5,2,0.9972174763679504,0,0,0,0
367228,0.1725442906220754,0.47421971956888836,0.7533349219841893,2.4602379944123207,2,2,0,0,0,0,2,0,0.9962605834007263,0,0,0,0
205282,0.14682691047588983,0.4211043119430542,0.7007565554573376,3.088656615966255,5,5,0,0,0,0,6,1,0.9728474497795105,0,0,0,0
182162,0.14602410793304443,0.38811800877253216,0.6564490282194555,3.655979804968659,6,9,2,0,0,1,4,0,0.9717812389135361,0,0,0,0
186637,0.17032193640867868,0.4920252362887065,0.7347935141435278,2.6766937153732453,1,1,0,0,0,0,1,0,0.9980992674827576,0,0,0,0
361147,0.1569135064880053,0.43020451068878174,0.6996590783905821,3.1022705265842636,13,15,1,0,1,1,14,2,0.9869616528352102,0,0,0,0
97679,0.16011608640352884,0.5111597975095113,0.7744297895868529,2.220358991979926,5,5,1,0,1,1,5,1,0.9740827530622482,0,0,0,0
437351,0.12506264448165894,0.30036793152491253,0.5507647590403859,5.180677121531565,4,4,0,0,0,0,4,0,0.9604047983884811,0,0,0,0
438269,0.18195097148418427,0.5506126582622528,0.7942081528403354,2.001313181116452,1,1,0,0,0,0,2,1,0.9889863133430481,0,0,0,0
4495,0.14276531835397085,0.3970305720965068,0.7398150953396234,2.6175362299227056,3,3,0,0,0,0,4,1,0.9933217763900757,0,0,0,0
231339,0.1281759316722552,0.3192240099112193,0.6060114233952255,4.350383784966293,2,3,0,0,0,0,2,0,0.9916397929191589,0,0,0,0
12670,0.11756649365027745,0.2638751119375229,0.5128998872340391,5.799347928360886,7,28,1,0,1,1,8,2,0.980605681737264,0,0,0,0
148719,0.1322343945503235,0.36548439661661786,0.6467694941958415,3.7850094480044234,6,6,1,0,0,1,6,1,0.987326192855835,0,0,0,0
41633,0.15212995310624441,0.48598410685857135,0.7833682576916998,2.120680603392118,3,3,0,0,0,0,3,0,0.9648364782333374,0,0,0,0
546556,0.2095223069190979,0.6032205820083618,0.8481288344408131,1.430763430412258,11,4,2,0,0,1,10,1,0.9853489730093214,0,0,0,0
289417,0.17047448456287384,0.5477810303370158,0.7893428581526867,2.054686322103765,6,12,0,0,0,0,7,1,0.9861595431963602,0,0,0,0
169169,0.1341915875673294,0.32951344549655914,0.5535465357075411,5.136917257170234,16,19,1,0,1,1,15,0,0.9825730204582215,0,0,0,0
366199,0.14489818861087164,0.42038512229919434,0.7873083771171616,2.0771025510808006,1,2,1,0,0,1,1,1,,1,0,0,1
359135,0.1320734272400538,0.32785513003667194,0.6653848587667607,3.538541719745552,2,2,0,0,0,0,2,0,0.9915863871574402,0,0,0,0
205542,0.13742091010014215,0.3225564161936442,0.6210916671808364,4.136885947745809,1,1,0,0,0,0,1,0,0.9861369729042053,0,0,0,0
123321,0.14189215252796808,0.21481143434842428,0.42552359150069863,7.421527142866239,4,21,0,0,0,0,4,0,0.985824853181839,0,0,0,0
131386,0.19607504705588022,0.6188744405905405,0.8280619668813518,1.6387432433446658,2,4,0,0,0,0,2,0,0.990411251783371,0,0,0,0
185473,0.2515375961860021,0.6705474456151327,0.888164969326708,1.0301272021283996,11,16,2,0,2,1,14,5,0.9772359927495321,0,0,0,0
299887,0.1309786488612493,0.3333633542060852,0.606233240828167,4.347205083800277,4,4,0,0,0,0,4,0,0.9966732114553452,0,0,0,0
199771,0.12075743079185486,0.2715723017851512,0.5500533298833702,5.191904037341962,10,20,0,0,0,0,14,4,0.9687220215797424,0,0,0,0
28449,0.14790194729963937,0.3872063060601552,0.699812665551526,3.100364034165373,4,5,0,0,0,0,5,1,0.9875571727752686,0,0,0,0
206994,0.15861033648252487,0.47971756259600323,0.7655923954452427,2.3200477802922466,2,2,0,0,0,0,2,0,0.9854911267757416,0,0,0,0
79188,0.13397818555434546,0.34317733844121295,0.6387500789266243,3.8933806638797934,2,1,0,0,0,0,2,0,0.9949823617935181,0,0,0,0
89880,0.21640625596046448,0.6359321673711141,0.8604155956773922,1.3058345260065005,2,2,0,0,0,0,2,0,0.9917079508304596,0,0,0,0
46497,0.13637169947226843,0.31407490372657776,0.6368175860910952,3.9196990361595594,5,4,0,0,0,0,7,2,0.9867311120033264,0,0,0,0
451714,0.15551048268874487,0.43087221185366315,0.6540776548359443,3.6874137471331894,4,6,0,0,0,0,6,2,0.9901904761791229,0,0,0,0
383384,0.17148657888174057,0.549981047709783,0.805527227935719,1.8783955048360603,6,12,0,0,0,0,7,1,0.9878862599531809,0,0,0,0
503755,0.127595953643322,0.34003548820813495,0.6365585281788332,3.92323318202833,2,2,0,0,0,0,2,0,0.9850434362888336,0,0,0,0
527220,0.25216848651568097,0.6189198593298594,0.8808162739160716,1.1022933991943604,4,4,0,0,0,0,5,1,0.9845142364501953,0,0,0,0
409542,0.1610838770866394,0.42566131552060443,0.6514449358611633,3.72244575289748,7,8,0,0,0,0,10,3,0.9684104238237653,0,0,0,0
211825,0.11800661931435268,0.3039996127287547,0.642693588267932,3.8399206547792875,4,6,0,0,0,0,7,3,0.9894391447305679,0,0,0,0
338901,0.11643914381663005,0.2643753339846929,0.5669517792870671,4.929077548071325,3,4,0,0,0,0,4,1,0.9837022026379904,0,0,0,0
568195,0.1196657841404279,0.2566984196503957,0.5424099031995931,5.313447796327466,10,13,0,0,0,0,12,2,0.9876721382141114,0,0,0,0
115870,0.1308085173368454,0.30964649717013043,0.5612658612316557,5.016627455253905,8,15,1,0,0,1,7,0,0.9846169948577881,0,0,0,0
210855,0.16727885603904724,0.4736577570438385,0.7150011706055784,2.91386494335945,3,5,1,0,1,1,2,0,0.9829151928424835,1,0,1,1
271728,0.1063452661037445,0.25914623339970905,0.5826888450239847,4.691265918989888,9,8,1,0,0,1,10,2,0.9908045381307602,0,0,0,0
34071,0.16353402038415274,0.4352284371852875,0.7372259016736811,2.647988293900859,3,2,0,0,0,0,4,1,0.9907794992129008,0,0,0,0
196141,0.14693727592627207,0.39041488369305927,0.6863894866336917,3.2685875431620035,11,13,0,0,0,0,11,0,0.963709370656447,0,0,0,0
359540,0.16819591323534647,0.48091546694437665,0.7065163424121859,3.0175557608846004,7,9,0,0,0,0,9,2,0.9852161833218166,0,0,0,0
500565,0.12673074007034302,0.2929668128490448,0.604597994332562,4.370665957313741,3,3,0,0,0,0,4,1,0.9761356115341187,0,0,0,0
132622,0.12215711424748103,0.3202379047870636,0.6385464015184217,3.8961507639019795,1,1,0,0,0,0,1,0,0.9927467107772827,0,0,0,0
118209,0.12833228210608164,0.3612052897612254,0.6943645538205336,3.168249145832369,2,2,0,0,0,0,2,0,0.9965810179710388,0,0,0,0
270883,0.13728213558594385,0.3538898825645447,0.6703058870657761,3.4745393266129065,2,3,0,0,0,0,2,0,0.9754239022731781,0,0,0,0
121586,0.1393510028719902,0.3487848738829295,0.6035720068689412,4.385418212397715,1,15,0,0,0,0,3,2,0.9945457577705383,0,0,0,0
348881,0.16006485124429068,0.41575045386950177,0.7126128690867294,2.942926779669537,4,5,0,0,0,0,4,0,0.9831102937459946,0,0,0,0
347163,0.14332565913597742,0.4153291384379069,0.7173184222789851,2.88576030811019,1,1,1,0,1,1,0,0,,0,0,0,0
7816,0.1712315877278646,0.5012870331605276,0.749403770793168,2.505682519732457,8,11,1,0,1,1,11,4,0.9845972827502659,0,0,0,0
232692,0.17117578287919363,0.49398423234621686,0.7236494525558739,2.809435242041281,7,9,1,0,1,1,7,1,0.9784303704897562,0,0,0,0
332318,0.1596555858850479,0.5045401553312937,0.7208868065795737,2.842658454215139,6,17,0,0,0,0,6,0,0.9611229499181112,0,0,0,0
456143,0.12471586465835571,0.31243956089019775,0.6382705982772652,3.8999032148047306,2,8,0,0,0,0,3,1,0.9651870131492615,0,0,0,0
168337,0.1583325465520223,0.4628225266933441,0.6992621026722347,3.10720016439058,6,6,1,0,0,1,8,3,0.985247528553009,0,0,0,0
297578,0.16909542679786682,0.4223715364933014,0.7366847303582791,2.6543666379197473,5,10,0,0,0,0,5,0,0.982369065284729,0,0,0,0
92939,0.13298875093460083,0.29696666200955707,0.5543041316256067,5.12503768575442,7,14,0,0,0,0,12,5,0.9739565849304199,0,0,0,0
439290,0.14895654966433844,0.38673975070317584,0.6902360932952953,3.220046693149761,1,8,0,0,0,0,2,1,0.9819098711013794,0,0,0,0
76417,0.13052590936422348,0.3758547405401866,0.6848674663554216,3.287869276704501,4,5,0,0,0,0,4,0,0.9922438263893127,0,0,0,0
438226,0.18246769656737646,0.4506809214750926,0.8160775497485135,1.765371387972604,5,6,0,0,0,0,6,1,0.9826667070388794,0,0,0,0
172396,0.15251173575719199,0.40962262948354083,0.7562696300824141,2.4264667889163487,2,2,0,0,0,0,2,0,0.9839686751365662,0,0,0,0
539962,0.1376551240682602,0.36746540665626526,0.6393320579414401,3.8854703650063165,2,18,0,0,0,0,2,0,0.9768629968166351,0,0,0,0
110449,0.12660727153221765,0.30135740836461383,0.5956990449368263,4.499461923791065,2,4,0,0,0,0,2,0,0.9952000081539154,0,0,0,0
360325,0.1380726769566536,0.31787845492362976,0.6091417376015394,4.305632843692697,7,13,2,0,2,1,5,0,0.9824053645133972,0,1,1,1
379441,0.14822869251171747,0.40555373827616376,0.6775162780866387,3.3816053183471078,4,19,0,0,0,0,4,0,0.9890256524085999,0,0,0,0
377393,0.14025632788737616,0.3409104992945989,0.5808309612857642,4.71900483110503,2,15,1,0,1,1,1,0,0.9523864388465881,1,0,1,1
290771,0.13221334914366403,0.325424720843633,0.5869793076882107,4.627544166367097,7,17,1,0,1,1,7,1,0.9812256097793579,0,0,0,0
550471,0.15922929346561432,0.36843769749005634,0.6863031481479609,3.269680178964896,2,2,0,0,0,0,2,0,0.9811573624610901,0,0,0,0
192191,0.10687707116206487,0.22178164621194205,0.5361166816461829,5.414813583747087,2,2,0,0,0,0,3,1,0.9933909177780151,0,0,0,0
559842,0.14302751670281091,0.41243648529052734,0.6513629513039301,3.7235389437264694,16,17,3,0,2,1,15,2,0.982328135233659,0,0,0,0
563603,0.17422548433144888,0.48187095920244855,0.6953422053641017,3.1560281866168105,3,4,0,0,0,0,3,0,0.9904028375943502,0,0,0,0
218439,0.11506336182355881,0.23713772495587668,0.46390012669565217,6.671510177423253,5,13,1,0,0,1,5,1,0.97115458548069,0,0,0,0
171740,0.129365844031175,0.2813289811213811,0.5520047961598012,5.161142976695477,1,3,0,0,0,0,1,0,0.996622622013092,0,0,0,0
459662,0.1131463572382927,0.23976224660873413,0.5413893663313993,5.329805573044598,4,5,0,0,0,0,5,1,0.9927413612604141,0,0,0,0
267300,0.1260672609011332,0.3027225335439046,0.6002592717141975,4.433222460546885,3,3,0,0,0,0,4,1,0.9776027798652649,0,0,0,0
369751,0.15104289104541144,0.42132840553919476,0.6534426470338798,3.6958504928017617,8,10,0,0,0,0,8,0,0.9832675233483315,0,0,0,0
332901,0.14088466515143713,0.34640198945999146,0.6880474015035636,3.247632819525397,5,9,1,0,0,1,4,0,0.9838721752166748,0,0,0,0
312263,0.15516903499762216,0.39231209953625995,0.5908956908983644,4.569783541949603,1,1,0,0,0,0,1,0,0.9819732904434204,0,0,0,0
370813,0.17000141739845276,0.4949371814727783,0.734483784576988,2.680355756398181,2,2,1,0,1,1,2,1,0.9921299815177917,0,0,0,0
74200,0.12154304484526317,0.29509789248307544,0.581018808894513,4.716196165725977,3,9,0,0,0,0,4,1,0.9659532109896342,0,0,0,0
240023,0.1369346355398496,0.3849971691767375,0.6572018057350978,3.646025039258344,8,9,2,0,2,1,6,0,0.984975258509318,0,0,0,0
356261,0.15769538034995398,0.5037926932175955,0.7304713370744251,2.7279364130641963,1,2,0,0,0,0,1,0,0.9970566630363464,0,0,0,0
2153,0.16484509905179343,0.5508383711179098,0.7566042093542552,2.4226249369363346,5,5,0,0,0,0,6,1,0.9822397112846375,0,0,0,0
400922,0.15756371120611826,0.49376492698987323,0.7311230151751781,2.7201908926616802,2,2,0,0,0,0,2,0,0.9890405535697937,0,0,0,0
544605,0.19231390953063965,0.5913584530353546,0.7764190774777531,2.1980760411107148,1,1,0,0,0,0,1,0,0.9880150556564331,0,0,0,0
374727,0.16541696091492972,0.5041318833827972,0.729119232200449,2.744028921910271,0,0,0,0,0,0,0,0,,0,0,0,0
535156,0.13805289566516876,0.3589966992537181,0.6564264187334872,3.6562789704384224,2,3,0,0,0,0,3,1,0.9882450699806213,0,0,0,0
563281,0.12829502920309702,0.24029348293940225,0.42058672631599087,7.522888754662299,1,2,0,0,0,0,1,0,0.9876987338066101,0,0,0,0
334767,0.15099704265594482,0.43251773715019226,0.6741009107903713,3.425501721548006,8,11,0,0,0,0,10,2,0.9541458711028099,0,0,0,0
90631,0.2460823655128479,0.8099719683329264,0.9746544342821452,0.22298674010842756,1,1,0,0,0,0,2,1,0.9899454116821289,0,0,0,0
163562,0.14177964131037393,0.42206663886706036,0.7368301649359524,2.6526520591267326,2,2,0,0,0,0,2,0,0.9931952655315399,0,0,0,0
153568,0.12455976754426956,0.2990332543849945,0.5667782011454261,4.931737230040888,1,1,0,0,0,0,1,0,0.9890224933624268,0,0,0,0
262487,0.15587982287009558,0.49238553643226624,0.7140904456810314,2.92493555236165,4,4,1,0,1,1,3,0,0.9859028061230978,0,0,0,0
248616,0.1439239556590716,0.4040079414844513,0.6877927357064715,3.250848307972885,6,7,0,0,0,0,7,1,0.9817823966344198,0,0,0,0
254368,0.13220021625359854,0.3159808615843455,0.6065755599108681,4.342301844558456,1,2,0,0,0,0,2,1,0.9869661927223206,0,0,0,0
125936,0.12421896308660507,0.2888716955979665,0.5597479735349125,5.040149400595377,8,29,1,0,0,1,8,1,0.9643843940326146,0,0,0,0
134886,0.18530811369419098,0.6542819142341614,0.8530202376062331,1.3808133045169675,4,12,0,0,0,0,5,1,0.9640633314847946,0,0,0,0
447789,0.16436374684174856,0.48950711886088055,0.7509346876921744,2.4879566795800656,0,0,0,0,0,0,0,0,,0,0,0,0
561335,0.16818497081597647,0.499740332365036,0.7263494192209076,2.777088127792526,0,2,0,0,0,0,0,0,,0,0,0,0
368900,0.1372660423318545,0.33025242884953815,0.5971998184466801,4.477606659516835,1,6,0,0,0,0,2,1,0.9796621203422546,0,0,0,0
200961,0.1839197725057602,0.5819816390673319,0.8106982313793387,1.822815488785631,5,8,1,0,1,1,5,1,0.9827539324760437,1,0,1,1
5600,0.13352967302004495,0.33765872319539386,0.6598379901131385,3.6112536720992647,4,3,1,0,1,1,3,0,0.9814632336298624,1,0,1,1
502910,0.16125414023796716,0.4822927713394165,0.71769734277331,2.8811732342229837,0,0,0,0,0,0,0,0,,0,0,0,0
541634,0.10147493580977122,0.17414500812689462,0.31959685909162494,9.907949949230908,6,11,1,0,1,1,5,0,0.9870455384254455,0,0,0,0
128699,0.15809824069341025,0.4527940849463145,0.6971125572709034,3.1339418826578176,11,13,1,0,1,1,10,0,0.9824354827404023,0,0,0,0
204186,0.12081474314133327,0.306999350587527,0.5854141368502636,4.6507358846475455,4,19,1,0,1,1,3,0,0.9888984362284342,0,0,0,0
357737,0.12217763066291809,0.2977465291817983,0.578408217860836,4.755310906723468,8,11,1,0,1,1,7,0,0.9760160361017499,0,0,0,0
463918,0.1415992503364881,0.31076817711194354,0.6067413914522511,4.339927535892754,8,10,2,0,1,1,6,0,0.9794822235902151,0,0,0,0
287667,0.12661270797252655,0.3108099599679311,0.6147787573769266,4.225622944245027,3,5,0,0,0,0,5,2,0.9912700653076172,0,0,0,0
256941,0.13725841293732324,0.34167076150576275,0.6192297163813387,4.162964207008251,1,3,0,0,0,0,1,0,0.9953119158744812,0,0,0,0
499622,0.13999381164709726,0.34257474541664124,0.5844186514027904,4.665518644896723,2,2,0,0,0,0,2,0,0.9933305084705353,0,0,0,0
488710,0.14051291346549988,0.2963181436061859,0.5833064191944528,4.682064884038494,1,1,0,0,0,0,1,0,0.997762143611908,0,0,0,0
236426,0.16915093859036764,0.4772518773873647,0.6962740665362526,3.1443956056064866,16,19,3,0,1,1,16,3,0.9875732843692486,0,0,0,0
50943,0.24634463091691336,0.7572060227394104,0.9457181283110135,0.4847657193275331,1,2,0,0,0,0,1,0,0.9778755307197571,0,0,0,0
482487,0.19774608810742697,0.4786127507686615,0.6876091169184674,3.2531674738726695,2,2,0,0,0,0,2,0,0.9752331674098969,0,0,0,0
75456,0.17633268237113953,0.45931212107340497,0.7553427049484484,2.437119216445447,1,1,0,0,0,0,1,0,0.9572736620903015,0,0,0,0
475191,0.18978677690029144,0.5591670870780945,0.8167408654701384,1.758314280560698,2,2,0,0,0,0,2,0,0.9748165905475616,0,0,0,0
311518,0.1693290794889132,0.534681648015976,0.7957238599786677,1.9847523863034888,1,1,0,0,0,0,1,0,0.924697995185852,0,0,0,0
27186,0.13133189578851065,0.36188897490501404,0.6838050306207656,3.3013541701507947,2,4,0,0,0,0,2,0,0.995730847120285,0,0,0,0
81594,0.13118152072032294,0.3221427996953328,0.5984644399854969,4.459232994604488,2,3,0,0,0,0,3,1,0.9926359951496124,0,0,0,0
249550,0.1457670753200849,0.41699151198069256,0.7328354795658371,2.6998702571463378,3,3,0,0,0,0,3,0,0.9721358418464661,0,0,0,0
540962,0.15334023535251617,0.34232409795125324,0.611773346596741,4.268188960825808,4,4,1,0,1,1,4,1,0.9709100921948751,0,0,0,0
493286,0.15355432033538818,0.4201599955558777,0.7851443090621275,2.1010102569568216,4,8,1,0,1,1,3,0,0.9676292936007181,0,0,0,0
134096,0.12522428234418234,0.2596641679604848,0.5460573473509884,5.25523489937647,1,4,0,0,0,0,1,0,0.997927725315094,0,0,0,0
198805,0.15270382165908813,0.4698531726996104,0.7499427287472198,2.499438026532898,4,8,1,0,0,1,3,0,0.9836723804473877,0,0,0,0
260105,0.11267296969890594,0.23079912861188254,0.509913884590689,5.850063246862625,4,5,0,1,0,1,5,1,0.9880125919977824,0,1,0,1
31217,0.17534040908018747,0.6109885474046072,0.8232988166840496,1.6888501758691163,2,3,0,0,0,0,4,2,0.9737920463085175,0,0,0,0
89670,0.13492055237293243,0.3218371868133545,0.6252387968962296,4.079081625367421,3,3,1,0,0,1,2,0,0.9677179455757141,1,0,0,1
290081,0.10078918437163036,0.1980370283126831,0.3534041345761742,9.034567477280417,5,4,0,0,0,0,5,0,0.9847092866897583,0,0,0,0
453302,0.15280951807896295,0.3790476123491923,0.6198983275678793,4.1535907067165905,6,7,0,0,0,0,9,3,0.9868082106113434,0,0,0,0
125806,0.12806138147910437,0.3791933556397756,0.6978750455812022,3.124446615517686,2,2,0,0,0,0,2,0,0.9953446090221405,0,0,0,0
368940,0.15977429846922556,0.4130319853623708,0.7006179242778031,3.0903751218291386,1,1,0,0,0,0,1,0,0.9696150422096252,0,0,0,0
312552,0.14709270497163138,0.37465808788935345,0.6762876879625487,3.3973703795013726,2,2,0,0,0,0,2,0,0.9786511063575745,0,0,0,0
386912,0.10999163488547008,0.23239650825659433,0.44956408325173935,6.944167857528103,2,17,0,0,0,0,3,1,0.9623861312866211,0,0,0,0
313454,0.14357521881659827,0.3835940460364024,0.7037560954644478,3.0515566111214314,6,7,0,0,0,0,6,0,0.9832134942213694,0,0,0,0
468501,0.1367715299129486,0.3707130750020345,0.6070554601687533,4.33543260534891,6,11,0,1,0,1,7,2,0.9717632293701172,0,0,0,0
343315,0.1598537191748619,0.5060644547144572,0.7119273901869265,2.9512859601050385,1,1,0,0,0,0,1,0,0.9873356223106384,0,0,0,0
3553,0.15563136835892996,0.368172287940979,0.6773771627221008,3.3833889873371383,2,2,0,0,0,0,2,0,0.9939817190170288,0,0,0,0
163258,0.15149675558010736,0.44944767157236737,0.7036693767286303,3.0526269759609175,2,2,0,0,0,0,2,0,0.9811453223228455,0,0,0,0
559956,0.10685172925392787,0.22333810726801553,0.5249500777742571,5.597639911997052,8,9,0,0,0,0,10,2,0.991439200937748,0,0,0,0
564091,0.12132685383160909,0.30473552147547406,0.6019441756028224,4.4088756682595145,3,5,0,0,0,0,3,0,0.9747815926869711,0,0,0,0
551304,0.15408390760421753,0.3979550898075104,0.693626377098184,3.1774879989190836,1,1,0,0,0,0,1,0,0.9939730763435364,0,0,0,0
269682,0.164876659711202,0.5419844686985016,0.7909937435851359,2.0365390313662566,8,10,0,0,0,0,9,1,0.9766327142715454,0,0,0,0
515077,0.12792452921470007,0.2890141506989797,0.5734550756896158,4.830011978769599,10,12,0,2,1,1,9,0,0.9876861348748207,0,0,0,0
372466,0.15897745390733084,0.45145634810129803,0.7447215254649887,2.5601218621534114,4,7,1,0,1,1,4,1,0.9879565437634786,1,0,1,1
776,0.11986222863197327,0.24779590964317322,0.5520463350702286,5.160489379445093,2,4,0,0,0,0,2,0,0.9938521683216095,0,0,0,0
81738,0.13039844979842505,0.32900617520014447,0.6250115514312691,4.082239119470542,4,5,0,0,0,0,6,2,0.9925840646028519,0,0,0,0
202001,0.12075608968734741,0.2757950226465861,0.5135736829686135,5.78794477800302,3,3,1,0,1,1,2,0,0.9545596241950989,0,0,0,0
286182,0.11421850323677063,0.22111929456392923,0.45992597461015355,6.746241253558912,16,35,0,1,0,1,19,3,0.9693844676017761,0,0,0,0
440171,0.13703435411055884,0.3691603938738505,0.6869767030979307,3.2611598115766567,3,3,0,0,0,0,3,0,0.9918832381566366,0,0,0,0
370208,0.1263793185353279,0.3138880928357442,0.6328559072074954,3.973903234985964,4,4,2,0,2,1,3,1,0.9940348565578461,0,0,0,0
461275,0.1639956831932068,0.5390637914339701,0.7470891842976495,2.532551017603541,0,0,0,0,0,0,0,0,,0,0,0,0
155291,0.13830247521400452,0.3660604655742645,0.7161139769981749,2.900356994011176,1,1,0,0,0,0,1,0,0.9953337907791138,0,0,0,0
141328,0.11167228470245998,0.22557503978411356,0.48686094026862836,6.2519013300412185,8,15,0,0,0,0,10,2,0.9821544513106346,0,0,0,0
295478,0.15060559660196304,0.3836480677127838,0.647257038153362,3.778464368590297,3,3,1,0,0,1,2,0,0.9925931990146637,0,0,0,0
140420,0.17270052433013916,0.5703410804271698,0.7884289679415954,2.06474855071161,1,1,0,0,0,0,1,0,0.9910656213760376,0,0,0,0
172617,0.14175811658302942,0.33463937044143677,0.5640987707451172,4.972896933313228,5,12,1,0,1,1,4,0,0.9851020872592926,0,0,0,0
164883,0.11460690945386887,0.25915921727816266,0.5554627407398607,5.106901345939362,4,4,1,0,1,1,3,0,0.9856362342834473,0,0,0,0
74457,0.21699767311414084,0.7026074131329855,0.9054000565002501,0.8631896547842708,2,2,0,0,0,0,3,1,0.9815045297145844,0,0,0,0
451308,0.14568291107813516,0.3240700711806615,0.5618209557401754,5.0080413157686,12,22,0,0,0,0,17,5,0.9756125609079996,0,0,0,0
506933,0.12055903921524684,0.28540632128715515,0.6035984641737705,4.385037478714416,2,5,0,0,0,0,2,0,0.9937496483325958,0,0,0,0
521717,0.159232830007871,0.4811620016892751,0.7518413099886645,2.477476312342005,5,6,0,0,0,0,6,1,0.9842446565628051,0,0,0,0
277584,0.16421033442020416,0.4194890360037486,0.6883187048619247,3.2442085691769136,1,2,0,0,0,0,1,0,0.9930046200752258,0,0,0,0
3501,0.11560269941886266,0.2007876088221868,0.416522996364615,7.6072203212277625,2,3,0,0,0,0,2,0,0.9860880076885223,0,0,0,0
388215,0.16107197354237238,0.49244338274002075,0.7594370544096247,2.390164332151164,3,3,0,0,0,0,3,0,0.9795209169387817,0,0,0,0
355240,0.1704400877157847,0.45865147312482196,0.7461238171916958,2.5437819314817283,2,4,0,0,0,0,3,1,0.9792139232158661,0,0,0,0
402096,0.17569516599178314,0.4767417808373769,0.6904290178879504,3.2176192808575212,0,0,0,0,0,0,0,0,,0,0,0,0
158956,0.15219910939534506,0.4260680576165517,0.7217265424543653,2.832546453016416,2,5,0,0,0,0,3,1,0.992483526468277,0,0,0,0
72813,0.12772704660892487,0.3272840877374013,0.6867201778517075,3.264403831469069,4,3,0,0,0,0,6,2,0.9639316350221634,0,0,0,0
427055,0.14997086425622305,0.4113413592179616,0.6486576577082337,3.759689009912206,4,9,1,0,1,1,4,1,0.9456824660301208,0,0,0,0
490125,0.1408841237425804,0.3904912869135539,0.7051060256360377,3.0349114789935587,13,14,0,0,0,0,17,4,0.9732147134267367,0,0,0,0
78823,0.12476967026789983,0.33782320221265155,0.6135931578856503,4.242389836105693,5,5,1,0,0,1,7,3,0.9925213903188705,0,0,0,0
456394,0.126859150826931,0.2832820614178975,0.5816204964647398,4.707205944469798,3,3,1,0,1,1,2,0,0.9940891265869141,0,0,0,0
415727,0.1213696723182996,0.26170214513937634,0.5342154537966948,5.445671057047211,4,11,0,0,0,0,5,1,0.9788050353527069,0,0,0,0
322968,0.1543683111667633,0.41286049286524457,0.6831748267992751,3.309362892738834,2,1,0,0,0,0,2,0,0.9701780378818512,0,0,0,0
251537,0.12500886619091034,0.2782013813654582,0.4631469772193481,6.685623321499225,0,2,0,0,0,0,0,0,,0,0,0,0
342367,0.13922650863726935,0.3299116889635722,0.5954619184278144,4.502920154505625,5,6,0,0,0,0,7,2,0.9876275181770324,0,0,0,0
319935,0.15980508426825205,0.45104919870694477,0.7218056545570588,2.8315944008278437,10,13,0,0,0,0,11,1,0.9756370484828949,0,0,0,0
278705,0.13334098706642786,0.3679886758327484,0.6133043417629189,4.246479216049487,6,6,0,0,0,0,10,4,0.988536020119985,0,0,0,0
118405,0.16554095347722372,0.4958253999551137,0.7854384797098922,2.0977565172248087,1,2,0,0,0,0,1,0,0.9694877862930298,0,0,0,0
379533,0.18084716300169626,0.558810959259669,0.769896824230581,2.2713494360218065,4,3,0,0,0,0,4,0,0.9718220084905624,0,0,0,0
158227,0.15748044351736704,0.4268998901049296,0.6895546062023875,3.22862672222554,2,2,0,0,0,0,2,0,0.9752347469329834,0,0,0,0
268378,0.13935642689466476,0.35171814759572345,0.6341525233790344,3.9561255018176094,18,21,1,0,1,1,19,2,0.9765106404528898,0,0,1,1
562243,0.13843140751123428,0.3861591915289561,0.7090389734990736,2.986597848936765,2,2,0,0,0,0,3,1,0.9853299558162689,0,0,0,0
100283,0.14060423026482263,0.4104069372018178,0.7142362450793187,2.9231622920908578,3,6,1,0,1,1,2,0,0.9819745421409607,0,0,0,0
122217,0.17721801499525705,0.5136543214321136,0.7376215650936313,2.6433278948299135,5,4,1,0,0,1,4,0,0.9765456020832062,1,0,0,1
506279,0.14173187067111334,0.3742372492949168,0.6655380144317522,3.536542665951796,1,2,0,0,0,0,1,0,0.993177056312561,0,0,0,0
182021,0.21108641227086386,0.6504634817441305,0.8895192628387796,1.0168928537033022,4,5,1,0,0,1,4,1,0.9718281428019205,0,0,0,0
446206,0.16421877344449362,0.4670597513516744,0.7448081654115463,2.5591114156755674,2,6,0,0,0,0,3,1,0.9840580523014069,0,0,0,0
243075,0.1277558778723081,0.3519008457660675,0.6346592147620225,3.9491881989304307,1,1,0,0,0,0,1,0,0.9935651421546936,0,0,0,0
249219,0.13477212935686111,0.37491296728452045,0.6626469002440987,3.5743565850068517,2,1,0,0,0,0,2,0,0.9814387261867523,0,0,0,0
361180,0.15964584052562714,0.473519504070282,0.7238139738949866,2.8074607338434503,1,1,0,0,0,0,1,0,0.9961448311805725,0,0,0,0
99114,0.1538209170103073,0.4302733341852824,0.678186948609261,3.3730114454352407,11,20,0,0,0,0,14,3,0.969848329370672,0,0,0,0
361142,0.14749112725257874,0.44290728370348614,0.6871620558222366,3.2588165936057667,11,16,1,0,1,1,11,1,0.973615038394928,1,0,1,1
325306,0.1435446416338285,0.3892243107159932,0.6637485778577025,3.5599279285059557,2,2,0,0,0,0,2,0,0.9856741428375244,0,0,0,0
139872,0.13461856792370477,0.34515076875686646,0.6124616376891803,4.258422173935315,3,4,0,0,0,0,4,1,0.9861997564633688,0,0,0,0
558558,0.1615073581536611,0.46148480971654254,0.7249044134499881,2.7943851223193206,2,5,2,0,0,1,0,0,,0,0,0,0
333772,0.12298950552940369,0.2635144690672557,0.5341517746707869,5.446706487273452,4,8,0,0,0,0,4,0,0.9916287809610367,0,0,0,0
276055,0.12730448444684347,0.3075328767299652,0.5895272308931113,4.5899225915821384,4,8,0,0,0,0,7,3,0.9897252023220062,0,0,0,0
322864,0.14505197356144586,0.3513292868932088,0.6030420101598638,4.393048644590069,7,6,1,0,0,1,8,2,0.9845439394315084,0,0,0,0
503823,0.18111402789751688,0.588688850402832,0.8491693489771673,1.4201138042592731,2,4,0,0,0,0,2,0,0.9724544286727905,0,0,0,0
124442,0.18343708912531534,0.5484282374382019,0.7547617237685839,2.443802646495862,2,2,0,0,0,0,4,2,0.9907544553279877,0,0,0,0
14439,0.1433179204662641,0.384604533513387,0.6576278664029768,3.640395844620792,12,20,0,0,0,0,14,2,0.9863150417804718,0,0,0,0
469828,0.17235787212848663,0.5500281552473704,0.7767035932576162,2.194893713354655,2,2,0,0,0,0,2,0,0.9682344496250153,0,0,0,0
132116,0.10849391420682271,0.19540498157342276,0.3463570092333453,9.209520382251377,4,8,3,0,2,1,2,1,0.9857017397880554,0,0,0,0
8211,0.13897410035133362,0.3785023291905721,0.6734365388993849,3.434066472594646,4,6,0,0,0,0,5,1,0.9911540597677231,0,0,0,0
491867,0.12294935683409373,0.3256792624791463,0.6043995825236684,4.3735168862542135,4,6,0,0,0,0,4,0,0.9873743951320648,0,0,0,0
503855,0.1653627728422483,0.47026227911313373,0.7462424162901881,2.542401387403827,14,17,0,0,0,0,15,1,0.9826130100658962,0,0,0,0
165518,0.15945969273646673,0.5167412956555685,0.7874920443650122,2.075076499486671,2,2,0,0,0,0,2,0,0.9857988953590393,0,0,0,0
189213,0.15529889365037283,0.4415443142255147,0.6753404307083575,3.409544990553263,1,3,0,0,0,0,1,0,0.9886437654495239,0,0,0,0
55167,0.18651330471038818,0.568541685740153,0.8275303758668413,1.6443211152930692,6,11,0,0,0,0,8,2,0.9759946266810099,0,0,0,0
343218,0.1660739630460739,0.48993009328842163,0.7344218251228946,2.681088510057852,8,22,0,0,0,0,8,0,0.9759751930832863,0,0,0,0
185802,0.13958901166915894,0.3229682147502899,0.5941036586059525,4.5227554629027455,1,4,0,0,0,0,1,0,0.9178510308265686,0,0,0,0
214224,0.16050080955028534,0.42066479722658795,0.6710325837017356,3.465127820814166,5,8,0,0,0,0,9,4,0.9831215739250183,0,0,0,0
459437,0.13728897273540497,0.3406364321708679,0.6382651490659658,3.899977370578371,6,6,1,0,0,1,5,0,0.974950909614563,0,0,0,0
325527,0.14898035178581873,0.44411467512448627,0.7470407621720927,2.5331140064383035,1,1,0,0,0,0,1,0,0.9834367036819458,0,0,0,0
127530,0.1484594320257505,0.43425388137499493,0.7114208173536012,2.957468615742464,3,3,0,0,0,0,3,0,0.9882940649986267,0,0,0,0
261535,0.13775004694859186,0.3667437831560771,0.6196399382513427,4.1572119601808675,5,7,0,0,0,0,8,3,0.9880558729171753,0,0,0,0
270386,0.15679049243529639,0.44428086280822754,0.7254387932912268,2.7879844793345816,0,0,0,0,0,0,0,0,,0,0,0,0
482978,0.14145778864622116,0.3870989779631297,0.7476257042648364,2.5263155094683047,1,2,0,0,0,0,1,0,0.9920133948326111,0,0,0,0
365886,0.12374621878067653,0.3059692184130351,0.6456355722649407,3.8002509903549058,2,2,0,0,0,0,2,0,0.9868292808532715,0,0,0,0
14888,0.13916573425134024,0.3332193195819855,0.6234789540693854,4.103564036516991,0,1,0,0,0,0,0,0,,0,0,0,0
221708,0.1460644801457723,0.38670336206754047,0.5950983048683376,4.50822573633999,7,9,0,0,0,0,9,2,0.9709658622741699,0,0,0,0
569972,0.1633752187093099,0.5218433340390524,0.743453697106034,2.5749214901852002,2,2,0,0,0,0,3,1,0.9802208840847015,0,0,0,0
138979,0.13240627944469452,0.3352157771587372,0.6485120228742148,3.761639360926411,6,7,0,0,0,0,7,1,0.9753819406032562,0,0,0,0
427338,0.1836427003145218,0.5225241879622141,0.7777770825631124,2.182897152364935,4,4,0,0,0,0,4,0,0.9714428633451462,0,0,0,0
250137,0.1181354895234108,0.22116356094678244,0.457824248799947,6.786024170271333,7,14,1,0,1,1,6,0,0.9716943105061849,0,0,0,0
150638,0.11346675455570221,0.24429362018903097,0.5245041943687564,5.605020689583014,12,18,0,0,0,0,17,5,0.9884984691937765,0,0,0,0
6460,0.19135600328445435,0.579487274090449,0.7852800355689915,2.0995088723577524,2,2,1,0,1,1,1,0,0.9868491291999817,0,0,0,0
184762,0.12159415831168492,0.2753358284632365,0.5721294377633462,4.850114118300663,1,1,0,0,0,0,1,0,0.9892700910568237,0,0,0,0
231237,0.14565870414177576,0.3630579710006714,0.668978515233447,3.491756594281474,0,2,0,0,0,0,1,1,,0,0,0,0
378673,0.15421656519174576,0.4797597924868266,0.7226806026831893,2.821072038633075,5,19,0,0,0,0,8,3,0.9830052018165588,0,0,0,0
130599,0.1442148337761561,0.3898882567882538,0.6755437087397577,3.406930923945546,2,1,0,0,0,0,2,0,0.9801931381225586,0,0,0,0
161925,0.13288630296786627,0.26670541365941364,0.5267931772112895,5.567197169219368,3,3,0,0,0,0,4,1,0.9785399238268534,0,0,0,0
189451,0.12399868418773015,0.2788184682528178,0.5983732192560396,4.460557039155034,3,2,0,0,0,0,4,1,0.9846258958180746,0,0,0,0
357060,0.22116146485010782,0.7375745375951132,0.9303079463758532,0.627465388611589,1,1,0,0,0,0,1,0,0.9959868788719177,0,0,0,0
349152,0.1195496196548144,0.2634306401014328,0.5500092933797663,5.192599445407765,16,15,2,0,1,1,15,1,0.9860232387270246,0,0,0,0
458045,0.14420948922634125,0.4301695227622986,0.6806931849149793,3.3409719504064777,9,11,1,0,1,1,12,4,0.9641414657235146,0,0,0,0
514540,0.16541818777720133,0.48135440548261005,0.7405637955243509,2.6087504686947707,0,0,0,0,0,0,0,0,,0,0,0,0
237928,0.14008094618717828,0.3643440405527751,0.6217604929099961,4.127537535733657,3,4,0,0,0,0,5,2,0.9763518969217936,0,0,0,0
477118,0.17551790674527487,0.5109504759311676,0.7708814797559697,2.2602477605020894,0,0,0,0,0,0,0,0,,0,0,0,0
215259,0.16079545517762503,0.38623998562494916,0.6419204562665775,3.8503756861231904,4,8,1,0,0,1,4,1,0.9910237391789755,0,0,0,0
520009,0.14538168410460153,0.40597212314605713,0.6998786793343618,3.099544727201988,6,10,0,0,0,0,8,2,0.9689091841379801,0,0,0,0
560178,0.1465147609512011,0.414044330517451,0.714928840787624,2.9147436560402435,2,4,1,0,0,1,1,0,0.9978756308555603,1,0,0,1
140929,0.1581949715813001,0.43130695819854736,0.7759531838095506,2.2032896116021385,1,1,0,0,0,0,1,0,0.9767966866493225,0,0,0,0
170595,0.12802534302075705,0.2291695773601532,0.401720515613454,7.921519771131935,1,2,0,0,0,0,1,0,0.9567276239395142,0,0,0,0
40083,0.1297501971324285,0.2857906719048818,0.5783367901740664,4.756383594309518,7,11,0,0,0,0,10,3,0.9828104717390878,0,0,0,0
232649,0.13550573339064917,0.3364342153072357,0.5960292586670604,4.494648410371074,3,3,0,0,0,0,3,0,0.9946819146474203,0,0,0,0
15335,0.11387410014867783,0.24015531440575918,0.5087671687280273,5.869618438556753,5,15,1,0,0,1,4,0,0.9876977503299713,0,1,0,1
507037,0.1365256036321322,0.3523384630680084,0.5667369178724048,4.93236992024061,18,26,1,0,0,1,23,6,0.9803560972213745,1,0,0,1
523229,0.13572957615057626,0.33115654190381366,0.6480700463179614,3.767561021930584,1,1,0,0,0,0,1,0,0.9962475895881653,0,0,0,0
295713,0.13034068793058395,0.30730782945950824,0.5927843685984634,4.542065139742488,13,12,1,0,0,1,14,2,0.9783092588186264,0,0,0,0
11197,0.1333086018760999,0.3943503797054291,0.6683008103528357,3.5005602453833355,12,16,2,0,1,1,11,1,0.9761196732521057,1,0,1,1
178028,0.1452088256676992,0.3480319678783417,0.6179347586655883,4.1811475029880425,5,10,0,0,0,0,6,1,0.977323853969574,0,0,0,0
347664,0.1715742846330007,0.5987541079521179,0.7910777766972655,2.035616314119622,14,13,1,0,1,1,13,0,0.9716614347237807,0,0,0,0
350019,0.14483832567930222,0.35136254628499347,0.6533864679693939,3.6965972853988847,2,2,0,0,0,0,2,0,0.9934076368808746,0,0,0,0
380706,0.1555978606144587,0.4482379953066508,0.6857006189506067,3.2773091703334027,7,9,0,0,0,0,9,2,0.9872344817434039,0,0,0,0
163057,0.15966404974460602,0.4847824275493622,0.7446057382975336,2.5614724243629623,10,22,1,0,1,1,11,2,0.959529783990648,0,0,0,0
123213,0.14847765862941742,0.37598806619644165,0.6554516875851498,3.6691862804978554,9,16,1,0,1,1,10,2,0.9870127439498901,0,0,0,0
16598,0.13537906855344772,0.339000125726064,0.6392424138166221,3.886688344863329,3,3,1,0,1,1,2,0,0.9898049235343933,0,0,0,0
286523,0.11873103429873784,0.29166115323702496,0.575002487656886,4.806605528004905,2,2,0,0,0,0,5,3,0.9889540374279022,0,0,0,0
291490,0.15026848018169403,0.36771775285402936,0.7295581400564546,2.738801850611156,1,2,0,0,0,0,2,1,0.9844621419906616,0,0,0,0
70229,0.12532460192839304,0.35005470116933185,0.6320782765202112,3.9845827079051253,2,4,0,0,0,0,2,0,0.9886323511600494,0,0,0,0
336628,0.12842306991418204,0.2756340006987254,0.5570776615621978,5.081685122133356,5,8,0,0,0,0,5,0,0.9778036832809448,0,0,0,0
215072,0.13362857202688852,0.3367080092430115,0.6120458817965397,4.264320398129372,3,9,0,0,0,0,5,2,0.9637194275856018,0,0,0,0
468505,0.1267756794889768,0.292546143134435,0.5613298341773996,5.015637496091533,8,14,0,0,0,0,8,0,0.9796387106180191,0,0,0,0
558854,0.10466336955626805,0.21845283607641855,0.5195510276238867,5.687435836932124,7,7,0,0,0,0,8,1,0.9771013685635158,0,0,0,0
48153,0.12103999902804692,0.3012934823830922,0.6006915713089543,4.426969237520094,2,2,0,0,0,0,2,0,0.9750657081604004,0,0,0,0
284445,0.11613466590642929,0.28554507593313855,0.494736461724781,6.112521625247608,15,23,0,0,0,0,19,4,0.9806053916613261,0,0,0,0
410428,0.14890930553277335,0.44105014204978943,0.7146181815558778,2.918518770537768,6,10,1,0,1,1,8,3,0.9683493852615357,0,0,0,0
441543,0.12287053217490514,0.2952047934134801,0.6112095635254889,4.276197180471498,10,16,1,0,1,1,11,2,0.980502016014523,0,0,0,0
569976,0.13475804030895233,0.3254964252312978,0.6047038092268939,4.369145912451705,2,7,0,0,0,0,2,0,0.9840231537818909,0,0,0,0
34205,0.13932059953610101,0.3255828519662221,0.6475555435179573,3.7744594882919733,0,3,0,0,0,0,0,0,,0,0,0,0
341681,0.18282516797383627,0.61941330631574,0.8609977686497101,1.299959481133032,3,3,0,0,0,0,4,1,0.9862893223762512,0,0,0,0
80666,0.12347426265478134,0.24348401526610056,0.442590944971942,7.079949512149328,2,2,0,0,0,0,2,0,0.9907176792621613,0,0,0,0
266206,0.16260319203138351,0.40532809495925903,0.6624967273621792,3.576325254753123,0,2,0,0,0,0,0,0,,0,0,0,0
323828,0.1626491273442904,0.406626691420873,0.6674596130706174,3.5115001528621894,1,9,0,0,0,0,1,0,0.9901319146156311,0,0,0,0
397351,0.11327160646518071,0.25019247829914093,0.5420959507526981,5.318476734385419,3,12,1,0,1,1,3,1,0.9826928973197937,1,0,1,1
508370,0.14515976856152216,0.31944135824839276,0.5766957353408443,4.781065203610967,4,6,0,0,0,0,4,0,0.989609882235527,0,0,0,0
352491,0.15369550635417303,0.4200198252995809,0.7021051047153176,3.0719573875721373,1,6,0,0,0,0,2,1,0.9963671565055847,0,0,0,0
80932,0.11814409246047337,0.22726333638032278,0.4647185278313274,6.656200246376941,8,10,0,0,0,0,11,3,0.989368848502636,0,0,0,0
557258,0.1732793649037679,0.3999418119589488,0.6894392922522359,3.230079381658193,2,1,1,0,0,1,1,0,0.9975234270095825,1,0,0,1
381360,0.16963209708531699,0.5303014020125071,0.7630755144337905,2.348649637255891,2,2,0,0,0,0,2,0,0.9894106388092041,0,0,0,0
456303,0.18489137788613638,0.4996737738450368,0.7439470698600216,2.5691592483685954,1,6,0,0,0,0,3,2,0.9886702299118042,0,0,0,0
494188,0.13200213263432184,0.2945480893055598,0.5471605314061306,5.237704746618848,9,16,0,0,0,0,12,3,0.9822189542982314,0,0,0,0
84650,0.14075431476036707,0.36309871077537537,0.659520995718764,3.615427484394434,2,7,0,0,0,0,4,2,0.991599828004837,0,0,0,0
388846,0.16748232146104178,0.5211178263028463,0.7311853545573199,2.7194503197361253,12,31,0,1,1,1,13,2,0.9582675695419312,0,0,0,0
393014,0.11056728661060333,0.28215981523195904,0.5846609629213033,4.66191804984368,2,4,0,0,0,0,3,1,0.9619490206241608,0,0,0,0
518213,0.14814479649066925,0.437052587668101,0.6877731437700719,3.2510957310878554,2,2,0,0,0,0,2,0,0.9793834686279297,0,0,0,0
474095,0.15183093398809433,0.4069090187549591,0.6775427357923625,3.3812661320686246,1,2,0,0,0,0,1,0,0.9900032877922058,0,0,0,0
158660,0.1130607749025027,0.2045732984940211,0.3661117952762555,8.727725578563323,6,10,1,0,0,1,7,2,0.9624394416809082,0,0,0,0
34873,0.15009698768456778,0.4261120855808258,0.7080760575302182,2.9984018068939955,6,9,1,0,0,1,6,1,0.981141459941864,0,0,0,0
566758,0.13918500890334448,0.3957560857137044,0.6963475691396948,3.1434787226774166,2,2,0,0,0,0,2,0,0.9881776571273804,0,0,0,0
482719,0.11863601456085841,0.26533661286036175,0.570389272760879,4.876573016018789,2,6,0,0,0,0,2,0,0.9817111492156982,0,0,0,0
464476,0.15057935565710068,0.39744646350542706,0.6761814503463496,3.3987349477350968,3,4,1,0,1,1,2,0,0.9868428111076355,1,0,1,1
398377,0.12320318569739659,0.2560463696718216,0.5213507708242507,5.657399600245206,10,14,0,1,1,1,13,3,0.9545233845710754,0,1,1,1
241677,0.14577094713846842,0.38541115323702496,0.6527509131431556,3.705050239269067,13,16,2,0,2,1,14,3,0.973387978293679,0,0,1,1
312421,0.12391234189271927,0.279624084631602,0.5879046527898861,4.613862054154173,8,12,1,0,1,1,13,6,0.9584047453744071,0,0,0,0
411938,0.12768103182315826,0.3115264077981313,0.590680061118903,4.572953777094791,16,17,1,0,1,1,16,1,0.9737254937489828,0,0,0,0
293625,0.1279823879400889,0.32054072618484497,0.596149232910091,4.492900210675717,4,8,0,0,0,0,5,1,0.9894651472568512,0,0,0,0
64574,0.14881213754415512,0.4015941123167674,0.6784549322586783,3.3695799187121667,0,0,0,0,0,0,0,0,,0,0,0,0
234779,0.12873941411574683,0.3433554470539093,0.6843302071102949,3.2946857866068173,3,2,1,0,0,1,2,0,0.9898023009300232,1,0,0,1
558114,0.12398743629455566,0.27859583000342053,0.5228796711749215,5.631964851996544,6,17,0,0,0,0,9,3,0.9515649974346161,0,0,0,0
554328,0.11901379376649857,0.2798238694667816,0.5789854291896714,4.746647312744806,4,6,1,0,1,1,3,0,0.9960995117823283,0,0,0,0
183675,0.15292136867841086,0.42083806792895,0.7462191913327835,2.5426717185344256,2,2,0,0,0,0,2,0,0.9951000809669495,0,0,0,0
190841,0.16674155990282694,0.5154801905155182,0.7698881068381814,2.271447785222123,2,2,1,0,1,1,1,0,0.9921278953552246,0,0,0,0
57150,0.12108420083920161,0.25488098462422687,0.4844428431481612,6.295149114045976,8,23,0,0,0,0,11,3,0.9844107925891876,0,0,0,0
529966,0.13009334355592728,0.3392426073551178,0.6421897973963496,3.8467319688398365,4,12,0,0,0,0,5,1,0.9815887212753296,0,0,0,0
267933,0.15974657237529755,0.46198737621307373,0.745378172266567,2.5524665864324962,9,11,0,0,0,0,10,1,0.9756726622581482,0,0,0,0
17207,0.13746866832176843,0.3653886119524638,0.6969209154038164,3.1363300320827268,5,5,0,0,0,0,5,0,0.9815460085868836,0,0,0,0
359855,0.1359443093339602,0.39437947670618695,0.6616630083378796,3.5872628964830366,1,1,0,0,0,0,1,0,0.9968695640563965,0,0,0,0
217948,0.12521432091792425,0.3172711928685506,0.6351885643576705,3.941946586967666,3,3,0,0,0,0,3,0,0.9889706969261169,0,0,0,0
543300,0.15712129324674606,0.5054719944794973,0.7945198693276984,1.997904749963272,1,1,0,0,0,0,1,0,0.9855326414108276,0,0,0,0
325483,0.13325331608454385,0.3317512571811676,0.6319262665325828,3.9866718491033053,8,27,1,0,0,1,7,0,0.9763354999678475,0,0,0,0
349184,0.15345786015192667,0.39810843269030255,0.6467160995037782,3.785726549771993,7,9,1,0,1,1,6,0,0.9697291851043701,0,0,0,0
556193,0.14050113906462988,0.3664177755514781,0.6858138547379835,3.2758749112375822,4,6,0,0,0,0,4,0,0.9801913648843765,0,0,0,0
250758,0.15370966494083405,0.4441821078459422,0.7034779407636261,3.0549903271955343,2,2,0,0,0,0,2,0,0.9903641641139984,0,0,0,0
252219,0.13162720203399658,0.32601021726926166,0.6206217329709601,4.143460406680559,5,7,0,0,0,0,7,2,0.9896659016609192,0,0,0,0
128112,0.19694102803866068,0.6063666244347891,0.791817008204303,2.0275034770376448,1,2,0,0,0,0,1,0,0.9910961389541626,0,0,0,0
423519,0.14724462231000265,0.4252585470676422,0.7035111789854732,3.054579942320867,1,1,0,0,0,0,1,0,0.9947446584701538,0,0,0,0
190923,0.14701514194409052,0.3798955778280894,0.5896624809029076,4.587930093425079,9,16,0,0,0,0,13,4,0.9708389970991347,0,0,0,0
3661,0.12872672080993652,0.3154859145482381,0.6772899201227482,3.38450775607428,2,3,0,0,0,0,2,0,0.9916065037250519,0,0,0,0
180751,0.10112861543893814,0.22197734316190085,0.4727235040533716,6.507856076348666,20,21,0,0,0,0,26,6,0.9802830457687378,0,0,0,0
486112,0.14180451134840646,0.3255808154741923,0.6308941975137979,4.000869337736324,3,2,0,0,0,0,3,0,0.9913144707679749,0,0,0,0
529528,0.14242578049500784,0.33280717333157855,0.6228429727800865,4.112428622225054,1,3,1,0,0,1,1,1,,0,0,0,0
459809,0.22367494801680246,0.7256374359130859,0.9150553431102644,0.7710527748338227,5,8,0,0,0,0,6,1,0.9489075660705566,0,0,0,0
345385,0.11447245379288991,0.258945698539416,0.5839042583865954,4.6731671489541675,2,3,0,0,0,0,3,1,0.9370076358318329,0,0,0,0
157807,0.16768324375152588,0.44413615266482037,0.7685201149678457,2.2868952189720604,3,3,0,0,0,0,3,0,0.995009700457255,0,0,0,0
515577,0.20471429328123728,0.6195506354173025,0.8067970722113907,1.864713729382377,2,4,0,0,0,0,2,0,0.9940394759178162,0,0,0,0
465836,0.1596935341755549,0.4635994036992391,0.6864943908173362,3.267260138596408,6,7,1,0,1,1,7,2,0.9050018191337585,0,0,0,0
531707,0.1795417070388794,0.576448013385137,0.7973802619367087,1.9666903781894598,5,5,0,0,0,0,6,1,0.9852375984191895,0,0,0,0
170545,0.16144699851671854,0.4992219905058543,0.7419169331339852,2.5928943337998946,4,11,0,0,0,0,4,0,0.9709039032459259,0,0,0,0
66561,0.1493265355626742,0.41634875535964966,0.7305449434124662,2.7270612188066554,2,2,0,0,0,0,4,2,0.9878834784030914,0,0,0,0
204871,0.1069534495472908,0.23454835514227548,0.43907090489371975,7.1493068107592865,5,11,1,0,1,1,5,1,0.9860467612743378,0,0,0,0
211069,0.16846046845118204,0.5069746573766073,0.7373974160574951,2.6459677711029976,2,2,0,0,0,0,3,1,0.983235776424408,0,0,0,0
104619,0.1369965523481369,0.37056808670361835,0.647481647425209,3.7754507390629657,1,1,0,0,0,0,1,0,0.9944519400596619,0,0,0,0
439180,0.1612264315287272,0.47784178455670673,0.7051501757340082,3.0343676304669795,21,26,2,0,2,1,28,9,0.9729512929916382,0,0,0,0
424162,0.135426864027977,0.3201107978820801,0.5890217639755967,4.5973731602891545,11,13,1,0,1,1,12,2,0.9688598155975342,0,0,1,1
63552,0.13242381562789282,0.23729139069716135,0.41276940311128724,7.685850052830742,3,2,1,0,0,1,2,0,0.9879213273525238,0,0,0,0
197796,0.1382078379392624,0.34155312180519104,0.6027283115658878,4.397568164401218,9,7,4,0,2,1,6,1,0.9885782957077026,0,1,0,1
313182,0.151394655307134,0.4532443384329478,0.7466305472872558,2.5378849105650705,5,14,0,0,0,0,7,2,0.9843156695365906,0,0,0,0
164885,0.182021364569664,0.6118338207403818,0.8479040151177856,1.4330661639238953,5,8,0,0,0,0,5,0,0.9772321581840515,0,0,0,0
26564,0.14211835712194443,0.38465073704719543,0.6273519538651087,4.049774901489222,8,19,1,1,2,1,10,3,0.9802871346473694,1,0,1,1
388903,0.14774434765179953,0.3448648552099864,0.6205767154699611,4.144090470384106,6,9,2,0,1,1,7,3,0.9653666764497757,1,0,0,1
486040,0.12548526376485825,0.3083895246187846,0.5746781043238374,4.811506990073082,8,6,3,0,1,1,5,0,0.9887638688087463,0,0,0,0
157138,0.15035677701234818,0.35196079810460407,0.6937909224048847,3.1754277357499876,4,2,2,0,1,1,2,0,0.986356258392334,2,0,1,1
511321,0.16468158861001334,0.473635733127594,0.7100568372010143,2.9741377271731393,3,4,0,0,0,0,5,2,0.9823699196179708,0,0,0,0
493334,0.14205756783485413,0.3284490704536438,0.6789192774919535,3.363637192559645,1,2,0,0,0,0,1,0,0.9876405596733093,0,0,0,0
109441,0.15699919064839682,0.4623439113299052,0.7456047590428041,2.54982657264607,7,13,0,0,0,0,7,0,0.9744173799242292,0,0,0,0
5193,0.1417795643210411,0.3037017583847046,0.5830185011966136,4.68635326708017,11,9,1,0,0,1,15,5,0.9726592421531677,0,0,0,0
18575,0.10850932200749715,0.19985023637612662,0.4641998393179526,6.665900284208597,5,8,1,0,0,1,5,1,0.9927018284797668,0,0,0,0
500257,0.14387294153372446,0.3789328833421071,0.6453579375306208,3.8039868800876957,5,30,0,0,0,0,7,2,0.984667980670929,0,0,0,0
9914,0.10429610063632329,0.21632378796736398,0.4870521821815183,6.24849013014547,5,7,0,0,0,0,8,3,0.9840264797210694,0,0,0,0
516173,0.16854156057039896,0.5014569262663523,0.7602132384533288,2.3812914361166273,3,3,0,0,0,0,4,1,0.9757793744405111,0,0,0,0
296634,0.1230321725209554,0.28187955915927887,0.5619213828999507,5.006488826022863,3,12,1,0,1,1,2,0,0.9941440522670746,0,0,0,0
230993,0.1288630043466886,0.3451692859331767,0.6719062666608244,3.4538261672356843,5,7,1,0,1,1,5,1,0.9810300916433334,0,0,0,0
8844,0.1402595043182373,0.3298667371273041,0.6398725397258347,3.8781305455301327,4,7,0,0,0,0,4,0,0.9824956655502319,0,0,0,0
463849,0.13084333389997482,0.3694245119889577,0.5823220814484709,4.69673482571519,10,24,0,1,1,1,11,1,0.9696859055095248,0,0,0,0
71451,0.15309976041316986,0.4342118799686432,0.7413371268077911,2.5996849897681455,1,1,0,0,0,0,1,0,0.9962825179100037,0,0,0,0
297427,0.1135598545273145,0.18172682325045267,0.32310670147793746,9.81308068584294,1,4,0,0,0,0,2,1,0.9813114404678345,0,0,0,0
347456,0.22284834583600363,0.657758355140686,0.9008353218858107,0.9070918681638542,2,2,0,0,0,0,4,2,0.9934666454792023,0,0,0,0
24610,0.14447673658529916,0.4105266332626343,0.656513961339854,3.6551206765353665,7,16,1,0,0,1,7,1,0.9876851439476013,1,0,0,1
255536,0.11398787299791972,0.29165103038152057,0.5310242088487965,5.497713588548172,4,8,0,0,0,0,6,2,0.9876021891832352,0,0,0,0
272049,0.1343908483783404,0.3874001204967499,0.7348824531395461,2.675642443770421,2,2,0,0,0,0,3,1,0.9830357134342194,0,0,0,0
169356,0.13733583688735962,0.3244713445504506,0.5644743284413386,4.967116088767371,2,2,0,0,0,0,3,1,0.99271360039711,0,0,0,0
509824,0.09954083462556203,0.19555778801441193,0.37438606148828835,8.53360657108283,8,8,0,0,0,0,8,0,0.9865853115916252,0,0,0,0
147518,0.17984846731026968,0.4270879824956258,0.6636168666294822,3.5616516877026747,3,4,0,0,0,0,4,1,0.9862772822380066,0,0,0,0
78748,0.1153005709250768,0.2594913989305496,0.52191193105214,5.648055498764296,17,19,5,0,6,1,18,6,0.9844117512305578,0,1,1,1
318455,0.11225321640570958,0.2644687344630559,0.5592135313325305,5.04844656956967,8,15,1,1,0,1,7,0,0.9908791581789652,0,0,0,0
164602,0.13742414116859436,0.32515251636505127,0.6025953756438082,4.39948410908073,4,6,1,0,0,1,3,0,0.9826428095499674,0,0,0,0
127092,0.14857365439335504,0.4444500803947449,0.7089880386678681,2.9872218346845383,7,8,0,0,0,0,7,0,0.983610485281263,0,0,0,0
109798,0.12566778560479483,0.2979249159495036,0.6315592388095106,3.9917181474152486,3,4,0,0,0,0,3,0,0.9636389414469401,0,0,0,0
311295,0.17757253348827362,0.5861398975054423,0.8341912259659413,1.5746876476223812,5,10,0,0,0,0,5,0,0.9764050960540771,0,0,0,0
311928,0.17296455800533295,0.4949100812276204,0.7610208428398876,2.3720689721735075,3,3,1,0,1,1,2,0,0.9933073222637177,1,0,1,1
344621,0.15776113669077554,0.4608404338359833,0.7306879748997845,2.7253607976047878,6,7,1,0,1,1,6,1,0.9925973534584045,0,0,0,0
315450,0.14586838583151499,0.42402395606040955,0.7090059258891613,2.9870026991536736,7,19,0,0,0,0,7,0,0.9764880793435233,0,0,0,0
207585,0.1305586944023768,0.3417348663012187,0.6116964854269059,4.26928029568678,4,6,1,0,1,1,4,1,0.9867330392201742,0,0,0,0
409358,0.14660476644833884,0.37090598543485004,0.6346229142234402,3.949685019085404,1,2,0,0,0,0,1,0,0.9905450344085693,0,0,0,0
163746,0.14474555353323618,0.4371403157711029,0.7014734755655111,3.0797749213174175,8,13,0,0,0,0,15,7,0.9793039709329605,0,0,0,0
574297,0.164861390988032,0.5082017183303833,0.7639229715685933,2.3390086062148017,2,2,0,0,0,0,2,0,0.9933041930198669,0,0,0,0
456865,0.16598768532276154,0.5243412355581919,0.777684657047077,2.1839293832614275,2,1,0,0,0,0,2,0,0.9740849137306213,0,0,0,0
355169,0.1406441405415535,0.38225576281547546,0.6958513952740664,3.1496699521363825,1,1,0,0,0,0,1,0,0.9920694231987,0,0,0,0
344888,0.1754822979370753,0.5316356321175894,0.8244871877804298,1.676321774785692,2,9,0,0,0,0,3,1,0.9954855442047119,0,0,0,0
152686,0.17455734312534332,0.4850166936715444,0.7400711774995373,2.6145301862255463,4,4,0,0,0,0,5,1,0.9883042424917221,0,0,0,0
15751,0.15160817901293436,0.4015182952086131,0.7292893429813002,2.742002653688096,2,4,0,0,0,0,3,1,0.990161120891571,0,0,0,0
100274,0.161211167772611,0.4631928602854411,0.7169566946609389,2.8901415125233405,5,9,1,0,1,1,4,0,0.967679426074028,0,0,0,0
25139,0.13339709987243017,0.32272302110989887,0.6721994629175062,3.450036777290855,2,2,1,0,0,1,1,0,0.9845457077026367,0,0,0,0
449579,0.19197346766789755,0.676660160223643,0.8641998732096715,1.2677160348383811,2,2,0,0,0,0,3,1,0.9862713813781738,0,0,0,0
181499,0.10753349711497624,0.24067561328411102,0.52348920356331,5.621845415566371,3,3,1,0,1,1,2,0,0.9922043085098267,0,0,0,0
140556,0.12421501924594243,0.3085540433724721,0.6338302307829677,3.9605410161007466,6,6,0,0,0,0,6,0,0.9822442630926768,0,0,0,0
370999,0.1329831207791964,0.3283543388048808,0.6843529697814851,3.29439687526023,1,0,0,0,0,0,1,0,0.9935435652732849,0,0,0,0
562229,0.12366671363512675,0.30560003717740375,0.4680587712651417,6.593992236225629,4,4,0,0,0,0,4,0,0.9640461206436157,0,0,0,0
495146,0.13930895179510117,0.4151520033677419,0.7007704703115419,3.0884841428198513,11,16,1,1,1,1,15,6,0.9800921943452623,1,0,0,1
91495,0.14283006638288498,0.3892562886079152,0.7182427973133294,2.8745744101734245,4,4,0,0,0,0,5,1,0.9908699840307236,0,0,0,0
470924,0.09940840552250545,0.19283155600229898,0.41488516844425416,7.641441806093478,32,55,3,0,3,1,32,3,0.9812330747472828,0,0,1,1
187990,0.15969839692115784,0.44454776247342426,0.7506880114251799,2.4908103962320274,2,2,0,0,0,0,3,1,0.9596336185932159,0,0,0,0
287527,0.12380974491437276,0.2831973930199941,0.40709411253262334,7.806103568382685,1,3,0,0,0,0,3,2,0.9879149198532104,0,0,0,0
548524,0.21733248233795166,0.7284907102584839,0.9097763588883299,0.8213070555014244,1,4,0,0,0,0,1,0,0.9866699576377869,0,0,0,0
126137,0.14047851661841074,0.32470616698265076,0.6386961646403152,3.894113835304318,6,15,1,0,1,1,5,0,0.9892573714256286,0,0,0,0
475779,0.13568536440531412,0.3818436761697133,0.6757492611280798,3.40428840982997,1,1,0,0,0,0,1,0,0.9971743226051331,0,0,0,0
402519,0.16298254827658334,0.4106186827023824,0.68938269700086,3.2307924252731017,1,1,0,0,0,0,1,0,0.9730000495910645,0,0,0,0
475223,0.171539897720019,0.4725264608860016,0.7570316807441396,2.4177189097484666,2,2,0,0,0,0,2,0,0.985063225030899,0,0,0,0
151938,0.12331190953652064,0.27787356078624725,0.5359871116789164,5.4169130641305525,6,9,0,0,0,0,9,3,0.9817199806372324,0,0,0,0
258793,0.16690649588902792,0.534082035223643,0.7493665410370159,2.5061140382255873,5,4,1,0,1,1,4,0,0.9608758836984634,0,0,0,0
226662,0.13517351200183234,0.30085329214731854,0.6353919092592547,3.939166390946432,1,4,0,0,0,0,1,0,0.9919501543045044,0,0,0,0
480122,0.09435617923736572,0.17055538793404898,0.3161323525957492,10.002621134468994,11,21,0,1,1,1,18,7,0.9803539454936981,0,1,1,1
580757,0.16619345545768738,0.521031399567922,0.7545598675806191,2.446125942726332,1,1,0,0,0,0,1,0,0.9976377487182617,0,0,0,0
382734,0.18679658075173697,0.5251392126083374,0.7788567206460948,2.1708485655718395,0,0,0,0,0,0,0,0,,0,0,0,0
232088,0.14474335312843323,0.36687784393628436,0.6529128409422942,3.7028957994365106,2,7,0,0,0,0,3,1,0.9935570061206818,0,0,0,0
416758,0.1438748762011528,0.3598231375217438,0.6514714623577795,3.7220920752210906,4,4,0,0,0,0,4,0,0.9447126090526581,0,0,0,0
312237,0.19518553217252096,0.638216515382131,0.8478816028623364,1.4332957570697735,1,22,0,0,0,0,2,1,0.9890224933624268,0,0,0,0
476787,0.11987325797478358,0.23766445616881052,0.4767480961862831,6.434220651216175,8,11,0,0,0,0,10,2,0.9836701899766922,0,0,0,0
308793,0.13870473702748617,0.4031325578689575,0.6642062974536417,3.553940221955281,2,4,0,0,0,0,2,0,0.9866839647293091,0,0,0,0
262895,0.15365621199210486,0.39424554506937665,0.716196777954666,2.899352742708418,2,2,0,0,0,0,3,1,0.9924811720848083,0,0,0,0
106281,0.15430845568577448,0.3783964117368062,0.6737737943557536,3.429717688054124,2,2,0,0,0,0,2,0,0.9756883382797241,0,0,0,0
455624,0.14404981583356857,0.42475863297780353,0.7271874079163687,2.767073000556341,14,14,0,0,0,0,16,2,0.9793626410620553,0,0,0,0
5477,0.18563961486021677,0.5770983199278513,0.8520712540669139,1.3904817207658398,2,2,0,0,0,0,2,0,0.9844688475131989,0,0,0,0
149375,0.15898016095161438,0.4374346435070038,0.6788574061893844,3.36442879152096,5,6,0,0,0,0,6,1,0.9704527616500854,0,0,0,0
214205,0.2185844878355662,0.778613825639089,0.9539279915572525,0.4096881463718028,1,1,0,0,0,0,2,1,0.9866995215415955,0,0,0,0
229948,0.16824186344941458,0.3949617842833201,0.6716475082619768,3.4571718419158506,11,18,2,0,0,1,11,2,0.9755424526002672,2,0,0,1
170613,0.1743859201669693,0.4888461132844289,0.7110479389505103,2.9620223617808152,5,4,1,0,0,1,5,1,0.9807248562574387,1,0,0,1
507235,0.09912584225336711,0.16743536293506622,0.3242370577940145,9.782747002846484,5,3,1,0,0,1,4,0,0.9623102098703384,0,0,0,0
248314,0.10669332245985667,0.227289746205012,0.482750841498469,6.325539210305457,8,8,2,0,2,1,7,1,0.9925729036331177,0,0,0,0
10977,0.15865536530812582,0.4655744234720866,0.7169047328733321,2.890771049442431,2,2,0,0,0,0,4,2,0.9768756628036499,0,0,0,0
395701,0.13300647834936777,0.33659879366556805,0.5966552594290381,4.485530535612593,4,19,0,0,0,0,4,0,0.9908883571624756,0,0,0,0
291791,0.12675433605909348,0.27948683500289917,0.5935598553383129,4.530709593752383,3,7,0,0,0,0,3,0,0.9836238423983256,0,0,0,0
50331,0.1520613580942154,0.3855995337168376,0.6406548310553719,3.8675178914728443,2,4,0,0,0,0,2,0,0.9705844223499298,0,0,0,0
574425,0.15364206582307816,0.42559786637624103,0.7605788011196893,2.377115668550336,2,2,0,0,0,0,2,0,0.9815128445625305,0,0,0,0
427500,0.16074953228235245,0.455528328816096,0.6997646067380785,3.100960547924449,2,2,0,0,0,0,4,2,0.9569079577922821,0,0,0,0
233727,0.15027843912442526,0.44788579146067303,0.7365059208392233,2.6564751494761007,6,18,0,0,0,0,6,0,0.9785718421141306,0,0,0,0
297084,0.08748680849870046,0.15319726367791495,0.307550644208691,10.241667178950877,9,13,0,0,0,0,15,6,0.9893237087461684,0,0,0,0
61418,0.13727546979983649,0.3474101722240448,0.618824605360237,4.168648529067864,12,15,1,1,3,1,13,2,0.9789293110370636,0,0,0,0
281179,0.1650064984957377,0.4743214050928752,0.71882835073179,2.867496051306737,2,10,0,0,0,0,2,0,0.9500590264797211,0,0,0,0
289222,0.14749295512835184,0.3840745687484741,0.664126431469518,3.5549846999082293,3,5,1,0,0,1,3,1,0.9886576533317566,0,0,0,0
167572,0.1120498056213061,0.24198556939760843,0.5114917633577485,5.823227108325986,5,14,0,0,0,0,7,2,0.9806280970573426,0,0,0,0
472030,0.1490530843536059,0.4413284659385681,0.6658642789623117,3.5322856539636946,2,1,0,0,0,0,3,1,0.9891780912876129,0,0,0,0
360137,0.13290674736102423,0.3855947256088257,0.6621563021210791,3.5807896632789635,3,3,0,0,0,0,3,0,0.9659655292828878,0,0,0,0
113354,0.14510403076807657,0.4333372414112091,0.6737058335116777,3.430593842883697,1,3,0,0,0,0,2,1,0.9898594617843628,0,0,0,0
385205,0.1435882275303205,0.3406332731246948,0.644579012730899,3.8144767814238625,2,2,0,0,0,0,3,1,0.8080694079399109,0,0,0,0
61333,0.10609063381950061,0.2109894504149755,0.5140948955799685,5.77913416395317,3,14,0,0,0,0,3,0,0.993775467077891,0,0,0,0
347544,0.14717167367537817,0.4231887757778168,0.7122823066173143,2.9469568714661722,2,2,1,0,1,1,1,0,0.9867375493049622,0,0,0,0
114770,0.1532782018184662,0.38920049866040546,0.7063503608461617,3.0195965727570107,3,3,0,0,0,0,3,0,0.9913759430249532,0,0,0,0
102805,0.15663336217403412,0.45383434494336444,0.7223793057684665,2.824694077791712,7,10,0,0,0,0,9,2,0.9847489680562701,0,0,0,0
459954,0.1236996054649353,0.27832132081190747,0.54946332320791,5.201225830415748,1,10,0,0,0,0,5,4,0.982733964920044,0,0,0,0
514586,0.1448194831609726,0.3359573582808177,0.5681813841839499,4.910259990882883,3,7,0,0,0,0,3,0,0.9914036591847738,0,0,0,0
363784,0.1404376377662023,0.3526555895805359,0.648034905953922,3.768032010523641,2,3,0,0,0,0,4,2,0.9814076125621796,0,0,0,0
270066,0.12584524104992548,0.31693345308303833,0.6503056144439316,3.7376499294839545,1,2,0,0,0,0,2,1,0.9804638624191284,0,0,0,0
232684,0.16221156467994055,0.43470145265261334,0.7327858925813108,2.700458003863778,2,2,0,0,0,0,2,0,0.9819676876068115,0,0,0,0
367082,0.10823360333840053,0.1871189127365748,0.3571555719586518,8.942851401785859,1,3,0,0,0,0,1,0,0.9786859750747681,0,0,0,0
435081,0.07514534642299016,0.11861997346083324,0.2689364764353769,11.40700578965478,23,62,4,0,2,1,21,2,0.9797098166064212,0,0,0,0
369675,0.14127354075511298,0.37779494126637775,0.6970637053254305,3.134550589918929,6,8,0,0,0,0,6,0,0.9757630328337351,0,0,0,0
99039,0.13260211298863092,0.3393984039624532,0.5760680050134914,4.790524898939529,12,13,2,1,3,1,11,1,0.9771991305881076,0,0,0,0
362434,0.1201250155766805,0.3107992907365163,0.6239375128713333,4.0971780516735095,1,2,0,0,0,0,1,0,0.996291995048523,0,0,0,0
63154,0.1775674670934677,0.6002697050571442,0.7823731045059987,2.131721752481718,2,2,0,0,0,0,2,0,0.9563324749469757,0,0,0,0
33221,0.15273273239533106,0.43961845835049945,0.7051170719256848,3.0347754056971388,8,18,0,0,0,0,10,2,0.9824417009949684,0,0,0,0
239717,0.09788350388407707,0.17899310092131296,0.32288877192070237,9.818941136055901,5,9,1,0,1,1,4,0,0.9830370545387268,0,0,0,0
84674,0.13481159259875616,0.3320898413658142,0.616225274533499,4.205209860552765,6,9,1,0,1,1,5,0,0.9887863516807556,0,0,0,0
534041,0.11058082431554794,0.2259499877691269,0.49277447206427466,6.14703597339794,8,15,0,0,0,0,10,2,0.9738184735178947,0,0,0,0
74092,0.1572307546933492,0.4449715813000997,0.686962935727126,3.261333883071562,7,15,1,0,1,1,7,1,0.9701476891835531,0,0,0,0
185950,0.1737898886203766,0.4841648042201996,0.723168420631415,2.8152109384017137,4,2,0,0,0,0,5,1,0.9769159257411957,0,0,0,0
416104,0.1010884443918864,0.19704114397366843,0.4625981189237249,6.695922750923522,22,36,1,0,1,1,28,7,0.979579230149587,0,0,0,0
60770,0.16477037966251373,0.45941100517908734,0.7190257064252158,2.865111651061423,2,2,0,0,0,0,2,0,0.9901118278503418,0,0,0,0
533855,0.1356284643212954,0.3589894076188405,0.6590356175473407,3.621822266958522,1,1,0,0,0,0,2,1,0.9885638356208801,0,0,0,0
10583,0.11044258375962575,0.20914858082930246,0.3580225509688201,8.921792346850385,1,4,0,0,0,0,2,1,0.9962268471717834,0,0,0,0
300039,0.11629125724236171,0.2543492962916692,0.5298949660048589,5.516204125157692,7,9,0,0,0,0,7,0,0.9705434015819004,0,0,0,0
511398,0.15216720352570215,0.3897809684276581,0.6845648506026655,3.2917080747836964,1,1,0,0,0,0,1,0,0.994006335735321,0,0,0,0
173371,0.09829967468976974,0.1648076375325521,0.28738120328733474,10.830832822543236,8,10,0,0,0,0,10,2,0.9893643110990524,0,0,0,0
157601,0.12590976556142172,0.25033261875311535,0.3931243714884059,8.109400630856568,4,5,1,0,1,1,4,1,0.9857233365376791,0,0,0,0
236690,0.1902899146080017,0.5940764844417572,0.8202145077038409,1.7214510662474158,1,1,0,0,0,0,2,1,0.9864873290061951,0,0,0,0
261796,0.15124631424744925,0.4147814114888509,0.6257261062991647,4.07231450360921,0,0,0,0,0,0,0,0,,0,0,0,0
501368,0.1548354079325994,0.36981530984242755,0.661427378067659,3.5903566511731015,1,4,0,0,0,0,1,0,0.9978629946708679,0,0,0,0
383289,0.13132060567537943,0.3254864513874054,0.6303654108374777,4.0081525060092025,5,6,0,1,1,1,4,0,0.9871338903903961,0,0,0,0
64462,0.15096677094697952,0.4424000084400177,0.7225551552586754,2.82257992062597,2,2,0,0,0,0,2,0,0.9936235845088959,0,0,0,0
476810,0.12548723568518957,0.2918879787127177,0.6208996127832354,4.139572219931893,2,9,0,0,0,0,3,1,0.956393837928772,0,0,0,0
508917,0.16595041751861572,0.4769384463628133,0.7549262293965799,2.4419097020204497,10,18,0,0,0,0,12,2,0.9716528952121735,0,0,0,0
138492,0.15626495828231177,0.4520274798075358,0.7313513515430157,2.717478633831517,2,2,0,0,0,0,2,0,0.993523120880127,0,0,0,0
559547,0.160915936032931,0.333202600479126,0.5652868669334922,4.95462208398953,4,6,0,0,0,0,4,0,0.9827916771173477,0,0,0,0
296969,0.1543028006951014,0.4122495452562968,0.6677571108129896,3.5076295713238403,6,7,0,0,0,0,9,3,0.9899340073267618,0,0,0,0
176857,0.13335825502872467,0.33969826499621075,0.6191795980636642,4.163667241411056,10,16,3,0,3,1,8,1,0.9789652909551348,0,0,0,0
113235,0.1385826120773951,0.37718475858370465,0.6609500809208302,3.5966267981629363,4,4,0,0,0,0,5,1,0.974939301609993,0,0,0,0
157365,0.17116438349088034,0.4675148030122121,0.7207696406833977,2.8440702885640268,6,9,0,0,0,0,8,2,0.9727738698323568,0,0,0,0
320490,0.1609747832020124,0.48025814692179364,0.7355491002350676,2.6677666286973927,3,6,1,0,1,1,2,0,0.9903091788291931,0,0,0,0
476514,0.1379409059882164,0.3847247858842214,0.6627293405335035,3.5732760355984743,4,5,0,0,0,0,4,0,0.9840796142816544,0,0,0,0
243989,0.126738374431928,0.3087712824344635,0.6007010536756084,4.426832125324541,7,8,0,0,0,0,7,0,0.9813014013426644,0,0,0,0
522713,0.17555588483810425,0.5587237377961477,0.7746435788079302,2.2179614947021835,2,13,1,0,1,1,3,2,0.995510995388031,1,0,1,1
117425,0.12146015216906865,0.2845587333043416,0.6009467955932435,4.423279525106301,4,7,1,0,0,1,4,1,0.9917634328206381,0,0,0,0
427997,0.18768161038557687,0.5234229962031046,0.7787699463293037,2.171816335520604,3,17,0,0,0,0,4,1,0.9591613014539083,0,0,0,0
394611,0.18746156990528107,0.6473190188407898,0.8625131739822413,1.284685256245122,2,2,0,0,0,0,2,0,0.9800511300563812,0,0,0,0
350607,0.15549064179261526,0.46120786666870117,0.7488878642220667,2.511664142552089,1,1,0,0,0,0,1,0,0.9975314736366272,0,0,0,0
106912,0.15456653634707132,0.48740917444229126,0.7557070971850003,2.4329299821680013,2,2,0,0,0,0,4,2,0.9891472160816193,0,0,0,0
135890,0.17726118862628937,0.5260120630264282,0.7664631839881438,2.310174021013865,6,12,2,0,2,1,4,0,0.9790852963924408,0,0,0,0
312213,0.1134402963022391,0.23544240991274515,0.556824197887284,5.085637997383325,2,2,0,0,0,0,2,0,0.9911695420742035,0,0,0,0
259097,0.19893077512582144,0.659946620464325,0.8710898589916326,1.1987408435601195,2,2,0,0,0,0,2,0,0.9231312870979309,0,0,0,0
334309,0.14349945386250815,0.3466810385386149,0.6593602817570993,3.617544344744286,5,10,1,0,1,1,5,1,0.9899980872869492,1,0,1,1
340894,0.11264667411645253,0.24960758785406748,0.5651375141755456,4.956917260211649,7,11,0,0,0,0,7,0,0.98618802853993,0,0,0,0
546964,0.11186138292153676,0.24068300426006317,0.5201447774533217,5.677515154312157,13,28,0,0,0,0,15,2,0.9700456536733187,0,0,0,0
110972,0.1296754777431488,0.37707029779752094,0.6765236217630888,3.394340696116225,1,1,0,0,0,0,1,0,0.9906417727470398,0,0,0,0
170739,0.11823104321956635,0.24708608289559683,0.5419311874352539,5.321117103712583,5,3,0,0,0,0,6,1,0.9887174248695374,0,0,0,0
267903,0.1621775577465693,0.45570377508799237,0.7035661139000641,3.0539017157471484,1,2,0,0,0,0,1,0,0.99226313829422,0,0,0,0
349860,0.17676511406898499,0.5673399567604065,0.8012007115000616,1.9251734741290525,6,8,2,0,2,1,5,1,0.9709014147520065,0,0,0,0
460494,0.11432835459709167,0.25305520991484326,0.5767933519124064,4.779595078268942,4,9,0,0,0,0,6,2,0.9715247750282288,0,0,0,0
54654,0.12618943552176157,0.29490411281585693,0.587624021214996,4.618009183847663,2,2,0,0,0,0,2,0,0.9912800490856171,0,0,0,0
131556,0.17871569097042084,0.5329788823922476,0.7838852506142377,2.1149501410158575,2,6,0,0,0,0,3,1,0.9836026728153229,0,0,0,0
304984,0.12208898862202962,0.2862398525079091,0.5970658827811485,4.479554886637633,6,8,0,0,0,0,8,2,0.976970245440801,0,0,0,0
558073,0.17611996829509735,0.4759095311164856,0.7923387310895259,2.0217822875685365,1,1,0,0,0,0,1,0,0.9965065717697144,0,0,0,0
56350,0.1194290965795517,0.2379849006732305,0.41420633911060833,7.655665176949312,2,10,0,0,0,0,2,0,0.9885576963424683,0,0,0,0
20992,0.1341091195742289,0.3442358771959941,0.6682441535420175,3.5012966438130193,1,2,0,0,0,0,1,0,0.9905345439910889,0,0,0,0
407574,0.13148254652818045,0.31051747997601825,0.5571611459515978,5.0803835408398355,1,2,0,0,0,0,1,0,0.9929366707801819,0,0,0,0
200839,0.1483659173051516,0.4167221983273824,0.6597027941848246,3.6130335290478834,2,7,0,0,0,0,2,0,0.989594042301178,0,0,0,0
242724,0.1542008568843206,0.4784937798976898,0.7281511283983686,2.7555694627013865,4,4,0,0,0,0,5,1,0.9907200634479523,0,0,0,0
252776,0.12948486457268396,0.30268527070681256,0.6235466925317614,4.102620401058276,4,5,0,0,0,0,4,0,0.9851475805044174,0,0,0,0
351589,0.1431435892979304,0.42741623520851135,0.721934748447852,2.830041081007976,1,3,0,0,0,0,1,0,0.9957727193832397,0,0,0,0
513484,0.1400483176112175,0.3796396652857463,0.6890443718986891,3.2350562048005886,1,1,0,0,0,0,1,0,0.9960494637489319,0,0,0,0
311909,0.12389461944500606,0.334352711836497,0.6774781529508925,3.3820941037089214,1,1,0,0,0,0,1,0,0.9890440106391907,0,0,0,0
532901,0.15839015692472458,0.40224920709927875,0.7531169403345975,2.4627516685788184,2,4,0,0,0,0,2,0,0.9845317304134369,0,0,0,0
349302,0.16185361643632254,0.47304203112920123,0.7336304188568658,2.690453392240606,2,2,0,0,0,0,3,1,0.9817463159561157,0,0,0,0
416991,0.20274812976519266,0.5365657905737559,0.8138971571921375,1.7886093686946207,7,38,2,2,1,1,5,0,0.9850318630536398,0,0,0,0
269942,0.16242671012878418,0.4730578462282817,0.7239495011348287,2.8058345363713326,6,10,0,0,0,0,7,1,0.975593755642573,0,0,0,0
205324,0.1769785930713018,0.5300386250019073,0.7577635045354492,2.4093263016359763,2,3,0,0,0,0,2,0,0.9880337119102478,0,0,0,0
233139,0.16576420764128366,0.45417673389116925,0.7241431380239661,2.8035116067279544,3,2,1,0,0,1,2,0,0.9774884879589081,0,0,0,0
393226,0.13938270509243011,0.41155773401260376,0.6775627493992238,3.3810095675688583,7,15,0,0,0,0,9,2,0.9831265466553825,0,0,0,0
164969,0.15224921454985937,0.3583261768023173,0.6953674014269536,3.1557134548853263,1,1,0,0,0,0,1,0,0.9957744479179382,0,0,0,0
94871,0.11651769777139027,0.26143068075180054,0.5349782824369423,5.433276958051584,9,10,0,0,0,0,12,3,0.9885634448793199,0,0,0,0
115946,0.15526628494262695,0.43782036503156024,0.6651319328899961,3.5418440249737557,9,17,1,0,1,1,8,0,0.9695281684398651,0,0,0,0
13923,0.14066550383965173,0.35823819041252136,0.6160534487900823,4.207632136334566,12,19,0,0,0,0,16,4,0.9765531768401464,0,0,0,0
218249,0.1317479908466339,0.3030608693758647,0.618785560654802,4.169196582100694,1,2,0,0,0,0,2,1,0.9559100866317749,0,0,0,0
257865,0.18766390283902487,0.6210891405741373,0.8732537948903483,1.1771903675399151,1,2,0,0,0,0,1,0,0.9963703155517578,0,0,0,0
245513,0.16440825164318085,0.5224642753601074,0.7553892466063581,2.4365840378469015,2,4,0,0,0,0,3,1,0.9751725792884827,0,0,0,0
439854,0.15666837493578592,0.4687580168247223,0.7344026834145608,2.6813148989356437,9,14,0,0,0,0,10,1,0.9709461728731791,0,0,0,0
419096,0.12937611093123755,0.3382402261098226,0.6266794209649204,4.059091330449913,1,1,0,0,0,0,1,0,0.9947712421417236,0,0,0,0
282046,0.24437628189722696,0.7414313753445944,0.9168253833345099,0.7542674256509636,1,1,0,0,0,0,2,1,0.9933100342750549,0,0,0,0
188465,0.14937519282102585,0.39080722133318585,0.6569984364840995,3.6487132793412465,7,23,1,0,1,1,7,1,0.986804356177648,0,0,0,0
270474,0.1513025388121605,0.41705670952796936,0.6822172624212239,3.321545913188921,2,2,0,0,0,0,2,0,0.9910547435283661,0,0,0,0
103723,0.15451757858196893,0.45339178045590717,0.7051904705965736,3.0338713011153025,4,8,0,0,0,0,5,1,0.9944659769535065,0,0,0,0
412362,0.11324908584356308,0.2816859483718872,0.5879232836530267,4.6135868002397205,6,7,0,0,0,0,7,1,0.9895195166269938,0,0,0,0
302165,0.1480138599872589,0.3425959249337514,0.6034060417691913,4.387806912922817,5,10,0,0,0,0,8,3,0.9719920635223389,0,0,0,0
334417,0.15507925798495611,0.44342543681462604,0.7654084454915465,2.322135001881809,3,4,0,0,0,0,3,0,0.9837480386098226,0,0,0,0
263679,0.1719484180212021,0.5380992591381073,0.7877657919421139,2.07205763970064,5,7,0,0,0,0,7,2,0.9847182512283326,0,0,0,0
125245,0.17400117218494415,0.4124204119046529,0.6884309092248868,3.242792778381283,0,1,0,0,0,0,0,0,,0,0,0,0
206831,0.1291052053372065,0.3627580801645915,0.6756559151877977,3.4054883349907605,1,1,0,0,0,0,1,0,0.9941115379333496,0,0,0,0
464089,0.12933824708064398,0.3272196253140767,0.5813290447638703,4.711559559604129,9,14,0,0,0,0,12,3,0.9804534845881991,0,0,0,0
234413,0.14244957019885382,0.3651881515979767,0.6792856948606834,3.3589506232004447,1,1,0,0,0,0,1,0,0.9966869950294495,0,0,0,0
563653,0.1461887334783872,0.4812280237674713,0.7155711016786748,2.9069441344495766,10,15,0,0,0,0,11,1,0.9842080414295197,0,0,0,0
530836,0.130611980954806,0.3574768503506978,0.6323058102530617,3.981456548798121,4,23,1,0,0,1,4,1,0.9839922587076823,0,0,0,0
372718,0.1309555470943451,0.3433433473110199,0.6691502000043904,3.4895277579010093,1,1,0,0,0,0,2,1,0.9924600720405579,0,0,0,0
404923,0.1741182009379069,0.514235258102417,0.7455660307989027,2.5502777473267586,5,5,1,0,1,1,4,0,0.9907474964857101,0,0,0,0
73533,0.1262499988079071,0.2670723597208659,0.557877012036916,5.069230676478277,4,4,0,0,0,0,5,1,0.9875133782625198,0,0,0,0
417608,0.12073950717846553,0.2732711931069692,0.6216203041459671,4.129496170032812,4,9,0,0,0,0,5,1,0.9900488704442978,0,0,0,0
199977,0.20342890421549478,0.6861370801925659,0.8935794858660706,0.9773361997610087,1,1,0,0,0,0,2,1,0.9910396337509155,0,0,0,0
392933,0.20169932643572488,0.6196667850017548,0.816966477255248,1.7559152718426532,1,1,0,0,0,0,2,1,0.9190873503684998,0,0,0,0
148739,0.17759108543395996,0.609686533610026,0.8117669326579047,1.8113728730550402,2,2,0,0,0,0,2,0,0.9842819571495056,0,0,0,0
94751,0.16312294701735178,0.46922287344932556,0.7099372075223184,2.975601240619425,5,17,0,0,0,0,6,1,0.9791373014450073,0,0,0,0
227187,0.13449824104706445,0.33849210540453595,0.5907922500955369,4.571304206362868,7,11,0,0,0,0,8,1,0.9836602977343968,0,0,0,0
78915,0.1311913082997004,0.36091213425000507,0.590211964312088,4.579839821422839,17,12,1,0,1,1,17,1,0.9799498058855534,0,0,0,0
481390,0.11869596689939499,0.2752498189608256,0.5253157705187961,5.591591220698494,9,34,0,0,0,0,11,2,0.97809413406584,0,0,0,0
115118,0.1554382542769114,0.46464142203330994,0.7367484407279333,2.653615492566403,1,1,0,0,0,0,1,0,0.9930392503738403,0,0,0,0
417085,0.18245995541413626,0.6207409898440043,0.8667412078070814,1.242211102349345,2,2,0,0,0,0,2,0,0.9936980605125427,0,0,0,0
438862,0.14842727531989416,0.42169005672136944,0.705266039388705,3.0329405638901314,6,10,0,0,0,0,7,1,0.9830509026845297,0,0,0,0
577149,0.1658864418665568,0.4781461755434672,0.7243055892491178,2.8015632693203765,4,4,0,0,0,0,4,0,0.9898521453142166,0,0,0,0
390246,0.1986884077390035,0.6672133008639017,0.8704629880343905,1.2049938059050351,2,2,0,0,0,0,3,1,0.9838231205940247,0,0,0,0
43581,0.11495416363080342,0.2954120834668477,0.606502568993323,4.34334710461226,2,4,0,0,0,0,4,2,0.988325834274292,0,0,0,0
415882,0.1323257436354955,0.30488619208335876,0.549651624412573,5.198249684013664,2,2,0,0,0,0,2,0,0.9924016296863556,0,0,0,0
468632,0.1505699505408605,0.4338318109512329,0.6983816180675155,3.118144002226863,4,5,0,0,0,0,6,2,0.984880730509758,0,0,0,0
489924,0.14424657076597214,0.3629891276359558,0.6403302432045384,3.8719197137378947,2,2,0,0,0,0,2,0,0.9496934711933136,0,0,0,0
7574,0.13310067355632782,0.3393920163313548,0.5966380913771034,4.4857804654463855,8,12,1,0,0,1,7,0,0.9797834839139666,0,0,0,0
67315,0.13285383582115173,0.31508631507555646,0.6159082093447297,4.209680144551285,3,4,0,0,0,0,3,0,0.9730493426322937,0,0,0,0
289960,0.18190177778402963,0.6120657821496328,0.8385503244110653,1.5294173741406012,2,2,0,0,0,0,2,0,0.9903451800346375,0,0,0,0
39951,0.1688150018453598,0.47354288895924884,0.7453315983219989,2.5530093294273315,3,5,0,0,0,0,6,3,0.9867353836695353,0,0,0,0
226171,0.11786146958669026,0.27613794803619385,0.5601897462046884,5.033296896592384,7,7,1,0,0,1,7,1,0.9740660885969797,1,0,0,1
326128,0.16796096662680307,0.4785870711008708,0.714398566012047,2.9211885172636647,2,3,1,0,1,1,2,1,0.9906596541404724,0,0,0,0
458255,0.1327557091911634,0.3617118199666341,0.704639153014667,3.0406645814321083,4,5,0,0,0,0,4,0,0.986347571015358,0,0,0,0
483999,0.1166429544488589,0.2692633519570033,0.5332094108823894,5.4620438821544255,24,41,1,0,1,1,26,3,0.9771564551021742,0,0,0,0
364587,0.16866087913513184,0.4933084050814311,0.7745422242554192,2.2190980329494896,1,1,0,0,0,0,1,0,0.9868696928024292,0,0,0,0
294855,0.13903027772903442,0.3653205831845601,0.6944800388068559,3.1668046503809917,1,2,0,0,0,0,1,0,0.9736588597297668,0,0,0,0
286708,0.12105655173460643,0.26824717223644257,0.5846974426923217,4.661376112891469,1,1,0,0,0,0,1,0,0.9946432709693909,0,0,0,0
235784,0.18144379059473673,0.5713710884253184,0.8180866252548282,1.7440141495979256,2,2,1,0,1,1,1,0,0.9816780686378479,0,0,0,0
188906,0.13491389652093252,0.3301060696442922,0.6621953854247451,3.580276999965095,1,1,0,0,0,0,1,0,0.9924817085266113,0,0,0,0
177861,0.1452454850077629,0.4036264419555664,0.6178387578117432,4.182497026686709,8,19,0,0,0,0,11,3,0.9767967835068703,0,0,0,0
327780,0.1284345736106237,0.28589784105618793,0.5898961162902477,4.584489261877836,4,2,2,0,1,1,2,0,0.982837051153183,2,0,1,1
195754,0.1423445592323939,0.35829739769299823,0.6573466478238787,3.6441109486825516,4,8,0,0,0,0,6,2,0.9863919019699097,0,0,0,0
77595,0.1211225762963295,0.274492288629214,0.6228751013223736,4.11198058349398,3,3,0,0,0,0,3,0,0.9684881567955017,0,0,0,0
350002,0.13850395133097967,0.35435281197230023,0.632651460052703,3.9767097068955453,1,2,0,0,0,0,2,1,0.9969900250434875,0,0,0,0
179765,0.14264736572901407,0.421074499686559,0.709614962066403,2.9795447216333537,1,1,0,0,0,0,1,0,0.9941726326942444,0,0,0,0
39914,0.1537336011727651,0.44940318663914997,0.6769088933493916,3.389395600542811,7,11,1,0,1,1,8,2,0.9731130301952362,0,0,0,0
24243,0.13018766790628433,0.30580663681030273,0.5639664490592305,4.974934637420096,6,18,0,0,0,0,7,1,0.9828121761480967,0,0,0,0
239857,0.15973306695620218,0.493031124273936,0.7389768153623278,2.62738373868416,14,19,0,0,0,0,17,3,0.9851097464561462,0,0,0,0
308391,0.17294739186763763,0.5053108731905619,0.7635268823552672,2.343513352818503,0,0,0,0,0,0,0,0,,0,0,0,0
433243,0.15233843276898065,0.44219206770261127,0.718053632947297,2.876862323422662,2,2,0,0,0,0,2,0,0.9962646961212158,0,0,0,0
305343,0.15893865376710892,0.4498293300469716,0.7582114641231907,2.4041930669386704,2,2,1,0,0,1,1,0,0.9963048100471497,0,0,0,0
301718,0.10790216301878293,0.225787286957105,0.4833248640376593,6.315217251098009,9,11,1,0,1,1,9,1,0.9624962136149406,0,0,0,0
82688,0.151454858481884,0.36952002843221027,0.6727301847076014,3.443181710715893,5,6,0,0,0,0,6,1,0.989568829536438,0,0,0,0
98497,0.13811605672041574,0.3974163333574931,0.6537977404382415,3.6911316939841794,0,0,0,0,0,0,0,0,,0,0,0,0
322574,0.13129285971323648,0.28524622321128845,0.592922972471569,4.540034456606798,2,4,0,0,0,0,3,1,0.9666610956192017,0,0,0,0
181859,0.16769989331563315,0.4108146131038666,0.6735059085337308,3.4331717988989103,3,2,1,0,1,1,3,1,0.9807281196117401,0,0,0,0
430973,0.10956169416507085,0.24833290775616965,0.5565524311370424,5.089878316400698,1,1,0,0,0,0,1,0,0.9932456612586975,0,0,0,0
540466,0.1723671704530716,0.44198155403137207,0.6942971785970407,3.1690919914907427,2,2,1,0,1,1,2,1,0.978325605392456,0,0,0,0
375469,0.2728558878103892,0.7367069522539774,0.910736937282664,0.8121409827089489,3,4,0,0,0,0,3,0,0.9681088328361511,0,0,0,0
209753,0.14414130647977194,0.35829121867815655,0.6358393625066762,3.9330517998848036,1,3,0,0,0,0,1,0,0.993464469909668,0,0,0,0
405691,0.11264532556136449,0.2317599356174469,0.5192304323879883,5.69279722435212,10,13,1,0,0,1,13,4,0.9771387643284268,0,0,0,0
59598,0.12841305633385977,0.2883235812187195,0.5969033199996447,4.481920110773791,6,10,0,0,0,0,8,2,0.986657053232193,0,0,0,0
135561,0.15069968005021414,0.3860778510570526,0.6333165936154526,3.96758265627928,6,8,0,0,0,0,8,2,0.9649335940678915,0,0,0,0
513041,0.11279752353827159,0.2298391213019689,0.5052284926163967,5.930243303381434,8,10,2,0,0,1,7,1,0.9804599483807882,0,0,0,0
538364,0.13956662019093832,0.3624866008758545,0.6314391786145416,3.9933695027806717,10,17,3,0,2,1,12,5,0.9896907210350037,0,0,0,0
2587,0.14619538684686026,0.3476611375808716,0.6188331723212556,4.168528283101194,1,2,0,0,0,0,1,0,0.9889630675315857,0,0,0,0
331799,0.12027914077043533,0.2816704561312993,0.56579302733589,4.946848179228008,6,19,2,0,2,1,4,0,0.9503893703222275,0,0,0,0
156924,0.13765465716520944,0.3265592356522878,0.6365162512265745,3.9238100734217154,6,7,2,1,1,1,5,1,0.985299289226532,0,0,0,0
49060,0.15350580712159476,0.4274134337902069,0.779150829131232,2.1675692568493248,5,7,1,0,0,1,4,0,0.9852880090475082,0,0,0,0
39484,0.1406027004122734,0.4146849314371745,0.6813806080605245,3.3322046103187395,14,35,0,0,0,0,17,3,0.9705733742032733,0,0,0,0
37777,0.15585410594940186,0.432179460922877,0.7155905646227576,2.9067078886244864,10,14,1,0,1,1,11,2,0.9795326126946343,0,0,0,0
250901,0.12062806884447734,0.27837666869163513,0.5770225503282511,4.7761442813652675,3,6,0,0,0,0,3,0,0.9860162933667501,0,0,0,0
320425,0.1417378932237625,0.3544125060240428,0.5660490907332926,4.942918057857499,10,10,0,0,0,0,13,3,0.9722486436367035,0,0,0,0
201934,0.1505805104970932,0.4024680157502492,0.6895650266359115,3.228495463510318,3,6,0,0,0,0,3,0,0.9934315284093221,0,0,0,0
551660,0.12877489378054938,0.29742392897605896,0.5671310958394113,4.926330793259871,8,12,0,0,0,0,10,2,0.9786879420280457,0,0,0,0
239318,0.11526047190030415,0.2391045093536377,0.5195044532591082,5.688214505251849,1,4,0,0,0,0,1,0,0.9904875159263611,0,0,0,0
464144,0.1720159500837326,0.5151854157447815,0.7683967901440288,2.288289160060279,2,2,0,0,0,0,2,0,0.9624453186988831,0,0,0,0
431896,0.137766994535923,0.403596172730128,0.7304758365387595,2.727882910991919,1,1,0,0,0,0,1,0,0.9957337975502014,0,0,0,0
408120,0.17908038198947906,0.5360558231671652,0.7671606360009361,2.302273789484284,4,5,0,0,0,0,4,0,0.9802490919828415,0,0,0,0
50326,0.15866143008073172,0.4719037612279256,0.7145370114265068,2.9195054160607214,2,3,1,0,0,1,1,0,0.9921714663505554,1,0,0,1
436315,0.11632513379057248,0.2622696061929067,0.5775929261413718,4.76756268538124,1,1,0,0,0,0,1,0,0.9949914813041687,0,0,0,0
389532,0.18762241303920746,0.6084049642086029,0.8625910270066446,1.2839012771926934,3,4,0,0,0,0,3,0,0.9925049940745035,0,0,0,0
335081,0.13240348299344382,0.308631032705307,0.6013222867258065,4.4178539931825025,4,4,0,0,0,0,5,1,0.9778913706541061,0,0,0,0
269932,0.1351885050535202,0.32358473539352417,0.6219286332156609,4.1251889614526185,2,2,0,0,0,0,2,0,0.9852890074253082,0,0,0,0
484404,0.12298353264729182,0.3309376339117686,0.6239714287696515,4.096705918266959,4,16,0,0,0,0,5,1,0.9782890826463699,0,0,0,0
82986,0.16431459287802377,0.4965573151906331,0.7590702035694564,2.3943611194323324,3,5,0,0,0,0,3,0,0.9896056850751241,0,0,0,0
283113,0.11925576378901799,0.2397447278102239,0.5400309837771835,5.351626444376304,2,3,0,0,0,0,2,0,0.9709264039993286,0,0,0,0
220584,0.1839317431052526,0.594579021135966,0.8171471205491692,1.7539949063021476,2,2,0,0,0,0,3,1,0.9903461933135986,0,0,0,0
165681,0.11886161814133327,0.2541054040193558,0.5306056577503334,5.504562470539689,9,28,3,0,3,1,9,3,0.9830170174439748,0,0,0,0
52462,0.16973513861497244,0.5228735605875651,0.7692695449567967,2.278429214991853,2,2,0,0,0,0,3,1,0.9779542684555054,0,0,0,0
345252,0.12862669179836908,0.3140272895495097,0.5985657205768554,4.457763170250683,3,5,0,0,0,0,4,1,0.9941187103589376,0,0,0,0
571893,0.14030469954013824,0.3712762991587321,0.6225045049312272,4.117150026501739,3,17,0,0,0,0,4,1,0.9875963727633158,0,0,0,0
530975,0.11817165464162827,0.2600579609473546,0.5149207145079798,5.76519273577783,11,23,0,0,0,0,15,4,0.9735936901786111,0,0,0,0
221291,0.18330050011475882,0.6191009183724722,0.8247912782126608,1.6731188032817994,2,2,0,0,0,0,2,0,0.983298271894455,0,0,0,0
29393,0.13582863907019296,0.35556233922640484,0.632440299445093,3.979609287478331,1,4,0,0,0,0,2,1,0.968807578086853,0,0,0,0
368038,0.1861633559068044,0.5169242719809214,0.8431024422863659,1.4823930527801918,1,1,0,0,0,0,1,0,0.9814004898071289,0,0,0,0
46048,0.1275859201947848,0.3678337136904399,0.6956572216365629,3.1520940417559906,2,4,0,0,0,0,3,1,0.9970080256462097,0,0,0,0
190756,0.16694026192029318,0.5189297199249268,0.7866722721910764,2.0841231424577487,2,2,0,0,0,0,4,2,0.9829693138599396,0,0,0,0
416534,0.16776041189829508,0.474782129128774,0.7545189677995372,2.4465967610513366,5,18,0,0,0,0,6,1,0.9860446453094482,0,0,0,0
184611,0.13621181746323904,0.3312642276287079,0.5866054615102891,4.63307795793989,15,22,2,2,3,1,16,3,0.9809439995072105,0,0,0,0
537802,0.12320810556411743,0.2619635611772537,0.5601309012787733,5.034209350600756,5,2,0,0,0,0,6,1,0.9872909188270569,0,0,0,0
368982,0.12192792693773906,0.27737441658973694,0.5859094509178414,4.64338993237863,1,1,1,0,1,1,0,0,,1,0,1,1
465675,0.19402360916137695,0.6105296313762665,0.8441884862102246,1.4712115086752096,1,3,0,0,0,0,1,0,0.968960702419281,0,0,0,0
405249,0.10799575348695119,0.22277584671974182,0.5214800292743829,5.655246375314991,11,18,1,0,1,1,13,3,0.9796302437782287,0,0,0,0
368456,0.13773861030737558,0.33971566955248517,0.6481903336925922,3.7659489957049797,1,1,0,0,0,0,1,0,0.9920207262039185,0,0,0,0
331280,0.10794856771826744,0.24936182300249735,0.550849653727394,5.179338384719257,6,15,0,0,0,0,7,1,0.9907602071762085,0,0,0,0
421834,0.13530109574397406,0.3383841911951701,0.647972591975855,3.768867271643164,1,1,0,0,0,0,1,0,0.9929126501083374,0,0,0,0
177015,0.1223181461294492,0.2778058151404063,0.5361804677500228,5.413780215227249,2,6,0,0,0,0,3,1,0.9755222797393799,0,0,0,0
194832,0.1391851156949997,0.31180302302042645,0.5917150269055205,4.5577480290522905,5,14,0,0,0,0,5,0,0.9845480680465698,0,0,0,0
125952,0.17470286041498184,0.4892740845680237,0.7497641918521999,2.5015060996377034,1,1,0,0,0,0,2,1,0.9795932173728943,0,0,0,0
298251,0.2813623348871867,0.7633980313936869,0.9285374160100541,0.6440118279443581,9,9,0,0,0,0,9,0,0.976997070842319,0,0,0,0
142472,0.15801347295443216,0.44928749402364093,0.6868698807554435,3.262510540385095,7,12,0,0,0,0,7,0,0.9833631004605975,0,0,0,0
425221,0.1494645600517591,0.4119320015112559,0.6183908607006607,4.174738751024956,4,23,2,0,1,1,3,1,0.9834515154361725,0,0,0,0
142971,0.1675658275683721,0.5011875828107198,0.7260406715269717,2.780781004042528,6,6,0,0,0,0,7,1,0.9699087639649709,0,0,0,0
412894,0.13554437210162482,0.3754082918167114,0.5683280828685839,4.908017671520316,15,19,5,0,2,1,14,4,0.9810955286026001,0,0,0,0
504389,0.19759435455004373,0.5838656922181448,0.8501755752441512,1.4098275213477591,3,4,0,0,0,0,6,3,0.9661917686462402,0,0,0,0
312340,0.16388298074404398,0.43192912141482037,0.7197783088575701,2.856024906521478,1,1,0,0,0,0,2,1,0.9661237597465515,0,0,0,0
161820,0.1133909101287524,0.28761928776899975,0.5843815025402052,4.666070785345396,1,1,0,0,0,0,1,0,0.996062695980072,0,0,0,0
364126,0.19512365261713663,0.6338972449302673,0.8406177002556282,1.5080293924309063,2,2,0,0,0,0,4,2,0.9855978488922119,0,0,0,0
579070,0.10763562967379887,0.22855666279792786,0.5144209318087409,5.773627365281582,28,30,0,0,0,0,31,3,0.9860441620860781,0,0,0,0
438955,0.18259665369987488,0.5124291777610779,0.8002595080485407,1.9353831442143243,7,15,0,0,0,0,10,3,0.9805637512888227,0,0,0,0
411754,0.1463368609547615,0.3406686782836914,0.6411010637005133,3.8614700508800324,5,8,0,0,0,0,5,0,0.9631424188613892,0,0,0,0
101068,0.1781151294708252,0.5291010240713755,0.7834293897218872,2.120002805504556,2,2,0,0,0,0,2,0,0.988251268863678,0,0,0,0
180560,0.1342364177107811,0.3525301218032837,0.6892909236841521,3.231948801793057,3,3,0,0,0,0,3,0,0.9901595115661621,0,0,0,0
559348,0.12945087005694708,0.33442745606104535,0.5689388244179412,4.898688578813801,4,15,0,0,0,0,6,2,0.9831814914941788,0,0,0,0
135670,0.15312816947698593,0.3754955033461253,0.6596252938614681,3.614053986752776,1,1,0,0,0,0,1,0,0.995583713054657,0,0,0,0
213445,0.09400666256745656,0.20109406113624573,0.40425703336881835,7.8668483077536795,4,14,0,0,0,0,8,4,0.9810813665390015,0,0,0,0
277689,0.14695046097040176,0.4263217846552531,0.6973632882575903,3.1308183840190162,7,22,0,1,1,1,6,0,0.980535626411438,0,0,0,0
255824,0.1258336529135704,0.305901696284612,0.626368407294605,4.063403105963729,2,3,0,0,0,0,2,0,0.9943424463272095,0,0,0,0
2532,0.17998622357845306,0.5552984774112701,0.7657465257902247,2.3182992984214517,2,2,0,0,0,0,3,1,0.983493834733963,0,0,0,0
112626,0.1657532478372256,0.4607146879037221,0.7281830625577846,2.7551885383419386,2,2,0,0,0,0,2,0,0.9927069842815399,0,0,0,0
546659,0.14508427927891412,0.3994448184967041,0.6558612930417461,3.663759981880488,2,4,0,0,0,0,2,0,0.9816459715366364,0,0,0,0
343524,0.18800625701745352,0.591372420390447,0.8380799789698186,1.5342906830547556,2,3,0,0,0,0,3,1,0.983666181564331,0,0,0,0
5503,0.16708557804425558,0.3793521026770274,0.6459408369742112,3.7961451618409674,2,1,0,0,0,0,2,0,0.7595277726650238,0,0,0,0
373705,0.15853807826836905,0.4375840425491333,0.7295060167225837,2.739422436791221,5,7,0,0,0,0,7,2,0.986878764629364,0,0,0,0
551350,0.14673645546038946,0.3767044444878896,0.621221471939642,4.135070834022738,2,8,2,0,1,1,0,0,,0,0,0,0
61584,0.1551797240972519,0.4266154666741689,0.6528315627473527,3.703977134237044,5,6,1,0,1,1,6,2,0.974611684679985,0,0,0,0
7991,0.14542714754740396,0.3525017003218333,0.6688768469504537,3.493076736222722,2,3,1,0,1,1,1,0,0.9892365336418152,0,0,0,0
369757,0.12130235135555267,0.2943632900714874,0.5953948103647413,4.503899102209745,5,5,0,0,0,0,6,1,0.9865145325660706,0,0,0,0
449312,0.10155908266703288,0.18884480992952982,0.35145338675768883,9.08264534553361,3,5,0,0,0,0,4,1,0.9898561636606852,0,0,0,0
502737,0.12271944930156072,0.25756924351056415,0.5062301016231754,5.913040684931858,3,4,0,0,0,0,4,1,0.9796699484189352,0,0,0,0
21879,0.17608131965001425,0.5450285772482554,0.7613968474864357,2.3677785137132905,5,7,0,0,0,0,11,6,0.9861279964447022,0,0,0,0
202339,0.12372540682554245,0.30463795860608417,0.5518843228536682,5.163038851611782,6,7,1,0,1,1,7,2,0.9870856881141663,0,0,0,0
48924,0.17212722698847452,0.5310587584972382,0.768862379134927,2.283027776949206,1,3,0,0,0,0,2,1,0.9962958693504333,0,0,0,0
468954,0.13069685300191244,0.2984860638777415,0.5946414758858599,4.51489604590594,3,7,0,0,0,0,4,1,0.9927587509155273,0,0,0,0
137576,0.12878069281578064,0.3193611105283101,0.5595534864254709,5.0431678788982595,8,9,0,2,2,1,7,0,0.9449519713719686,0,1,1,1
285894,0.13771085441112518,0.37757304310798645,0.6835368340760051,3.3047615486259536,5,5,0,0,0,0,6,1,0.9917690038681031,0,0,0,0
421757,0.1743063380320867,0.5554777284463247,0.7982241192356534,1.9575030731923613,2,3,0,0,0,0,2,0,0.9879714846611023,0,0,0,0
55528,0.14649700621763864,0.3438275257746379,0.6314315564827063,3.9934743511932407,3,7,0,0,0,0,4,1,0.9927289088567098,0,0,0,0
466125,0.11604126791159312,0.24538017312685648,0.5218543439343933,5.649013941974841,3,9,1,0,1,1,4,2,0.99259153008461,0,0,0,0
532493,0.19668716192245483,0.6092819372812907,0.8318780720185867,1.5988064676939446,2,2,0,0,0,0,3,1,0.9723681211471558,0,0,0,0
474786,0.15612045427163443,0.42336228489875793,0.6927779362597843,3.1881190454842754,4,6,0,0,0,0,4,0,0.9863657057285309,0,0,0,0
463527,0.11254398028055827,0.23301405211289725,0.5008336939793195,6.006129226261885,6,11,0,0,0,0,11,5,0.9904904266198477,0,0,0,0
512403,0.1117542361219724,0.25126346945762634,0.498546759491601,6.045882045469057,1,3,0,0,0,0,2,1,0.9941505193710327,0,0,0,0
205289,0.18537031610806784,0.5646798511346182,0.8227826058391882,1.6942979629762083,2,2,0,0,0,0,2,0,0.979247123003006,0,0,0,0
553990,0.15020501365264258,0.43660956621170044,0.7201509526356134,2.8515292095602285,2,2,0,0,0,0,2,0,0.9917347133159637,0,0,0,0
450202,0.10759090135494868,0.21605223913987479,0.44842522595451073,6.966199287076932,6,7,1,0,2,1,7,2,0.9751482844352722,0,0,0,0
335954,0.10008479654788971,0.18736211955547333,0.3327076404044804,9.558744514790359,3,3,0,0,0,0,3,0,0.995002806186676,0,0,0,0
284623,0.13762974739074707,0.33561768134435016,0.6766012829552989,3.393343660967311,3,5,0,0,0,0,3,0,0.9877850214640299,0,0,0,0
134322,0.1571880578994751,0.4463469783465068,0.7195884822240574,2.858315932282017,5,14,0,0,0,0,5,0,0.9804181218147278,0,0,0,0
446005,0.14080710957447687,0.4065474470456441,0.6872058406250433,3.2582631610552597,3,5,0,0,0,0,3,0,0.9820654392242432,0,0,0,0
378453,0.15701131522655487,0.48990991711616516,0.7437379249160398,2.571601445366119,12,13,1,1,0,1,13,2,0.9805411577224732,0,0,0,0
361238,0.11344986160596211,0.23819738626480103,0.5329589047202568,5.466125543344572,6,10,0,0,0,0,8,2,0.9621217846870422,0,0,0,0
117719,0.13981787612040839,0.3376467823982239,0.6303055554583723,4.0089773004741245,1,18,0,0,0,0,2,1,0.952592670917511,0,0,0,0
120572,0.1915860970815023,0.6013750036557516,0.8424533251958348,1.4890830238841226,0,2,0,0,0,0,0,0,,0,0,0,0
151962,0.12583418190479279,0.30413636565208435,0.6082356087217062,4.318563159712388,2,3,0,0,0,0,2,0,0.9950955808162689,0,0,0,0
133000,0.1561189740896225,0.3985295196374257,0.7336095103725792,2.690700943828328,2,3,0,0,0,0,2,0,0.9567415118217468,0,0,0,0
352618,0.16278684635957083,0.4424629012743632,0.7555789031789617,2.4344035338201904,4,4,1,0,0,1,4,1,0.9815801382064819,0,0,0,0
561889,0.11168082058429718,0.22385882834593454,0.5024171565166794,5.978710775015006,3,8,0,0,0,0,5,2,0.9756381710370382,0,0,0,0
277197,0.14628282189369202,0.3972072700659434,0.682252470441841,3.3210976614261196,7,9,1,0,1,1,8,2,0.9824556907018026,0,0,0,0
263474,0.14791987091302872,0.36786280075709027,0.6687529924857067,3.4946852323601902,1,1,0,0,0,0,1,0,0.996782660484314,0,0,0,0
381587,0.10317134857177734,0.21006547411282858,0.4347885882052971,7.23443726524329,30,30,3,0,0,1,33,6,0.9833295853049667,1,0,0,1
389197,0.1624070554971695,0.4635117252667745,0.7356696478664785,2.666343232718706,8,11,0,0,0,0,8,0,0.9887471497058868,0,0,0,0
522156,0.13379092514514923,0.3574637671311696,0.6904035393475146,3.217939817607946,0,1,0,0,0,0,0,0,,0,0,0,0
196442,0.18678578734397888,0.6072398026784261,0.8129134118640199,1.7991142234773985,7,5,0,0,0,0,8,1,0.9670758247375488,0,0,0,0
544811,0.18921837707360586,0.5739399492740631,0.8101015984307293,1.8292102182084955,2,2,0,0,0,0,2,0,0.9926532208919525,0,0,0,0
130465,0.17222792903582254,0.5215774973233541,0.7978896458454864,1.9611434139499482,2,2,0,0,0,0,2,0,0.977986216545105,0,0,0,0
492077,0.13064698378245035,0.34429572025934857,0.5718744463878546,4.85398618029895,15,26,2,0,2,1,17,4,0.9682055482497582,0,0,0,0
268000,0.1722040077050527,0.49186338980992633,0.7936408388439563,2.007519850640013,2,3,0,0,0,0,3,1,0.8411884605884552,0,0,0,0
274687,0.11483699828386307,0.2701946645975113,0.5542040447977729,5.12660617782627,1,3,0,0,0,0,1,0,0.9919422268867493,0,0,0,0
393469,0.16634686291217804,0.45560576518376666,0.6579664516018874,3.6359249926332113,3,4,0,0,0,0,4,1,0.9787498712539673,0,0,0,0
63602,0.15085376054048538,0.42138837774594623,0.6807898747978209,3.339738240376962,2,8,0,0,0,0,3,1,0.9880546033382416,0,0,0,0
157213,0.19866966704527536,0.6213014125823975,0.8331572957018483,1.5854599669086786,1,1,0,0,0,0,1,0,0.9979079365730286,0,0,0,0
233567,0.1378487969438235,0.31758979956309,0.5574380532481101,5.076067754019441,5,7,0,0,0,0,7,2,0.978372585773468,0,0,0,0
115245,0.1026527186234792,0.20906185607115427,0.37961676025225943,8.413092430459379,7,16,0,0,0,0,10,3,0.9841400044304984,0,0,0,0
322829,0.14861576010783514,0.45751529932022095,0.7735963225241341,2.2297120688649,1,1,0,0,0,0,1,0,0.9971757531166077,0,0,0,0
289741,0.12421951194604237,0.30459606647491455,0.5860499770256371,4.641306934895395,16,38,0,0,0,0,19,3,0.9821100160479546,0,0,0,0
247806,0.16255616148312887,0.5059229135513306,0.7706152478217179,2.263248040918729,1,1,0,0,0,0,1,0,0.9702190160751343,0,0,0,0
513580,0.16403811673323312,0.5159162878990173,0.7797050298604669,2.161393282917535,3,3,0,0,0,0,4,1,0.9901092847188314,0,0,0,0
532129,0.11846138536930084,0.2511448860168457,0.580964494302537,4.717008174901469,3,4,0,0,0,0,4,1,0.992119292418162,0,0,0,0
81988,0.16509327789147696,0.5167959034442902,0.7868793531410457,2.0818369991129657,8,9,0,0,0,0,8,0,0.9440843611955643,0,0,0,0
184384,0.09928897768259048,0.21726464728514353,0.5011614998316656,6.000445994295591,5,6,0,0,0,0,8,3,0.9839250445365906,0,0,0,0
268996,0.14910481621821722,0.4615173935890198,0.7005908706879919,3.090710524370554,0,0,0,0,0,0,0,0,,0,0,0,0
578792,0.15930352111657461,0.5094922780990601,0.7884038936405613,2.065024791290887,2,2,0,0,0,0,2,0,0.995179295539856,0,0,0,0
575357,0.1765842835108439,0.5302937428156534,0.7795322034838785,2.163318776752132,2,2,0,0,0,0,2,0,0.9895404279232025,0,0,0,0
98261,0.16154161095619202,0.47201385100682575,0.7580338825759204,2.406227637045359,2,2,0,0,0,0,2,0,0.9722708165645599,0,0,0,0
422836,0.15159363796313605,0.3404182295004527,0.6080334490125332,4.321450575006144,4,22,1,0,1,1,3,0,0.9669061700503031,0,0,0,0
375078,0.18699689209461212,0.5087415874004364,0.7694289730723078,2.276629284719269,1,2,1,0,1,1,0,0,,0,0,0,0
498919,0.10432581106821696,0.205601304769516,0.4293193742344767,7.3443902465646795,2,23,0,0,0,0,2,0,0.992994099855423,0,0,0,0
376625,0.152375690639019,0.41591177384058636,0.6573489441371843,3.644080606260979,10,17,0,0,0,0,13,3,0.9731270551681519,0,0,0,0
535523,0.13506725678841272,0.3061132977406184,0.5888851047201944,4.599388612015119,5,17,1,0,1,1,6,2,0.9514425098896027,0,0,0,0
632,0.12382202098766963,0.30079808334509534,0.5698547033961036,4.884717256977044,4,17,0,0,0,0,4,0,0.9844021946191788,0,0,0,0
530466,0.13116507232189178,0.30753064155578613,0.644296607645642,3.81828310595083,1,3,0,0,0,0,1,0,0.9967126846313477,0,0,0,0
255747,0.11150005708138148,0.23924467960993448,0.5450767747504105,5.270846449801051,1,3,0,0,0,0,2,1,0.9917981624603271,0,0,0,0
117908,0.1333529328306516,0.3408626715342204,0.6798746911895056,3.3514225088113934,6,9,0,0,0,0,8,2,0.9812313417593638,0,0,0,0
565624,0.16126206517219543,0.4805438121159871,0.8034752823382494,1.900549581727008,2,2,0,0,0,0,2,0,0.992669939994812,0,0,0,0
265108,0.17182345191637674,0.4832705756028493,0.7130981108304053,2.937014282037878,3,2,0,0,0,0,6,3,0.9852350552876791,0,0,0,0
383386,0.12393276393413544,0.2492314726114273,0.5227430954823881,5.634233894785517,4,4,0,0,0,0,5,1,0.960365355014801,0,0,0,0
219271,0.17641069988409677,0.46651923656463623,0.6930912804357198,3.1841912968273363,5,18,0,0,0,0,7,2,0.9655138850212097,0,0,0,0
471567,0.14845635990301767,0.4406833251317342,0.74907813739859,2.5094575613353385,2,4,0,0,0,0,2,0,0.9721629619598389,0,0,0,0
88485,0.15249301244815192,0.4472842514514923,0.7137984454032115,2.928488044770015,2,2,0,0,0,0,3,1,0.9935802817344666,0,0,0,0
449198,0.16910459597905478,0.47743669152259827,0.7461078241005,2.5439681146737474,0,2,0,0,0,0,0,0,,0,0,0,0
402765,0.14428086082140604,0.36225367585817975,0.61842657178544,4.174237169250335,2,2,2,0,2,1,0,0,,1,0,1,1
516316,0.1706246236960093,0.5340511600176493,0.7696335407843633,2.274320278340527,2,11,0,0,0,0,2,0,0.9865187406539917,0,0,0,0
286660,0.12368639806906383,0.30270248651504517,0.6054915506660776,4.357838256849665,2,2,0,0,0,0,2,0,0.9908474087715149,0,0,0,0
110721,0.13492158552010855,0.3369327187538147,0.6781048722459813,3.3740627033183146,2,2,0,0,0,0,2,0,0.9678147733211517,0,0,0,0
284279,0.12210413068532944,0.3174959520498912,0.5847939739376117,4.659942225078023,1,1,0,0,0,0,1,0,0.971590518951416,0,0,0,0
205647,0.184154212474823,0.5677332580089569,0.8086377860209057,1.8449193763724607,1,1,0,0,0,0,1,0,0.9957224130630493,0,0,0,0
6723,0.1836607704559962,0.5743819077809652,0.8199847812498302,1.7238841591684597,4,6,0,0,0,0,4,0,0.9805406928062439,0,0,0,0
439773,0.13215511540571848,0.32866591215133667,0.6020057541793719,4.407987151707101,3,3,0,0,0,0,4,1,0.993844747543335,0,0,0,0
426329,0.13477513939142227,0.3129330277442932,0.5988459030337037,4.453698345932738,13,15,0,1,1,1,15,2,0.967306653658549,0,0,0,0
1503,0.13023182501395544,0.3343365093072255,0.6214788764193788,4.131472562020538,4,5,0,0,0,0,7,3,0.9620695114135742,0,0,0,0
280710,0.13663561642169952,0.3721819917360942,0.6307480269980683,4.0028819859324285,13,22,2,0,0,1,11,0,0.974109557541934,0,0,0,0
190307,0.15703358749548593,0.4626255730787913,0.6984976184299287,3.1167014060139806,1,2,0,0,0,0,1,0,0.980909526348114,0,0,0,0
459195,0.15362328787644705,0.4209762712319692,0.6481667437002901,3.7662651124189535,5,7,0,0,0,0,7,2,0.9731358170509339,0,0,0,0
82846,0.13869174321492514,0.38919713099797565,0.6653297685986419,3.5392608929038776,1,3,0,0,0,0,1,0,0.9966568946838379,0,0,0,0
440184,0.16980515917142233,0.5231893956661224,0.7833848054045552,2.120497126351588,8,13,0,0,0,0,8,0,0.9737132638692856,0,0,0,0
337498,0.11278387904167175,0.23305333654085794,0.5341414304632833,5.446874696982807,3,6,0,0,0,0,4,1,0.9930077989896139,0,0,0,0
575372,0.1878029058376948,0.5818188488483429,0.8038465366315185,1.8965371010423293,4,4,0,0,0,0,7,3,0.9816934466362,0,0,0,0
495054,0.14898137003183365,0.4271004796028137,0.7036399762549739,3.052989894418018,2,8,0,0,0,0,2,0,0.9775980114936829,0,0,0,0
322944,0.15190699199835458,0.3798571725686391,0.6641625178565969,3.554512750825403,2,2,0,0,0,0,2,0,0.9860500693321228,0,0,0,0
430875,0.21403458714485168,0.7010572751363119,0.9139384458397493,0.7816610641492403,3,3,0,0,0,0,3,0,0.979140837987264,0,0,0,0
232563,0.13572697838147482,0.2741909424463908,0.5616527189062235,5.010642687953217,5,5,0,0,0,0,6,1,0.9913384079933166,0,0,0,0
166509,0.15897461026906967,0.4462859034538269,0.7013463481261417,3.08134920034129,2,2,0,0,0,0,2,0,0.9900402724742889,0,0,0,0
409475,0.14739164461692175,0.432251513004303,0.6994958842746481,3.104296729720923,2,2,0,0,0,0,2,0,0.9746132493019104,0,0,0,0
400161,0.11667030304670334,0.29330307245254517,0.5699180897386963,4.883751157803235,4,18,0,0,0,0,4,0,0.9897308945655823,0,0,0,0
175535,0.10951818774143855,0.2313178280989329,0.49611224114907315,6.088401139667058,7,7,2,0,1,1,6,1,0.9841443061828613,0,0,0,0
377000,0.1418811356027921,0.3442216118176778,0.6137931815375764,4.239558806746461,1,1,0,0,0,0,1,0,0.9901500344276428,0,0,0,0
424135,0.1413653021057447,0.35735978682835895,0.6404264903588688,3.870614247773659,1,3,0,0,0,0,1,0,0.9670842885971069,0,0,0,0
148783,0.15468207995096842,0.400141179561615,0.6881367328328944,3.2465051767201647,1,2,0,0,0,0,2,1,0.9974395632743835,0,0,0,0
108495,0.15940839797258377,0.4159448444843292,0.7109207708724137,2.963575937309089,2,2,0,0,0,0,2,0,0.987971156835556,0,0,0,0
262048,0.12030033767223358,0.26300936937332153,0.4807145263688448,6.362255080767563,8,13,1,0,0,1,11,4,0.9762567962918963,1,0,0,1
104782,0.1841946542263031,0.6065313518047333,0.8293665227138473,1.625069977319783,1,1,0,0,0,0,1,0,0.9098668098449707,0,0,0,0
176037,0.14611250162124634,0.42945385972658795,0.7000197329592135,3.0977943484432178,3,15,0,0,0,0,3,0,0.9657951792081197,0,0,0,0
87244,0.16725464910268784,0.4434661666552226,0.6965297711304541,3.1412063238855863,1,3,0,0,0,0,1,0,0.9965578317642212,0,0,0,0
522940,0.1333435227473577,0.3848358790079753,0.6520897781347537,3.71385215087198,1,1,1,0,1,1,0,0,,0,0,0,0
570756,0.178457905848821,0.5692847073078156,0.8138928390220468,1.7886554522175981,7,26,1,0,1,1,6,0,0.9815083940823873,1,0,1,1
352584,0.15626450379689535,0.38170818487803143,0.6336062174630883,3.963611394890756,0,1,0,0,0,0,0,0,,0,0,0,0
190676,0.21324164172013602,0.5897853970527649,0.8620545199797832,1.289305333677027,12,14,3,0,2,1,9,0,0.9769662883546617,0,0,0,0
418281,0.16298749297857285,0.4949882427851359,0.7417171431665488,2.5952336621371925,2,2,0,0,0,0,3,1,0.9909012317657471,0,0,0,0
303566,0.09840072691440582,0.25006044407685596,0.493893568044446,6.127332592014785,20,53,0,2,2,1,24,5,0.9828777346346114,0,0,0,0
395903,0.20297406613826752,0.6458677450815836,0.8572609037541953,1.3377396451664438,2,2,0,0,0,0,2,0,0.976719468832016,0,0,0,0
7088,0.1647911568482717,0.4707879225413005,0.7065700817313156,3.016895116514325,2,4,0,0,0,0,5,3,0.9835628271102905,0,0,0,0
386210,0.13165662437677383,0.30853331089019775,0.5591334159478186,5.04969103738496,3,15,0,0,0,0,3,0,0.9878178238868713,0,0,0,0
356968,0.13448567688465118,0.38684078057607013,0.6647814248428896,3.5464224800546242,1,1,0,0,0,0,1,0,0.9959897398948669,0,0,0,0
53529,0.1290455957253774,0.3293152153491974,0.6423680229769813,3.8443217266390937,2,3,0,0,0,0,2,0,0.943658858537674,0,0,0,0
501523,0.12369377414385478,0.2614583472410838,0.5508903985625274,5.178695937091589,4,5,2,0,2,1,2,0,0.9736686646938324,0,0,0,0
350054,0.13249577085177103,0.3446036179860433,0.62670843334654,4.058689222923398,1,5,0,0,0,0,3,2,0.9818061590194702,0,0,0,0
422886,0.1087287316719691,0.2238016128540039,0.40060989051613877,7.9455666553392135,2,3,0,0,0,0,2,0,0.9929380416870117,0,0,0,0
232646,0.16216939191023508,0.5177579919497172,0.7900762671054973,2.0466196733217266,1,1,0,0,0,0,1,0,0.9918996691703796,0,0,0,0
80949,0.1132726048429807,0.2374413659175237,0.5351338137416742,5.430752123947753,3,4,0,0,0,0,4,1,0.9733181595802307,0,0,0,0
336265,0.19375688831011453,0.643213947614034,0.8431466549079032,1.4819375732759965,2,2,0,0,0,0,2,0,0.9746142029762268,0,0,0,0
283520,0.16584023336569467,0.47174357374509174,0.7097619356907084,2.977745908806396,4,4,1,0,1,1,5,2,0.9767463405927023,0,0,0,0
400803,0.16127560287714005,0.49717843532562256,0.7835877132084557,2.11824764873753,2,3,0,0,0,0,2,0,0.9881160259246826,0,0,0,0
136915,0.1380322501063347,0.33712547024091083,0.6028197619295372,4.396250377437749,4,9,0,0,0,0,6,2,0.9735539257526398,0,0,0,0
395633,0.15879482279221216,0.46950658162434894,0.7889977755459477,2.058484424264876,1,3,0,0,0,0,1,0,0.9976441264152527,0,0,0,0
284743,0.14164068549871445,0.3473556637763977,0.638102845674297,3.902186371996969,4,6,1,0,1,1,5,2,0.97593226035436,1,0,1,1
398652,0.1259105106194814,0.2827413280804952,0.5650756431830113,4.957868239431788,11,13,2,0,1,1,11,2,0.9789879123369852,0,0,0,0
128148,0.15046999355157217,0.4017669161160787,0.6685151080425172,3.497775469899147,6,22,0,0,0,0,8,2,0.9834413131078085,0,0,0,0
68286,0.16700607786575952,0.42931996782620746,0.7738647247987914,2.2266989880979358,1,1,0,0,0,0,2,1,0.9940943121910095,0,0,0,0
74256,0.11746642738580704,0.23742354909578958,0.5114808686215384,5.823412119094414,7,13,0,0,0,0,8,1,0.9879013725689479,0,0,0,0
539445,0.12151515732208888,0.3325706720352173,0.5491611004530894,5.206004667485388,1,4,0,0,0,0,2,1,0.9981048703193665,0,0,0,0
17115,0.14785376439491907,0.33815013368924457,0.6420405538582037,3.8487507856449374,2,2,0,0,0,0,2,0,0.9956625401973724,0,0,0,0
128476,0.11642026156187057,0.25302497545878094,0.5314179664485742,5.491275336581278,13,13,0,0,0,0,15,2,0.984580044563,0,0,0,0
42178,0.18732294936974844,0.4688166379928589,0.7417793434251145,2.5945052956239434,0,3,0,0,0,0,0,0,,0,0,0,0
398203,0.12713513523340225,0.29036415616671246,0.6038225282542243,4.381813754911001,8,13,0,0,0,0,9,1,0.9813051670789719,0,0,0,0
548267,0.18691229820251465,0.6073577006657919,0.8182415867669858,1.742369029032402,12,13,0,0,0,0,12,0,0.9845897654692332,0,0,0,0
547519,0.165432075659434,0.49813849727312726,0.7397730553167344,2.618029819979009,1,1,0,0,0,0,1,0,0.9820241928100586,0,0,0,0
572303,0.15260900060335794,0.44502485791842145,0.7469210357301612,2.534506184826081,1,2,0,0,0,0,1,0,0.9895074367523193,0,0,0,0
223188,0.14496285965045294,0.3743453125158946,0.6605517695656492,3.6018627932183844,2,3,0,0,0,0,2,0,0.9889456629753113,0,0,0,0
228942,0.17381892601648966,0.4797164698441823,0.8105443097299471,1.824464774971555,10,18,0,0,0,0,12,2,0.9721731424331665,0,0,0,0
480944,0.1488241826494535,0.4170774221420288,0.6305909159859133,4.005045795949,12,14,1,0,1,1,12,1,0.9817789142782037,0,0,0,0
297698,0.1907762736082077,0.6154374976952871,0.8626378128809141,1.283430178018798,2,6,0,0,0,0,3,1,0.9736429452896118,0,0,0,0
210099,0.11644809196392696,0.2719363520542781,0.541732297532676,5.324305428847236,2,2,0,0,0,0,2,0,0.9500003755092621,0,0,0,0
122166,0.13657711446285248,0.3685984214146932,0.6063751144953897,4.345172607252913,13,29,4,0,2,1,10,1,0.9850706855456034,0,0,0,0
579321,0.14249498397111893,0.3962304890155792,0.6911793177798654,3.2081853153420536,2,2,0,0,0,0,2,0,0.9803256392478943,0,0,0,0
357081,0.16224015752474466,0.4937607944011688,0.770333025239399,2.266429658723369,2,2,0,0,0,0,2,0,0.9974541962146759,0,0,0,0
151657,0.15103500336408615,0.38714107871055603,0.6938288510188778,3.174952902857492,3,3,0,0,0,0,7,4,0.9537394642829895,0,0,0,0
291634,0.13534066081047058,0.3308241367340088,0.5896123735192172,4.588668220255166,9,17,0,0,0,0,11,2,0.982978986369239,0,0,0,0
506310,0.1307903602719307,0.3358898063500722,0.607961738488953,4.322475035794852,3,6,1,0,1,1,6,4,0.9886056482791901,0,0,0,0
98633,0.12900246431430182,0.29268473386764526,0.5975550965025359,4.472440903701418,1,1,0,0,0,0,1,0,0.9730115532875061,0,0,0,0
558213,0.17908291021982828,0.6039391954739889,0.8500708572752497,1.4108974471005844,4,6,0,0,0,0,5,1,0.9670501351356506,0,0,0,0
174004,0.14167842268943787,0.42299559712409973,0.7327476738929284,2.700911031098459,1,1,0,0,0,0,1,0,0.9940823912620544,0,0,0,0
309467,0.23003595570723215,0.7124400536219279,0.9225049982307699,0.7006254421712748,6,6,0,0,0,0,7,1,0.9674872954686483,0,0,0,0
521259,0.12833274404207864,0.3470241030057271,0.6216492123371925,4.1290922457744985,15,19,0,0,0,0,18,3,0.980799424648285,0,0,0,0
278006,0.16335874299208322,0.5184126993020376,0.7499224048648688,2.499673422363059,0,0,0,0,0,0,0,0,,0,0,0,0
450559,0.15793880820274353,0.46549785137176514,0.6937031842742354,3.176526239472948,2,2,0,0,0,0,3,1,0.9973486959934235,0,0,0,0
541664,0.12314877659082413,0.285595307747523,0.5440188193620052,5.2877215279591026,1,2,1,0,1,1,0,0,,0,0,0,0
344059,0.17094463606675467,0.5409302413463593,0.7989971230102981,1.949095689389797,2,2,0,0,0,0,3,1,0.9912590384483337,0,0,0,0
193926,0.12038521220286687,0.24651407698790231,0.50734309498772,5.893964921187744,8,12,1,0,0,1,8,1,0.9847004839352199,1,0,0,1
23666,0.1482646962006887,0.4080468714237213,0.6672391347799743,3.514369789355995,1,1,0,0,0,0,1,0,0.9926050901412964,0,0,0,0
571264,0.17765071988105774,0.5061244666576385,0.7572833422228871,2.4148319228038426,2,2,0,0,0,0,2,0,0.977234423160553,0,0,0,0
243148,0.1603164623181025,0.43799840410550434,0.7445085650329202,2.5626060327790694,2,4,0,0,0,0,2,0,0.9922213852405548,0,0,0,0
326541,0.15023083488146463,0.3835715651512146,0.7364319196724083,2.657347916745575,6,9,0,0,0,0,8,2,0.9834924240907034,0,0,0,0
453634,0.14611120025316873,0.3770593802134196,0.6340317056654267,3.9577804811271777,1,2,0,0,0,0,1,0,0.9901795983314514,0,0,0,0
108864,0.17840053141117096,0.549694279829661,0.797267774469414,1.9679157943388574,2,2,0,0,0,0,4,2,0.9657545387744904,0,0,0,0
431568,0.12035864839951198,0.2778782695531845,0.6019046731248302,4.4094456969051485,2,5,0,0,0,0,2,0,0.9908351600170135,0,0,0,0
177065,0.11711753159761429,0.2880699634552002,0.4900962052863908,6.194373202535043,8,11,0,0,0,0,9,1,0.98123649507761,0,0,0,0
136633,0.12998675306638083,0.3312834898630778,0.6047024062609963,4.369166064501193,6,18,1,0,1,1,7,2,0.9655889272689819,0,0,0,0
219578,0.11882087588310242,0.2955295642217,0.6677378716963006,3.5078798288635467,3,4,0,0,0,0,3,0,0.989122211933136,0,0,0,0
20553,0.16675209999084473,0.4784161150455475,0.7090525615181201,2.986431394189766,4,11,1,0,1,1,4,1,0.9870470762252808,0,0,0,0
350023,0.1621089776357015,0.5267795224984487,0.797857839434333,1.961489667952723,17,25,0,1,1,1,16,0,0.9652446992695332,0,0,0,0
278848,0.14020425081253052,0.3262903392314911,0.5701271745962008,4.880565164975668,9,10,0,0,0,0,12,3,0.9652324451340569,0,0,0,0
6040,0.16195598741372427,0.5057694216569265,0.8020639093958027,1.9158205048375734,5,12,0,0,0,0,5,0,0.9827511668205261,0,0,0,0
120420,0.1262931302189827,0.35861210028330487,0.6188353751770103,4.168497364060693,8,26,0,0,0,0,9,1,0.9810597598552704,0,0,0,0
191013,0.15925613045692444,0.3947383066018422,0.642111611437171,3.8477895315098465,8,8,0,0,0,0,11,3,0.9751221165060997,0,0,0,0
2261,0.1802297681570053,0.5919801890850067,0.8048728122293115,1.8854548475762345,2,2,0,0,0,0,3,1,0.9770930409431458,0,0,0,0
193884,0.18105556070804596,0.5552918513615926,0.8052565689269273,1.8813144742304841,1,1,0,0,0,0,1,0,0.9951756596565247,0,0,0,0
138241,0.12429337451855342,0.25138576328754425,0.5465200561467878,5.247877914393464,2,2,0,0,0,0,2,0,0.9957047998905182,0,0,0,0
66038,0.1516694724559784,0.44942958156267804,0.667520069961592,3.510713441438938,12,16,2,1,2,1,10,0,0.9709017475446066,0,0,0,0
347265,0.18407789866129556,0.5341384708881378,0.7331853432051408,2.695724508368621,2,2,1,0,1,1,1,0,0.9919655919075012,0,0,0,0
217219,0.142966590821743,0.41133339206377667,0.7837995066873643,2.1159002839361496,1,1,0,0,0,0,1,0,0.9920220375061035,0,0,0,0
7977,0.1762392818927765,0.5084826846917471,0.7111400296715881,2.960897489599729,2,6,0,0,0,0,2,0,0.9864404499530792,0,0,0,0
169076,0.12825140108664831,0.25371185938517254,0.41931515535234315,7.549188811220427,4,6,1,0,1,1,3,0,0.9710630973180135,0,0,0,0
329455,0.09711447854836781,0.17937256395816803,0.4542765097135478,6.853594392720951,11,13,2,0,1,1,12,3,0.9768722587161593,0,0,0,0
327617,0.17638138433297476,0.5133153200149536,0.7668060143165378,2.3062897892691336,2,2,0,0,0,0,2,0,0.9917583167552948,0,0,0,0
25057,0.17029732465744019,0.5059599379698435,0.7731097698371373,2.2351767697575013,4,4,0,0,0,0,5,1,0.9836348444223404,0,0,0,0
341921,0.1425673564275106,0.40003764629364014,0.6456724585758763,3.799754764174355,4,9,2,0,2,1,4,2,0.9918906688690186,0,0,0,0
118515,0.19858581821123758,0.5997461080551147,0.8686521962461513,1.2230815593283502,2,2,0,0,0,0,2,0,0.9894622564315796,0,0,0,0
65798,0.12630481521288553,0.36248698830604553,0.6591029479422201,3.6209349180939494,6,17,1,0,0,1,5,0,0.9724676847457886,0,0,0,0
334530,0.1913683166106542,0.5680059790611267,0.8117915337372725,1.8111096459957075,2,2,0,0,0,0,3,1,0.9902778565883636,0,0,0,0
75393,0.13685757915178934,0.3510259787241618,0.6158446630457041,4.210576357019071,3,4,3,0,1,1,1,1,,0,0,0,0
236730,0.13149295995632806,0.3220161199569702,0.619796046195178,4.155023970811567,1,1,0,0,0,0,1,0,0.9913809895515442,0,0,0,0
307598,0.1561202605565389,0.4532283544540405,0.760770047060313,2.374931894401859,1,4,0,0,0,0,1,0,0.9941994547843933,0,0,0,0
470173,0.1608218550682068,0.3861355483531952,0.6465548189226841,3.787892940920899,1,2,0,0,0,0,1,0,0.97764652967453,0,0,0,0
25393,0.15265633165836334,0.3990880648295085,0.6913806226653737,3.2056559320143094,5,9,0,0,0,0,5,0,0.9723902702331543,0,0,0,0
395801,0.14420835922161737,0.42912499109903973,0.7178443864164772,2.879393829507641,11,25,1,0,0,1,11,1,0.9714778065681458,1,0,0,1
409198,0.1714516282081604,0.5304980576038361,0.7951261584948073,1.9912791730015589,2,6,0,0,0,0,2,0,0.9912266731262207,0,0,0,0
424551,0.171054537097613,0.5308498541514078,0.7510852290940426,2.486215576160128,3,3,0,0,0,0,5,2,0.9847467343012491,0,0,0,0
25603,0.10666588693857193,0.2192139873902003,0.4830979036799829,6.319296941107569,13,23,0,1,1,1,18,5,0.9602836271127065,0,0,0,0
151516,0.18722703556219736,0.6344188650449117,0.8190772800423396,1.7335024113704782,1,1,0,0,0,0,1,0,0.981776237487793,0,0,0,0
394199,0.12055552999178569,0.31521840890248615,0.6259962130606421,4.06856588057866,2,2,0,0,0,0,2,0,0.9948265850543976,0,0,0,0
95069,0.1679327835639318,0.5459296107292175,0.7948030275919974,1.9948097445812996,1,1,0,0,0,0,1,0,0.9850577116012573,0,0,0,0
576052,0.18361838161945343,0.5785432358582815,0.8003640952162622,1.9342480458741205,2,2,0,0,0,0,3,1,0.9884592294692993,0,0,0,0
394328,0.17201130092144012,0.44171176354090375,0.7255141375384953,2.7870824075949416,1,1,0,0,0,0,1,0,0.9738929271697998,0,0,0,0
534270,0.1602814644575119,0.42854464054107666,0.7158113461951447,2.904028439376043,5,10,0,0,0,0,5,0,0.9679447293281556,0,0,0,0
80659,0.14769830306371054,0.3690754175186157,0.6859745825951505,3.2738395180275064,6,7,0,0,0,0,7,1,0.9915988445281982,0,0,0,0
400794,0.1259302720427513,0.2943647801876068,0.6078552257742389,4.323996905804266,4,5,0,0,0,0,5,1,0.9796425849199295,0,0,0,0
404484,0.15755832691987356,0.40570928653081256,0.6445847911339945,3.8143989161108256,4,5,0,0,0,0,8,4,0.9702422618865967,0,0,0,0
140439,0.12852954616149267,0.32869787017504376,0.625697925553387,4.072705697707382,2,9,0,0,0,0,3,1,0.9691917300224304,0,0,0,0
109976,0.1554508258899053,0.40504682064056396,0.6821855285106344,3.3219499540587383,3,7,0,0,0,0,3,0,0.8765020569165548,0,0,0,0
289659,0.164147158463796,0.49200786153475445,0.7551569614456425,2.4392553937785304,1,1,0,0,0,0,1,0,0.9907268285751343,0,0,0,0
479596,0.10452539722124736,0.22049862146377563,0.5001530798967424,6.017941050099537,5,14,4,0,3,1,1,0,0.9864686727523804,0,0,0,0
398438,0.13739156226317087,0.33516955375671387,0.6306622122694637,4.004063801712777,3,3,0,0,0,0,4,1,0.9900972247123718,0,0,0,0
495732,0.14311862736940384,0.3342052400112152,0.6189028795284274,4.1675499337863995,4,6,0,0,0,0,4,0,0.990874633193016,0,0,0,0
529148,0.11997538059949875,0.2747563421726227,0.5223917947979251,5.6400730627595586,8,17,1,0,0,1,8,1,0.9818417515073504,0,0,0,0
89296,0.1445390929778417,0.3782382110754649,0.6699271347244733,3.479448623833324,6,6,0,0,0,0,8,2,0.9823597371578217,0,0,0,0
216296,0.1728278398513794,0.5449234247207642,0.8218545361232191,1.704100869379461,5,5,1,0,0,1,6,2,0.9867148399353027,0,0,0,0
203095,0.13310543447732925,0.3070271809895833,0.5907523203851697,4.571891276992833,4,5,0,0,0,0,4,0,0.9904792308807373,0,0,0,0
492282,0.153015265862147,0.4168081084887187,0.625644297206934,4.073450194121831,7,9,0,0,0,0,8,1,0.9870778662817818,0,0,0,0
566524,0.1533623735109965,0.46204453706741333,0.7103228447343888,2.9708843546641095,3,7,0,0,0,0,3,0,0.9798760016759237,0,0,0,0
239843,0.18294522166252136,0.5652159949143728,0.8069734736335347,1.862814818419121,1,1,0,0,0,0,2,1,0.9924713373184204,0,0,0,0
460929,0.12931416183710098,0.28764312465985614,0.5726596303108652,4.842068628677522,2,2,0,0,0,0,3,1,0.9867954552173615,0,0,0,0
35062,0.14355002343654633,0.35619428753852844,0.6664292254915013,3.5249193139167634,1,2,0,0,0,0,2,1,0.9950335621833801,0,0,0,0
39956,0.13910230745871863,0.38345780968666077,0.6442158958860851,3.819371265258561,3,2,0,0,0,0,3,0,0.9890737732251486,0,0,0,0
70774,0.14668400834004083,0.3417851726214091,0.6430130372640867,3.8356044309571713,1,12,0,0,0,0,1,0,0.9986851215362549,0,0,0,0
338624,0.15625645716985068,0.45897582173347473,0.7216937588920561,2.8329410080936066,13,18,2,1,3,1,12,1,0.9837288618087768,0,0,0,0
433192,0.14749963581562042,0.43381019433339435,0.7668680085018084,2.30558758704918,2,3,0,0,0,0,2,0,0.9924040734767914,0,0,0,0
552371,0.12848704308271408,0.3209991951783498,0.6588764633261331,3.623920124664849,2,2,0,0,0,0,2,0,0.9934196174144745,0,0,0,0
352582,0.14819442729155222,0.41810155908266705,0.684622373961519,3.2909782380777393,3,3,0,0,0,0,3,0,0.9940574367841085,0,0,0,0
422706,0.16289864232142767,0.5156036714712778,0.750739948140768,2.490209479515287,5,6,0,0,0,0,6,1,0.9675786852836609,0,0,0,0
370677,0.10620717704296112,0.25000523030757904,0.5782362023365413,4.757894428236186,5,15,0,1,1,1,4,0,0.995814323425293,0,0,0,0
33114,0.17378167808055878,0.5280457536379496,0.7867349283399337,2.083431364265524,1,8,0,0,0,0,1,0,0.9758328199386597,0,0,0,0
179174,0.1372289831439654,0.35229863226413727,0.579681485532452,4.736211407091957,25,22,5,1,1,1,20,1,0.9769332722613686,1,0,1,1
538458,0.16645937661329904,0.4866008559862773,0.7501712408522211,2.4967917863397147,4,9,0,0,0,0,5,1,0.9840524792671204,0,0,0,0
118594,0.14026798804601034,0.39049126704533893,0.66833038961908,3.5001758128753706,2,2,0,0,0,0,2,0,0.9930603802204132,0,0,0,0
279541,0.11524064342180888,0.2845683495203654,0.5170564987743765,5.729239978921454,8,11,0,0,0,0,9,1,0.9856243431568146,0,0,0,0
367195,0.14128792782624564,0.3442637423674266,0.6965951275445214,3.140391352305244,3,3,1,0,0,1,2,0,0.9932182431221008,0,0,0,0
124636,0.12121724337339401,0.31098859508832294,0.6278999388013127,4.042191185409021,3,3,0,0,0,0,3,0,0.9918661713600159,0,0,0,0
281759,0.14714686075846353,0.38822460174560547,0.6504965188813959,3.7351004642814374,11,12,1,0,1,1,15,5,0.9843210279941559,0,0,0,0
542625,0.10942541311184566,0.2869918644428253,0.5672560847523798,4.924416737940854,10,15,0,0,0,0,14,4,0.9840075492858886,0,0,0,0
320664,0.1217791015903155,0.25335770348707837,0.5485896976792148,5.215047051038094,4,5,0,0,0,0,7,3,0.9827727526426315,0,0,0,0
445675,0.17256366709868112,0.5072049101193746,0.7275964394158209,2.762188697554395,1,1,0,0,0,0,1,0,0.9981849789619446,0,0,0,0
55299,0.19600599507490793,0.5941230654716492,0.8196014128312815,1.727946032642314,1,3,0,0,0,0,2,1,0.9922990202903748,0,0,0,0
107094,0.17000579833984375,0.47312190135320026,0.7614837808154146,2.366786849247716,2,3,0,0,0,0,3,1,0.9732132852077484,0,0,0,0
464251,0.13048928479353586,0.3173121015230815,0.6229698069276459,4.110660029977826,4,3,0,0,0,0,6,2,0.9817202687263489,0,0,0,0
363461,0.12721713135639826,0.2931020011504491,0.5593532873511906,5.046276104041141,8,6,1,0,0,1,10,3,0.987792432308197,0,0,0,0
183648,0.12166996051867802,0.28537718454996747,0.613920139854714,4.237762384216857,4,4,0,0,0,0,4,0,0.9817537069320679,0,0,0,0
328430,0.15249155958493552,0.421853244304657,0.6403374177192986,3.8718223941204535,11,17,1,0,1,1,13,3,0.9675029873847961,0,0,0,0
521509,0.15734870235125223,0.39987753828366596,0.643958365450354,3.8228442130423224,5,8,0,0,0,0,6,1,0.9419952154159545,0,0,0,0
101022,0.15848269065221152,0.46098610758781433,0.6496517931352327,3.746387169913723,0,0,0,0,0,0,0,0,,0,0,0,0
306733,0.1612238089243571,0.43550877769788104,0.6875800647231521,3.2535344694332187,5,7,2,0,2,1,3,0,0.9521299401919047,0,0,0,0
128675,0.17075117925802866,0.5399467349052429,0.7289396365223123,2.7461686822191607,5,7,0,0,0,0,7,2,0.9786932587623596,0,0,0,0
27982,0.15651292850573859,0.44139588872591656,0.7296343938595788,2.7378940442680895,2,2,0,0,0,0,2,0,0.9763676226139069,0,0,0,0
16958,0.13353059937556586,0.35720095038414,0.6502085445604073,3.7389465525021666,6,8,0,0,0,0,6,0,0.9839273492495219,0,0,0,0
523811,0.14982982476552328,0.4440638820330302,0.7542559703259931,2.4496248694798455,1,1,0,0,0,0,2,1,0.9650774002075195,0,0,0,0
448410,0.12219483653704326,0.2910461525122325,0.5742511593861824,4.81796238623685,13,20,1,0,1,1,13,1,0.980843390027682,0,0,0,0
564280,0.12264961997667949,0.25820399324099225,0.5784508778932967,4.754670309548862,3,4,0,1,1,1,4,1,0.9777792990207672,0,1,1,1
42889,0.14610681434472403,0.3359416425228119,0.5991191909158942,4.449735378334944,3,2,0,0,0,0,3,0,0.9818501869837443,0,0,0,0
437110,0.16682234903176626,0.5029837389787039,0.746414098949428,2.5404033166859117,1,1,0,0,0,0,1,0,0.9937340617179871,0,0,0,0
366178,0.17687282959620157,0.5139095385869344,0.7486937841777679,2.51391544932654,3,3,0,0,0,0,4,1,0.9745116432507833,0,0,0,0
444142,0.1504056081175804,0.37359680732091266,0.6442910077620363,3.8183585994142213,3,13,0,0,0,0,5,2,0.9906732042630514,0,0,0,0
31248,0.13762609660625458,0.33917322754859924,0.6666561819783261,3.5219617854565426,4,21,0,0,0,0,7,3,0.9828880131244659,0,0,0,0
389381,0.1205493484934171,0.2373284250497818,0.51026811158573,5.844031427597182,5,6,0,0,0,0,8,3,0.9861986398696899,0,0,0,0
334719,0.17166641851266226,0.5363846719264984,0.7779608034408493,2.1808456766118454,6,9,0,0,0,0,6,0,0.9860631823539734,0,0,0,0
146667,0.0991351952155431,0.19922914604345957,0.4040651905762625,7.870971231275816,13,24,2,0,2,1,18,7,0.9844317056915977,0,0,0,0
78959,0.16636459529399872,0.43694864710172016,0.7217838098093086,2.8318572748274518,1,13,0,0,0,0,1,0,0.9930275082588196,0,0,0,0
465585,0.11963262657324474,0.24607665836811066,0.5051248694618369,5.932024975658468,1,17,0,0,0,0,1,0,0.995185136795044,0,0,0,0
135872,0.14862212787071863,0.41038741668065387,0.6926729259230663,3.1894357406081983,8,12,0,0,0,0,10,2,0.9759371653199196,0,0,0,0
396526,0.14903181542952856,0.3890223403771718,0.6549456878573962,3.675894257929691,6,11,0,0,0,0,8,2,0.967029889424642,0,0,0,0
457848,0.15593007703622183,0.32156093915303546,0.6277898442418833,4.043714283244679,6,8,2,0,2,1,6,2,0.9562321305274963,0,0,0,0
31749,0.11231197913487752,0.23213052252928415,0.44368096106743393,7.058584140600541,2,1,2,0,0,1,0,0,,1,1,0,1
51326,0.12661394973595938,0.3024398883183797,0.5953975224611759,4.5038595370065275,2,1,0,0,0,0,2,0,0.9807149171829224,0,0,0,0
315257,0.12333472073078156,0.32062668601671857,0.5987235904499716,4.455472595549347,2,1,0,0,0,0,2,0,0.9939228296279907,0,0,0,0
272148,0.2066345512866974,0.6501061320304871,0.8858043634301408,1.0532436946408055,4,21,1,0,1,1,3,0,0.9578105012575785,0,0,0,0
225670,0.19064576427141824,0.5291778246561686,0.7661720809604873,2.313473552037016,2,15,0,0,0,0,3,1,0.9863150417804718,0,0,0,0
124798,0.15854706863562265,0.44808122515678406,0.6816312595616598,3.32901002140468,10,16,0,0,0,0,14,4,0.9829169809818268,0,0,0,0
157390,0.11013813565174739,0.20157006879647574,0.4406893741388763,7.117348420638303,6,22,1,0,0,1,6,1,0.9912445545196533,0,0,0,0
577864,0.1591193825006485,0.47323867678642273,0.7260235307065229,2.7809860683564906,4,4,0,0,0,0,4,0,0.9896777272224426,0,0,0,0
363840,0.12022206683953603,0.2789696455001831,0.5665092274502169,4.9358602368210684,6,12,0,0,0,0,6,0,0.9892955521742502,0,0,0,0
364166,0.1419786512851715,0.37403692801793414,0.6823015122063228,3.3204733235698747,2,2,0,0,0,0,2,0,0.9939683973789215,0,0,0,0
385190,0.14870721101760864,0.40724456310272217,0.6892899361299796,3.231961246165098,4,5,0,0,0,0,4,0,0.9623668789863586,0,0,0,0
287874,0.15680853029092154,0.44349899888038635,0.7092590388498277,2.9839024163146943,6,15,1,0,1,1,5,0,0.9674355506896972,0,0,0,0
246522,0.17233243584632874,0.5377842088540395,0.7867561214527341,2.0831973863996742,1,1,0,0,0,0,2,1,0.9883778691291809,0,0,0,0
466602,0.15713198482990265,0.4175705711046855,0.6513151913655983,3.7241758432645344,2,3,0,0,0,0,2,0,0.9925952851772308,0,0,0,0
60932,0.13234258939822516,0.32323570052782696,0.6026198876721557,4.399130796640138,12,17,1,0,1,1,14,3,0.9737552458589728,0,0,0,0
573626,0.1745078762372335,0.5478927890459696,0.7915912259549497,2.0299805637056325,2,2,0,0,0,0,2,0,0.9845917820930481,0,0,0,0
239041,0.15858639280001322,0.45964279770851135,0.7217619036396953,2.832120895951321,2,4,0,0,0,0,3,1,0.906708300113678,0,0,0,0
479248,0.11474710702896118,0.2775164842605591,0.5216746768578151,5.652004885941091,13,26,0,1,1,1,12,0,0.9852117300033569,0,0,0,0
551815,0.13508900751670203,0.3375028669834137,0.6745856329039069,3.4192582500990394,3,3,0,0,0,0,3,0,0.9095098376274109,0,0,0,0
172856,0.17025179167588553,0.527595450480779,0.7552925329812141,2.4376961766004053,1,1,0,0,0,0,1,0,0.9825987815856934,0,0,0,0
285,0.12107021113236745,0.2559744616349538,0.4303404643657186,7.32375631680974,1,1,0,0,0,0,1,0,0.9905794858932495,0,0,0,0
17031,0.14355155577262244,0.4244219164053599,0.6948820312004984,3.1617783699903983,2,1,0,0,0,0,2,0,0.9948368966579437,0,0,0,0
221017,0.17959853013356528,0.5832853019237518,0.7854808538966846,2.0972879285427592,1,1,1,0,1,1,0,0,,1,0,1,1
560880,0.18127721548080444,0.5814908146858215,0.8336727078127324,1.5800883179144731,3,4,0,0,0,0,5,2,0.9845436811447144,0,0,0,0
458325,0.13642449180285135,0.35836970806121826,0.6230055051005868,4.110162314834457,22,34,0,0,0,0,27,5,0.9786310683597218,0,0,0,0
396518,0.17308842639128366,0.48465025424957275,0.7392012141764444,2.624746568721743,2,2,0,0,0,0,2,0,0.9766670167446136,0,0,0,0
508312,0.14753398795922598,0.3761056164900462,0.6619986191120741,3.5828583294124,1,4,0,0,0,0,1,0,0.9711363315582275,0,0,0,0
274460,0.1301710605621338,0.3735874990622203,0.6396846878718025,3.8806808972439284,16,20,0,0,0,0,18,2,0.985845472663641,0,0,0,0
192670,0.13683223724365234,0.37326276302337646,0.6501173423867557,3.7401649732447524,11,21,1,1,0,1,11,1,0.9887946976555718,0,0,0,0
404601,0.16175345331430435,0.43432868520418805,0.6943403709035393,3.168551658114742,0,0,0,0,0,0,0,0,,0,0,0,0
72795,0.10879906266927719,0.26647042234738666,0.5110761706937406,5.830287357513369,7,14,0,0,0,0,12,5,0.983259916305542,0,0,0,0
491008,0.13447545717159906,0.3266822596391042,0.569880302151727,4.884327082129081,18,25,1,0,1,1,22,5,0.973811174140257,0,0,0,0
86956,0.13052430748939514,0.3271168569723765,0.6466226657868263,3.7869815263908198,4,6,0,0,0,0,4,0,0.9943330585956573,0,0,0,0
29640,0.11267455170551936,0.24232218662897745,0.5110349430503637,5.830988061684936,4,14,1,0,1,1,4,1,0.9828999241193136,0,0,0,0
475365,0.13229927668968836,0.3826723595460256,0.6961529046249555,3.1459072094669622,1,1,0,0,0,0,1,0,0.9985091090202332,0,0,0,0
502347,0.2095925211906433,0.7071499625841776,0.8921188301058294,0.9915458761086343,1,10,0,0,0,0,1,0,0.9834725260734558,0,0,0,0
361730,0.1274335434039434,0.35926111539204914,0.6369071451412461,3.918477579108583,13,29,0,0,0,0,13,0,0.9835189076570364,0,0,0,0
477441,0.13522555182377496,0.3324708541234334,0.6245387604243897,4.088812061215475,1,4,0,0,0,0,1,0,0.980553388595581,0,0,0,0
351823,0.15853469570477804,0.39445144931475323,0.6449387098610417,3.8096311098959075,2,2,0,0,0,0,2,0,0.9957532286643982,0,0,0,0
438907,0.13492085287968317,0.3487257659435272,0.588105663604428,4.610892764269838,4,4,0,0,0,0,6,2,0.9673268795013428,0,0,0,0
144003,0.11919288833936055,0.23293506602446237,0.5157344086292674,5.751477849689547,6,13,0,0,0,0,8,2,0.987170527378718,0,0,0,0
154705,0.1385012318690618,0.3727731804052989,0.6544791227407325,3.682084049433584,5,8,0,0,0,0,5,0,0.975894296169281,0,0,0,0
312278,0.1835742990175883,0.5034435391426086,0.8395780273780925,1.5187787174982217,1,2,0,0,0,0,1,0,0.991875171661377,0,0,0,0
538236,0.1409223973751068,0.31208141644795734,0.5941920287245532,4.521463573843368,7,14,1,0,1,1,7,1,0.9777219295501709,0,0,0,0
13004,0.13415279984474182,0.31459903717041016,0.6102456842587365,4.2899056658023245,2,2,0,0,0,0,2,0,0.9687806069850922,0,0,0,0
286422,0.17732101182142893,0.49899716178576153,0.7825491339811569,2.129767696793689,4,6,0,0,0,0,4,0,0.9841058701276779,0,0,0,0
35770,0.11817034830649693,0.29220350583394367,0.5632170942679309,4.986483446865373,0,4,0,0,0,0,0,0,,0,0,0,0
553669,0.11788214494784673,0.2622644454240799,0.5141538544285277,5.7781380819208215,15,23,1,1,2,1,14,1,0.9756093804652874,0,1,1,1
212166,0.13211994618177414,0.22514256834983826,0.3696701491522535,8.64371234541457,3,1,1,0,0,1,2,0,0.9882868528366089,1,0,0,1
531036,0.12521068006753922,0.3301812410354614,0.5947713470855414,4.51299923280574,3,4,0,0,0,0,4,1,0.992198129494985,0,0,0,0
563470,0.1740676611661911,0.51664866010348,0.738350918056437,2.6347436157459985,2,4,0,0,0,0,2,0,0.9917970597743988,0,0,0,0
489305,0.12652635822693506,0.2708691507577896,0.5698742896242127,4.884418723173235,4,8,1,0,0,1,4,1,0.9759876926740011,0,0,0,0
575970,0.12471300860246022,0.3247322142124176,0.568683098862473,4.902593573864244,13,29,1,0,1,1,16,4,0.9722115049759547,0,0,0,0
61471,0.14193997780481973,0.3747585912545522,0.6649161684469227,3.5446621278001267,2,3,0,0,0,0,4,2,0.9893717765808105,0,0,0,0
448076,0.1290684292713801,0.33336178461710614,0.6043970567758159,4.373553184116712,8,17,0,0,0,0,12,4,0.9839074686169624,0,0,0,0
279887,0.1377864678700765,0.33587536215782166,0.6437358385852272,3.825846236046198,5,10,0,0,0,0,8,3,0.9797481060028076,0,0,0,0
359219,0.12012127786874771,0.2431507557630539,0.5061973769352175,5.913602192860399,4,5,1,0,1,1,4,1,0.9752374688784281,0,0,0,0
151051,0.20659170548121134,0.6539250810941061,0.8472393215554981,1.4398779244354194,2,2,0,0,0,0,2,0,0.9760169982910156,0,0,0,0
241668,0.12889368583758673,0.3048195441563924,0.5849742808140704,4.657264556854516,3,5,0,0,0,0,3,0,0.9814956585566202,0,0,0,0
533958,0.1140029306213061,0.23569662868976593,0.40006161358637404,7.957462354444265,1,1,0,0,0,0,2,1,0.9919738173484802,0,0,0,0
497867,0.14979276557763418,0.44196970264116925,0.7534561471112177,2.458840391123322,2,4,0,0,0,0,3,1,0.9881050884723663,0,0,0,0
31296,0.12479953467845917,0.30963775515556335,0.5469534506218828,5.240992668881361,21,52,1,0,1,1,23,3,0.9770234853029252,0,0,0,0
304396,0.15943134079376856,0.4884093403816223,0.7175176254248798,2.883348525168601,2,2,0,0,0,0,2,0,0.984268069267273,0,0,0,0
300913,0.12260085344314575,0.26568928857644397,0.5690926660772773,4.896340222561746,1,3,0,0,0,0,1,0,0.9943204522132874,0,0,0,0
322895,0.1401825745900472,0.3942927618821462,0.6680825044588219,3.503398025380428,7,9,1,0,1,1,6,0,0.9914780457814535,0,0,0,0
7818,0.1363092636068662,0.3652895788351695,0.657044944674189,3.6480984366163502,6,11,1,0,1,1,7,2,0.9909480571746826,0,0,0,0
567432,0.19977949559688568,0.6823839545249939,0.8954993572599294,0.9586944305494933,1,1,0,0,0,0,2,1,0.9925914406776428,0,0,0,0
515266,0.13017607231934866,0.35770103335380554,0.6620558703654604,3.582107184995284,4,4,1,0,1,1,3,0,0.9963362415631613,0,0,0,0
189226,0.15672345211108527,0.5047226250171661,0.7517943109876811,2.47801930045705,1,1,0,0,0,0,1,0,0.9883476495742798,0,0,0,0
472298,0.17901329199473062,0.5519679486751556,0.7940322602340222,2.0032370507778174,3,3,0,0,0,0,4,1,0.9860539038976034,0,0,0,0
472046,0.1408193657795588,0.38107720017433167,0.6308927352620715,4.00088946943493,9,19,1,1,1,1,8,0,0.9861569149153573,0,0,0,0
304817,0.15887423853079477,0.44099554419517517,0.6767795689378603,3.391055210712772,2,1,2,0,1,1,0,0,,2,0,1,1
468925,0.11209662506977718,0.22480958700180054,0.5151638605556947,5.7610922185451034,6,7,0,1,0,1,6,1,0.9930405139923095,0,0,0,0
493019,0.1386195570230484,0.37659268577893573,0.6331075383039274,3.9704503075422117,7,8,1,0,0,1,8,2,0.9900399645169576,0,0,0,0
402118,0.18618683020273843,0.5894755919774374,0.8465984884576283,1.4464502252745959,2,2,0,0,0,0,3,1,0.9624644815921783,0,0,0,0
383838,0.13678279519081116,0.31077555815378827,0.6498309912873639,3.7439916085391793,2,4,0,0,0,0,2,0,0.9761019349098206,0,0,0,0
143572,0.11556461950143178,0.2736445168654124,0.5066674756054599,5.905539467706733,5,14,0,0,0,0,7,2,0.9849106788635253,0,0,0,0
462728,0.1904895156621933,0.6315330664316813,0.8386894978915876,1.5279759040788201,3,3,0,0,0,0,4,1,0.9854220350583395,0,0,0,0
100510,0.1441810205578804,0.3886217673619588,0.6971397819231293,3.133602675301945,5,6,2,0,2,1,4,1,0.991953174273173,1,0,1,1
146498,0.1729256808757782,0.5091253717740377,0.7531240150461348,2.4626700745105987,0,6,0,0,0,0,0,0,,0,0,0,0
519522,0.1657160073518753,0.49157533049583435,0.770507508457957,2.2644624960567294,2,3,0,0,0,0,2,0,0.9840962886810303,0,0,0,0
343803,0.15257165332635245,0.43613481521606445,0.6954116064171227,3.1551613043797104,2,2,0,0,0,0,2,0,0.9841232895851135,0,0,0,0
357903,0.12267652153968811,0.2465706765651703,0.5284358483362372,5.540154562765617,2,2,0,0,0,0,3,1,0.9680855572223663,0,0,0,0
436551,0.15512610723574957,0.4694749216238658,0.7583676399452962,2.402404138215997,2,2,0,0,0,0,3,1,0.9849992990493774,0,0,0,0
186042,0.21226789553960165,0.6300104260444641,0.8534757278600356,1.376176506950773,2,2,0,0,0,0,2,0,0.9691877961158752,0,0,0,0
100489,0.16191537429889044,0.4184762140115102,0.7390681616422835,2.6263101262841366,1,1,0,0,0,0,1,0,0.9938560128211975,0,0,0,0
567640,0.1552877277135849,0.3823116521040599,0.6751016341690718,3.412616814901379,10,11,1,0,2,1,13,4,0.9710834357473586,0,0,0,0
202445,0.11231426894664764,0.23026151458422342,0.4031029676490587,7.891680091076106,2,2,0,0,0,0,2,0,0.9906043112277985,0,0,0,0
548555,0.1352719118197759,0.2897523045539856,0.6303188975900795,4.008793441937556,2,2,0,0,0,0,2,0,0.9951890408992767,0,0,0,0
193348,0.14832951128482819,0.3500611086686452,0.6371140429396785,3.915656446342263,2,2,0,0,0,0,3,1,0.9855358898639679,0,0,0,0
550714,0.11359035968780518,0.2556276023387909,0.5339392889855415,5.4501624233801325,2,2,0,0,0,0,2,0,0.9927213490009308,0,0,0,0
376365,0.15436322738726935,0.401880939801534,0.6941635761853914,3.1707635631250874,3,7,1,0,1,1,3,1,0.9891048967838287,0,0,0,0
470952,0.14622143904368082,0.35367822647094727,0.6168668025982456,4.196172023758261,9,12,0,0,0,0,9,0,0.9812187353769938,0,0,0,0
551822,0.11566079159577687,0.23958764473597208,0.5579003600120519,5.068867166802578,7,7,0,0,0,0,8,1,0.9741147245679583,0,0,0,0
189078,0.12246693670749664,0.30793071786562604,0.6082417220403774,4.3184758590945185,5,7,2,0,2,1,5,2,0.9917329748471578,0,0,0,0
429011,0.19151832660039267,0.5695625940958658,0.8413861597531238,1.5000927223557905,4,4,2,0,1,1,3,1,0.9849267899990082,1,0,1,1
498807,0.1808959941069285,0.5419390201568604,0.8100588533722717,1.829668541777631,2,2,0,0,0,0,2,0,0.996268093585968,0,0,0,0
23272,0.11969108134508133,0.2934717386960983,0.5939514750073699,4.524980696247297,2,2,0,0,0,0,4,2,0.9939693510532379,0,0,0,0
555412,0.12681004405021667,0.3272279699643453,0.6822293478290183,3.3213920449209406,1,1,0,0,0,0,1,0,0.9980465173721313,0,0,0,0
550349,0.13452278325955072,0.3446545998255412,0.6087464231997642,4.3112715509192885,6,9,2,0,1,1,5,1,0.9819300770759583,0,0,0,0
341058,0.14251308888196945,0.3625744779904683,0.6251393898647801,4.080462709131325,4,7,0,0,0,0,4,0,0.9871200174093246,0,0,0,0
181421,0.18574196100234985,0.5373861392339071,0.7889971503944164,2.058491306412744,4,5,0,0,0,0,6,2,0.9789340794086456,0,0,0,0
409211,0.14327037582794824,0.3646653691927592,0.6426814454415773,3.840084764469997,9,15,1,1,2,1,9,2,0.9880538327353341,0,0,0,0
556873,0.17173982659975687,0.48614828785260517,0.7287217051238748,2.7487658946655893,1,1,0,0,0,0,2,1,0.9890245795249939,0,0,0,0
245448,0.15004763503869376,0.40526582797368366,0.6845137417339453,3.292356578084999,9,11,0,0,0,0,10,1,0.987394286526574,0,0,0,0
206838,0.15092869102954865,0.44430240988731384,0.712888071869802,2.939573037889542,4,4,0,0,0,0,4,0,0.9582412838935852,0,0,0,0
349678,0.17189746598402658,0.49255375067392987,0.733209699478047,2.695435969615667,1,1,0,0,0,0,1,0,0.988267183303833,0,0,0,0
80274,0.1455488900343577,0.40899040301640827,0.6509633255624073,3.7288695667170386,2,2,0,0,0,0,2,0,0.9901852607727051,0,0,0,0
401991,0.13721932967503866,0.3313526411851247,0.6957404171543746,3.151055334966773,3,4,0,0,0,0,5,2,0.8428292274475098,0,0,0,0
203931,0.13582915564378104,0.29236485560735065,0.5217401046911185,5.650915580038729,5,16,1,0,1,1,4,0,0.9906823039054871,0,0,0,0
463283,0.10427401463190715,0.20584784944852194,0.3880444613980186,8.22237021834466,3,4,0,0,0,0,4,1,0.9838311672210693,0,0,0,0
426241,0.14906217902898788,0.3974542518456777,0.6651391099345757,3.541750301190948,8,7,1,0,0,1,8,1,0.9820574522018433,1,0,0,1
274708,0.1557629257440567,0.4525788724422455,0.7142055940774065,2.9235350496125836,5,7,0,0,0,0,8,3,0.9758121371269226,0,0,0,0
491470,0.1731224258740743,0.4780508279800415,0.7163041680388107,2.8980504351274567,2,3,0,0,0,0,2,0,0.9711849093437195,0,0,0,0
528980,0.16058389842510223,0.46676477789878845,0.7147026887180582,2.9174916815188547,7,9,0,1,1,1,7,0,0.9805424412091573,0,0,0,0
372307,0.1877826303243637,0.5930407643318176,0.8347366335261271,1.5690105298042025,1,1,0,0,0,0,1,0,0.9893130660057068,0,0,0,0
94157,0.1797704150279363,0.5817692875862122,0.7995564159385109,1.9430177486394036,9,14,0,0,0,0,10,1,0.9689945644802518,0,0,0,0
6763,0.14258312185605368,0.33699876070022583,0.6017266423085379,4.41201518145401,4,7,0,0,0,0,7,3,0.9321139454841614,0,0,0,0
364636,0.12049742788076401,0.28490983446439105,0.5938670398808734,4.526215555246998,1,2,0,0,0,0,1,0,0.9926407337188721,0,0,0,0
563648,0.13232070207595825,0.3176439106464386,0.5328753420287815,5.467487511811458,12,21,0,0,0,0,15,3,0.980361188451449,0,0,0,0
208208,0.15367151548465094,0.44772998491923016,0.6786233951294667,3.367423447885442,1,1,0,0,0,0,1,0,0.9914453625679016,0,0,0,0
186282,0.14004152516523996,0.37972872455914813,0.6761790552476166,3.398765714033256,3,3,2,0,1,1,1,0,0.9957840442657471,1,0,1,1
81061,0.1429074083765348,0.38486512502034503,0.7313807895650256,2.717129020388029,3,3,0,0,0,0,4,1,0.9920297066370646,0,0,0,0
61171,0.12319113065799077,0.26602210104465485,0.5460016695059333,5.256120587073539,7,7,1,0,1,1,7,1,0.9921440680821737,0,0,0,0
83531,0.14608368774255118,0.36048954725265503,0.6636736586471625,3.560908385179524,9,19,0,1,1,1,11,2,0.9750413745641708,0,0,0,0
547816,0.16017321745554605,0.4166597028573354,0.6611405625196161,3.5941239407911008,2,4,0,0,0,0,4,2,0.9747864305973053,0,0,0,0
536947,0.14292350908120474,0.3936854998270671,0.6525859320043947,3.7072458533384878,1,6,0,0,0,0,2,1,0.9966424703598022,0,0,0,0
160556,0.13265594591697058,0.34123032291730243,0.6264397615218676,4.062413688813825,6,9,0,0,0,0,7,1,0.9648568232854208,0,0,0,0
150930,0.1739441156387329,0.5065955221652985,0.7471882103375092,2.5313997865699145,2,1,2,0,1,1,0,0,,0,0,0,0
317433,0.1514981190363566,0.39396090308825177,0.6950710153247204,3.1594164265268305,3,3,0,0,0,0,3,0,0.9832411607106527,0,0,0,0
287291,0.15375494956970215,0.403345247109731,0.6598292940078734,3.611368145514684,10,18,0,0,0,0,12,2,0.9798799812793731,0,0,0,0
33005,0.16818318764368692,0.5411003033320109,0.8010376017147866,1.9269419421365852,2,2,0,0,0,0,2,0,0.9849614799022675,0,0,0,0
404805,0.1874121775229772,0.5791130363941193,0.8063668072016098,1.8693471513507152,2,2,0,0,0,0,4,2,0.9876181781291962,0,0,0,0
471756,0.1715904821952184,0.530660887559255,0.7592000778901581,2.392875120486084,2,2,0,0,0,0,3,1,0.983649879693985,0,0,0,0
565778,0.15172135581572851,0.4896402557690938,0.7607325751977301,2.3753597299615654,4,7,1,0,0,1,3,0,0.9786337018013,0,0,0,0
455555,0.13987748076518378,0.3772583603858948,0.6325351051303431,3.9783073305901473,3,3,0,0,0,0,5,2,0.9901045759518942,0,0,0,0
121497,0.12306348482767741,0.2841631273428599,0.5508838565274475,5.178799085979756,4,6,1,0,1,1,4,1,0.9697737495104471,0,0,0,0
325991,0.17590508858362833,0.5623296201229095,0.8043524126043959,1.8910726241279818,2,2,0,0,0,0,2,0,0.9907395243644714,0,0,0,0
320232,0.16331453621387482,0.4422512650489807,0.6816006976837192,3.329399473981049,4,10,0,0,0,0,5,1,0.9677310436964035,0,0,0,0
451144,0.1794217824935913,0.5451131562391917,0.7803869369689418,2.1538001789329537,4,4,0,0,0,0,5,1,0.970865324139595,0,0,0,0
457262,0.1237731824318568,0.2694856971502304,0.48365605183316446,6.309267473379546,1,3,0,0,0,0,1,0,0.9941650032997131,0,0,0,0
532761,0.13836563875277838,0.3619101643562317,0.648954685035288,3.755712557866615,6,6,0,0,0,0,7,1,0.9921287298202515,0,0,0,0
95707,0.14203590899705887,0.3565974533557892,0.6793825752919578,3.357711920929918,5,9,1,0,1,1,4,0,0.9902808219194412,1,0,1,1
104803,0.1432296633720398,0.34605177243550617,0.6501031279789752,3.740354886847977,1,1,0,0,0,0,1,0,0.9982904195785522,0,0,0,0
393282,0.14257091532150903,0.4253929356733958,0.6566024727098876,3.6539497217395,2,2,0,0,0,0,4,2,0.9859865605831146,0,0,0,0
284725,0.14307210594415665,0.4053410092989604,0.6867449377996828,3.2640906641768948,8,13,1,0,1,1,7,0,0.9724330306053162,0,0,0,0
311081,0.17030021796623865,0.46104879180590314,0.7162646555661866,2.898529575774624,1,1,0,0,0,0,1,0,0.9948199987411499,0,0,0,0
380913,0.11797566711902618,0.2656426429748535,0.5520967858561957,5.1596956237243665,11,14,1,0,1,1,11,1,0.9768957197666168,0,0,0,0
287714,0.1588021715482076,0.4321472446123759,0.7124967753954817,2.9443419367362047,4,5,0,0,0,0,4,0,0.9809312522411346,0,0,0,0
66523,0.1285483439763387,0.33195680379867554,0.6489972002691169,3.755143534263679,1,1,0,0,0,0,1,0,0.9980911612510681,0,0,0,0
494863,0.13853076100349426,0.3635892868041992,0.6681865620975124,3.5020452541607527,3,2,2,0,0,1,1,0,0.9910655617713928,0,0,0,0
170893,0.13481668879588446,0.3525620996952057,0.6593959473754001,3.617074526869434,1,2,0,0,0,0,2,1,0.9970230460166931,0,0,0,0
291664,0.12225009500980377,0.341352512439092,0.562369715399658,4.999561497636261,2,2,0,0,0,0,2,0,0.9929911494255066,0,0,0,0
44590,0.22948212921619415,0.6680279970169067,0.883683096674488,1.0740690445506837,22,25,1,0,1,1,21,0,0.9814361163548061,0,0,0,0
226147,0.10528623809417088,0.21042583882808685,0.4660488517331955,6.631371154346967,11,21,2,0,1,1,11,2,0.9876270757781135,0,0,0,0
454978,0.19527184963226318,0.6156184871991476,0.8383631867027391,1.5313560042221352,1,1,0,0,0,0,1,0,0.9946377277374268,0,0,0,0
110999,0.14421626925468445,0.4054987132549286,0.656257971628948,3.658508162738798,8,11,1,0,1,1,9,2,0.9871093886239188,0,0,0,0
278973,0.1709376871585846,0.563596377770106,0.7970969511786465,1.969777040053877,2,2,0,0,0,0,3,1,0.9606384634971619,0,0,0,0
126216,0.15584871172904968,0.4788588583469391,0.7188911213200352,2.8667376023701268,3,4,0,0,0,0,3,0,0.9917144974072775,0,0,0,0
553776,0.15257488191127777,0.4561225175857544,0.7371144177197043,2.6493018811503783,2,2,0,0,0,0,4,2,0.980708658695221,0,0,0,0
373353,0.14288627604643503,0.37697428464889526,0.6128441764562389,4.252998728485949,22,34,4,0,3,1,20,2,0.9850793712668948,0,0,0,0
343453,0.1573388030131658,0.46985624233881634,0.7382286124629918,2.6361825262377874,2,2,0,0,0,0,2,0,0.9654002785682678,0,0,0,0
274411,0.16799739996592203,0.4162794252236684,0.6474043496349422,3.776487741668361,4,5,0,0,0,0,4,0,0.977558895945549,0,0,0,0
144784,0.13109943519035974,0.31655552983283997,0.6115844873475841,4.270870777319429,1,1,0,0,0,0,2,1,0.994159996509552,0,0,0,0
157418,0.1210234264532725,0.2667185266812642,0.5474403315616081,5.2332641995549,5,8,0,0,0,0,8,3,0.9555870771408081,0,0,0,0
255483,0.12387080242236455,0.21115648746490479,0.3584811325962128,8.910673939392542,4,3,1,0,1,1,3,0,0.9760155081748962,0,0,0,0
36678,0.20101693272590637,0.6271418531735738,0.8716434228112951,1.1932228512693537,3,6,1,0,1,1,2,0,0.9770676493644714,0,0,0,0
31620,0.13837029288212457,0.3392433722813924,0.5879528911964171,4.613149393887081,4,10,0,0,0,0,10,6,0.9920597523450851,0,0,0,0
320743,0.14586647848288217,0.3699583013852437,0.6697790584245251,3.4813687081192333,18,18,1,0,1,1,18,1,0.9506786150090835,0,0,0,0
89648,0.12309084584315617,0.29243945082028705,0.5182934276677029,5.708485965819728,24,37,3,0,2,1,27,6,0.9730481448627654,0,0,0,0
348481,0.12221137185891469,0.24057218432426453,0.5098670221062122,5.850861540625419,3,6,0,0,0,0,3,0,0.9764659404754639,0,0,0,0
320554,0.14751813809076944,0.3741137981414795,0.6702501790788272,3.475261226187412,2,2,0,0,0,0,2,0,0.9921033978462219,0,0,0,0
314709,0.19903595248858133,0.6452555656433105,0.8494006466704882,1.4177482541138104,2,2,0,0,0,0,3,1,0.9781221747398376,0,0,0,0
256868,0.14816348999738693,0.4348614513874054,0.6829453131772838,3.3122814208411118,6,12,0,0,0,0,9,3,0.9866213500499725,0,0,0,0
146457,0.11312377452850342,0.2523944328228633,0.5399694222899744,5.352616659345538,9,13,0,0,0,0,10,1,0.9857132567299737,0,0,0,0
133567,0.13832886517047882,0.4098062813282013,0.7192946624259832,2.8618632479685093,2,2,0,0,0,0,2,0,0.9949775338172913,0,0,0,0
7281,0.20213794708251953,0.6251312295595804,0.8543975376196502,1.366800239075809,10,12,0,0,0,0,10,0,0.9661958634853363,0,0,0,0
574315,0.1100124940276146,0.22938600182533264,0.5506877197011485,5.181892162965328,4,5,0,0,0,0,4,0,0.9933605641126633,0,0,0,0
356427,0.15114307900269827,0.4405154287815094,0.723899780529044,2.806431100806903,2,8,0,0,0,0,4,2,0.9552373886108398,0,0,0,0
193743,0.15142306685447693,0.39635492364565533,0.6960648587297922,3.1470058262920335,6,5,1,0,1,1,5,0,0.9815555095672608,0,0,0,0
169996,0.12432123720645905,0.378450612227122,0.6292258860001869,4.023868380994445,11,16,2,0,2,1,10,1,0.9882136384646097,0,0,0,0
510095,0.17954116066296896,0.5531401832898458,0.7710309631620822,2.258563622886822,1,3,0,0,0,0,2,1,0.9822382926940918,0,0,0,0
353096,0.14312836527824402,0.366117924451828,0.6849356835357558,3.2870041496235167,3,3,0,0,0,0,4,1,0.9855812986691793,0,0,0,0
413395,0.1440269947052002,0.3695918917655945,0.6617320437053623,3.586356691517714,4,5,0,0,0,0,4,0,0.9931091070175171,0,0,0,0
436738,0.12635153532028198,0.34015095233917236,0.5316530497776315,5.4874338098082625,9,10,0,0,0,0,9,0,0.9776082568698459,0,0,0,0
468124,0.14151020596424738,0.4150511125723521,0.7458290940269806,2.5472135852511557,2,3,0,0,0,0,2,0,0.974811851978302,0,0,0,0
37751,0.1718520869811376,0.5510430435339609,0.7742872284976976,2.22195808319688,3,4,0,0,0,0,4,1,0.9848694403966268,0,0,0,0
556158,0.17922955751419067,0.5413283904393514,0.7904087989723421,2.042964674990941,2,2,0,0,0,0,3,1,0.9698171317577362,0,0,0,0
348045,0.1154865026473999,0.3125474254290263,0.47666853416020577,6.435670315418575,3,3,0,0,0,0,4,1,0.9923490285873413,0,0,0,0
297147,0.13308124740918478,0.3339766462643941,0.6677720468212051,3.5074352924969716,3,4,0,0,0,0,3,0,0.9697572986284891,0,0,0,0
530470,0.17857234179973602,0.5792416334152222,0.7932421714702814,2.0118841054217227,2,7,0,0,0,0,3,1,0.9632879495620728,0,0,0,0
244411,0.15883473555246988,0.4981285234292348,0.7677156340876886,2.2959923029111833,3,10,0,0,0,0,6,3,0.9867972135543823,0,0,0,0
192047,0.1716263641913732,0.47386084993680316,0.7414819613301417,2.597988199254747,1,1,0,0,0,0,1,0,0.9942634105682373,0,0,0,0
35963,0.15030054251352945,0.387482613325119,0.6335149487105266,3.9648626569400203,1,2,0,0,0,0,3,2,0.9859983921051025,0,0,0,0
37988,0.19402484595775604,0.6144666771094004,0.8677592921162591,1.2320145426277531,5,5,0,0,0,0,7,2,0.9817438840866088,0,0,0,0
15517,0.14904093245665231,0.42173930009206134,0.6522687411201924,3.7114686761943867,9,13,0,1,0,1,9,0,0.9694224148988724,0,0,0,0
263425,0.13181228439013162,0.3578999936580658,0.6484479367444754,3.762497745252886,3,2,0,0,0,0,3,0,0.988547166188558,0,0,0,0
149406,0.11957764128843944,0.29874304433663684,0.4880939114461536,6.229932195233863,1,1,0,0,0,0,1,0,0.9729142785072327,0,0,0,0
111036,0.12526151537895203,0.3235580821832021,0.6531640780755322,3.6995541615782352,2,2,0,1,0,1,3,1,0.991522490978241,0,0,0,0
329041,0.11427324265241623,0.2517821292082469,0.542070811936282,5.3188795377042,8,10,0,1,1,1,9,1,0.9882255877767291,0,0,0,0
492937,0.10909156501293182,0.20468999445438385,0.37168177420598725,8.596574689080036,2,3,0,0,0,0,3,1,0.9646264612674713,0,0,0,0
129113,0.12578767289717993,0.3149377405643463,0.5842794841502931,4.667587256739877,1,2,1,0,1,1,0,0,,1,0,1,1
241319,0.13965513557195663,0.3514740864435832,0.6099711980766729,4.293813424757813,6,10,1,0,1,1,6,1,0.9866299152374267,0,0,0,0
112110,0.16028009603420892,0.4597451587518056,0.7422996396209396,2.588415005857938,2,2,0,0,0,0,2,0,0.9903997480869293,0,0,0,0
430073,0.12747296194235483,0.3571098844210307,0.6030952309534322,4.392282115004665,18,27,2,0,2,1,18,2,0.982937678694725,0,0,0,0
260261,0.1458581859866778,0.3529849151770274,0.5871476337288368,4.625053700693355,3,4,0,0,0,0,3,0,0.989012598991394,0,0,0,0
17959,0.15095224976539612,0.4116944173971812,0.6968264765415236,3.137507125638439,8,24,1,0,0,1,8,1,0.983655938080379,0,0,0,0
78843,0.11302325377861659,0.2612484743197759,0.5676582424901694,4.918261034748307,3,3,0,0,0,0,4,1,0.989116907119751,0,0,0,0
375493,0.1642880986134211,0.4846221109231313,0.7304478006550935,2.7282162844623166,5,7,1,0,0,1,4,0,0.9744679033756256,0,0,0,0
452784,0.11980255444844563,0.2623276362816493,0.5156944017733803,5.752151662814935,3,6,1,0,2,1,2,0,0.9905490279197693,1,0,2,1
96427,0.1595769077539444,0.451368123292923,0.7149150836629479,2.9149107971731096,4,4,0,0,0,0,5,1,0.954771488904953,0,0,0,0
172935,0.2138775090376536,0.596180776755015,0.8102165605483443,1.8279776846319205,2,5,0,0,0,0,3,1,0.9524073600769043,0,0,0,0
264968,0.14854130893945694,0.403134028116862,0.6622728843949363,3.5792605203434213,6,8,0,0,0,0,8,2,0.9872912069161733,0,0,0,0
287649,0.11703571925560634,0.22593887150287628,0.5172175668391529,5.726534662230866,2,3,0,0,0,0,2,0,0.9835533499717712,0,0,0,0
186449,0.12952701499064764,0.26536958416302997,0.5116323886169218,5.820839410827421,10,15,0,0,0,0,11,1,0.9735862255096436,0,0,0,0
116206,0.12254471828540166,0.2652872254451116,0.5738208458200111,4.824473574217405,2,3,0,0,0,0,4,2,0.9852069318294525,0,0,0,0
180101,0.10841639339923859,0.24849617977937064,0.5484074782435147,5.217932633531282,10,11,0,0,0,0,14,4,0.9750890135765076,0,0,0,0
93717,0.154513289531072,0.4235581358273824,0.6907372329471062,3.213742670012973,15,22,3,0,1,1,12,0,0.9774859696626663,0,0,0,0
500663,0.18260976175467172,0.5755799114704132,0.7880488929967003,2.068936733966591,3,3,0,0,0,0,3,0,0.9822357495625814,0,0,0,0
1761,0.1737399846315384,0.539165606101354,0.7676428657026361,2.2968156391707812,2,7,0,0,0,0,3,1,0.9926726520061493,0,0,0,0
12062,0.1655124674240748,0.40805258353551227,0.6912385694021922,3.2074407459068714,3,4,2,0,1,1,1,0,0.9940239191055298,2,0,1,1
200152,0.18393505613009134,0.5240352849165598,0.782242673186172,2.133169918949344,0,0,0,0,0,0,0,0,,0,0,0,0
2299,0.13400101164976755,0.33777253826459247,0.5923249086364506,4.548800077692536,1,22,0,0,0,0,1,0,0.9699829816818237,0,0,0,0
578500,0.1924900362888972,0.540742427110672,0.8369103113893618,1.5464216252183736,6,14,2,0,2,1,6,2,0.9827232956886292,0,0,0,0
396274,0.189645454287529,0.446050097544988,0.6588204382254687,3.6246587282709646,0,1,0,0,0,0,0,0,,0,0,0,0
378873,0.11478227128585179,0.25376424193382263,0.49047465254742084,6.187668635944908,6,23,0,0,0,0,7,1,0.979005773862203,0,0,0,0
12576,0.10596196601788203,0.20382999380429587,0.41507007507706667,7.637571528400635,13,15,1,1,1,1,16,4,0.9824574318799105,0,0,0,0
127270,0.14801463733116785,0.40027416745821637,0.6539859230077402,3.688631994550027,5,9,0,0,0,0,6,1,0.9764737129211426,0,0,0,0
80153,0.16926789283752441,0.47926608721415204,0.6945106628975448,3.1664216420977738,3,3,0,0,0,0,3,0,0.9801808396975199,0,0,0,0
521141,0.14944361646970114,0.41364092628161114,0.6214367707494612,4.1320610576324714,12,14,0,1,0,1,13,1,0.98381737687371,0,0,0,0
177934,0.13876893371343613,0.3807741006215413,0.6273963309820095,4.049160507758349,14,18,1,0,1,1,15,2,0.9833930776669428,0,0,0,0
393838,0.11954160531361897,0.2838662763436635,0.5811177940260307,4.714716522234684,1,15,0,0,0,0,1,0,0.9879510998725891,0,0,0,0
46252,0.15640930583079657,0.47753409544626874,0.710319387562676,2.970926629363924,4,5,0,0,0,0,6,2,0.9908508062362671,0,0,0,0
445439,0.13032141576210657,0.37471843759218854,0.6953415203835084,3.1560367430782525,1,1,0,0,0,0,1,0,0.9971126914024353,0,0,0,0
294831,0.15037922064463297,0.37358595927556354,0.6909967255271279,3.2104802128306185,4,5,0,0,0,0,4,0,0.9873961061239243,0,0,0,0
308587,0.19365101555983225,0.6142973204453787,0.803256235759891,1.9029178858220894,6,17,0,0,0,0,6,0,0.9755460917949677,0,0,0,0
468233,0.14804751674334207,0.38479621211687726,0.6810074846499732,3.3369622984749987,1,1,0,0,0,0,1,0,0.9925240874290466,0,0,0,0
33854,0.14191249509652457,0.4168124298254649,0.7164907901842302,2.8957877535637095,14,22,0,0,0,0,16,2,0.9649146326950618,0,0,0,0
139,0.1330887327591578,0.3576192359129588,0.6128790649827313,4.252504264677832,11,20,3,0,1,1,12,4,0.9734953567385674,3,0,1,1
533493,0.1815271625916163,0.5059480170408884,0.8168146215516371,1.7575299335463996,4,4,1,0,0,1,3,0,0.8903416593869528,0,0,0,0
462371,0.12566186239322027,0.2603659431139628,0.5293802222439226,5.524645761289452,9,11,1,1,1,1,8,0,0.9506120596613202,0,0,0,0
500270,0.18648135662078857,0.5795417924722036,0.8451188786883895,1.4616439339751368,4,12,1,0,1,1,5,2,0.9629944562911987,0,0,0,0
424349,0.1328420266509056,0.28041007618109387,0.5845255097963742,4.66393061315498,4,6,0,0,0,0,6,2,0.9782113432884216,0,0,0,0
152740,0.21235319475332895,0.6100237170855204,0.8707285919010036,1.2023438897013008,11,14,1,0,1,1,10,0,0.98351571559906,0,0,0,0
244019,0.16824942330519357,0.5151153604189554,0.7491756014544504,2.508327496364202,1,1,0,0,0,0,1,0,0.9851170182228088,0,0,0,0
59920,0.14527853826681772,0.3783568839232127,0.6533627505553367,3.6969125820726516,2,2,0,0,0,0,3,1,0.9920540452003479,0,0,0,0
423506,0.12287657459576924,0.27866223454475403,0.5887675584090335,4.601122560099239,5,5,0,0,0,0,6,1,0.9826424598693848,0,0,0,0
159311,0.15103737513224283,0.430216650168101,0.7079082808779169,3.000460148152475,2,2,0,0,0,0,2,0,0.9807746112346649,0,0,0,0
42628,0.17063607772191366,0.48635326822598773,0.7421893311970393,2.5897058565368525,6,8,1,0,0,1,8,3,0.9732851147651672,1,0,0,1
396729,0.1315360168615977,0.36886100967725116,0.6879992386203386,3.2482408475911857,2,5,0,0,0,0,4,2,0.9930258989334106,0,0,0,0
540502,0.14470431208610535,0.3807279368241628,0.6524706985412526,3.7087797410221937,7,20,1,0,1,1,7,1,0.9689871172110239,0,0,0,0
379476,0.14228143046299616,0.34375491738319397,0.592355545750991,4.548350824740314,7,23,0,0,0,0,11,4,0.9801549145153591,0,0,0,0
26941,0.14286494006713232,0.37477542956670123,0.6614537008343969,3.5900109864712175,7,10,0,0,0,0,10,3,0.9868482947349548,0,0,0,0
558421,0.17647700011730194,0.5854420562585195,0.8392514721132152,1.5221577658507612,1,14,0,0,0,0,2,1,0.977979302406311,0,0,0,0
541291,0.16832254827022552,0.4794782300790151,0.7364469967935637,2.6571700905726874,0,2,0,0,0,0,0,0,,0,0,0,0
358525,0.11408576369285583,0.25650269786516827,0.5514004106668843,5.1706582956061595,4,4,0,0,0,0,4,0,0.9873487800359726,0,0,0,0
425925,0.1545813282330831,0.46268271406491596,0.7275580038980151,2.762647544610051,5,12,1,0,0,1,4,0,0.9746990501880646,0,0,0,0
210273,0.15365785360336304,0.38979103167851764,0.6371579548819317,3.9150578076136284,22,41,2,0,2,1,26,6,0.9828787267208099,0,0,0,0
226111,0.15378343065579733,0.378285676240921,0.6515692753496122,3.720788059422908,0,0,0,0,0,0,0,0,,0,0,0,0
154339,0.14697808772325516,0.3814287682374318,0.667187642519233,3.515040123767509,1,2,1,0,0,1,0,0,,0,0,0,0
316015,0.12285643815994263,0.28870948155721027,0.5690066720915433,4.897652821991329,5,9,1,0,1,1,5,1,0.9848510324954987,0,0,0,0
181666,0.14696871240933737,0.4486594994862874,0.7205842932048587,2.8463041711855057,15,16,1,0,0,1,22,8,0.9804012221949441,0,0,0,0
1353,0.14913324763377508,0.3856847584247589,0.6384966349248449,3.896827745221096,2,7,0,0,0,0,4,2,0.960962176322937,0,0,0,0
78420,0.11101707567771275,0.23123392462730408,0.5395759436638115,5.358948421179589,3,3,0,0,0,0,3,0,0.9953165253003439,0,0,0,0
393093,0.1476310963431994,0.37436847885449726,0.6632682096585242,3.5662163573867343,9,9,0,0,0,0,9,0,0.9767089684804281,0,0,0,0
367569,0.15118642648061117,0.42703884840011597,0.652897574709769,3.7030988929473603,3,5,0,0,0,0,3,0,0.979405959447225,0,0,0,0
293200,0.13536822299162546,0.3452082673708598,0.6023287204436817,4.40332856315887,11,19,1,1,2,1,12,2,0.9871577156914605,0,0,0,0
128598,0.11180898795525233,0.2145289828379949,0.48942861340849014,6.206212882677651,4,11,0,0,0,0,9,5,0.9875235706567764,0,0,0,0
341828,0.12026478350162506,0.23980959753195444,0.40123528533826286,7.93201762699749,2,3,1,0,1,1,1,0,0.9816120266914368,1,0,1,1
273232,0.15623079240322113,0.5124213894208273,0.7906344904688383,2.0404848802159052,5,16,0,0,0,0,7,2,0.9858075618743897,0,0,0,0
334483,0.10920091718435287,0.22356351216634116,0.45945125290641875,6.755211196625762,16,20,2,0,2,1,19,5,0.9768296097006116,0,0,0,0
458109,0.12466282645861308,0.31030864516894024,0.611526562358725,4.271693482765532,1,5,0,0,0,0,1,0,0.9928913116455078,0,0,0,0
226417,0.1348749871055285,0.3822411596775055,0.6413542176303741,3.8580408987578734,19,25,2,0,2,1,20,3,0.9790201432564679,0,0,0,0
130586,0.148771733045578,0.43584492802619934,0.6900300271407639,3.2226402044490654,2,2,0,0,0,0,3,1,0.9935519993305206,0,0,0,0
266400,0.1231492633620898,0.3049424986044566,0.6301188926195337,4.01154997800669,7,12,1,0,1,1,6,0,0.9785280923048655,0,0,0,0
516677,0.1447411353389422,0.43355444073677063,0.6667943766439911,3.520161428313831,14,22,1,0,1,1,18,5,0.9594715741964487,1,0,1,1
41888,0.16292634109656015,0.5521666208902994,0.7763456123320568,2.1988979430414144,3,3,0,0,0,0,4,1,0.98810346921285,0,0,0,0
318908,0.1418075685699781,0.3527042766412099,0.6886789295896282,3.2396640845346365,1,1,0,0,0,0,1,0,0.9974142909049988,0,0,0,0
76261,0.22457311550776163,0.7841164469718933,0.9466858842560615,0.47588196933312543,2,2,1,0,1,1,1,0,0.972981333732605,0,0,0,0
435208,0.12349150081475575,0.2807755966981252,0.526507514162207,5.57190852619304,5,11,0,0,0,0,6,1,0.9733490109443664,0,0,0,0
10092,0.1332938571770986,0.3624413212140401,0.6606017556639656,3.6012055286002616,3,5,0,0,0,0,3,0,0.9937442541122437,0,0,0,0
532575,0.14630033820867538,0.3713461458683014,0.684294120757584,3.2951438262175086,1,2,0,0,0,0,2,1,0.9974706172943115,0,0,0,0
148707,0.17270171145598093,0.4448805848757426,0.679098649603813,3.3613426626484664,2,2,0,0,0,0,2,0,0.9854039549827576,0,0,0,0
235252,0.185734952489535,0.5979592303435007,0.8291859040165567,1.6269617885789922,3,3,0,0,0,0,6,3,0.9798119266827902,0,0,0,0
368294,0.12492714573939641,0.31028884649276733,0.6089638617886145,4.308169585486022,1,2,0,0,0,0,1,0,0.9965624213218689,0,0,0,0
338986,0.17909144858519235,0.5228802065054575,0.7918026895515825,2.0276605478766556,3,4,0,0,0,0,5,2,0.9889737367630005,0,0,0,0
294162,0.1528264582157135,0.3335152467091878,0.6310429706127944,3.998821332878995,3,2,1,0,1,1,2,0,0.984052300453186,1,0,1,1
481159,0.14117720474799475,0.36489977439244586,0.6845391304289948,3.292034423392854,1,1,0,0,0,0,1,0,0.994558572769165,0,0,0,0
542423,0.17660090327262878,0.5404744446277618,0.7542976629574081,2.44914475715597,3,14,1,0,1,1,5,3,0.9782396554946899,0,0,0,0
387916,0.16035706798235574,0.45631078879038495,0.6818601004743351,3.3260944372079724,13,20,0,1,0,1,16,3,0.9783253173033396,0,0,0,0
449406,0.16272552808125815,0.5253827671209971,0.7495515015614405,2.503970429749278,1,1,0,0,0,0,1,0,0.9900408387184143,0,0,0,0
11051,0.12442029267549515,0.3031778534253438,0.6023992934562534,4.402310923671363,3,3,0,0,0,0,4,1,0.9896700382232666,0,0,0,0
166521,0.14509093513091406,0.4261007010936737,0.72621137874174,2.7787390113533745,3,16,0,0,0,0,5,2,0.9921508034070333,0,0,0,0
419379,0.13267399867375693,0.31487762928009033,0.6238691599204799,4.098129651310036,5,5,0,0,0,0,8,3,0.991484534740448,0,0,0,0
113720,0.1205745463569959,0.2935274988412857,0.5766158238002346,4.782268872850476,16,21,0,0,0,0,20,4,0.9789082854986191,0,0,0,0
235064,0.13260388374328613,0.3876441717147827,0.6726734508653488,3.4439142550316824,1,1,0,0,0,0,1,0,0.9973565936088562,0,0,0,0
502168,0.16783683001995087,0.497838834921519,0.7242174971436949,2.802619736164184,9,14,0,0,0,0,11,2,0.983717593881819,0,0,0,0
324614,0.18252813319365183,0.5891458590825399,0.8400407769731242,1.5139926410339806,2,2,0,0,0,0,2,0,0.9536139369010925,0,0,0,0
155451,0.15383187184731165,0.4555576741695404,0.7088607418841993,2.9887815014591124,1,10,1,0,1,1,0,0,,0,0,0,0
153229,0.14167218406995138,0.3495302001635234,0.6100316080487813,4.2929532392753424,8,9,0,0,0,0,11,3,0.9747911989688873,0,0,0,0
53626,0.15059873461723328,0.4460899035135905,0.6836125603137649,3.3037993278953444,6,9,0,0,0,0,8,2,0.9636837740739187,0,0,0,0
190140,0.1352351854244868,0.35023876031239826,0.6889645909459947,3.2360619581298957,4,4,0,0,0,0,6,2,0.9794036895036697,0,0,0,0
162366,0.17184476554393768,0.4835428098837535,0.7426477330906326,2.5843428056272395,1,1,0,0,0,0,1,0,0.9844993948936462,0,0,0,0
543047,0.12138808518648148,0.3063916265964508,0.5715422714043521,4.859032871122167,8,16,0,0,0,0,9,1,0.9819560423493385,0,0,0,0
447917,0.19127795100212097,0.5670948922634125,0.8155911557507886,1.7705498469278518,5,6,0,0,0,0,9,4,0.9835128903388977,0,0,0,0
341094,0.13886344681183496,0.4005039532979329,0.6544963471402908,3.6818554596133817,1,2,0,0,0,0,1,0,0.9882563352584839,0,0,0,0
244833,0.12377489358186722,0.28002012769381207,0.5562055670111075,5.095293372719989,13,20,0,0,0,0,17,4,0.9776316927029536,0,0,0,0
186980,0.12428078552087148,0.27800150712331134,0.5117451267391165,5.818925687149399,9,14,2,0,1,1,8,1,0.9730119449751717,0,0,0,0
570736,0.1552558938662211,0.4564172724882762,0.6868937371415568,3.2622088670342153,2,2,0,0,0,0,3,1,0.9736348390579224,0,0,0,0
97230,0.17453976472218832,0.5476901133855184,0.7952666351214686,1.989744753977556,2,2,0,0,0,0,4,2,0.9887734651565552,0,0,0,0
34257,0.1600286141037941,0.3458621601263682,0.6651882513879197,3.541108598625092,1,6,1,0,1,1,0,0,,1,0,1,1
445658,0.1346944992740949,0.35944077372550964,0.631925032951461,3.9866888048155618,6,12,0,0,0,0,6,0,0.965021034081777,0,0,0,0
476258,0.20439200599988303,0.6190918286641439,0.8678784469744862,1.23082193667466,2,2,0,0,0,0,4,2,0.9559587240219116,0,0,0,0
565153,0.15803310523430505,0.48688066999117535,0.7147927873263638,2.916396768547899,3,2,0,0,0,0,3,0,0.9928314288457235,0,0,0,0
171611,0.16263071447610855,0.48409123222033185,0.763532122418027,2.3434537420154014,4,5,0,0,0,0,4,0,0.9817759096622467,0,0,0,0
414133,0.15461431940396628,0.48251675566037494,0.7627428771529606,2.3524367862016597,5,7,0,0,0,0,6,1,0.9889680981636048,0,0,0,0
332455,0.14429219563802084,0.33977434039115906,0.6386058703436766,3.895341871078746,1,1,0,0,0,0,1,0,0.9856674671173096,0,0,0,0
286553,0.10823015371958415,0.2480819672346115,0.5346652506383807,5.438360819448505,10,18,0,0,0,0,13,3,0.9864538848400116,0,0,0,0
67180,0.15273486574490866,0.39684272805849713,0.6076784332025524,4.326523533949831,2,2,0,0,0,0,2,0,0.9232917726039886,0,0,0,0
207844,0.13690361132224402,0.3941383163134257,0.6643585084648039,3.55194997195837,16,33,1,0,1,1,20,5,0.9743656714757284,0,0,0,0
65455,0.15085660417874655,0.3889309565226237,0.6217826734797389,4.127227682427196,3,15,0,0,0,0,3,0,0.9876845081647238,0,0,0,0
244592,0.12747065722942352,0.34396980206171673,0.6292682880943047,4.023283078467584,3,3,0,0,0,0,5,2,0.9680172602335612,0,0,0,0
97924,0.15796911716461182,0.4465346435705821,0.7128939173066116,2.939501816876231,4,6,0,0,0,0,6,2,0.9878309667110443,0,0,0,0
404191,0.12949089209238687,0.31409170230229694,0.6122166401124075,4.261897408175035,1,1,0,0,0,0,1,0,0.9740797281265259,0,0,0,0
516601,0.20959546168645224,0.694809357325236,0.9077955848874631,0.8402386760509796,10,19,1,0,1,1,9,0,0.9725414911905924,0,0,0,0
18770,0.1651222879687945,0.4746788243452708,0.7870529103833306,2.079921415966956,2,2,0,0,0,0,2,0,0.9910710155963898,0,0,0,0
57027,0.1287816415230433,0.3109674056371053,0.6513155997842336,3.7241703966265205,4,4,0,0,0,0,5,1,0.9933103322982788,0,0,0,0
196843,0.11580743392308553,0.30093533794085187,0.6246703495098946,4.086982154165634,3,4,0,0,0,0,4,1,0.9874131878217062,0,0,0,0
455597,0.12494067351023357,0.2883862952391307,0.5594894681464162,5.0441616847303266,2,15,1,0,1,1,1,0,0.9719420671463013,0,0,0,0
121031,0.15062802284955978,0.4451926151911418,0.6770389333084353,3.3877271274834704,7,8,0,0,0,0,8,1,0.9813336304255894,0,0,0,0
175387,0.17216293513774872,0.5340186059474945,0.798361118347598,1.9560124428874164,1,1,0,0,0,0,1,0,0.9919493198394775,0,0,0,0
183391,0.10453120619058609,0.21236455937226614,0.40765021083213165,7.794246574552836,5,27,0,0,0,0,5,0,0.9774353981018067,0,0,0,0
17905,0.15869677066802979,0.36364742120107013,0.6217058834996837,4.128300453526172,2,3,0,0,0,0,2,0,0.988986998796463,0,0,0,0
32285,0.17028094828128815,0.49057472745577496,0.7604517095812761,2.3785671885184008,1,1,0,0,0,0,1,0,0.9917796850204468,0,0,0,0
112378,0.13361410051584244,0.3068596025307973,0.5611442187887812,5.018510141193843,4,9,1,1,1,1,2,0,0.9904303848743439,0,0,0,0
350833,0.15705319742361704,0.47358421484629315,0.7248254207852156,2.795331673259925,2,2,0,0,0,0,2,0,0.9921760857105255,0,0,0,0
87875,0.17134839793046316,0.4482189317544301,0.6854829425155279,3.280066953552105,1,1,0,0,0,0,2,1,0.9931843280792236,0,0,0,0
369812,0.11628411958614986,0.2890975773334503,0.4705228723320981,6.5483852094025945,8,18,1,0,1,1,9,2,0.9823861036981855,0,0,0,0
116825,0.13821987062692642,0.3545506497224172,0.7139781764462478,2.9263012544994593,1,3,0,0,0,0,1,0,0.9801983833312988,0,0,0,0
549220,0.12627117584149042,0.2965645392735799,0.580443919873543,4.7247946732361825,6,8,1,1,1,1,5,0,0.985779881477356,0,0,0,0
178618,0.18646127978960672,0.5728740692138672,0.791854334539426,2.027094032958207,2,3,0,0,0,0,2,0,0.9629037082195282,0,0,0,0
121506,0.10931242754062016,0.19233706096808115,0.3531229156777292,9.041481965392789,4,9,0,0,0,0,6,2,0.9910539835691452,0,0,0,0
22755,0.13027667502562204,0.34208715955416363,0.623294353520355,4.106136148059578,2,4,0,0,0,0,2,0,0.9901168346405029,0,0,0,0
69106,0.1505575329065323,0.4570814073085785,0.7185999566361888,2.870256266776134,4,4,0,0,0,0,5,1,0.9894425123929977,0,0,0,0
507081,0.11723840733369191,0.2628961106141408,0.4371721640350706,7.186949971538618,1,6,0,0,0,0,1,0,0.9793735146522522,0,0,0,0
547336,0.13231553634007773,0.31076914072036743,0.5588144965398611,5.054646722395248,4,7,0,0,0,0,4,0,0.988863468170166,0,0,0,0
41488,0.1787525713443756,0.49122777581214905,0.8225837938725646,1.6963970198300804,0,0,0,0,0,0,0,0,,0,0,0,0
205776,0.13811423629522324,0.3724183738231659,0.6931491723600965,3.183465819706322,1,1,1,0,1,1,0,0,,0,0,0,0
140840,0.18211154639720917,0.5084985792636871,0.7826339041270207,2.1288268430860158,10,19,1,1,0,1,9,1,0.9797492921352386,0,0,0,0
578871,0.11502843350172043,0.25091542303562164,0.4928497657568709,6.145708910445327,7,11,1,0,1,1,8,2,0.9879339834054311,0,0,0,0
57760,0.19336109360059103,0.6716980139414469,0.8762661607916025,1.1472791870016765,11,18,0,0,0,0,12,1,0.9629339955069802,0,0,0,0
404534,0.16038608054320017,0.4852868318557739,0.7202680155683537,2.850117404052005,1,1,0,0,0,0,1,0,0.9776625037193298,0,0,0,0
314034,0.1477425048748652,0.4487016300360362,0.6744969363124504,3.4204003726397247,18,25,3,0,3,1,17,2,0.968996524810791,0,0,0,0
163155,0.17230056722958884,0.4469638466835022,0.7714280875884566,2.254091051618749,1,1,0,0,0,0,1,0,0.9977794885635376,0,0,0,0
352760,0.14762961367766061,0.4872906804084778,0.7775292710811729,2.1856650484727886,2,2,0,0,0,0,2,0,0.9903199076652527,0,0,0,0
207538,0.13754753023386002,0.37215041120847064,0.6688612632858542,3.493279104668143,1,1,1,0,1,1,0,0,,1,0,1,1
113589,0.12493820736805598,0.25318433344364166,0.5398859912311395,5.353958826013029,4,7,0,0,0,0,5,1,0.9865244328975677,0,0,0,0
256407,0.1646223540107409,0.47575249274571735,0.7441819462074701,2.566417402698706,2,13,0,0,0,0,3,1,0.9804621636867523,0,0,0,0
13659,0.1007242500782013,0.2305764158566793,0.4821144219799136,6.336997536587024,16,18,0,0,0,0,21,5,0.9877860620617867,0,0,0,0
228981,0.16286950806776682,0.49333815773328143,0.7883327501027577,2.065808618977894,3,2,0,0,0,0,5,2,0.9861216147740682,0,0,0,0
180011,0.12155333409706752,0.26515908539295197,0.514745863603505,5.768142692018552,7,6,0,0,0,0,8,1,0.9775495529174805,0,0,0,0
318080,0.15088157107432684,0.40310367941856384,0.6797471930242643,3.353051542601517,2,2,0,0,0,0,5,3,0.994722992181778,0,0,0,0
560371,0.175142635901769,0.5895235141118368,0.7852649033313578,2.0996762498619717,0,0,0,0,0,0,0,0,,0,0,0,0
461009,0.11545840154091518,0.24291549623012543,0.4068395853095365,7.811535940693944,8,10,0,0,0,0,11,3,0.9760789275169373,0,0,0,0
111179,0.16574924687544504,0.5159999430179596,0.78546556994248,2.097456940976849,2,2,0,0,0,0,2,0,0.9731204509735107,0,0,0,0
307145,0.15455058217048645,0.3818589548269908,0.6688439672210277,3.493503715751119,1,2,0,0,0,0,1,0,0.9847577810287476,0,0,0,0
79229,0.1851456513007482,0.585071196158727,0.8189584268140511,1.734762879651521,3,3,0,0,0,0,3,0,0.9935896197954813,0,0,0,0
339823,0.13798874616622925,0.379998783270518,0.6740688416891008,3.425914946476052,2,2,0,0,0,0,2,0,0.9902015626430511,0,0,0,0
466085,0.15213214109341303,0.3921487629413605,0.646108250086464,3.793894269301832,1,1,0,0,0,0,1,0,0.9894293546676636,0,0,0,0
427655,0.1395156905055046,0.3485819300015767,0.602612042758599,4.399243870400721,7,14,0,0,0,0,7,0,0.9811994092805045,0,0,0,0
260925,0.13080165286858877,0.3137222230434418,0.6323374624567281,3.9810217581281533,3,3,1,0,1,1,2,0,0.909447968006134,0,0,0,0
552902,0.1615122358004252,0.5075207849343618,0.7667368997405657,2.307072710404473,1,1,0,0,0,0,1,0,0.9926068186759949,0,0,0,0
397639,0.1816012660662333,0.635098954041799,0.8635063295535489,1.2746894936014521,2,2,0,0,0,0,2,0,0.9904769361019135,0,0,0,0
562581,0.1903145412604014,0.6150025228659312,0.8266292024063109,1.6537851284392355,2,4,0,0,0,0,2,0,0.9883783459663391,0,0,0,0
201676,0.1530442088842392,0.4613400399684906,0.7117001676372682,2.95405863754518,5,7,0,0,0,0,6,1,0.9814080834388733,0,0,0,0
222458,0.1711710790793101,0.5065374374389648,0.7614670764107669,2.3669773906753084,8,9,0,0,0,0,9,1,0.969477653503418,0,0,0,0
493566,0.20127816746632257,0.5790578126907349,0.888946846716516,1.0224841252040675,1,2,0,0,0,0,1,0,0.9834274053573608,0,0,0,0
261097,0.1420683910449346,0.34690458079179126,0.562442092229824,4.998443697919404,7,25,2,0,1,1,6,1,0.9830827116966248,0,0,0,0
497344,0.13204102963209152,0.3344537913799286,0.6592507027987927,3.6189879710326203,4,4,1,0,0,1,3,0,0.9885189731915792,0,0,0,0
370042,0.15530593196551004,0.43892474969228107,0.7147820937756588,2.916526713474172,7,13,2,0,0,1,7,2,0.9880265235900879,0,0,0,0
512985,0.17008710900942484,0.5186539093653361,0.7363775197014301,2.657989564105802,2,2,0,0,0,0,3,1,0.985596090555191,0,0,0,0
78032,0.19091888268788657,0.5445528129736582,0.8266182953830151,1.6538997358416418,2,3,0,0,0,0,3,1,0.9636688828468323,0,0,0,0
33707,0.11665754020214081,0.31235431631406146,0.524785295978622,5.6003668402092295,2,2,0,0,0,0,3,1,0.9727490246295929,0,0,0,0
144798,0.16281307737032572,0.4092758595943451,0.6666141291369508,3.5225097108640586,4,4,1,0,1,1,4,1,0.9914023081461588,0,0,0,0
127135,0.14901922891537348,0.3632824718952179,0.654674344005343,3.6794935657125354,1,0,0,0,0,0,1,0,0.9709804654121399,0,0,0,0
85772,0.16739240288734436,0.48105642199516296,0.7875664911661107,2.0742554040363843,4,4,0,0,0,0,6,2,0.9893464297056198,0,0,0,0
64523,0.14626908053954443,0.4005309243996938,0.6211933330482945,4.1354642795995975,19,23,0,1,0,1,25,7,0.9775839315520393,0,1,0,1
453341,0.12179337441921234,0.27626127501328784,0.531473065918752,5.490374796633278,4,7,3,0,2,1,2,1,0.9814044833183289,0,0,0,0
244750,0.11973496774832408,0.2829347898562749,0.48442710119680626,6.295431366278007,9,9,0,0,0,0,15,6,0.9755618373552958,0,0,0,0
28993,0.1259152963757515,0.30492042501767475,0.5141182043367319,5.778740359811013,3,15,0,0,0,0,3,0,0.9750221371650696,0,0,0,0
176901,0.20640738308429718,0.5859832465648651,0.8183628719032325,1.7410816448944388,5,6,2,0,2,1,5,2,0.9862292806307474,0,0,0,0
179265,0.1595285435517629,0.4925081531206767,0.7462837333522859,2.541920490715044,4,8,0,0,0,0,4,0,0.9887976348400116,0,0,0,0
173830,0.12111316869656245,0.32894812027613324,0.5432624876369044,5.299805640711371,1,2,0,0,0,0,1,0,0.9956023097038269,0,0,0,0
275727,0.1342939486106237,0.39592840274175006,0.6865218427409154,3.2669128093037654,2,2,0,0,0,0,2,0,0.9841813147068024,0,0,0,0
227898,0.16646547615528107,0.4680817623933156,0.7462398826905917,2.5424308772899,6,8,0,0,0,0,10,4,0.97734268506368,0,0,0,0
549055,0.21213666598002115,0.6538720726966858,0.8958999257705128,0.954809987850026,2,2,0,0,0,0,3,1,0.9920105636119843,0,0,0,0
299609,0.18296552697817484,0.615425169467926,0.8510497106798041,1.4009014318358939,1,1,0,0,0,0,1,0,0.9874095916748047,0,0,0,0
364884,0.14935018122196198,0.41537971297899884,0.6724179588956564,3.4472139193708404,1,14,0,0,0,0,1,0,0.992146372795105,0,0,0,0
568439,0.14152608811855316,0.4123265544573466,0.6572339257056939,3.6456005369214726,13,24,1,0,1,1,13,1,0.9729734013477961,1,0,1,1
88040,0.11192946384350459,0.2269089917341868,0.47847830456918566,6.402754989278612,10,13,2,0,2,1,11,3,0.9894996508955956,0,0,0,0
423104,0.18581401308377585,0.569135308265686,0.7645441393431419,2.3319487290411707,3,2,0,0,0,0,3,0,0.9846401810646057,0,0,0,0
273132,0.13387912760178247,0.24291149775187174,0.4166560736890765,7.60444565968146,1,3,0,0,0,0,2,1,0.972925066947937,0,0,0,0
561009,0.1809526284535726,0.4634169638156891,0.7498055769026909,2.5010266741533926,1,1,0,0,0,0,1,0,0.9731884598731995,0,0,0,0
520077,0.12478321542342503,0.27649927139282227,0.5100461771927236,5.847810062663155,15,16,0,1,1,1,14,0,0.9599296961511884,0,0,0,0
189828,0.15953929722309113,0.4213768740495046,0.7023353542316182,3.0691093894345416,1,1,0,0,0,0,2,1,0.9976742267608643,0,0,0,0
512836,0.15580571194489798,0.4217178324858348,0.6555946544722893,3.667291923954265,6,7,1,0,1,1,6,1,0.9796088695526123,0,0,0,0
314177,0.16050240894158682,0.393120417992274,0.6838872612909703,3.3003097151497,1,2,0,0,0,0,1,0,0.9933731555938721,0,0,0,0
520301,0.14269232004880905,0.3668760557969411,0.6413370585115707,3.8582732886010005,1,1,0,0,0,0,1,0,0.9982050657272339,0,0,0,0
121673,0.1851108173529307,0.5700916747252146,0.8119633232259268,1.8092717521306343,2,2,0,0,0,0,3,1,0.9610845446586609,0,0,0,0
276284,0.14269663641850153,0.42697324355443317,0.6811537657955331,3.3350967603224007,5,5,0,0,0,0,6,1,0.9777848720550537,0,0,0,0
523175,0.12774156033992767,0.26757492621739704,0.5380331640495222,5.383819077014195,3,6,1,0,1,1,2,0,0.9577631652355194,1,0,1,1
286849,0.1563096890846888,0.39578359325726825,0.6695730187111095,3.4840411021169815,4,4,0,0,0,0,7,3,0.9937861859798431,0,0,0,0
105264,0.1584043155113856,0.48549166321754456,0.7423953306104865,2.5872953666157,8,9,0,0,0,0,9,1,0.9873794168233871,0,0,0,0
463690,0.14932969709237418,0.4020134409268697,0.6806085065535059,3.342052543941398,7,6,1,0,0,1,6,0,0.9766428073247274,0,0,0,0
480275,0.1303675721089045,0.2955031394958496,0.594054970128196,4.523467325333313,3,12,0,0,0,0,4,1,0.9900128841400146,0,0,0,0
302760,0.13192092875639597,0.34336306651433307,0.6697908403969398,3.481215917417972,3,3,0,0,0,0,3,0,0.9889646371205648,0,0,0,0
78266,0.14091425637404123,0.3402799566586812,0.6154734864597508,4.215813019795096,1,15,1,0,0,1,0,0,,0,0,0,0
87476,0.12793684005737305,0.29061553875605267,0.5471756729637037,5.237464385571647,10,13,0,0,0,0,10,0,0.9791612744331359,0,0,0,0
425702,0.23214034736156464,0.69819043080012,0.9083090364790974,0.8353273026358352,3,2,0,0,0,0,5,2,0.9461875359217325,0,0,0,0
515445,0.17516209185123444,0.5742615063985189,0.7950964314379388,1.9916039148796938,6,7,0,0,0,0,6,0,0.9728404581546783,0,0,0,0
137246,0.13513491302728653,0.3497013250986735,0.6378002129634914,3.906306801614918,9,17,1,1,1,1,9,2,0.9875164798327855,0,1,0,1
225184,0.19156923393408457,0.6288653512795767,0.8285702668474214,1.6334131073531377,4,4,0,0,0,0,4,0,0.9920826107263565,0,0,0,0
209530,0.1254196191827456,0.2624526421229045,0.5507612682134746,5.180732174134129,12,23,2,0,2,1,13,3,0.9785770118236542,0,0,0,0
540928,0.14623430371284485,0.3511849840482076,0.6391157273956766,3.8884099035394177,1,2,0,0,0,0,1,0,0.9967198967933655,0,0,0,0
180487,0.13290263712406158,0.32380985220273334,0.6133615508751168,4.2456690328721685,5,6,0,0,0,0,6,1,0.9867615461349487,0,0,0,0
58539,0.1205576832095782,0.267773374915123,0.5674475895946964,4.921484888897063,7,11,0,0,0,0,11,4,0.9731293490954808,0,0,0,0
308394,0.13914083689451218,0.3363913695017497,0.6444837976242668,3.815759927447384,2,4,0,0,0,0,2,0,0.98801189661026,0,0,0,0
229659,0.10709931949774425,0.2488049864768982,0.5095577496176795,5.856131780981375,9,29,0,0,0,0,14,5,0.979576051235199,0,0,0,0
314294,0.17771620055039725,0.5346104403336843,0.792151260708,2.0238376455201394,1,2,0,0,0,0,2,1,0.990373432636261,0,0,0,0
466835,0.12631550679604212,0.31374718248844147,0.5786188316636421,4.752148719169797,1,1,0,0,0,0,1,0,0.994029700756073,0,0,0,0
1000,0.1406555970509847,0.33810287714004517,0.5601651410015753,5.03367841512948,12,17,1,0,1,1,14,3,0.9605001590468667,0,0,0,0
377113,0.14405996352434158,0.39512791236241657,0.6602460485762871,3.605883785355999,10,10,2,0,2,1,11,3,0.9779511466622353,0,0,0,0
89271,0.1266916220386823,0.281855970621109,0.5829017337658693,4.68809305851657,1,1,0,0,0,0,1,0,0.9901838898658752,0,0,0,0
11760,0.14020120849212012,0.39987147847811383,0.7229641984456752,2.8176641731263476,3,3,0,0,0,0,6,3,0.9764808615048727,0,0,0,0
521231,0.15598208208878836,0.4687517086664836,0.7013269617418494,3.081589296154435,1,1,0,0,0,0,1,0,0.9948709011077881,0,0,0,0
58029,0.1573751171429952,0.4477364917596181,0.7009544285300087,3.0862043220160533,2,2,0,0,0,0,2,0,0.9657411575317383,0,0,0,0
245102,0.1620069146156311,0.4740011394023895,0.7517285751571318,2.478778815559937,0,1,0,0,0,0,0,0,,0,0,0,0
493284,0.13501792401075363,0.3217666745185852,0.6538936683167742,3.689857358216483,6,6,1,0,1,1,6,1,0.9837120771408081,0,1,1,1
419653,0.11731649686892827,0.245939110716184,0.4920756609507815,6.159362310217817,11,19,4,1,3,1,10,3,0.9783967832724253,0,1,0,1
453722,0.14977062741915384,0.4045940935611725,0.6940274144002809,3.1724674875133085,3,4,0,0,0,0,3,0,0.987930953502655,0,0,0,0
524742,0.1450004850824674,0.38191283742586773,0.6624529820839955,3.576898811101593,1,1,1,0,1,1,0,0,,1,0,1,1
190853,0.1491432562470436,0.3961821993192037,0.6719567499182815,3.4531735828611767,2,2,0,0,0,0,2,0,0.9909532964229584,0,0,0,0
298396,0.11374307175477345,0.28051813940207165,0.5378927174516172,5.38608671213172,5,27,1,0,1,1,5,1,0.9909665435552597,0,0,0,0
411774,0.16832406322161356,0.4202411075433095,0.6611127586470353,3.594489228387534,2,2,1,0,1,1,1,0,0.9494031667709351,0,0,0,0
335658,0.12516304850578308,0.3275349239508311,0.6559518847422907,3.662560314843089,2,2,1,0,1,1,1,0,0.9915565848350525,0,0,0,0
96960,0.1536481330792109,0.4596133828163147,0.6800218564686863,3.349542569663509,1,1,0,0,0,0,1,0,0.9936863780021667,0,0,0,0
531771,0.12808481603860855,0.31027255455652875,0.6015119597574973,4.415114664735453,1,1,0,0,0,0,1,0,0.9958710074424744,0,0,0,0
449661,0.24426735440889993,0.644916296005249,0.8743871534005226,1.1659246343475218,4,6,0,0,0,0,5,1,0.9813192337751389,0,0,0,0
312192,0.11023436486721039,0.22088861465454102,0.4793494028576296,6.386956186164666,8,11,0,0,0,0,11,3,0.9720170572400093,0,0,0,0
68833,0.13302747905254364,0.35307903091112774,0.5975282955223743,4.472830483805147,6,9,0,0,0,0,8,2,0.9822885791460673,0,0,0,0
94852,0.1539606899023056,0.4926011363665263,0.7410735348267801,2.602773919091072,2,2,0,0,0,0,3,1,0.9611032605171204,0,0,0,0
293071,0.165175328652064,0.4709982176621755,0.7139175811905645,2.9270384563588485,4,4,0,0,0,0,8,4,0.9830020666122437,0,0,0,0
141671,0.23865107695261636,0.5650859971841177,0.8223956177560667,1.698384250765611,6,25,0,0,0,0,10,4,0.9841554164886475,0,0,0,0
573094,0.13278870532910028,0.3406328459580739,0.5718025366533268,4.85507844678345,3,14,0,0,0,0,3,0,0.9706166386604309,0,0,0,0
505638,0.1251655121644338,0.3598272701104482,0.7100697120939186,2.9739802343089625,3,5,0,0,0,0,4,1,0.967400074005127,0,0,0,0
235057,0.1464816009004911,0.4006096025307973,0.6654082347796985,3.538236576189337,1,1,0,0,0,0,1,0,0.9923807382583618,0,0,0,0
90208,0.13314147541920343,0.3938332498073578,0.6838904815722398,3.300268815218619,3,3,0,0,0,0,4,1,0.9942905902862549,0,0,0,0
134689,0.1636375313003858,0.4795611600081126,0.7304835040894175,2.7277917387094903,1,1,0,0,0,0,1,0,0.9966490864753723,0,0,0,0
267351,0.19940093159675598,0.6671876509984335,0.9026484832415946,0.8896268654910242,2,2,0,0,1,1,2,0,0.9713103771209717,0,0,0,0
134034,0.11751930167277654,0.30049477020899457,0.5122482090046389,5.8103910273303585,2,2,0,0,0,0,2,0,0.9896387159824371,0,0,0,0
477227,0.14423432697852454,0.36855735381444293,0.6314102640052294,3.9937672526580226,1,8,0,0,0,0,1,0,0.9625208973884583,0,0,0,0
205514,0.13347660253445306,0.3613237142562866,0.6276490106974834,4.04566302750142,9,26,1,0,1,1,8,0,0.9336981922388077,0,0,0,0
556498,0.16691290338834128,0.5118333399295807,0.7328590030734231,2.6995914506239287,0,0,0,0,0,0,0,0,,0,0,0,0
340697,0.11216084534923236,0.22637353340784708,0.5304931871455479,5.506403783003745,9,13,0,0,0,0,12,3,0.9687068396144443,0,0,0,0
453584,0.1430563454826673,0.36570408940315247,0.637446827427869,3.9111207203984204,1,7,0,0,0,0,1,0,0.994279682636261,0,0,0,0
288391,0.14622027923663458,0.40555570522944134,0.7028856980474516,3.0623058678334796,1,1,0,0,0,0,1,0,0.9641979932785034,0,0,0,0
383337,0.12701071550448736,0.3081417977809906,0.5827731441378778,4.69000939958737,6,11,0,0,0,0,9,3,0.9851796627044678,0,0,0,0
460841,0.1592832108338674,0.4137084980805715,0.6720708455589884,3.4516988778044038,3,4,1,0,1,1,2,0,0.9904533326625824,1,0,1,1
483050,0.1448319082458814,0.39987850189208984,0.7319514012921909,2.7103550687582967,2,3,0,0,0,0,2,0,0.993243545293808,0,0,0,0
243867,0.1582618181904157,0.43477680285771686,0.7217016739047368,2.832845748090608,4,4,0,0,0,0,6,2,0.9876090288162231,0,0,0,0
35682,0.11170697957277298,0.20936419069766998,0.44473793274032064,7.037916539546939,14,18,2,0,1,1,15,3,0.9823520282904307,0,0,0,0
398905,0.15831911067167917,0.3610333204269409,0.6569528548682124,3.6493159148999377,1,1,0,0,0,0,1,0,0.9875907301902771,0,0,0,0
365098,0.1636862854162852,0.5049318671226501,0.7869678453081554,2.0808602420314446,1,1,0,0,0,0,1,0,0.9847120642662048,0,0,0,0
