model,tensor,consumers,scale,rms,sqnr_channel_pred_db,kappa,sqnr_pred_db,sqnr_inj_db,clip_share,deadzone_share,deadzone_energy_share,channels_below_step,channel_spread,upstream_of_head,sensitivity_db,consumer_sqnr_out_db,depthwise
efficientnet_b0,images,/features/features.0/features.0.0/Conv,0.020787402987480164,1.1645906780741646,45.45347593349691,2.2668910451658775,45.75927394173522,45.829841538901796,0.0,0.00691399606717687,2.6304794329239653e-07,0.0,1.0011508243239549,True,0.0,46.2902774810791,False
efficientnet_b0,/features/features.0/features.0.2/Mul_output_0,/features/features.1/features.1.0/block/block.0/block.0.0/Conv,0.5593066811561584,4.519655237038996,4.316101821668376,15.716231610924366,28.94091847144851,28.899971645082143,4.982461734693877e-06,0.3472642703932159,0.0004319694420818538,0.34375,61.08458948503324,True,30.74943876266479,13.124152660369873,True
efficientnet_b0,/features/features.1/features.1.0/block/block.0/block.0.2/Mul_output_0,/features/features.1/features.1.0/block/block.1/avgpool/GlobalAveragePool;/features/features.1/features.1.0/block/block.1/Mul,0.278301864862442,4.293793927501042,17.955834018773984,8.231493507677554,34.5583140798529,35.087085780113554,1.1911197584502552e-05,0.11897090989716198,3.58880873760124e-05,0.0625,24.39526337215229,True,,,False
efficientnet_b0,/features/features.1/features.1.0/block/block.1/avgpool/GlobalAveragePool_output_0,/features/features.1/features.1.0/block/block.1/fc1/Conv,0.07716191560029984,4.066493886959251,18.293369400634973,2.4098310617566843,45.22815492036785,37.93809795913917,0.033203125,0.0439453125,1.5449642567715125e-06,0.03125,43.20366394137657,True,5.3378801345825195,14.21843433380127,False
efficientnet_b0,/features/features.1/features.1.0/block/block.1/activation/Mul_output_0,/features/features.1/features.1.0/block/block.1/fc2/Conv,0.00219085905700922,0.17303934734151738,48.16202986951423,1.607952783658084,48.7424210423146,48.383106315998,0.0,0.0,0.0,0.0,1.389305104233598,True,-22.834447383880615,35.75738334655762,False
efficientnet_b0,/features/features.1/features.1.0/block/block.1/scale_activation/Sigmoid_output_0,/features/features.1/features.1.0/block/block.1/Mul,0.007766057271510363,0.6719420824836819,44.428913846456396,1.4678188778357517,49.53443750109311,49.72235331980194,0.0,0.0,0.0,0.0,4.370441366726156,True,,,False
efficientnet_b0,/features/features.1/features.1.0/block/block.1/Mul_output_0,/features/features.1/features.1.0/block/block.2/block.2.0/Conv,0.17940187454223633,3.177790523649064,17.031272738936835,7.16977343135288,35.757778240626855,36.10223688583359,2.6469327965561224e-06,0.18384232812998247,3.786063054898521e-05,0.0625,24.32157195652295,True,14.422553539276121,3.7717822790145874,False
efficientnet_b0,/features/features.1/features.1.0/block/block.2/block.2.0/Conv_output_0,/features/features.2/features.2.0/block/block.0/block.0.0/Conv,0.4543812572956085,5.471227802967426,31.81472163033522,10.547252235639704,32.40510023541357,32.38749471696357,1.2456154336734693e-06,0.05830788125797194,3.316397070463046e-05,0.0,1.332537882447164,True,-3.631248712539673,7.391030311584473,False
efficientnet_b0,/features/features.2/features.2.0/block/block.0/block.0.2/Mul_output_0,/features/features.2/features.2.0/block/block.1/block.1.0/Conv,0.6545585989952087,3.2431726723558043,4.984883221360043,25.631981541090003,24.692243246666727,24.952947412662198,2.5950321534863945e-08,0.3101932499684444,0.0008830132914920635,0.09375,4.670117412089165,True,2.4648566246032715,6.1129279136657715,True
efficientnet_b0,/features/features.2/features.2.0/block/block.1/block.1.2/Mul_output_0,/features/features.2/features.2.0/block/block.2/avgpool/GlobalAveragePool;/features/features.2/features.2.0/block/block.2/Mul,0.8715621829032898,5.11367657400846,20.0216751986501,21.645560806743088,26.16051003422905,27.04268199944806,7.266090029761904e-07,0.3810511997767857,0.0004861640920923947,0.010416666666666666,3.0810658450329815,True,,,False
efficientnet_b0,/features/features.2/features.2.0/block/block.2/avgpool/GlobalAveragePool_output_0,/features/features.2/features.2.0/block/block.2/fc1/Conv,0.12920311093330383,3.8409637592118346,30.877353365145193,4.27205152591616,40.255157236609946,35.826007494682244,0.004557291666666667,0.006510416666666667,7.874986448367944e-07,0.0,5.288937191710453,True,7.8735829666256905,0.8218618333339691,False
efficientnet_b0,/features/features.2/features.2.0/block/block.2/activation/Mul_output_0,/features/features.2/features.2.0/block/block.2/fc2/Conv,0.034064434468746185,1.812307171090185,27.21261762786665,2.387113645270393,45.310424973369365,45.86044517435052,0.0,0.0234375,4.830746152798884e-07,0.0,15.762715468094937,True,-8.728682398796082,9.373270511627197,False
efficientnet_b0,/features/features.2/features.2.0/block/block.2/scale_activation/Sigmoid_output_0,/features/features.2/features.2.0/block/block.2/Mul,0.00772658409550786,0.8337516263906071,50.710414331609634,1.1769406488327219,51.452795626708856,51.48225988153874,0.001953125,0.0,0.0,0.0,1.1975718913196205,True,,,False
efficientnet_b0,/features/features.2/features.2.0/block/block.2/Mul_output_0,/features/features.2/features.2.0/block/block.3/block.3.0/Conv,0.3422897160053253,4.344545387921391,25.359239405686736,10.005832613357626,32.86282221287141,32.66346469995612,8.823109321853741e-06,0.2518018865260948,9.893987934588976e-05,0.010416666666666666,3.4636081921719977,True,3.5300590991973877,4.974776029586792,False
efficientnet_b0,/features/features.2/features.2.0/block/block.3/block.3.0/Conv_output_0,/features/features.2/features.2.1/block/block.0/block.0.0/Conv;/features/features.2/features.2.1/Add,0.41283753514289856,6.544857135295522,33.73624133569967,8.010926117912994,34.794232351545304,34.74998362236614,5.397666879251701e-06,0.02804004902742347,9.471166951326197e-06,0.0,1.7368084466941411,True,-4.176592707633972,9.084799766540526,False
efficientnet_b0,/features/features.2/features.2.1/block/block.0/block.0.2/Mul_output_0,/features/features.2/features.2.1/block/block.1/block.1.0/Conv,0.161795511841774,1.9777577931467412,14.181894757511458,10.38955835497533,32.535945145148226,32.32643030681644,1.1072137188208617e-06,0.14216783311631945,6.689644582219161e-05,0.0625,18.32604549780801,True,4.335407257080077,4.958214044570923,True
efficientnet_b0,/features/features.2/features.2.1/block/block.1/block.1.2/Mul_output_0,/features/features.2/features.2.1/block/block.2/avgpool/GlobalAveragePool;/features/features.2/features.2.1/block/block.2/Mul,0.15457357466220856,1.4554671764291134,25.38842477301152,13.487658327179446,30.269155764379512,29.69259366606469,1.3701769770408163e-05,0.11589032992754393,0.00010485957377201255,0.0,3.2963794661816475,True,,,False
efficientnet_b0,/features/features.2/features.2.1/block/block.2/avgpool/GlobalAveragePool_output_0,/features/features.2/features.2.1/block/block.2/fc1/Conv,0.01822485402226448,0.9319098713419428,32.64614678084031,2.4836698612223587,44.96600953403035,25.346883021966814,0.024088541666666668,0.01171875,4.037017371340361e-07,0.0,10.415355235577952,True,1.5075201988220224,8.20470905303955,False
efficientnet_b0,/features/features.2/features.2.1/block/block.2/activation/Mul_output_0,/features/features.2/features.2.1/block/block.2/fc2/Conv,0.019370781257748604,1.5372241583514938,33.80372870324702,1.6003451457413027,48.7836137424037,15.02599135690921,0.13020833333333334,0.005208333333333333,6.760141735836224e-08,0.0,13.273028565155254,True,-12.222432047128677,16.69607639312744,False
efficientnet_b0,/features/features.2/features.2.1/block/block.2/scale_activation/Sigmoid_output_0,/features/features.2/features.2.1/block/block.2/Mul,0.007783961016684771,0.6988659659686295,47.97264655815089,1.414524525813495,49.85567724164083,49.83383309232613,0.0,0.0,0.0,0.0,1.9246172396952186,True,,,False
efficientnet_b0,/features/features.2/features.2.1/block/block.2/Mul_output_0,/features/features.2/features.2.1/block/block.3/block.3.0/Conv,0.08476026356220245,0.9892758227929849,27.24086133671885,10.881245881465652,32.13431439796212,31.971783250698856,1.4878184346655329e-05,0.10907632909934807,6.492975055325918e-05,0.0,3.4815183503074363,True,1.873659610748291,3.6934826374053955,False
efficientnet_b0,/features/features.2/features.2.1/Add_output_0,/features/features.3/features.3.0/block/block.0/block.0.0/Conv,0.48470282554626465,7.9793821206078945,34.50927656641265,7.714539536262487,35.1216866976089,35.124747963121706,0.0,0.026526626275510203,8.04073010523362e-06,0.0,1.61046102647169,True,-2.2067744731903076,6.3984293937683105,False
efficientnet_b0,/features/features.3/features.3.0/block/block.0/block.0.2/Mul_output_0,/features/features.3/features.3.0/block/block.1/block.1.0/Conv,0.19166156649589539,1.4118769477386828,9.38803386491957,17.240184411229492,28.13704873990152,27.74875768174375,5.882072881235828e-06,0.17068958931228742,0.00023137180040718255,0.04861111111111111,9.398377078904412,True,1.7758607864379883,4.840966463088989,True
efficientnet_b0,/features/features.3/features.3.0/block/block.1/block.1.2/Mul_output_0,/features/features.3/features.3.0/block/block.2/avgpool/GlobalAveragePool;/features/features.3/features.3.0/block/block.2/Mul,0.5364562273025513,2.277161678843377,12.856238259216553,29.918798256796936,23.34900397336948,22.626243353033175,6.366478883219955e-06,0.26880962345875853,0.0014672423181258348,0.041666666666666664,4.741009304111355,True,,,False
efficientnet_b0,/features/features.3/features.3.0/block/block.2/avgpool/GlobalAveragePool_output_0,/features/features.3/features.3.0/block/block.2/fc1/Conv,0.07838281989097595,1.7980507306998113,24.687570975550887,5.536338856401206,38.00343360697441,37.972639327117705,0.0,0.021267361111111112,3.2680114544220174e-06,0.0,12.874183714969966,True,2.5977120399475098,7.029546737670898,False
efficientnet_b0,/features/features.3/features.3.0/block/block.2/activation/Mul_output_0,/features/features.3/features.3.0/block/block.2/fc2/Conv,0.038334231823682785,2.3521737597754657,15.17506210834803,2.0697652209471324,46.54946517847531,47.648806341503544,0.0,0.11979166666666667,4.4959755845906484e-07,0.16666666666666666,46.062727841953034,True,-8.758680880069733,15.645375728607178,False
efficientnet_b0,/features/features.3/features.3.0/block/block.2/scale_activation/Sigmoid_output_0,/features/features.3/features.3.0/block/block.2/Mul,0.007854380644857883,0.8337248162188963,42.36410380592629,1.196445544731217,51.310028142978716,51.360293552226324,0.0,0.0,0.0,0.0,1.6789736352508784,True,,,False
efficientnet_b0,/features/features.3/features.3.0/block/block.2/Mul_output_0,/features/features.3/features.3.0/block/block.3/block.3.0/Conv,0.10157960653305054,1.7568775274159636,20.58217268016324,7.342919371660351,35.55051168963286,35.57846688876728,3.875248015873016e-06,0.08637540302579365,1.9967244441493855e-05,0.020833333333333332,5.714033243783928,True,6.910975158214569,1.2494882941246033,False
efficientnet_b0,/features/features.3/features.3.0/block/block.3/block.3.0/Conv_output_0,/features/features.3/features.3.1/block/block.0/block.0.0/Conv;/features/features.3/features.3.1/Add,0.2746172249317169,6.03683208574596,36.91451046467864,5.777266465416097,37.63343889940587,37.49553115219729,3.388073979591837e-05,0.02035335618622449,3.4736326971095375e-06,0.0,1.594249915078746,True,-4.013462662696838,5.235739231109619,False
efficientnet_b0,/features/features.3/features.3.1/block/block.0/block.0.2/Mul_output_0,/features/features.3/features.3.1/block/block.1/block.1.0/Conv,0.12787781655788422,1.345485199467875,9.845389263525028,12.070354032340328,31.23348671039582,31.495983210646784,9.466677295918367e-06,0.19049362909226192,0.0001277269072289525,0.1625,30.426757084591742,True,2.523293972015381,2.967238664627075,True
efficientnet_b0,/features/features.3/features.3.1/block/block.1/block.1.2/Mul_output_0,/features/features.3/features.3.1/block/block.2/avgpool/GlobalAveragePool;/features/features.3/features.3.1/block/block.2/Mul,0.22218671441078186,0.9456834956857368,15.94878662761706,29.838432053536035,23.37236691671156,23.724558178686056,1.0795333758503401e-05,0.18816466039540816,0.0008660163521398089,0.04583333333333333,4.717103617916445,True,,,False
efficientnet_b0,/features/features.3/features.3.1/block/block.2/avgpool/GlobalAveragePool_output_0,/features/features.3/features.3.1/block/block.2/fc1/Conv,0.02884003520011902,0.48827455210820386,22.64780748967266,7.501280692595767,35.365178544441726,35.23409277936991,0.0,0.04296875,1.2808715989173556e-05,0.004166666666666667,11.558727332618199,True,-2.4458492919802666,1.8892989158630369,False
efficientnet_b0,/features/features.3/features.3.1/block/block.2/activation/Mul_output_0,/features/features.3/features.3.1/block/block.2/fc2/Conv,0.03496157377958298,1.4692258780121974,39.205688806883884,3.022081176527015,43.261764363557425,43.16994665630675,0.0,0.00625,3.417276429883999e-07,0.0,3.148779775578911,True,-3.5406542643904677,5.232905387878418,False
efficientnet_b0,/features/features.3/features.3.1/block/block.2/scale_activation/Sigmoid_output_0,/features/features.3/features.3.1/block/block.2/Mul,0.007635635323822498,0.5540753722678391,39.71400287097948,1.7501692633555521,48.00628583059507,47.959023069033044,0.000390625,0.0,0.0,0.0,5.637991802313603,True,,,False
efficientnet_b0,/features/features.3/features.3.1/block/block.2/Mul_output_0,/features/features.3/features.3.1/block/block.3/block.3.0/Conv,0.039785947650671005,0.3716597852731681,20.589180832612584,13.595270599215956,30.20012975612797,30.026696490683772,8.138020833333333e-06,0.12619462824192176,0.00011308731684394601,0.025,3.9136142814973143,True,3.2398430705070496,-0.9197880923748016,False
efficientnet_b0,/features/features.3/features.3.1/Add_output_0,/features/features.4/features.4.0/block/block.0/block.0.0/Conv,0.34513020515441895,6.969559389824132,36.514402921849225,6.288996707396913,36.89625953251919,36.83749677345721,1.2954400510204081e-05,0.021974649234693878,4.469180438553168e-06,0.0,1.3994073304700496,True,-3.497949242591858,5.496891021728516,False
efficientnet_b0,/features/features.4/features.4.0/block/block.0/block.0.2/Mul_output_0,/features/features.4/features.4.0/block/block.1/block.1.0/Conv,0.11090831458568573,1.1336579097430755,16.313926973091128,12.42469693134704,30.982170798930866,29.96468851404066,4.48421556122449e-06,0.08301379145408164,6.60057816769e-05,0.029166666666666667,9.104977344078211,True,-1.4458215236663818,7.447981595993042,True
efficientnet_b0,/features/features.4/features.4.0/block/block.1/block.1.2/Mul_output_0,/features/features.4/features.4.0/block/block.2/avgpool/GlobalAveragePool;/features/features.4/features.4.0/block/block.2/Mul,0.12530973553657532,2.1708678031105775,23.50740008174249,7.330863901681091,35.56478374250206,33.879261151091804,5.9125212585034016e-05,0.04532711522108843,1.3638201272107043e-05,0.004166666666666667,9.28416236453178,True,,,False
efficientnet_b0,/features/features.4/features.4.0/block/block.2/avgpool/GlobalAveragePool_output_0,/features/features.4/features.4.0/block/block.2/fc1/Conv,0.04613220691680908,1.952844735877137,24.574295848920386,3.0001311270674202,43.32508214175361,40.547544799652385,0.000390625,0.028385416666666666,1.331541509215916e-06,0.0,22.84009342702597,True,0.2304391860961923,11.302079200744629,False
efficientnet_b0,/features/features.4/features.4.0/block/block.2/activation/Mul_output_0,/features/features.4/features.4.0/block/block.2/fc2/Conv,0.0021926069166511297,0.1345472164087068,45.07972414620589,2.069616048903066,46.55009121015876,46.62693009277348,0.0,0.0,0.0,0.0,1.7039889897986171,True,-32.30268931388855,37.82264709472656,False
efficientnet_b0,/features/features.4/features.4.0/block/block.2/scale_activation/Sigmoid_output_0,/features/features.4/features.4.0/block/block.2/Mul,0.0076235258020460606,0.6776871785847517,45.0788794540393,1.4286647400969943,49.76928035287956,49.89505771334653,0.0,0.0,0.0,0.0,3.7929923094455025,True,,,False
efficientnet_b0,/features/features.4/features.4.0/block/block.2/Mul_output_0,/features/features.4/features.4.0/block/block.3/block.3.0/Conv,0.04422355443239212,1.042380923763946,29.88084971696724,5.388041247563801,38.23926864443841,37.66809950614013,1.3950892857142857e-05,0.024358923256802723,3.506686413666708e-06,0.0,4.732590139239883,True,8.568257689476013,0.9404583871364594,False
efficientnet_b0,/features/features.4/features.4.0/block/block.3/block.3.0/Conv_output_0,/features/features.4/features.4.1/block/block.0/block.0.0/Conv;/features/features.4/features.4.1/Add,0.23523159325122833,5.455479271979042,37.2151067252634,5.476038099228024,38.09855765855599,37.722900680599885,4.982461734693878e-05,0.018819754464285715,2.958829743284857e-06,0.0,1.5740882903205857,True,-4.579835414886475,5.521719217300415,False
efficientnet_b0,/features/features.4/features.4.1/block/block.0/block.0.2/Mul_output_0,/features/features.4/features.4.1/block/block.1/block.1.0/Conv,0.0816926583647728,1.0292080060669835,16.04952317784931,10.080535276802847,32.7982150040925,32.6406937487078,1.76046981292517e-05,0.09510522959183673,4.756411241624984e-05,0.0625,14.517499384228584,True,2.521826982498169,2.849842071533203,True
efficientnet_b0,/features/features.4/features.4.1/block/block.1/block.1.2/Mul_output_0,/features/features.4/features.4.1/block/block.2/avgpool/GlobalAveragePool;/features/features.4/features.4.1/block/block.2/Mul,0.23328471183776855,0.9820305181835444,14.605136489397466,30.169284818355518,23.276586578066585,21.23465891366422,2.9230442176870748e-05,0.1898414248511905,0.0009721806235586924,0.06458333333333334,5.84588248578913,True,,,False
efficientnet_b0,/features/features.4/features.4.1/block/block.2/avgpool/GlobalAveragePool_output_0,/features/features.4/features.4.1/block/block.2/fc1/Conv,0.04065033048391342,0.4524269784054848,20.91825447506781,11.410884447368353,31.72150072966196,28.675836918931466,0.00013020833333333333,0.0537109375,3.535402925182111e-05,0.010416666666666666,7.074138992964203,True,-2.3631449937820435,4.493606090545654,False
efficientnet_b0,/features/features.4/features.4.1/block/block.2/activation/Mul_output_0,/features/features.4/features.4.1/block/block.2/fc2/Conv,0.043064020574092865,2.6110675549183497,32.624755269605814,2.094595600411732,46.44588313987568,25.691533287375602,0.0296875,0.00625,1.191347616280921e-07,0.0,10.485682723672934,True,-3.0305285453796387,7.481072187423706,False
efficientnet_b0,/features/features.4/features.4.1/block/block.2/scale_activation/Sigmoid_output_0,/features/features.4/features.4.1/block/block.2/Mul,0.007774900179356337,0.4536145078347032,23.623046590816102,2.1767653056151084,46.111654743154276,46.04375864019502,0.0,0.01796875,4.783157702021968e-07,0.0125,25.121497157514703,True,,,False
efficientnet_b0,/features/features.4/features.4.1/block/block.2/Mul_output_0,/features/features.4/features.4.1/block/block.3/block.3.0/Conv,0.028285687789320946,0.20674178177209931,9.655859169430663,17.375695993583403,28.06904268903563,25.349872990469173,2.690529336734694e-05,0.23585877710459183,0.0002660662571612755,0.11875,10.78268079062912,True,1.9638034850358963,-0.5873013436794281,False
efficientnet_b0,/features/features.4/features.4.1/Add_output_0,/features/features.4/features.4.2/block/block.0/block.0.0/Conv;/features/features.4/features.4.2/Add,0.23084726929664612,5.670645468816169,38.08907350120714,5.170064565294458,38.59796754508204,38.1276319773321,5.978954081632653e-05,0.017705676020408165,2.4637525493015003e-06,0.0,1.391400652707536,True,-4.059512734413147,5.098897457122803,False
efficientnet_b0,/features/features.4/features.4.2/block/block.0/block.0.2/Mul_output_0,/features/features.4/features.4.2/block/block.1/block.1.0/Conv,0.07199814915657043,0.9448672650346254,17.575967188617135,9.677301014920191,33.1528018775758,32.235547227470974,2.889827806122449e-05,0.08637396364795918,4.0278551129432066e-05,0.052083333333333336,13.907176033462816,True,1.8701280355453491,3.2977750301361084,True
efficientnet_b0,/features/features.4/features.4.2/block/block.1/block.1.2/Mul_output_0,/features/features.4/features.4.2/block/block.2/avgpool/GlobalAveragePool;/features/features.4/features.4.2/block/block.2/Mul,0.19136083126068115,0.8461958450677022,15.113301897183916,28.72009560406444,23.70416925436804,18.31163247574296,5.580357142857143e-05,0.15240287521258503,0.0007082277367524814,0.03958333333333333,4.660707197170233,True,,,False
efficientnet_b0,/features/features.4/features.4.2/block/block.2/avgpool/GlobalAveragePool_output_0,/features/features.4/features.4.2/block/block.2/fc1/Conv,0.03867465630173683,0.40312444962450666,21.672276536264807,12.18403238725808,31.15206598441325,31.14926899853602,0.0,0.05065104166666667,4.07993307422468e-05,0.0020833333333333333,5.626379789763603,True,-1.3344784751534462,2.5488024950027466,False
efficientnet_b0,/features/features.4/features.4.2/block/block.2/activation/Mul_output_0,/features/features.4/features.4.2/block/block.2/fc2/Conv,0.03831600770354271,2.1273196918137787,33.700401343326654,2.2874479078417216,45.68086262674471,24.833489302424393,0.028125,0.0203125,5.247701445023498e-07,0.0,6.984912113307957,True,-4.898026704788208,8.879578590393066,False
efficientnet_b0,/features/features.4/features.4.2/block/block.2/scale_activation/Sigmoid_output_0,/features/features.4/features.4.2/block/block.2/Mul,0.0076159886084496975,0.40615377453736706,28.061082785466105,2.381439282140967,45.33109661775376,45.209814760201766,0.001171875,0.0009114583333333333,5.5180476208222776e-08,0.0020833333333333333,15.925045245799154,True,,,False
efficientnet_b0,/features/features.4/features.4.2/block/block.2/Mul_output_0,/features/features.4/features.4.2/block/block.3/block.3.0/Conv,0.019385315477848053,0.15213825267289208,17.704501566791222,16.182222566865125,28.687123478154945,26.121202865661157,3.288424744897959e-05,0.14748651413690475,0.00017920334905120175,0.03333333333333333,5.0987602742388916,True,2.434857100248337,-1.2488591074943542,False
efficientnet_b0,/features/features.4/features.4.2/Add_output_0,/features/features.5/features.5.0/block/block.0/block.0.0/Conv,0.22438301146030426,5.985932409999804,38.88389642497275,4.760602109013719,39.31464918617292,37.42931503367101,0.00013153698979591837,0.015756536989795917,1.8392227716082595e-06,0.0,1.3442153316278274,True,-2.3507910668849945,3.2930856943130493,False
efficientnet_b0,/features/features.5/features.5.0/block/block.0/block.0.2/Mul_output_0,/features/features.5/features.5.0/block/block.1/block.1.0/Conv,0.09554868936538696,1.1375774902328186,11.636302902690822,10.667126990110043,32.30693757330722,30.409421287496784,3.6538052721088435e-05,0.16393195950255102,8.655958464159952e-05,0.14791666666666667,27.045125729575982,True,1.9621651172637935,2.7767131328582764,True
efficientnet_b0,/features/features.5/features.5.0/block/block.1/block.1.2/Mul_output_0,/features/features.5/features.5.0/block/block.2/avgpool/GlobalAveragePool;/features/features.5/features.5.0/block/block.2/Mul,0.14117467403411865,0.8632595966977626,21.945030942309828,20.769168012632342,26.519504887997748,23.773263038159932,4.3181335034013606e-05,0.11054355335884354,0.00024725501747365955,0.0020833333333333333,3.332120663907914,True,,,False
efficientnet_b0,/features/features.5/features.5.0/block/block.2/avgpool/GlobalAveragePool_output_0,/features/features.5/features.5.0/block/block.2/fc1/Conv,0.025971153751015663,0.5063732980694248,28.001896713553652,6.513646234811499,36.591403524957926,36.58769867330173,0.0,0.024544270833333333,5.311759990155613e-06,0.0,5.779199816668234,True,2.2168290615081787,3.7777069807052612,False
efficientnet_b0,/features/features.5/features.5.0/block/block.2/activation/Mul_output_0,/features/features.5/features.5.0/block/block.2/fc2/Conv,0.037481170147657394,1.2446280157721508,30.96337769701927,3.824523109259581,41.21634109073929,40.98613974870126,0.0,0.0171875,1.6513811342840575e-06,0.0,5.259830986234113,True,-6.851560354232788,9.805190563201904,False
efficientnet_b0,/features/features.5/features.5.0/block/block.2/scale_activation/Sigmoid_output_0,/features/features.5/features.5.0/block/block.2/Mul,0.007811262737959623,0.703692098246714,43.234658256849045,1.4097506142140408,49.88504103003275,49.83667253686586,0.0,6.510416666666667e-05,7.259253579420103e-10,0.0,2.5564765412806296,True,,,False
efficientnet_b0,/features/features.5/features.5.0/block/block.2/Mul_output_0,/features/features.5/features.5.0/block/block.3/block.3.0/Conv,0.04033932089805603,0.5242779540266534,25.138148716451727,9.771713105053939,33.068472725276386,32.2240097431781,2.7901785714285713e-05,0.07407558726615646,3.5608996217995184e-05,0.0020833333333333333,3.4653100002602164,True,1.7091270685195927,2.1685746908187866,False
efficientnet_b0,/features/features.5/features.5.0/block/block.3/block.3.0/Conv_output_0,/features/features.5/features.5.1/block/block.0/block.0.0/Conv;/features/features.5/features.5.1/Add,0.21724121272563934,5.166815725553936,37.701415970212395,5.339775111332871,38.31742754413223,37.191796069047,7.971938775510203e-05,0.01870131423104956,2.7796892002421706e-06,0.0,1.557378507115007,True,-2.6814255714416504,4.8395960330963135,False
efficientnet_b0,/features/features.5/features.5.1/block/block.0/block.0.2/Mul_output_0,/features/features.5/features.5.1/block/block.1/block.1.0/Conv,0.06299865990877151,0.7399231917328537,17.817786252502515,10.813054514045628,32.18891902974004,30.307269869581788,6.64328231292517e-05,0.0811078337585034,4.774627132285071e-05,0.044642857142857144,9.816313863118898,True,0.07351386547088623,3.8419182300567627,True
efficientnet_b0,/features/features.5/features.5.1/block/block.1/block.1.2/Mul_output_0,/features/features.5/features.5.1/block/block.2/avgpool/GlobalAveragePool;/features/features.5/features.5.1/block/block.2/Mul,0.23838457465171814,0.9775853615000466,17.36245303715304,30.968999918649825,23.049343261206612,22.82814359009659,2.064162718658892e-05,0.20967551362062684,0.001122307561075043,0.023809523809523808,3.4966597255735876,True,,,False
efficientnet_b0,/features/features.5/features.5.1/block/block.2/avgpool/GlobalAveragePool_output_0,/features/features.5/features.5.1/block/block.2/fc1/Conv,0.0430876649916172,0.4255789409801242,20.983707380842716,12.858092652171315,30.684355862531326,30.702919068812218,4.650297619047619e-05,0.06668526785714286,5.645566337356934e-05,0.005952380952380952,6.031563156148498,True,-1.280720829963684,4.709443092346191,False
efficientnet_b0,/features/features.5/features.5.1/block/block.2/activation/Mul_output_0,/features/features.5/features.5.1/block/block.2/fc2/Conv,0.0787726640701294,2.1187711346662437,34.4510462389816,4.721665390482261,39.38598274450479,38.58354404090186,0.0011160714285714285,0.033482142857142856,3.728924317632721e-06,0.0,2.5110143493741317,True,-3.444106340408325,8.420470714569092,False
efficientnet_b0,/features/features.5/features.5.1/block/block.2/scale_activation/Sigmoid_output_0,/features/features.5/features.5.1/block/block.2/Mul,0.006988458801060915,0.3870334140796062,37.32496060613059,2.293172205416315,45.659153494949535,40.51231662137855,0.005719866071428571,0.0006045386904761905,2.3947341204727157e-08,0.0,5.492126923832316,True,,,False
efficientnet_b0,/features/features.5/features.5.1/block/block.2/Mul_output_0,/features/features.5/features.5.1/block/block.3/block.3.0/Conv,0.050670307129621506,0.2617563766412775,19.733456118569208,24.5844211630455,25.05468713279044,22.552075926662454,2.5386828838678328e-05,0.2787217565597668,0.0007570156458477518,0.00744047619047619,2.8999080538662234,True,0.8738117218017577,0.8048092424869537,False
efficientnet_b0,/features/features.5/features.5.1/Add_output_0,/features/features.5/features.5.2/block/block.0/block.0.0/Conv;/features/features.5/features.5.2/Add,0.2521688938140869,5.522296787365778,37.19995029544226,5.799298869205775,37.60037706227121,37.31894792533276,1.992984693877551e-05,0.020223100400874636,3.501243188379102e-06,0.0,1.4016482293780705,True,-3.2565135955810547,5.2766218185424805,False
efficientnet_b0,/features/features.5/features.5.2/block/block.0/block.0.2/Mul_output_0,/features/features.5/features.5.2/block/block.1/block.1.0/Conv,0.06159275397658348,0.7100021042391079,19.55373423714763,11.017262777564653,32.026412717519776,30.817753587687346,3.701257288629738e-05,0.06801534788022352,4.2317911514571526e-05,0.026785714285714284,7.203364373909216,True,-0.45672011375427246,4.402366638183594,True
efficientnet_b0,/features/features.5/features.5.2/block/block.1/block.1.2/Mul_output_0,/features/features.5/features.5.2/block/block.2/avgpool/GlobalAveragePool;/features/features.5/features.5.2/block/block.2/Mul,0.14430645108222961,0.8654598156009298,21.422565843061914,21.175933251988035,26.35103569221365,18.445981237182817,6.809364370748299e-05,0.1257900760750729,0.00030028590571624475,0.001488095238095238,3.0885797453283907,True,,,False
efficientnet_b0,/features/features.5/features.5.2/block/block.2/avgpool/GlobalAveragePool_output_0,/features/features.5/features.5.2/block/block.2/fc1/Conv,0.02545434795320034,0.3574560881704023,25.44548971357775,9.043634440813852,33.74102689756192,29.752442583313076,0.00023251488095238094,0.041806175595238096,1.7450622964652473e-05,0.0,4.861236881918731,True,-2.9188003540039062,6.6292736530303955,False
efficientnet_b0,/features/features.5/features.5.2/block/block.2/activation/Mul_output_0,/features/features.5/features.5.2/block/block.2/fc2/Conv,0.060236621648073196,1.8312432483082208,34.745011825148396,4.177517627094453,40.44952105797585,40.51919645742306,0.0,0.020089285714285716,2.136859346600346e-06,0.0,3.5293967958002264,True,-5.237275123596191,11.71273946762085,False
efficientnet_b0,/features/features.5/features.5.2/block/block.2/scale_activation/Sigmoid_output_0,/features/features.5/features.5.2/block/block.2/Mul,0.006017221137881279,0.297967916106789,38.00340263380007,2.564662311619633,44.68728308404893,36.26731706357258,0.004138764880952381,9.300595238095238e-05,4.7110071005772775e-09,0.0,4.607881651235456,True,,,False
efficientnet_b0,/features/features.5/features.5.2/block/block.2/Mul_output_0,/features/features.5/features.5.2/block/block.3/block.3.0/Conv,0.03904622048139572,0.19401418214693403,19.63789475260598,25.55931708838544,24.71690196240959,23.521295797056368,1.945532677356657e-05,0.25785971475643826,0.0008555992754025104,0.008928571428571428,3.046324826981317,True,1.4908745884895325,0.48331959545612335,False
efficientnet_b0,/features/features.5/features.5.2/Add_output_0,/features/features.6/features.6.0/block/block.0/block.0.0/Conv,0.2555709481239319,5.807761140303589,37.60248888813703,5.588644165562687,37.92175770875609,37.190728323395874,4.270681486880466e-05,0.018958978680758017,3.030976023060482e-06,0.0,1.3171798452253685,True,-4.537824332714081,6.492792367935181,False
efficientnet_b0,/features/features.6/features.6.0/block/block.0/block.0.2/Mul_output_0,/features/features.6/features.6.0/block/block.1/block.1.0/Conv,0.11953438073396683,0.6272305082666455,10.132553112913065,24.20301014242146,25.190499223667825,25.799088727422344,8.541362973760933e-06,0.08288277643646745,0.00019962392539001747,0.047619047619047616,4.264325711597926,True,-3.3086814880371094,7.723412990570068,True
efficientnet_b0,/features/features.6/features.6.0/block/block.1/block.1.2/Mul_output_0,/features/features.6/features.6.0/block/block.2/avgpool/GlobalAveragePool;/features/features.6/features.6.0/block/block.2/Mul,0.2011573314666748,1.7967283864199004,23.64390188596046,14.218610497478554,29.81074373197739,26.00649049344076,2.8471209912536442e-05,0.06598487609329447,7.011151094876083e-05,0.0,5.110265710624138,True,,,False
efficientnet_b0,/features/features.6/features.6.0/block/block.2/avgpool/GlobalAveragePool_output_0,/features/features.6/features.6.0/block/block.2/fc1/Conv,0.06907201558351517,1.6279726816622806,26.749120542199872,5.3883864747345855,38.23871213254341,38.271391696296476,0.0,0.020228794642857144,3.0871686972165445e-06,0.001488095238095238,11.047181293756381,True,4.336086273193358,10.291126251220703,False
efficientnet_b0,/features/features.6/features.6.0/block/block.2/activation/Mul_output_0,/features/features.6/features.6.0/block/block.2/fc2/Conv,0.01875186525285244,0.1825794082737411,28.994061656964004,13.043567780336428,30.559958893115827,30.635985890045994,0.0,0.0234375,1.4530104636060675e-05,0.0,1.6739352318927023,True,-27.10739803314209,36.767961502075195,False
efficientnet_b0,/features/features.6/features.6.0/block/block.2/scale_activation/Sigmoid_output_0,/features/features.6/features.6.0/block/block.2/Mul,0.007694651838392019,0.8284698287488373,50.36930364655498,1.1795490307131573,51.433566918349214,51.38532462250168,0.0,0.0,0.0,0.0,1.316527244894853,True,,,False
efficientnet_b0,/features/features.6/features.6.0/block/block.2/Mul_output_0,/features/features.6/features.6.0/block/block.3/block.3.0/Conv,0.08569897711277008,1.5179338057301226,29.05715358996177,7.1701216826689835,35.75735635853155,35.381289884553226,1.992984693877551e-05,0.03719858479105928,9.96352644149984e-06,0.0,5.893907321471576,True,8.111150085926056,1.8895471692085264,False
efficientnet_b0,/features/features.6/features.6.0/block/block.3/block.3.0/Conv_output_0,/features/features.6/features.6.1/block/block.0/block.0.0/Conv;/features/features.6/features.6.1/Add,0.2128739207983017,4.51034514848721,36.832424083000376,5.993995370942281,37.31355881536083,36.221049226628345,8.304102891156462e-05,0.02190954506802721,4.020777437593437e-06,0.0,1.3558781850158086,True,-3.3507485389709473,5.248366355895996,False
efficientnet_b0,/features/features.6/features.6.1/block/block.0/block.0.2/Mul_output_0,/features/features.6/features.6.1/block/block.1/block.1.0/Conv,0.0925426036119461,0.5850232269900126,12.719631335054785,20.0896479259238,26.808440364807947,27.214513267064714,3.875248015873016e-06,0.15336681547619047,0.000294505062181231,0.10677083333333333,10.559234558876016,True,-0.1581742763519285,3.657717227935791,True
efficientnet_b0,/features/features.6/features.6.1/block/block.1/block.1.2/Mul_output_0,/features/features.6/features.6.1/block/block.2/avgpool/GlobalAveragePool;/features/features.6/features.6.1/block/block.2/Mul,0.17285528779029846,0.9761124630575557,19.93494908947249,22.48984863957575,25.828156228168858,21.2751401687889,6.421839569160997e-05,0.13580806671626985,0.0003757044134001945,0.0008680555555555555,3.0281520617595135,True,,,False
efficientnet_b0,/features/features.6/features.6.1/block/block.2/avgpool/GlobalAveragePool_output_0,/features/features.6/features.6.1/block/block.2/fc1/Conv,0.03480781987309456,0.5099934240696957,26.442516441697112,8.667941418944434,34.109567528797484,17.465038311747843,0.001003689236111111,0.04115125868055555,1.643569211772196e-05,0.0,3.4583806391951253,True,-0.8116127252578734,2.681242346763611,False
efficientnet_b0,/features/features.6/features.6.1/block/block.2/activation/Mul_output_0,/features/features.6/features.6.1/block/block.2/fc2/Conv,0.09838756173849106,2.294826938474785,31.405401495672244,5.444951046763067,38.148007288544605,36.266689915699104,0.0006510416666666666,0.061197916666666664,9.111022255041397e-06,0.0,3.051867099869939,True,-3.3080451488494873,6.87484073638916,False
efficientnet_b0,/features/features.6/features.6.1/block/block.2/scale_activation/Sigmoid_output_0,/features/features.6/features.6.1/block/block.2/Mul,0.007872037589550018,0.31883637866033043,33.4848087684982,3.1356170148260465,42.94142663164955,42.92503906448789,0.0,0.0087890625,5.668036422555225e-07,0.0,5.336373234144194,True,,,False
efficientnet_b0,/features/features.6/features.6.1/block/block.2/Mul_output_0,/features/features.6/features.6.1/block/block.3/block.3.0/Conv,0.0825411006808281,0.2747586556129232,9.292901854066173,38.15246425296644,21.23743499739349,20.27885696403335,2.1037060657596373e-05,0.5360453426162132,0.0025831640193005544,0.2204861111111111,5.037570921113617,True,0.4303136386552069,0.3331194370985031,False
efficientnet_b0,/features/features.6/features.6.1/Add_output_0,/features/features.6/features.6.2/block/block.0/block.0.0/Conv;/features/features.6/features.6.2/Add,0.4596060812473297,4.977614686123607,31.035823476543648,11.726494716662646,31.484522635093754,31.485207704057654,0.0,0.04225791879251701,2.9934804790445977e-05,0.0,1.3079667902183816,True,-4.14836323261261,5.865907669067383,False
efficientnet_b0,/features/features.6/features.6.2/block/block.0/block.0.2/Mul_output_0,/features/features.6/features.6.2/block/block.1/block.1.0/Conv,0.09685288369655609,0.537859909410448,14.402732981889656,22.868996209338384,25.682944829535256,25.652554677871397,3.875248015873016e-06,0.12195793030753968,0.0003160270065448927,0.07465277777777778,5.924401741728831,True,-0.06847691535949707,3.4983298778533936,True
efficientnet_b0,/features/features.6/features.6.2/block/block.1/block.1.2/Mul_output_0,/features/features.6/features.6.2/block/block.2/avgpool/GlobalAveragePool;/features/features.6/features.6.2/block/block.2/Mul,0.34754353761672974,0.9631926882082913,13.62435326856162,45.82471380615359,19.645891653629945,18.966064929964894,4.982461734693877e-06,0.30722301941609975,0.003864410678125074,0.1232638888888889,3.0402430181175846,True,,,False
efficientnet_b0,/features/features.6/features.6.2/block/block.2/avgpool/GlobalAveragePool_output_0,/features/features.6/features.6.2/block/block.2/fc1/Conv,0.04154107719659805,0.49399016307715804,25.07753508995306,10.679801336740223,32.296623397205195,14.412386994479894,0.0004611545138888889,0.05007595486111111,2.954217281582987e-05,0.0,3.0660219815844987,True,-1.3902890086174011,2.9586769342422485,False
efficientnet_b0,/features/features.6/features.6.2/block/block.2/activation/Mul_output_0,/features/features.6/features.6.2/block/block.2/fc2/Conv,0.11566769331693649,2.0630313575328336,27.70667132725263,7.1204914058205935,35.81768754766753,35.682684376465865,0.0,0.057942708333333336,1.7840905891599305e-05,0.0,4.158747978384586,True,-4.702460050582886,8.260769844055176,False
efficientnet_b0,/features/features.6/features.6.2/block/block.2/scale_activation/Sigmoid_output_0,/features/features.6/features.6.2/block/block.2/Mul,0.007567648775875568,0.2696599672628209,35.01017360997915,3.5640862983547015,41.82892265554502,41.7725705448147,0.00037977430555555556,0.0034993489583333335,3.4782961708712914e-07,0.0,4.224789800634794,True,,,False
efficientnet_b0,/features/features.6/features.6.2/block/block.2/Mul_output_0,/features/features.6/features.6.2/block/block.3/block.3.0/Conv,0.13567695021629333,0.2822462404323389,4.526336661197206,61.04943205293083,17.154254319030755,10.186259834608691,1.6608205782312927e-05,0.7203277795493197,0.008098175594854002,0.5772569444444444,5.2279659381684,True,0.6873861849308014,-0.16795788705348966,False
efficientnet_b0,/features/features.6/features.6.2/Add_output_0,/features/features.6/features.6.3/block/block.0/block.0.0/Conv;/features/features.6/features.6.3/Add,0.278955340385437,5.6070322177471255,36.32769031663189,6.318374293769442,36.85577989011266,35.50705755912116,9.300595238095238e-05,0.022736633715986394,4.674190965129658e-06,0.0,1.3248036385890651,True,-4.461721301078796,6.041412830352783,False
efficientnet_b0,/features/features.6/features.6.3/block/block.0/block.0.2/Mul_output_0,/features/features.6/features.6.3/block/block.1/block.1.0/Conv,0.10974416881799698,0.5104578635106297,14.09890106179219,27.303937183045047,24.14338135740106,23.165781549407605,0.0,0.11553442991780045,0.0004361396294144337,0.0546875,4.128397215977056,True,-0.25334393978118896,3.1802639961242676,True
efficientnet_b0,/features/features.6/features.6.3/block/block.1/block.1.2/Mul_output_0,/features/features.6/features.6.3/block/block.2/avgpool/GlobalAveragePool;/features/features.6/features.6.3/block/block.2/Mul,0.32104918360710144,0.9505166823769595,13.907720873273973,42.89587660485886,20.219575932788146,20.257900964667897,2.2144274376417234e-06,0.2706672512755102,0.002918628734788947,0.1076388888888889,3.0314732720500426,True,,,False
efficientnet_b0,/features/features.6/features.6.3/block/block.2/avgpool/GlobalAveragePool_output_0,/features/features.6/features.6.3/block/block.2/fc1/Conv,0.06168868765234947,0.5061963520312119,21.886177088381984,15.477123255454263,29.074082055479714,24.184887651288417,0.00010850694444444444,0.06982421875,8.589169917189861e-05,0.0,2.8939433324907284,True,-1.4620720744132998,2.883707046508789,False
efficientnet_b0,/features/features.6/features.6.3/block/block.2/activation/Mul_output_0,/features/features.6/features.6.3/block/block.2/fc2/Conv,0.07527033239603043,2.087817276282001,33.25807945760819,4.5786249222533435,39.653185521893874,29.045801247775593,0.001953125,0.033854166666666664,4.331215375255282e-06,0.0,3.2603685416645973,True,-5.429534435272216,8.729822635650635,False
efficientnet_b0,/features/features.6/features.6.3/block/block.2/scale_activation/Sigmoid_output_0,/features/features.6/features.6.3/block/block.2/Mul,0.007601757533848286,0.23401180791101775,32.849164599737314,4.1255320208706365,40.558287633611755,40.49837830460669,0.0003255208333333333,0.011691623263888888,1.0533715318210425e-06,0.0,4.453095393878739,True,,,False
efficientnet_b0,/features/features.6/features.6.3/block/block.2/Mul_output_0,/features/features.6/features.6.3/block/block.3/block.3.0/Conv,0.07885964214801788,0.20370243958956744,5.933883747115793,49.16570745533278,19.0346410257062,17.5513465790752,1.328656462585034e-05,0.625528694550737,0.005142751372723691,0.3897569444444444,5.4387689023854575,True,0.8238791823387146,-0.7545704543590546,False
efficientnet_b0,/features/features.6/features.6.3/Add_output_0,/features/features.7/features.7.0/block/block.0/block.0.0/Conv,0.34225523471832275,6.074838696877993,35.191856874450195,7.155155384054137,35.77550548957454,35.144686036368185,5.314625850340136e-05,0.026081526360544217,6.9476290346399455e-06,0.0,1.2930899201730741,True,-5.095550000667572,6.512928009033203,False
efficientnet_b0,/features/features.7/features.7.0/block/block.0/block.0.2/Mul_output_0,/features/features.7/features.7.0/block/block.1/block.1.0/Conv,0.1085054874420166,0.635790849203443,7.020544454656978,21.67410386985086,26.149063873054207,25.19439462321856,1.1072137188208617e-06,0.2119085264314059,0.00040855835521110304,0.2092013888888889,26.977518059206545,True,2.7365500926971436,3.7979947328567505,True
efficientnet_b0,/features/features.7/features.7.0/block/block.1/block.1.2/Mul_output_0,/features/features.7/features.7.0/block/block.2/avgpool/GlobalAveragePool;/features/features.7/features.7.0/block/block.2/Mul,0.24307546019554138,0.8485687265759216,14.956631770542607,36.37959127883528,21.650730569622013,22.192892001110938,7.750496031746031e-06,0.2574709245677438,0.001675421968984462,0.0642361111111111,2.9987511694023556,True,,,False
efficientnet_b0,/features/features.7/features.7.0/block/block.2/avgpool/GlobalAveragePool_output_0,/features/features.7/features.7.0/block/block.2/fc1/Conv,0.027418436482548714,0.5017884090260702,27.81353641746545,6.9394616747768945,36.041371247852084,15.610890082355818,0.001193576388888889,0.027859157986111112,7.301337895780596e-06,0.0008680555555555555,3.5856858051860656,True,-0.9171652346849442,2.4035086631774902,False
efficientnet_b0,/features/features.7/features.7.0/block/block.2/activation/Mul_output_0,/features/features.7/features.7.0/block/block.2/fc2/Conv,0.12256937474012375,1.9844208637904133,26.028950495243663,7.844258683242593,34.97684873691559,35.7454001544855,0.0,0.06380208333333333,2.1600892017498654e-05,0.0,2.779346739320431,True,-1.0921008586883547,3.7233386039733887,False
efficientnet_b0,/features/features.7/features.7.0/block/block.2/scale_activation/Sigmoid_output_0,/features/features.7/features.7.0/block/block.2/Mul,0.007874015718698502,0.4986237127946396,42.98809321489494,2.005520336507871,46.82334547557197,46.81592357230929,0.0,0.005506727430555556,1.0493041708744585e-07,0.0,2.456291921148007,True,,,False
efficientnet_b0,/features/features.7/features.7.0/block/block.2/Mul_output_0,/features/features.7/features.7.0/block/block.3/block.3.0/Conv,0.24086791276931763,0.4468982890221598,6.573928017012349,68.450082878224,16.160407313457867,17.09273666073577,2.2144274376417234e-06,0.6795834219104309,0.010357973914404737,0.5703125,3.354306177634034,True,0.6649657189846041,-0.19008124619722366,False
efficientnet_b0,/features/features.7/features.7.0/block/block.3/block.3.0/Conv_output_0,/features/features.8/features.8.0/Conv,0.2094051092863083,2.6576452452759427,32.19737405449326,10.006771568415203,32.86200716052368,32.860446180069054,0.0,0.04281529017857143,2.2185930689687164e-05,0.0,1.206967844422582,True,-2.5861937403678894,2.329067349433899,False
efficientnet_b0,/features/features.8/features.8.2/Mul_output_0,/avgpool/GlobalAveragePool,0.18198250234127045,0.8611471286366335,20.142852801902116,26.83836133081216,24.292766967623184,23.612777616912588,4.982461734693878e-07,0.28315678810586736,0.0008220462629193364,0.00078125,1.6961482738031204,True,,,False
densenet121,images,/features/conv0/Conv,0.020787402987480164,1.1645906780741646,45.45347593349691,2.2668910451658775,45.75927394173522,45.829841538901796,0.0,0.00691399606717687,2.6304794329239653e-07,0.0,1.0011508243239549,True,0.0,41.07768630981445,False
densenet121,/features/relu0/Relu_output_0,/features/pool0/MaxPool,0.02122325636446476,0.11771837971550694,-180.69292815876958,22.896624680028346,25.67245757417758,25.892570497524133,4.67105787627551e-07,0.014277049473353795,4.456027331765673e-05,0.03125,5.308865539468412,True,,,False
densenet121,/features/denseblock1/denselayer1/Concat_output_0,/features/denseblock1/denselayer1/norm1/BatchNormalization,0.02122325636446476,0.1456719891489574,-180.69292815876958,18.502895265134885,27.523093069059318,27.74934180234649,2.4912308673469386e-06,0.0020367369359853317,3.717316482752226e-06,0.03125,4.6123415816562305,True,,,False
densenet121,/features/denseblock1/denselayer1/relu1/Relu_output_0,/features/denseblock1/denselayer1/conv1/Conv,0.016617488116025925,0.2513487016964984,-185.55769533690847,8.396387076960552,34.386037849008154,35.37239563122022,2.833775111607143e-05,0.010561106156329719,3.5384692344505733e-06,0.1875,364804440296.06555,True,1.768167972564699,14.293488502502441,False
densenet121,/features/denseblock1/denselayer1/relu2/Relu_output_0,/features/denseblock1/denselayer1/conv2/Conv,0.007588863372802734,0.11532185228445048,-165.73962252331336,8.357354909360055,34.42650996727071,36.37619880543557,6.228077168367347e-06,0.008927948620854591,3.25689380879427e-06,0.015625,4.462178510730005,True,-1.100560188293457,13.524632453918457,False
densenet121,/features/denseblock1/denselayer2/Concat_output_0,/features/denseblock1/denselayer2/norm1/BatchNormalization,0.02122325636446476,0.22284106410539095,-178.93201556821276,12.095407859891917,31.21547653053372,31.365178411823834,1.6608205782312925e-06,0.012647252504517432,9.602565135029689e-06,0.020833333333333332,6.613620558212412,True,,,False
densenet121,/features/denseblock1/denselayer2/relu1/Relu_output_0,/features/denseblock1/denselayer2/conv1/Conv,0.013380895368754864,0.22298577573100217,-171.91517872684653,7.620996031073744,35.22765217057152,35.44087475979317,2.2836282950680274e-05,0.031031705895248726,6.23556083524702e-06,0.041666666666666664,6.688937216370808,True,4.235570430755615,11.484540462493896,False
densenet121,/features/denseblock1/denselayer2/relu2/Relu_output_0,/features/denseblock1/denselayer2/conv2/Conv,0.00702275987714529,0.0947310038666586,-165.06624422770682,9.414979974801687,33.39149886698117,35.641810617906465,6.77303392059949e-06,0.009794118453045281,4.556947539580381e-06,0.0078125,3.0937365358515247,True,-0.07823181152343839,10.07059097290039,False
densenet121,/features/denseblock1/denselayer3/Concat_output_0,/features/denseblock1/denselayer3/norm1/BatchNormalization,0.02122325636446476,0.225915106799744,-177.68262820212976,11.93082479728212,31.33447751578388,31.445535332785393,1.2456154336734693e-06,0.02061563608597736,1.518350997920196e-05,0.015625,6.786860501097165,True,,,False
densenet121,/features/denseblock1/denselayer3/relu1/Relu_output_0,/features/denseblock1/denselayer3/conv1/Conv,0.010490670800209045,0.17612249356312978,-173.32336556977543,7.564707747843636,35.292043793417385,36.763933346497836,1.6348702566964285e-06,0.022494491265744578,6.457365490221632e-06,0.0390625,8.874279064566384,True,3.3095316886901864,9.457777500152588,False
densenet121,/features/denseblock1/denselayer3/relu2/Relu_output_0,/features/denseblock1/denselayer3/conv2/Conv,0.009023867547512054,0.09353409487254748,29.0500256922537,12.252550047078014,31.103357177223526,34.44774091594438,1.3234663982780612e-06,0.010705675397600447,8.313625411598428e-06,0.0,2.2243192185305674,True,-0.5570511817932138,8.14524221420288,False
densenet121,/features/denseblock1/denselayer4/Concat_output_0,/features/denseblock1/denselayer4/norm1/BatchNormalization,0.02122325636446476,0.22039371439561986,-176.7135280720492,12.229720641890468,31.11955614454606,31.208773686680598,9.964923469387756e-07,0.02605391521843112,2.0227949775147206e-05,0.0125,6.124511501093117,True,,,False
densenet121,/features/denseblock1/denselayer4/relu1/Relu_output_0,/features/denseblock1/denselayer4/conv1/Conv,0.012476823292672634,0.1438965590664619,-182.51329500683192,11.011775183849679,32.03074015428358,34.42089709414388,1.868423150510204e-07,0.04067868602519133,2.256109295072933e-05,0.16875,213465615054.76984,True,2.728219509124754,7.882511854171753,False
densenet121,/features/denseblock1/denselayer4/relu2/Relu_output_0,/features/denseblock1/denselayer4/conv2/Conv,0.009609507396817207,0.0863093302824539,29.06023392913928,14.139924796101516,29.85894488659416,33.92561315985825,1.0899135044642857e-06,0.011222216547751913,1.1657961668777541e-05,0.0,1.5870802558471677,True,-0.13897395133972168,6.151289939880371,False
densenet121,/features/denseblock1/denselayer5/Concat_output_0,/features/denseblock1/denselayer5/norm1/BatchNormalization,0.02122325636446476,0.2127030561282785,-175.92171561157295,12.67190799863962,30.81104665628454,30.884686780337674,8.304102891156462e-07,0.03070275961947279,2.5620770003553393e-05,0.010416666666666666,5.7481122945004195,True,,,False
densenet121,/features/denseblock1/denselayer5/relu1/Relu_output_0,/features/denseblock1/denselayer5/conv1/Conv,0.009076972492039204,0.1162994680715685,-175.53399563866043,9.912130516191032,32.94454664159686,35.13280618636656,3.0102372980442176e-06,0.04484371263153699,1.877443310862238e-05,0.09895833333333333,13.538983904306313,True,1.8056583404540998,8.611944675445557,False
densenet121,/features/denseblock1/denselayer5/relu2/Relu_output_0,/features/denseblock1/denselayer5/conv2/Conv,0.007350035477429628,0.06784258740442617,28.811755133111532,13.759123013233758,30.096071810110036,34.48385352651967,5.449567522321428e-07,0.010121637461136798,9.880712439237332e-06,0.0,1.8569505342051484,True,-0.9300854206085205,7.21476411819458,False
densenet121,/features/denseblock1/denselayer6/Concat_output_0,/features/denseblock1/denselayer6/norm1/BatchNormalization,0.02122325636446476,0.20198988612658506,-175.25224771526683,13.344002563563372,30.36216454504508,30.426311442554944,7.117802478134111e-07,0.0376056637777879,3.462973181607087e-05,0.008928571428571428,5.443587782078575,True,,,False
densenet121,/features/denseblock1/denselayer6/relu1/Relu_output_0,/features/denseblock1/denselayer6/conv1/Conv,0.013176154345273972,0.15114068172626127,-186.489971734652,11.071616078062453,31.983666526051636,35.58784202160993,0.0,0.014677709462691327,7.3879015436914815e-06,0.34375,281075536636.5307,True,4.532920837402344,6.485404014587402,False
densenet121,/features/denseblock1/denselayer6/relu2/Relu_output_0,/features/denseblock1/denselayer6/conv2/Conv,0.01765030436217785,0.0981166516761178,25.279998294908808,22.84615929817959,25.691622866579976,30.59899273332604,0.0,0.016801328075175384,4.532224076683705e-05,0.0,1.3953304455311113,True,-2.4563907384872437,7.02350378036499,False
densenet121,/features/denseblock1/Concat_output_0,/features/transition1/norm/BatchNormalization,0.02122325636446476,0.2002582370319361,-174.67232824548995,13.459389227805817,30.28737982895663,30.34349376186997,6.228077168367346e-07,0.03946892096071827,3.6932296130532644e-05,0.0078125,4.974260531920135,True,,,False
densenet121,/features/transition1/relu/Relu_output_0,/features/transition1/conv/Conv,0.04491964727640152,0.19815693656169506,-184.1951145473264,28.789278352246008,23.683271304552278,25.999348619730682,3.8925482302295915e-08,0.06902694702148438,0.000286161173009133,0.03515625,3.685760773252613,True,-0.9176821708679199,8.726014137268066,False
densenet121,/features/transition1/conv/Conv_output_0,/features/transition1/pool/AveragePool,0.027604306116700172,0.25529211206580144,28.10304536530559,13.73229610759504,30.113023689869088,30.112004622353194,0.0,0.05009367028061224,4.884677193669574e-05,0.0,2.291732872836079,True,,,False
densenet121,/features/denseblock2/denselayer1/Concat_output_0,/features/denseblock2/denselayer1/norm1/BatchNormalization,0.024206312373280525,0.2354474194308474,27.89739287295923,13.05685014020526,30.55111848893041,30.546779084168996,0.0,0.047703334263392856,4.2076172383942504e-05,0.0,2.6330441890005924,True,,,False
densenet121,/features/denseblock2/denselayer1/relu1/Relu_output_0,/features/denseblock2/denselayer1/conv1/Conv,0.007183499168604612,0.1185905541114448,-179.4125422394419,7.692892585318835,35.1460935097407,29.759139669567062,0.0005393514827806122,0.05877374143016582,7.0130005053530815e-06,0.359375,192395831876.66537,True,0.5083632469177237,13.917259216308594,False
densenet121,/features/denseblock2/denselayer1/relu2/Relu_output_0,/features/denseblock2/denselayer1/conv2/Conv,0.004898030776530504,0.11383443539185635,29.999646495857583,5.4645143754442085,38.11685542372897,38.85045233199853,0.00017220633370535715,0.007210867745535714,1.1223362654346969e-06,0.0,5.814303642039533,True,-1.9805517196655273,17.281556129455566,False
densenet121,/features/denseblock2/denselayer2/Concat_output_0,/features/denseblock2/denselayer2/norm1/BatchNormalization,0.015692200511693954,0.25534181977825243,31.657900242462393,7.804869044623567,35.0205744681404,34.91104928793496,9.964923469387754e-06,0.030186493542729592,9.447317670502106e-06,0.0,2.7021942933124525,True,,,False
densenet121,/features/denseblock2/denselayer2/relu1/Relu_output_0,/features/denseblock2/denselayer2/conv1/Conv,0.009578893892467022,0.11394936880354321,-10.400165110605613,10.675965449538186,32.29974368725075,35.046806598306674,2.7403539540816325e-06,0.03823217275191326,1.4889707368978917e-05,0.0625,7.381372863782582,True,2.132688522338868,7.502781629562378,False
densenet121,/features/denseblock2/denselayer2/relu2/Relu_output_0,/features/denseblock2/denselayer2/conv2/Conv,0.005744068417698145,0.08533493260530767,32.750507758735125,8.54862911091455,34.22995737403865,37.67602150237881,1.4947385204081632e-05,0.007857342155612245,2.9560480307038985e-06,0.0,1.7533474956614203,True,-1.766677856445313,8.786586284637451,False
densenet121,/features/denseblock2/denselayer3/Concat_output_0,/features/denseblock2/denselayer3/norm1/BatchNormalization,0.015692200511693954,0.24560481999535935,31.4930216938572,8.114292972844702,34.68287319578165,34.59274018448244,8.304102891156463e-06,0.03176340116124575,1.0747980156199724e-05,0.0,2.645908869446546,True,,,False
densenet121,/features/denseblock2/denselayer3/relu1/Relu_output_0,/features/denseblock2/denselayer3/conv1/Conv,0.00860342662781477,0.11509438398910297,-176.20803796125205,9.493383985059822,33.319465931209194,36.04580876166133,6.64328231292517e-06,0.03737884313881803,1.2319664081088448e-05,0.13020833333333334,70.84743061919352,True,1.907541275024414,8.62747859954834,False
densenet121,/features/denseblock2/denselayer3/relu2/Relu_output_0,/features/denseblock2/denselayer3/conv2/Conv,0.006823672913014889,0.07450088012798199,30.46708200236313,11.632164055836432,31.554676505785043,36.13532218878659,9.964923469387754e-06,0.00783554388552296,5.493018638766163e-06,0.0,1.649849409904726,True,-2.4962527751922607,9.25040864944458,False
densenet121,/features/denseblock2/denselayer4/Concat_output_0,/features/denseblock2/denselayer4/norm1/BatchNormalization,0.015692200511693954,0.23468715629591735,31.022603077601858,8.491770476234626,34.28792193714879,34.21017675841929,7.1178024781341105e-06,0.034546254327623906,1.2809268603279647e-05,0.0,2.8601917070508867,True,,,False
densenet121,/features/denseblock2/denselayer4/relu1/Relu_output_0,/features/denseblock2/denselayer4/conv1/Conv,0.007852922193706036,0.10217021625731508,-169.62693315964782,9.761368382434654,33.07767282280996,35.90232753287556,1.2456154336734693e-06,0.01574920565324344,7.486418880802161e-06,0.026785714285714284,4.040043249396265,True,0.6540915966033936,8.36806058883667,False
densenet121,/features/denseblock2/denselayer4/relu2/Relu_output_0,/features/denseblock2/denselayer4/conv2/Conv,0.00941544584929943,0.0925408052631088,28.6913407110097,12.921452536113986,30.641660146721886,34.89036385496339,9.34211575255102e-07,0.01031898965640944,8.854148575461223e-06,0.0,1.9035385072501312,True,-0.5305509567260742,7.6204307079315186,False
densenet121,/features/denseblock2/denselayer5/Concat_output_0,/features/denseblock2/denselayer5/norm1/BatchNormalization,0.015692200511693954,0.22614068591672856,30.858081752496208,8.812697533423854,33.96570958635348,33.89778402399144,6.228077168367347e-06,0.035559050890864155,1.4207636367216331e-05,0.0,2.7553926779998505,True,,,False
densenet121,/features/denseblock2/denselayer5/relu1/Relu_output_0,/features/denseblock2/denselayer5/conv1/Conv,0.011712972074747086,0.10529919027946694,-183.03125518215865,14.126865074127238,29.866970934996857,33.01750510906153,1.0899135044642857e-06,0.07532205387037627,2.8519130247715004e-05,0.3046875,180799888361.53506,True,0.9884724617004395,8.821819305419922,False
densenet121,/features/denseblock2/denselayer5/relu2/Relu_output_0,/features/denseblock2/denselayer5/conv2/Conv,0.012198326177895069,0.07324956691813907,25.473078737147492,21.149441420233742,26.361908846143592,32.444906967618465,6.228077168367346e-07,0.009980493662308673,2.2909989394315032e-05,0.0,1.4897453706248955,True,-2.3181929588317867,8.520750522613525,False
densenet121,/features/denseblock2/denselayer6/Concat_output_0,/features/denseblock2/denselayer6/norm1/BatchNormalization,0.015692200511693954,0.21787792695091032,30.482022731408563,9.146908513748393,33.6424001726577,33.58282211125501,5.536068594104308e-06,0.03788082615858843,1.6327587396369214e-05,0.0,2.719557388533593,True,,,False
densenet121,/features/denseblock2/denselayer6/relu1/Relu_output_0,/features/denseblock2/denselayer6/conv1/Conv,0.012861891649663448,0.09374033516018371,-176.80035959605084,17.425372298018747,28.044245565717652,30.104939641254308,2.9064360119047617e-06,0.0765801600588152,9.182820455692637e-05,0.13194444444444445,34.60260734470928,True,-0.02646923065185547,10.67237663269043,False
densenet121,/features/denseblock2/denselayer6/relu2/Relu_output_0,/features/denseblock2/denselayer6/conv2/Conv,0.009249101392924786,0.08080400018506466,28.135381602327158,14.536853054442727,29.618478871572123,33.64009973166861,4.359654017857143e-06,0.010220274633290817,1.1113196510927055e-05,0.0,1.700037401485838,True,-1.7535409927368173,9.810419082641602,False
densenet121,/features/denseblock2/denselayer7/Concat_output_0,/features/denseblock2/denselayer7/norm1/BatchNormalization,0.015692200511693954,0.2135399367416292,30.51221110987909,9.332724807333983,33.46771767878582,33.414289000543114,4.982461734693877e-06,0.038426737882653064,1.7244042659689305e-05,0.0,2.6207545889761654,True,,,False
densenet121,/features/denseblock2/denselayer7/relu1/Relu_output_0,/features/denseblock2/denselayer7/conv1/Conv,0.010367094539105892,0.09742550716032436,-178.08710729551473,13.514130383738255,30.25212478632907,32.990426537612095,8.719308035714285e-07,0.034530203683035714,2.6097789487091263e-05,0.1125,22.86980390895457,True,1.368222713470459,7.374727725982666,False
densenet121,/features/denseblock2/denselayer7/relu2/Relu_output_0,/features/denseblock2/denselayer7/conv2/Conv,0.015855848789215088,0.07752125318716878,23.54031732345212,25.976009332155897,24.57643824673827,30.07880568353564,0.0,0.015015271245216837,5.2023747650737646e-05,0.0,1.53175630006468,True,-1.7515521049499512,6.77559232711792,False
densenet121,/features/denseblock2/denselayer8/Concat_output_0,/features/denseblock2/denselayer8/norm1/BatchNormalization,0.015692200511693954,0.2074070949763631,30.262237418159327,9.60868510892673,33.21460765693838,33.16583617547688,4.529510667903525e-06,0.03946256902974258,1.8789336278479874e-05,0.0,2.596697992599896,True,,,False
densenet121,/features/denseblock2/denselayer8/relu1/Relu_output_0,/features/denseblock2/denselayer8/conv1/Conv,0.009539131075143814,0.09185306719470843,-177.13504964936368,13.189212767116569,30.463509393384342,33.264944096124786,2.2647553339517626e-07,0.028636472344619666,2.0351186069200343e-05,0.09659090909090909,10.491530502097264,True,0.05424380302429199,9.129148483276367,False
densenet121,/features/denseblock2/denselayer8/relu2/Relu_output_0,/features/denseblock2/denselayer8/conv2/Conv,0.007687164004892111,0.06939580270225158,28.99857154647563,14.068139435032755,29.903153596897443,35.78034994954232,4.048250159438776e-06,0.006897906867825255,7.021452057790903e-06,0.0,1.5851336027406688,True,-3.359893798828125,9.94485855102539,False
densenet121,/features/denseblock2/denselayer9/Concat_output_0,/features/denseblock2/denselayer9/norm1/BatchNormalization,0.015692200511693954,0.20228556940071465,30.006269934205307,9.851960626204171,32.99743352972632,32.95304567615206,4.152051445578232e-06,0.04063799592102466,2.0351719390397342e-05,0.0,2.590146395498969,True,,,False
densenet121,/features/denseblock2/denselayer9/relu1/Relu_output_0,/features/denseblock2/denselayer9/conv1/Conv,0.009168785996735096,0.08777931522219859,-170.39262452437868,13.265492202095489,30.41341950647634,32.546438741645595,4.567256590136054e-06,0.04637384739051871,3.223771968038647e-05,0.078125,8.297343959284365,True,0.2100982666015625,8.794770240783691,False
densenet121,/features/denseblock2/denselayer9/relu2/Relu_output_0,/features/denseblock2/denselayer9/conv2/Conv,0.006473633460700512,0.07843264509464264,31.54988691220909,10.482260907010037,32.458787574850106,32.7997706053433,6.0723752391581636e-05,0.0060396778340242345,3.4149166355012927e-06,0.0,1.511599749109917,True,-2.0293610095977788,7.875217914581299,False
densenet121,/features/denseblock2/denselayer10/Concat_output_0,/features/denseblock2/denselayer10/norm1/BatchNormalization,0.015692200511693954,0.19803036863286436,29.883895133433885,10.063655785440965,32.81277140230942,32.77150981237192,3.832662872841444e-06,0.041316584852089874,2.1607813555744065e-05,0.0,2.620207958179207,True,,,False
densenet121,/features/denseblock2/denselayer10/relu1/Relu_output_0,/features/denseblock2/denselayer10/conv1/Conv,0.010896185413002968,0.08714205014527555,-174.17667077936795,15.87999760327421,28.850878228711952,31.79364573735655,9.581657182103611e-08,0.03248814174107143,3.4194760754169416e-05,0.055288461538461536,5.278184816855767,True,-0.35312843322754084,8.565858364105225,False
densenet121,/features/denseblock2/denselayer10/relu2/Relu_output_0,/features/denseblock2/denselayer10/conv2/Conv,0.009397698566317558,0.0715221313,27.453902775358983,16.687250452816553,28.420191196388785,33.58718424104084,1.1210538903061225e-05,0.006625739895567602,9.49969037021895e-06,0.0,1.5491794831373094,True,-2.1320533752441397,7.563856840133667,False
densenet121,/features/denseblock2/denselayer11/Concat_output_0,/features/denseblock2/denselayer11/norm1/BatchNormalization,0.015692200511693954,0.19282532268908445,29.517884305129883,10.335309891836877,32.58141682047042,32.542878026041755,3.5589012390670552e-06,0.04293476249316691,2.3692221546522365e-05,0.0,2.631729339311188,True,,,False
densenet121,/features/denseblock2/denselayer11/relu1/Relu_output_0,/features/denseblock2/denselayer11/conv1/Conv,0.0106482720002532,0.0824569728681415,-177.45166300484465,16.400438883376104,28.570777477082792,31.707385931300305,6.228077168367346e-07,0.02943175735696064,3.841604753932194e-05,0.10267857142857142,11.60093913074255,True,-0.2931954860687265,8.334797382354736,False
densenet121,/features/denseblock2/denselayer11/relu2/Relu_output_0,/features/denseblock2/denselayer11/conv2/Conv,0.011101108975708485,0.07089705671910759,26.176897288097468,19.88574568759226,26.897049258360795,33.63775719149365,2.4912308673469386e-06,0.008440290178571428,1.7019269672605844e-05,0.0,1.5196939866453405,True,-2.6650185585021973,7.837152719497681,False
densenet121,/features/denseblock2/denselayer12/Concat_output_0,/features/denseblock2/denselayer12/norm1/BatchNormalization,0.015692200511693954,0.188400548189371,29.22386506315316,10.578044937438065,32.37977872663578,32.344022511192335,3.321641156462585e-06,0.04476683739902211,2.5870597994739838e-05,0.0,2.6540603136586083,True,,,False
densenet121,/features/denseblock2/denselayer12/relu1/Relu_output_0,/features/denseblock2/denselayer12/conv1/Conv,0.01064128428697586,0.08268569217729428,-172.93565608037653,16.344340463984704,28.600538872098014,31.82750535945335,1.328656462585034e-06,0.025481471885629253,3.0433349365517972e-05,0.03333333333333333,3.939619654694064,True,-0.9861254692077637,8.753881454467773,False
densenet121,/features/denseblock2/denselayer12/relu2/Relu_output_0,/features/denseblock2/denselayer12/conv2/Conv,0.009641885757446289,0.06351682850416139,26.03012102884828,19.2786623645016,27.166348931276683,33.954473098490816,7.473692602040816e-06,0.006340182557397959,1.2187915334056786e-05,0.0,1.6623200761031582,True,-1.7217764854431152,6.431466579437256,False
densenet121,/features/denseblock2/Concat_output_0,/features/transition2/norm/BatchNormalization,0.015692200511693954,0.1837431712249621,28.789495631865318,10.84616887636687,32.1623596360369,32.12911620644215,3.1140385841836735e-06,0.04716304856903699,2.865251288620199e-05,0.0,2.8134637560572324,True,,,False
densenet121,/features/transition2/relu/Relu_output_0,/features/transition2/conv/Conv,0.0231787022203207,0.145233227597733,-172.427570208058,20.268744492370413,26.731349919472464,30.008070645431552,7.785096460459184e-07,0.024425662293726086,5.160186077592592e-05,0.0078125,2.3836523618775187,True,-0.0001227855682373047,7.012420892715454,False
densenet121,/features/transition2/conv/Conv_output_0,/features/transition2/pool/AveragePool,0.012598041445016861,0.16469412184712706,32.32007094554773,9.71468347244508,33.11931378326729,33.115235266800255,3.114038584183673e-07,0.03369514309630102,1.643198505463871e-05,0.0,1.6082573000136227,True,,,False
densenet121,/features/denseblock3/denselayer1/Concat_output_0,/features/denseblock3/denselayer1/norm1/BatchNormalization,0.007845677435398102,0.14406584035239578,34.893339104594745,6.916289328950484,36.070423823363434,36.048473056211265,1.868423150510204e-06,0.023596315967793366,5.83601245640908e-06,0.0,1.8114478974128911,True,,,False
densenet121,/features/denseblock3/denselayer1/relu1/Relu_output_0,/features/denseblock3/denselayer1/conv1/Conv,0.0104445219039917,0.08984651073982235,20.883727162858936,14.763559217653917,29.484065472068355,31.784318736223685,1.868423150510204e-06,0.02507548429528061,2.7693769195057103e-05,0.01171875,2.5595031131158392,True,1.0358779430389404,7.014409303665161,False
densenet121,/features/denseblock3/denselayer1/relu2/Relu_output_0,/features/denseblock3/denselayer1/conv2/Conv,0.012862597592175007,0.09370039519873662,26.04689506740498,17.433756717263574,28.04006725468686,31.773601863054964,0.0,0.016538036112882654,2.5630855894488167e-05,0.0,1.7851847479880578,True,-2.6813637018203735,9.65098476409912,False
densenet121,/features/denseblock3/denselayer2/Concat_output_0,/features/denseblock3/denselayer2/norm1/BatchNormalization,0.007845676504075527,0.1488857455124705,35.05730744456277,6.692386249522689,36.35626691521223,36.32260087623128,3.321641156462585e-06,0.023226575786564625,5.400098557751483e-06,0.0,1.8330126942305538,True,,,False
densenet121,/features/denseblock3/denselayer2/relu1/Relu_output_0,/features/denseblock3/denselayer2/conv1/Conv,0.0061186873354017735,0.08489443237023955,-166.36802780198428,9.15340700090993,33.63623141074463,35.32815258406377,1.1072137188208617e-05,0.018762843679138323,8.166655189539884e-06,0.024305555555555556,3.474676112728882,True,0.28629970550537154,8.568421840667725,False
densenet121,/features/denseblock3/denselayer2/relu2/Relu_output_0,/features/denseblock3/denselayer2/conv2/Conv,0.008599490858614445,0.09189849778016458,27.757707728729933,11.884147896047127,31.368525921982226,35.565778251274594,2.4912308673469386e-06,0.010324906329719387,7.598996560308636e-06,0.0,2.0589326975893862,True,-5.263585805892944,13.798316478729248,False
densenet121,/features/denseblock3/denselayer3/Concat_output_0,/features/denseblock3/denselayer3/norm1/BatchNormalization,0.011091706342995167,0.15982483165887168,32.05471976677683,8.813691157623028,33.96473031484233,33.96475904341764,0.0,0.032657047193877554,1.309185928714038e-05,0.0,1.8842512532068019,True,,,False
densenet121,/features/denseblock3/denselayer3/relu1/Relu_output_0,/features/denseblock3/denselayer3/conv1/Conv,0.008676225319504738,0.08539245503791876,20.918499095156925,12.90372334520431,30.6535860147596,33.096185398658406,1.4947385204081632e-06,0.019813755580357143,1.6903976310618258e-05,0.0125,2.772661718635433,True,0.4666540622711186,8.070893287658691,False
densenet121,/features/denseblock3/denselayer3/relu2/Relu_output_0,/features/denseblock3/denselayer3/conv2/Conv,0.023753171786665916,0.08830042667574864,20.667906944299375,34.16351347863966,22.196636310263344,26.35157705848242,0.0,0.02978515625,0.00017587865943487625,0.0,1.6873713957529612,True,-3.2005510330200204,10.65511703491211,False
densenet121,/features/denseblock3/denselayer4/Concat_output_0,/features/denseblock3/denselayer4/norm1/BatchNormalization,0.010928592644631863,0.16044202270731595,32.23539395976097,8.650671703386339,34.12689026614116,34.125936479088466,4.529510667903525e-07,0.032034964198747684,1.238978964533794e-05,0.0,1.9020574153043517,True,,,False
densenet121,/features/denseblock3/denselayer4/relu1/Relu_output_0,/features/denseblock3/denselayer4/conv1/Conv,0.0105665922164917,0.08469487706565251,-164.22145985581324,15.84460900101676,28.87025634898194,31.531433767285012,0.0,0.02626164990143785,3.3836636778878304e-05,0.022727272727272728,2.944686104633934,True,0.5141263008117676,8.045304298400879,False
densenet121,/features/denseblock3/denselayer4/relu2/Relu_output_0,/features/denseblock3/denselayer4/conv2/Conv,0.036113057285547256,0.10025472223292577,17.569648991212965,45.747054833076426,19.660624085716613,23.69423375960526,0.0,0.04121990593112245,0.0004364248718846051,0.0078125,1.7353742416048952,True,-2.1411550045013428,9.504639148712158,False
densenet121,/features/denseblock3/denselayer5/Concat_output_0,/features/denseblock3/denselayer5/norm1/BatchNormalization,0.011999977752566338,0.1622572439654732,31.520132247747974,9.392475413302453,33.41228554192405,33.41072276295097,0.0,0.0347663723692602,1.584908352368752e-05,0.0,1.9139885415573445,True,,,False
densenet121,/features/denseblock3/denselayer5/relu1/Relu_output_0,/features/denseblock3/denselayer5/conv1/Conv,0.01700994186103344,0.08044673254985833,-179.73984447085473,26.853329499894663,24.287924063028782,26.747942874476138,0.0,0.06194736195259354,0.00020741172535902963,0.11197916666666667,8.182239106209286,True,0.36369800567626953,9.393932342529297,False
densenet121,/features/denseblock3/denselayer5/relu2/Relu_output_0,/features/denseblock3/denselayer5/conv2/Conv,0.025589706376194954,0.09065500871272156,19.61328053421237,35.84901436693264,21.778342486150393,26.663548186058712,2.4912308673469386e-06,0.02753432916135204,0.00018192409254914925,0.0,1.841803652019668,True,-1.7486844062805176,9.521239280700684,False
densenet121,/features/denseblock3/denselayer6/Concat_output_0,/features/denseblock3/denselayer6/norm1/BatchNormalization,0.012185064144432545,0.16104409309110018,31.371578518606256,9.609189114856477,33.21415206649869,33.21292067256264,7.665325745682889e-07,0.035647597380298275,1.700672166351888e-05,0.0,1.9136145243765468,True,,,False
densenet121,/features/denseblock3/denselayer6/relu1/Relu_output_0,/features/denseblock3/denselayer6/conv1/Conv,0.010340046137571335,0.07785053814529076,-171.7586841653232,16.868038304639455,28.32659530843883,31.246266536677382,3.8326628728414445e-07,0.02892127403846154,4.1783709666000684e-05,0.028846153846153848,4.002055372963614,True,-0.45612335205078036,8.88167428970337,False
densenet121,/features/denseblock3/denselayer6/relu2/Relu_output_0,/features/denseblock3/denselayer6/conv2/Conv,0.014532286673784256,0.0868935299594693,24.710615954845487,21.239790907694324,26.32488213807487,31.256900493183146,0.0,0.015276227678571428,3.5768481247318045e-05,0.0,1.6798039849813795,True,-2.7520551681518564,10.01041030883789,False
densenet121,/features/denseblock3/denselayer7/Concat_output_0,/features/denseblock3/denselayer7/norm1/BatchNormalization,0.012185064144432545,0.1603474123356462,31.355672387281516,9.65093931858178,33.176495180545686,33.175287421419824,7.117802478134111e-07,0.03561463647959184,1.715802584612179e-05,0.0,1.9154246938374593,True,,,False
densenet121,/features/denseblock3/denselayer7/relu1/Relu_output_0,/features/denseblock3/denselayer7/conv1/Conv,0.009304367005825043,0.07549169179129,-176.9827609945674,15.652776904333678,28.976058971981885,31.435898748469967,3.5589012390670553e-07,0.055575445859147234,5.386450868078293e-05,0.14508928571428573,53.535293672615644,True,-0.4920451641082755,10.146872520446777,False
densenet121,/features/denseblock3/denselayer7/relu2/Relu_output_0,/features/denseblock3/denselayer7/conv2/Conv,0.012316440232098103,0.07963268957850503,25.267142193243927,19.642535217078425,27.00393607032141,32.23608965132267,0.0,0.012449926259566327,2.4582012467168915e-05,0.0,1.8712420024244965,True,-1.217376708984375,8.968276500701904,False
densenet121,/features/denseblock3/denselayer8/Concat_output_0,/features/denseblock3/denselayer8/norm1/BatchNormalization,0.012185064144432545,0.15772122962985066,31.19341452768186,9.811635060002407,33.033059151229374,33.0320339248429,6.64328231292517e-07,0.03638160342261905,1.813448551260792e-05,0.0,1.932875502181086,True,,,False
densenet121,/features/denseblock3/denselayer8/relu1/Relu_output_0,/features/denseblock3/denselayer8/conv1/Conv,0.013594163581728935,0.07798501638231849,-171.08342491072938,22.138339580717382,25.964985983225304,28.86217433957991,0.0,0.030421914859693876,7.449976242656846e-05,0.016666666666666666,2.7303219567836376,True,-1.274085044860839,9.467226028442383,False
densenet121,/features/denseblock3/denselayer8/relu2/Relu_output_0,/features/denseblock3/denselayer8/conv2/Conv,0.029943319037556648,0.0800933121095732,16.771880602351892,47.479638656560965,19.337738777591667,24.95967832099028,0.0,0.029477489237882654,0.0003410994979978369,0.0,1.8964431256502288,True,-2.295403480529785,8.656886577606201,False
densenet121,/features/denseblock3/denselayer9/Concat_output_0,/features/denseblock3/denselayer9/norm1/BatchNormalization,0.013128927908837795,0.1557034344434895,30.393014590852403,10.70865167734981,32.27319103149172,32.27288170514487,0.0,0.03984287806919643,2.3630030046754394e-05,0.0,1.9580563093321035,True,,,False
densenet121,/features/denseblock3/denselayer9/relu1/Relu_output_0,/features/denseblock3/denselayer9/conv1/Conv,0.01789778657257557,0.07408486281484254,-175.62245482799193,30.68128641066619,23.130415582830068,26.276717554816116,6.228077168367346e-07,0.038227626255580356,0.0001860088755941131,0.013671875,2.5994716241056737,True,-1.1649296283721924,9.086043357849121,False
densenet121,/features/denseblock3/denselayer9/relu2/Relu_output_0,/features/denseblock3/denselayer9/conv2/Conv,0.031171059235930443,0.10597765319244486,17.93808829290515,37.35433276461139,21.421067213526584,27.072257823860472,1.2456154336734693e-06,0.026120555644132654,0.00018553558651897615,0.0,2.2374463990369877,True,-3.156055212020874,9.336597919464111,False
densenet121,/features/denseblock3/denselayer10/Concat_output_0,/features/denseblock3/denselayer10/norm1/BatchNormalization,0.01758822612464428,0.15708422116290288,27.91926647770965,14.219790512971883,29.810022911960232,29.80582750443807,2.930859843937575e-07,0.05302804715636254,5.524932512163522e-05,0.0,1.96544847282894,True,,,False
densenet121,/features/denseblock3/denselayer10/relu1/Relu_output_0,/features/denseblock3/denselayer10/conv1/Conv,0.015559915453195572,0.07312126818857388,-175.69234319984366,27.0250955913348,24.232542103894502,26.4439399263118,2.930859843937575e-07,0.056243493491146455,0.00020276696113854714,0.06801470588235294,4.343189389090161,True,0.172346591949462,8.996947288513184,False
densenet121,/features/denseblock3/denselayer10/relu2/Relu_output_0,/features/denseblock3/denselayer10/conv2/Conv,0.022318581119179726,0.0871886629074899,20.586062250593088,32.5094996025261,22.627681184864613,27.839608062839933,1.2456154336734693e-06,0.022372498804209183,0.00012200241388902681,0.0,1.965589194066635,True,-2.679799795150755,9.522812366485596,False
densenet121,/features/denseblock3/denselayer11/Concat_output_0,/features/denseblock3/denselayer11/norm1/BatchNormalization,0.01758822612464428,0.15629696858117212,27.887911847836058,14.291414210441063,29.766382746881025,29.76183791550136,2.7680342970521543e-07,0.05327940095308957,5.61341391378016e-05,0.0,1.956197936682865,True,,,False
densenet121,/features/denseblock3/denselayer11/relu1/Relu_output_0,/features/denseblock3/denselayer11/conv1/Conv,0.011832715943455696,0.07160867815612927,-171.51663188451698,20.985653743564413,26.42943682222608,28.922377332323094,5.536068594104309e-07,0.03644726119614512,8.075519311564134e-05,0.026041666666666668,3.345635123427265,True,-0.4315133094787589,9.390973091125488,False
densenet121,/features/denseblock3/denselayer11/relu2/Relu_output_0,/features/denseblock3/denselayer11/conv2/Conv,0.037178657948970795,0.09489507953383701,16.021692754553747,49.75694822865567,18.93081216623709,24.50861311564229,0.0,0.03315703722895408,0.0004168133654560057,0.0234375,2.167822744530281,True,-1.894848346710206,8.627848625183105,False
densenet121,/features/denseblock3/denselayer12/Concat_output_0,/features/denseblock3/denselayer12/norm1/BatchNormalization,0.01758822612464428,0.15537957653294324,27.879404396536216,14.375793573850025,29.71525031986628,29.711338666796316,2.62234828141783e-07,0.05343270634734157,5.693249587726652e-05,0.0,1.9440386815108706,True,,,False
densenet121,/features/denseblock3/denselayer12/relu1/Relu_output_0,/features/denseblock3/denselayer12/conv1/Conv,0.012083078734576702,0.07019822807323504,-170.79421635865566,21.860252621908128,26.07478335068239,28.802678201671746,5.24469656283566e-07,0.02905378331431257,7.192144791961212e-05,0.011513157894736841,2.7983555654336905,True,-0.8118810653686523,9.152091026306152,False
densenet121,/features/denseblock3/denselayer12/relu2/Relu_output_0,/features/denseblock3/denselayer12/conv2/Conv,0.024875493720173836,0.08751980706201447,19.432584063836828,36.09683120329038,21.718505307592284,27.56704163015558,0.0,0.022279077646683673,0.0001477907331098189,0.0,1.9659079778631035,True,-1.9272418022155775,8.220462799072266,False
densenet121,/features/denseblock3/denselayer13/Concat_output_0,/features/denseblock3/denselayer13/norm1/BatchNormalization,0.01758822612464428,0.15378593860570167,27.778632167458575,14.524765645556935,29.625704202461648,29.62092637149332,2.491230867346939e-07,0.05413868183992347,5.8958239164780184e-05,0.0,1.956091296286526,True,,,False
densenet121,/features/denseblock3/denselayer13/relu1/Relu_output_0,/features/denseblock3/denselayer13/conv1/Conv,0.01337670348584652,0.07026993688918164,-177.98718012527507,24.17593380483101,25.200221722155003,27.552925980285075,9.964923469387756e-07,0.050230189732142855,0.00014427060728259826,0.0859375,5.007827637535932,True,-0.6300039291381836,9.906328201293945,False
densenet121,/features/denseblock3/denselayer13/relu2/Relu_output_0,/features/denseblock3/denselayer13/conv2/Conv,0.017312215641140938,0.08165990494817645,22.636010979805345,26.92449112964584,24.26493680114226,30.111637444788244,2.4912308673469386e-06,0.014917490433673469,5.500412375868554e-05,0.0,1.8411353461179802,True,-2.835355043411256,9.834469318389893,False
densenet121,/features/denseblock3/denselayer14/Concat_output_0,/features/denseblock3/denselayer14/norm1/BatchNormalization,0.01758822612464428,0.15287241057312215,27.721519663740786,14.611562082756553,29.573953926197632,29.5688473046699,2.3726008260447035e-07,0.054562463936467444,6.01034589071881e-05,0.0,1.9275323492808092,True,,,False
densenet121,/features/denseblock3/denselayer14/relu1/Relu_output_0,/features/denseblock3/denselayer14/conv1/Conv,0.014536179602146149,0.06930058194407589,-176.97103642391227,26.638951040300363,24.35754448643072,26.752945507489283,0.0,0.056978008837463553,0.00019434377381221147,0.07589285714285714,3.718583312974015,True,-0.6638975143432608,10.055835247039795,False
densenet121,/features/denseblock3/denselayer14/relu2/Relu_output_0,/features/denseblock3/denselayer14/conv2/Conv,0.01699654944241047,0.07697434259534182,21.96179944834958,28.042614024439324,23.911516990795835,30.231911643275563,1.2456154336734693e-06,0.01453010403380102,5.870057751313808e-05,0.0,1.884641475953535,True,-1.5112485885620104,7.972959041595459,False
densenet121,/features/denseblock3/denselayer15/Concat_output_0,/features/denseblock3/denselayer15/norm1/BatchNormalization,0.016834445297718048,0.15097399568719452,27.978568386420914,14.161210631530853,29.845879230431464,29.839068648740724,4.529510667903525e-07,0.05330418744202226,5.5245081311661584e-05,0.0,1.9549195225403593,True,,,False
densenet121,/features/denseblock3/denselayer15/relu1/Relu_output_0,/features/denseblock3/denselayer15/conv1/Conv,0.012027944438159466,0.07057489457388773,-170.11780171703595,21.644367347187448,26.16098895662197,28.75353150450232,9.05902133580705e-07,0.03863831132595084,8.500403532722602e-05,0.03551136363636364,3.3162645484588293,True,-1.2679281234741202,9.898531436920166,False
densenet121,/features/denseblock3/denselayer15/relu2/Relu_output_0,/features/denseblock3/denselayer15/conv2/Conv,0.014658617787063122,0.08004359501214733,23.323119491040206,23.257881641554146,25.53648375797162,32.22198529368206,1.2456154336734693e-06,0.011044872050382654,3.048096903078024e-05,0.0,1.9079601563059465,True,-2.0980632305145264,8.32910966873169,False
densenet121,/features/denseblock3/denselayer16/Concat_output_0,/features/denseblock3/denselayer16/norm1/BatchNormalization,0.016834445297718048,0.14917036776898113,27.850361161602553,14.332434683819075,29.741487454155415,29.734955305054676,4.332575421472937e-07,0.05432248052074091,5.7695940110625966e-05,0.0,1.9988751963843054,True,,,False
densenet121,/features/denseblock3/denselayer16/relu1/Relu_output_0,/features/denseblock3/denselayer16/conv1/Conv,0.011183633469045162,0.06836457547224749,-170.54196776854303,20.77569327034457,26.51677638357799,28.98799776958939,0.0,0.04247418651563886,8.192786912330295e-05,0.04619565217391304,3.4674725039368286,True,-1.1153373718261719,9.701180458068848,False
densenet121,/features/denseblock3/denselayer16/relu2/Relu_output_0,/features/denseblock3/denselayer16/conv2/Conv,0.01432277262210846,0.07258685437249222,22.87436378643271,25.05952542967761,24.888430035837267,31.78702832401878,2.4912308673469386e-06,0.011178152901785714,3.667581285681322e-05,0.0,1.8731189640614425,True,-1.6488304138183585,7.848979711532593,False
densenet121,/features/denseblock3/denselayer17/Concat_output_0,/features/denseblock3/denselayer17/norm1/BatchNormalization,0.01758822612464428,0.14694551028463268,27.160988492620067,15.200904835426066,29.23049807683586,29.22506383439407,2.0760257227891156e-07,0.058677206234056124,6.997855717657232e-05,0.0,2.0599817637865545,True,,,False
densenet121,/features/denseblock3/denselayer17/relu1/Relu_output_0,/features/denseblock3/denselayer17/conv1/Conv,0.012738194316625595,0.07144211123726081,-169.44643277473068,22.644217117812563,25.768740672694676,28.39077301968888,1.038012861394558e-06,0.036555491337159865,9.308522841941989e-05,0.02734375,2.7899044508812603,True,-0.8132524490356445,8.941258430480957,False
densenet121,/features/denseblock3/denselayer17/relu2/Relu_output_0,/features/denseblock3/denselayer17/conv2/Conv,0.022699017077684402,0.10280201347517544,20.42780354475724,28.042010768223424,23.91170384474857,30.4977573662639,8.719308035714285e-06,0.014819086814413265,5.972634641194842e-05,0.0,2.3922155940181136,True,-1.6421067714691162,7.34080696105957,False
densenet121,/features/denseblock3/denselayer18/Concat_output_0,/features/denseblock3/denselayer18/norm1/BatchNormalization,0.016834445297718048,0.14625891155922827,27.520854970978917,14.617738707459264,29.570282987800088,29.564580102417498,3.985969387755102e-07,0.05639130261479592,6.226204349329369e-05,0.0,2.0421924421971354,True,,,False
densenet121,/features/denseblock3/denselayer18/relu1/Relu_output_0,/features/denseblock3/denselayer18/conv1/Conv,0.012345216237008572,0.06921600894154345,-172.79907415754917,22.651442723665472,25.765969510258426,28.493798097316937,0.0,0.03919224330357143,9.635144107315708e-05,0.04125,2.9049829166493852,True,-1.65108346939087,10.078194618225098,False
densenet121,/features/denseblock3/denselayer18/relu2/Relu_output_0,/features/denseblock3/denselayer18/conv2/Conv,0.017187664285302162,0.07985792291084066,21.138505737557573,27.33396117340107,24.133835415817646,30.968134015152206,9.964923469387754e-06,0.012011469626913265,4.580780789397826e-05,0.0,2.2440201457536912,True,-2.0502891540527344,8.219271659851074,False
densenet121,/features/denseblock3/denselayer19/Concat_output_0,/features/denseblock3/denselayer19/norm1/BatchNormalization,0.016080664470791817,0.14492056637034875,27.82170965516992,14.09216399673422,29.88833310729052,29.878343303691533,3.8326628728414445e-07,0.05476645285518053,5.61502962484551e-05,0.0,2.0739787177861673,True,,,False
densenet121,/features/denseblock3/denselayer19/relu1/Relu_output_0,/features/denseblock3/denselayer19/conv1/Conv,0.016050823032855988,0.06764140717454274,-171.89841291024084,30.136193351398745,23.28611900754133,26.122754740978444,0.0,0.045491025436616955,0.0002009670577185092,0.03485576923076923,2.88722216111089,True,-0.8908333778381357,8.885159969329834,False
densenet121,/features/denseblock3/denselayer19/relu2/Relu_output_0,/features/denseblock3/denselayer19/conv2/Conv,0.030343055725097656,0.10238874839037745,18.050793961243855,37.63663622876713,21.3556708504662,27.83992644255722,2.4912308673469386e-06,0.02158153300382653,0.00015593339281735105,0.0,2.244842655172134,True,-3.3318910598754883,9.426400184631348,False
densenet121,/features/denseblock3/denselayer20/Concat_output_0,/features/denseblock3/denselayer20/norm1/BatchNormalization,0.016080664470791817,0.14506956585152514,27.828525680471106,14.077690077881282,29.897258881099443,29.887500904594443,3.690712396069539e-07,0.0547351101899093,5.6016458882009506e-05,0.0,2.0764329517259856,True,,,False
densenet121,/features/denseblock3/denselayer20/relu1/Relu_output_0,/features/denseblock3/denselayer20/conv1/Conv,0.013917725533246994,0.06601752808796009,-170.4959279719514,26.773967367686467,24.31363228497137,27.07478903603218,1.8453561980347695e-07,0.044557048079648526,0.00015393735384391536,0.04976851851851852,3.1846947658235694,True,-1.8874652385711665,9.75666332244873,False
densenet121,/features/denseblock3/denselayer20/relu2/Relu_output_0,/features/denseblock3/denselayer20/conv2/Conv,0.02310216799378395,0.08381511140999785,19.18854611315222,35.00532643640421,21.98520424062569,29.92203451797485,0.0,0.013796436543367346,8.603108251304208e-05,0.0,2.1280623926866085,True,-2.041388750076294,7.026250123977661,False
densenet121,/features/denseblock3/denselayer21/Concat_output_0,/features/denseblock3/denselayer21/norm1/BatchNormalization,0.016834445297718048,0.14350230196413347,27.295217614499272,14.898538375673938,29.405013600632856,29.400589745392306,3.5589012390670553e-07,0.0585697274166363,6.712125337753127e-05,0.0,2.1160544449777188,True,,,False
densenet121,/features/denseblock3/denselayer21/relu1/Relu_output_0,/features/denseblock3/denselayer21/conv1/Conv,0.014227185398340225,0.06653998020083625,-174.5126612566063,27.1543895885695,24.191085987470295,27.091643549928204,3.5589012390670553e-07,0.052965703580539356,0.00016958667542183982,0.078125,4.199640920731676,True,-1.9739017486572275,9.851375102996826,False
densenet121,/features/denseblock3/denselayer21/relu2/Relu_output_0,/features/denseblock3/denselayer21/conv2/Conv,0.0215638168156147,0.08819620547196652,20.09245163808616,31.051276196384006,23.026297795038992,31.129110944466923,0.0,0.011754872847576531,5.736182983759995e-05,0.0,2.3851150019161813,True,-1.3189258575439453,6.4894444942474365,False
densenet121,/features/denseblock3/denselayer22/Concat_output_0,/features/denseblock3/denselayer22/norm1/BatchNormalization,0.016834445297718048,0.14213184781793045,27.204743733258823,15.042192060634553,29.321664289498944,29.317073605950895,3.436180506685433e-07,0.06011168273882829,7.023338809671456e-05,0.0,2.09943954399323,True,,,False
densenet121,/features/denseblock3/denselayer22/relu1/Relu_output_0,/features/denseblock3/denselayer22/conv1/Conv,0.013534859754145145,0.06673757125661897,-176.31152044063003,25.756514005683893,24.650145210919746,27.640814083890767,3.436180506685433e-07,0.06091729525862069,0.0001539949918075011,0.10668103448275862,7.471110584895585,True,-1.4983611106872559,9.404335975646973,False
densenet121,/features/denseblock3/denselayer22/relu2/Relu_output_0,/features/denseblock3/denselayer22/conv2/Conv,0.02456272393465042,0.11674113374632063,21.47485706633975,26.721223613257234,24.330760051789944,31.493257516655078,7.473692602040816e-06,0.014559998804209183,5.26843624989857e-05,0.0,2.076617728339161,True,-1.569541335105896,7.3761255741119385,False
densenet121,/features/denseblock3/denselayer23/Concat_output_0,/features/denseblock3/denselayer23/norm1/BatchNormalization,0.016598906368017197,0.1417856426427811,27.329113089338247,14.867944803475588,29.422868077006033,29.400736764882097,2.3251488095238097e-06,0.059628441220238096,6.804209538277035e-05,0.0,2.0920645963533353,True,,,False
densenet121,/features/denseblock3/denselayer23/relu1/Relu_output_0,/features/denseblock3/denselayer23/conv1/Conv,0.01382729783654213,0.06598330807469645,-174.50471077370548,26.613803952552573,24.365747812067525,27.287840000117328,3.321641156462585e-07,0.05070535049957483,0.00015803369009238408,0.07708333333333334,4.169428339000638,True,-2.5375034809112558,10.166932582855225,False
densenet121,/features/denseblock3/denselayer23/relu2/Relu_output_0,/features/denseblock3/denselayer23/conv2/Conv,0.01860782876610756,0.07207502943120796,18.73876945500014,32.78797486376626,22.553595010161736,31.648497911382975,2.4912308673469386e-06,0.009059361049107142,4.8687967003519234e-05,0.0,2.905681171371194,True,-1.570577621459961,6.104026794433594,False
densenet121,/features/denseblock3/denselayer24/Concat_output_0,/features/denseblock3/denselayer24/norm1/BatchNormalization,0.016598906368017197,0.14017671691270828,27.111900504051,15.03859667401776,29.32374064007498,29.30196006397614,2.25014400921659e-06,0.06215540651744569,7.256677139196168e-05,0.0,2.134398707064808,True,,,False
densenet121,/features/denseblock3/denselayer24/relu1/Relu_output_0,/features/denseblock3/denselayer24/conv1/Conv,0.015207412652671337,0.06303900042642425,-175.89447772551148,30.63724668577856,23.142892210580943,26.28010333846637,6.428982883475971e-07,0.058972899265553,0.0002273539530079754,0.09375,4.795833885907789,True,-2.493471145629883,10.023681163787842,False
densenet121,/features/denseblock3/denselayer24/relu2/Relu_output_0,/features/denseblock3/denselayer24/conv2/Conv,0.022527296096086502,0.09040079211270886,19.057081249605318,31.64758336006639,22.861075830100475,30.88786814141666,4.982461734693877e-06,0.011985311702806123,6.051567377891877e-05,0.0078125,2.2762319729096006,True,-1.4726500511169434,6.6853063106536865,False
densenet121,/features/denseblock3/Concat_output_0,/features/transition3/norm/BatchNormalization,0.016598906368017197,0.13890587883735367,27.007933114187104,15.176183516368912,29.244635488160817,29.223112804968974,2.1798270089285713e-06,0.06373954305843431,7.576149339400645e-05,0.0,2.1659890193228595,True,,,False
densenet121,/features/transition3/relu/Relu_output_0,/features/transition3/conv/Conv,0.03651069849729538,0.11946332373091822,16.34474575310648,38.81407752893829,21.088101499519066,25.24129085270936,7.785096460459184e-07,0.043724527164381376,0.0003330189366730431,0.021484375,2.694644744831093,True,-0.011036634445191318,6.568714141845703,False
densenet121,/features/transition3/conv/Conv_output_0,/features/transition3/pool/AveragePool,0.021577293053269386,0.12568164589228464,25.41753493430121,21.80363089861027,26.097310449772262,26.097049114957155,0.0,0.08244261449697066,0.00020249793283718583,0.0,1.3748821655220222,True,,,False
densenet121,/features/denseblock4/denselayer1/Concat_output_0,/features/denseblock4/denselayer1/norm1/BatchNormalization,0.0119310412555933,0.1056060264195999,28.80152100799408,14.348066022670922,29.732019551276366,29.718978569385825,6.228077168367347e-06,0.05192970742984694,5.503310885887399e-05,0.0,1.4710287583459676,True,,,False
densenet121,/features/denseblock4/denselayer1/relu1/Relu_output_0,/features/denseblock4/denselayer1/conv1/Conv,0.008329019881784916,0.06222747369546609,-165.29857845233374,16.99868984177892,28.259577883103596,32.319380607470414,7.473692602040816e-06,0.016095842633928572,2.4074774146829517e-05,0.005859375,1.7532529631794898,True,-2.045698642730713,8.249268531799316,False
densenet121,/features/denseblock4/denselayer1/relu2/Relu_output_0,/features/denseblock4/denselayer1/conv2/Conv,0.0052691856399178505,0.0715677465954493,30.530060082358965,9.35039327215757,33.45128933094486,23.09054505615848,0.0005231584821428571,0.004384566326530612,1.913825540437473e-06,0.0,1.9786374477266033,True,-2.734280824661255,7.704989671707153,False
densenet121,/features/denseblock4/denselayer2/Concat_output_0,/features/denseblock4/denselayer2/norm1/BatchNormalization,0.0119310412555933,0.10476489373530483,28.495872578580855,14.463263269170158,29.662561048223687,29.650393988067677,5.86171968787515e-06,0.05393368284813926,5.80922887973815e-05,0.0,1.5662923631892627,True,,,False
densenet121,/features/denseblock4/denselayer2/relu1/Relu_output_0,/features/denseblock4/denselayer2/conv1/Conv,0.008869156241416931,0.06276779813067265,-170.80984465478736,17.945234279446904,27.788904229044597,32.14452040163343,5.86171968787515e-06,0.01621468900060024,2.693895621289063e-05,0.01838235294117647,1.75267825236453,True,-2.2483551502227783,8.485160827636719,False
densenet121,/features/denseblock4/denselayer2/relu2/Relu_output_0,/features/denseblock4/denselayer2/conv2/Conv,0.0067661660723388195,0.0595071194615377,26.38962167236125,14.440340903115615,29.676337958698085,29.371901217800207,7.473692602040816e-05,0.004798110650510204,5.005845073161471e-06,0.0,2.07154075186158,True,-1.2117221355438232,5.481853723526001,False
densenet121,/features/denseblock4/denselayer3/Concat_output_0,/features/denseblock4/denselayer3/norm1/BatchNormalization,0.0119310412555933,0.10269335707138601,27.813270510516936,14.755017098204778,29.48909253760753,29.47791658440716,5.536068594104308e-06,0.05845756271258504,6.544161943131207e-05,0.0,1.767051276950306,True,,,False
densenet121,/features/denseblock4/denselayer3/relu1/Relu_output_0,/features/denseblock4/denselayer3/conv1/Conv,0.009049276821315289,0.06315422189876671,-173.04072939254524,18.19764572745824,27.667582761332532,31.951841073382173,5.536068594104308e-06,0.01676543013038549,2.8537321865705876e-05,0.029513888888888888,1.9578972208187688,True,-1.8704497814178467,8.185306549072266,False
densenet121,/features/denseblock4/denselayer3/relu2/Relu_output_0,/features/denseblock4/denselayer3/conv2/Conv,0.006359364837408066,0.07168690560635856,28.457268394566896,11.26620444165451,31.832334322086595,28.26139279835101,0.00025908801020408165,0.005067163584183673,3.2280993020560586e-06,0.0,2.068073967346478,True,-2.783142328262329,7.641474962234497,False
densenet121,/features/denseblock4/denselayer4/Concat_output_0,/features/denseblock4/denselayer4/norm1/BatchNormalization,0.0119310412555933,0.10233599618505732,27.6046250521264,14.806542135186627,29.45881394272743,29.447252799953606,5.244696562835661e-06,0.06056156015037594,6.82654218836158e-05,0.0,1.9080990804061306,True,,,False
densenet121,/features/denseblock4/denselayer4/relu1/Relu_output_0,/features/denseblock4/denselayer4/conv1/Conv,0.008452549576759338,0.062280974009138845,-174.22254392266115,17.235982791324346,28.139165843392952,32.31600364367952,6.293635875402793e-06,0.016543870837808807,2.5234735533108757e-05,0.044407894736842105,2.0565310043896403,True,-2.72454571723938,9.436065673828125,False
densenet121,/features/denseblock4/denselayer4/relu2/Relu_output_0,/features/denseblock4/denselayer4/conv2/Conv,0.004311724100261927,0.05401881361318799,27.673088785315123,10.13700457500566,32.749694029610964,20.44261613824893,0.0007025271045918367,0.0029595822704081634,1.613062966363869e-06,0.0,2.331955759408041,True,-2.9882034063339242,8.386785984039307,False
densenet121,/features/denseblock4/denselayer5/Concat_output_0,/features/denseblock4/denselayer5/norm1/BatchNormalization,0.0119310412555933,0.10097838146706453,26.86950457693285,15.005610284559433,29.34281361836427,29.330540539117905,4.982461734693877e-06,0.06634247448979592,7.66936700417764e-05,0.0,2.1724927847621194,True,,,False
densenet121,/features/denseblock4/denselayer5/relu1/Relu_output_0,/features/denseblock4/denselayer5/conv1/Conv,0.007520580664277077,0.058832333677638605,-176.93216330223805,16.23450379508258,28.659106499074834,33.1858016989128,4.982461734693877e-06,0.013465601084183673,1.8103224383286788e-05,0.1046875,67656849771.758896,True,-3.2911627292633057,9.700125217437744,False
densenet121,/features/denseblock4/denselayer5/relu2/Relu_output_0,/features/denseblock4/denselayer5/conv2/Conv,0.004872144665569067,0.038855865160088474,24.45358283887752,15.924555275707638,28.826540626484412,25.55389387337673,0.00016940369897959184,0.0026307397959183672,3.5162757650831873e-06,0.0,1.9872487649377568,True,-1.7957242727279663,6.139141798019409,False
densenet121,/features/denseblock4/denselayer6/Concat_output_0,/features/denseblock4/denselayer6/norm1/BatchNormalization,0.0119310412555933,0.09885759770419254,25.700575600105996,15.327524385068967,29.158446564927885,29.148418593031217,4.745201652089407e-06,0.0770582786686103,9.174886055437093e-05,0.0,2.805126494971978,True,,,False
densenet121,/features/denseblock4/denselayer6/relu1/Relu_output_0,/features/denseblock4/denselayer6/conv1/Conv,0.010653315111994743,0.06683934298089095,-175.1014686381942,20.242135228799906,26.742760442351916,31.04377307482934,4.745201652089407e-06,0.01870273779154519,3.9748320694501594e-05,0.04017857142857143,2.694276894433571,True,-2.679104924201966,9.425302028656006,False
densenet121,/features/denseblock4/denselayer6/relu2/Relu_output_0,/features/denseblock4/denselayer6/conv2/Conv,0.00907515361905098,0.05725814682135932,21.60390406326139,20.1289174310045,26.791478511860703,30.491179950458125,2.9894770408163265e-05,0.005978954081632653,1.2237652309626008e-05,0.0,2.7402082700711046,True,-1.8255379199981685,7.216122627258301,False
densenet121,/features/denseblock4/denselayer7/Concat_output_0,/features/denseblock4/denselayer7/norm1/BatchNormalization,0.0119310412555933,0.09769520150059047,25.236235607399383,15.509894203464958,29.05571017156066,29.047506481923108,4.529510667903525e-06,0.08325602968460111,0.00010134513488281448,0.0,3.1045663567833865,True,,,False
densenet121,/features/denseblock4/denselayer7/relu1/Relu_output_0,/features/denseblock4/denselayer7/conv1/Conv,0.006040072068572044,0.05725203767502224,-176.80653314679057,13.398460279489985,30.326789017585785,34.64795426451871,2.355345547309833e-05,0.012394552991651205,9.598310593655792e-06,0.16051136363636365,66895480717.06963,True,-3.3170397281646737,9.688156127929688,False
densenet121,/features/denseblock4/denselayer7/relu2/Relu_output_0,/features/denseblock4/denselayer7/conv2/Conv,0.0038647304754704237,0.03982088057374738,-159.87847207935175,12.32571362845065,31.05164541444188,19.170106542558088,0.00046835140306122447,0.002067721619897959,1.6431408337110562e-06,0.015625,2.3703700575899305,True,-1.6996383666992188,6.005207777023315,False
densenet121,/features/denseblock4/denselayer8/Concat_output_0,/features/denseblock4/denselayer8/norm1/BatchNormalization,0.0119310412555933,0.09586063831178895,24.55740253866591,15.806719693770331,28.891051842376946,28.886121013573213,4.332575421472937e-06,0.09182200393744454,0.00011490063025076091,0.0,3.446064767135709,True,,,False
densenet121,/features/denseblock4/denselayer8/relu1/Relu_output_0,/features/denseblock4/denselayer8/conv1/Conv,0.005828407593071461,0.05656297609494765,-176.3036374901477,13.086435959054722,30.531459195442448,34.36934571073996,2.339590727595386e-05,0.009962323924134871,8.770869050496533e-06,0.15217391304347827,65516856456.79492,True,-3.603017091751097,10.057310104370117,False
densenet121,/features/denseblock4/denselayer8/relu2/Relu_output_0,/features/denseblock4/denselayer8/conv2/Conv,0.003950811922550201,0.03608704713904277,24.084090254180225,13.903967044757902,30.0051122848119,22.865237105568532,0.00033880739795918367,0.001913265306122449,1.720231231451047e-06,0.0,2.373827530994709,True,-2.2012999057769775,6.556021451950073,False
densenet121,/features/denseblock4/denselayer9/Concat_output_0,/features/denseblock4/denselayer9/norm1/BatchNormalization,0.0119310412555933,0.0941388749206943,23.754962274003294,16.095818446277793,28.733625584524553,28.73262582139974,4.152051445578232e-06,0.10273254809736394,0.00013147317113355118,0.0,3.8995216313283345,True,,,False
densenet121,/features/denseblock4/denselayer9/relu1/Relu_output_0,/features/denseblock4/denselayer9/conv1/Conv,0.005221826955676079,0.05361914382598924,-177.26374990643353,12.368194940282168,31.021760445099964,34.837840328417826,3.155559098639456e-05,0.00835226668792517,6.545639978931436e-06,0.23697916666666666,64625722342.01773,True,-3.8469464778900146,10.324071884155273,False
densenet121,/features/denseblock4/denselayer9/relu2/Relu_output_0,/features/denseblock4/denselayer9/conv2/Conv,0.004862572066485882,0.032346375404088475,21.339418277769937,19.091680125793975,27.25100389343633,24.12825035097656,0.00011459661989795919,0.0019630899234693877,3.4802050518662347e-06,0.0,2.3167125713091115,True,-1.75104421377182,5.738178730010986,False
densenet121,/features/denseblock4/denselayer10/Concat_output_0,/features/denseblock4/denselayer10/norm1/BatchNormalization,0.0119310412555933,0.09243089281393314,22.969819054610248,16.393244653717545,28.57458847231771,28.582347987269728,3.985969387755102e-06,0.11583944515306123,0.00015070165083495973,0.0,4.37665904626097,True,,,False
densenet121,/features/denseblock4/denselayer10/relu1/Relu_output_0,/features/denseblock4/denselayer10/conv1/Conv,0.005208659451454878,0.053878218368242914,-177.6295646017984,12.27768419908764,31.08555771027109,34.7801365205936,3.188775510204082e-05,0.008306760204081633,6.310204464623882e-06,0.25875,66041242880.152145,True,-3.6252877712249756,10.08691120147705,False
densenet121,/features/denseblock4/denselayer10/relu2/Relu_output_0,/features/denseblock4/denselayer10/conv2/Conv,0.004934688098728657,0.03308200753724678,21.948903585443283,18.943995095610102,27.31845542741893,26.56409879629797,8.470184948979592e-05,0.0021823182397959183,4.424741032115408e-06,0.0,2.162862733956272,True,-1.81382417678833,5.821660995483398,False
densenet121,/features/denseblock4/denselayer11/Concat_output_0,/features/denseblock4/denselayer11/norm1/BatchNormalization,0.0119310412555933,0.090831029974089,22.415623708609033,16.681988962280798,28.422930289476014,28.437623490776307,3.832662872841444e-06,0.12643264938186813,0.00016794685678613307,0.0,4.744473155487375,True,,,False
densenet121,/features/denseblock4/denselayer11/relu1/Relu_output_0,/features/denseblock4/denselayer11/conv1/Conv,0.005400101188570261,0.05222870400651663,-178.3841122628731,13.130956702713771,30.501959493261985,34.721210704971,2.682864010989011e-05,0.007850060096153846,6.852507768979296e-06,0.2848557692307692,65062227252.519005,True,-3.8068037033081064,10.081801414489746,False
densenet121,/features/denseblock4/denselayer11/relu2/Relu_output_0,/features/denseblock4/denselayer11/conv2/Conv,0.00300305662676692,0.031504979271538475,24.42625244131556,12.105648072714146,31.208125994755434,16.24236665248376,0.0009167729591836735,0.0012456154336734694,9.480640797750712e-07,0.0,2.4635140412175454,True,-1.6013562679290771,5.312422037124634,False
densenet121,/features/denseblock4/denselayer12/Concat_output_0,/features/denseblock4/denselayer12/norm1/BatchNormalization,0.0119310412555933,0.08931210138310836,21.902751122003224,16.965699115740744,28.27645166793309,28.29814786382758,3.690712396069539e-06,0.1368043745275888,0.00018612541811199835,0.0,4.985428585171765,True,,,False
densenet121,/features/denseblock4/denselayer12/relu1/Relu_output_0,/features/denseblock4/denselayer12/conv1/Conv,0.004881331231445074,0.05193155018210658,-177.7635491641194,11.937426558992374,31.329672624613732,33.41347670002202,5.757511337868481e-05,0.00863036186696901,5.0296769511522874e-06,0.30671296296296297,64624648954.17887,True,-3.5205373764038086,9.95333194732666,False
densenet121,/features/denseblock4/denselayer12/relu2/Relu_output_0,/features/denseblock4/denselayer12/conv2/Conv,0.004225260578095913,0.03505080570493814,24.185657170014526,15.309436762607167,29.168702615455505,23.46071624885593,0.00022919323979591838,0.0018933354591836734,2.364550552408988e-06,0.0,2.172359233105812,True,-1.900777816772461,5.697298765182495,False
densenet121,/features/denseblock4/denselayer13/Concat_output_0,/features/denseblock4/denselayer13/norm1/BatchNormalization,0.0119310412555933,0.0879305927799365,21.605785455190915,17.232253207396646,28.141045530796717,28.165108361954225,3.5589012390670552e-06,0.14416183605138483,0.00020187576973065133,0.0,5.036139097883785,True,,,False
densenet121,/features/denseblock4/denselayer13/relu1/Relu_output_0,/features/denseblock4/denselayer13/conv1/Conv,0.0051510692574083805,0.05250852555765138,-178.41011974758152,12.458658641492523,30.958461147027542,34.38683716267845,3.6300792638483964e-05,0.007339877915451895,5.786473204100615e-06,0.31808035714285715,65865624634.50678,True,-3.5726845264434814,10.037362098693848,False
densenet121,/features/denseblock4/denselayer13/relu2/Relu_output_0,/features/denseblock4/denselayer13/conv2/Conv,0.003955104388296604,0.03276680404773617,23.88461051838733,15.329485798550806,29.157335130971404,25.04634106216985,0.000244140625,0.0017189492984693877,1.942704778145809e-06,0.0,2.210562559762055,True,-1.6505820751190186,5.682473182678223,False
densenet121,/features/denseblock4/denselayer14/Concat_output_0,/features/denseblock4/denselayer14/norm1/BatchNormalization,0.0119310412555933,0.08657739643191181,21.240675166077345,17.501591661421706,28.006335942053376,28.0322025131772,3.4361805066854327e-06,0.1520475512403237,0.00021929159860753115,0.0,5.071145901615338,True,,,False
densenet121,/features/denseblock4/denselayer14/relu1/Relu_output_0,/features/denseblock4/denselayer14/conv1/Conv,0.005950351245701313,0.05091276702680256,-179.96510577013265,14.842929432734195,29.437494425536258,34.75548872012198,9.621305418719212e-06,0.0088316711382829,9.21104748484611e-06,0.33728448275862066,64570829954.33017,True,-3.651435375213622,9.999998092651365,False
densenet121,/features/denseblock4/denselayer14/relu2/Relu_output_0,/features/denseblock4/denselayer14/conv2/Conv,0.005249122157692909,0.034152345776587274,21.19539899480477,19.51955272378407,27.05848964148397,26.60185022093327,6.975446428571428e-05,0.002067721619897959,4.07911051294844e-06,0.0078125,2.573899270856246,True,-1.9944846630096436,5.899688482284546,False
densenet121,/features/denseblock4/denselayer15/Concat_output_0,/features/denseblock4/denselayer15/norm1/BatchNormalization,0.0119310412555933,0.0853109738949293,20.95056804973596,17.761398918344923,27.878343508185573,27.909140470494478,3.321641156462585e-06,0.15930923150510204,0.0002355596679822454,0.0,5.093471699952077,True,,,False
densenet121,/features/denseblock4/denselayer15/relu1/Relu_output_0,/features/denseblock4/denselayer15/conv1/Conv,0.0057505108416080475,0.049041006307027096,-180.02028418416177,14.891922737310859,29.408871392926415,34.98168376107164,1.4615221088435374e-05,0.007981903698979591,8.77621319124276e-06,0.36770833333333336,62805163723.31921,True,-3.883758068084717,10.315033435821533,False
densenet121,/features/denseblock4/denselayer15/relu2/Relu_output_0,/features/denseblock4/denselayer15/conv2/Conv,0.005073740612715483,0.03113593345298732,20.734403987706088,20.69522209082969,26.550485051712414,27.70543435848234,5.480707908163265e-05,0.002032844387755102,4.707869207612902e-06,0.0,2.271531373361475,True,-1.7375377416610718,5.657241582870483,False
densenet121,/features/denseblock4/denselayer16/Concat_output_0,/features/denseblock4/denselayer16/norm1/BatchNormalization,0.0119310412555933,0.08406647063760118,20.60118539551773,18.024335123956217,27.750701808240507,27.78381952304295,3.2144914417379856e-06,0.16765180114384465,0.0002545335041191002,0.0,5.166787832938125,True,,,False
densenet121,/features/denseblock4/denselayer16/relu1/Relu_output_0,/features/denseblock4/denselayer16/conv1/Conv,0.0062887356616556644,0.05302823212477144,-180.50350494429097,15.06121167967773,29.31068863137243,34.672816096475444,9.00057603686636e-06,0.010767903431533905,1.0005246999509655e-05,0.3477822580645161,67145631155.32233,True,-2.8330116271972656,9.334178447723389,False
densenet121,/features/denseblock4/denselayer16/relu2/Relu_output_0,/features/denseblock4/denselayer16/conv2/Conv,0.00507796835154295,0.04451941903992154,25.272793051614627,14.485857959369524,29.649002431105068,28.432680577681943,0.00011957908163265306,0.0029496173469387753,3.00368764869707e-06,0.0,2.2242512043286062,True,-1.6666914820671082,5.536581039428711,False
densenet121,/features/denseblock4/Concat_output_0,/features/norm5/BatchNormalization,0.0119310412555933,0.08307379075513194,20.558135505818903,18.239714664359937,27.647526077667663,27.67962000255239,3.1140385841836735e-06,0.1690686284279337,0.00026363495752902146,0.0,5.122040333533587,True,,,False
densenet121,/Relu_output_0,/GlobalAveragePool,0.18209531903266907,1.3029301344085906,-71.43192073808838,17.74930589631813,27.884259395201845,29.331716395846612,5.854392538265306e-05,0.2891117018096301,7.790078247164276e-05,0.4755859375,1584.3355330785914,True,,,False
yolov10s,images,/model.0/conv/Conv,0.007874015718698502,0.499675797328359,46.71216348107669,2.001297644635699,46.841653194729005,47.46536914483427,0.0033969879150390625,0.0025672403971354167,1.581282993797418e-07,0.0,1.0562928404048768,True,6.790191650390625,33.209808349609375,False
yolov10s,/model.0/act/Mul_output_0,/model.1/conv/Conv,0.3660581707954407,2.0701120639762123,18.352816147891694,22.45742561478796,25.84068748255787,25.167479121608945,1.7642974853515626e-06,0.2519148635864258,0.0006672328535893896,0.0,6.723542316677598,True,9.43802261352539,23.537599563598633,False
yolov10s,/model.1/act/Mul_output_0,/model.2/cv1/conv/Conv,0.3586874008178711,1.7426127860460896,22.886458162131984,26.140804353460545,24.52150794546619,24.235412419391142,2.3651123046875e-06,0.25136777877807615,0.0009504140169102101,0.0,1.9816199208833698,True,2.1745719909667987,20.318437576293945,False
yolov10s,/model.2/Split_output_1,/model.2/m.0/cv1/conv/Conv;/model.2/m.0/Add;/model.2/Concat,0.17723888158798218,1.165826418125734,21.840958909375733,19.307623855240266,27.153310290651092,27.02314166017689,0.0,0.14279434204101563,0.0002142308424243755,0.0,4.763247595957871,True,4.799999237060545,17.695244789123535,False
yolov10s,/model.2/m.0/cv1/act/Mul_output_0,/model.2/m.0/cv2/conv/Conv,0.11933891475200653,1.0742463738688348,28.333860858556125,14.108534636166599,29.87824870581965,29.94569493476961,1.52587890625e-07,0.06603614807128906,6.84945214933973e-05,0.0,1.947204656894208,True,2.241525650024416,14.765074729919434,False
yolov10s,/model.2/m.0/cv2/act/Mul_output_0,/model.2/m.0/Add,0.14029982686042786,1.3735208803256642,29.043620830380636,12.972557073212924,30.60737507830055,30.903398298813897,3.814697265625e-08,0.1320035171508789,8.875404387857658e-05,0.0,2.186307029975626,True,,,False
yolov10s,/model.2/Concat_output_0,/model.2/cv2/conv/Conv,0.17723888158798218,1.5572122185507251,24.722440698417213,14.454894261376174,29.66758849715651,29.45057817470861,2.7974446614583333e-07,0.10668046315511068,9.491212248612805e-05,0.0,3.9578290258722992,True,2.0036211013793963,16.602604866027832,False
yolov10s,/model.2/cv2/act/Mul_output_0,/model.3/conv/Conv,0.07493559271097183,0.7929309947080345,28.473566411962658,12.00207879097678,31.282757409873824,31.209636330150946,1.621246337890625e-06,0.04109958648681641,3.0308098593184894e-05,0.0,2.776376315493751,True,0.424940586090087,16.381763458251953,False
yolov10s,/model.3/act/Mul_output_0,/model.4/cv1/conv/Conv,0.056820448487997055,0.49938116045112857,27.850318728379968,14.450278723884361,29.670362398536405,29.92227405621055,1.9073486328125e-07,0.042357711791992186,4.117420362232487e-05,0.0,2.203709625714922,True,-0.4668903350830078,17.15310764312744,False
yolov10s,/model.4/Split_output_1,/model.4/m.0/cv1/conv/Conv;/model.4/m.0/Add;/model.4/Concat,0.0988677591085434,0.43161787003026003,20.598123001069553,29.09102305218437,23.59270699016073,23.718196595941087,0.0,0.10769828796386718,0.00037909410431169287,0.0,2.6535306743338603,True,3.1969380378723127,16.584895133972168,False
yolov10s,/model.4/m.0/cv1/act/Mul_output_0,/model.4/m.0/cv2/conv/Conv,0.04779183492064476,0.37860174377161215,27.66581244245255,16.03152424618332,28.768390555736463,28.760459404150943,7.62939453125e-07,0.032252655029296876,3.9276632259919666e-05,0.0,1.625322541727246,True,-2.391860008239745,17.362418174743652,False
yolov10s,/model.4/m.0/cv2/act/Mul_output_0,/model.4/m.0/Add,0.03475351259112358,0.46411434928632345,30.650755552656573,9.509932424756336,33.30433826042588,33.15810340528508,1.739501953125e-05,0.0368756103515625,1.891809620513927e-05,0.0,2.4738802914001683,True,,,False
yolov10s,/model.4/m.0/Add_output_0,/model.4/m.1/cv1/conv/Conv;/model.4/m.1/Add;/model.4/Concat,0.0988677591085434,0.7120885743465895,24.400548841952922,17.632926379006364,27.941398994598416,27.917071461989632,0.0,0.08038330078125,0.00013984739150783493,0.0,3.1247263251051107,True,0.5208492279052717,18.540117263793945,False
yolov10s,/model.4/m.1/cv1/act/Mul_output_0,/model.4/m.1/cv2/conv/Conv,0.04161503538489342,0.2762314836505202,27.067084693998815,19.132900508068175,27.23227061636064,26.41697457702523,1.220703125e-06,0.023936309814453126,4.344252910033981e-05,0.0,1.217207637298677,True,-0.22179460525512695,16.313581466674805,False
yolov10s,/model.4/m.1/cv2/act/Mul_output_0,/model.4/m.1/Add,0.06443151086568832,0.6730562718913947,29.88510579526438,12.15767866919574,31.17087366605471,31.262170407940655,8.392333984375e-07,0.04791213989257812,3.749320373524953e-05,0.0,1.9852573717261877,True,,,False
yolov10s,/model.4/Concat_output_0,/model.4/cv2/conv/Conv,0.0988677591085434,0.7330604457713289,23.539992226727133,17.12847211879414,28.193514377985814,28.199089454805325,3.814697265625e-08,0.08618623733520508,0.0001246093834446462,0.0,3.709020829416981,True,2.637195587158203,15.254913806915283,False
yolov10s,/model.4/cv2/act/Mul_output_0,/model.5/cv1/conv/Conv;/model.15/Concat,0.04729777202010155,0.49490226072363824,29.960588373385868,12.137380495635288,31.185387541919535,31.220593336837776,8.392333984375e-07,0.04852519989013672,3.8525136625879326e-05,0.0,1.9530190962070433,True,-2.650409698486328,17.678229331970215,False
yolov10s,/model.5/cv1/act/Mul_output_0,/model.5/cv2/conv/Conv,0.05365191400051117,0.34363767361904807,25.613951361007164,19.828422787015473,26.92212347006093,27.788295552084755,1.33514404296875e-07,0.03085613250732422,6.371268737682208e-05,0.0,2.014254225481587,True,1.336313247680664,13.945930480957031,True
yolov10s,/model.5/cv2/conv/Conv_output_0,/model.6/cv1/conv/Conv,0.13663741946220398,0.6429381365413527,23.16747550490063,26.99008082651478,24.243803177011333,24.251057509513995,7.62939453125e-08,0.10093544006347656,0.00037701646361166803,0.0,1.5758916950380837,True,-0.7072014808654776,14.590641975402832,False
yolov10s,/model.6/Split_output_1,/model.6/m.0/cv1/conv/Conv;/model.6/m.0/Add;/model.6/Concat,0.0801938995718956,0.3746991040799597,21.988859767649345,27.180810241428738,24.18263890735627,23.89986646150023,0.0,0.0936053466796875,0.0003509998476883244,0.0,2.1266491681811344,True,-1.0738849639892578,18.35886287689209,False
yolov10s,/model.6/m.0/cv1/act/Mul_output_0,/model.6/m.0/cv2/conv/Conv,0.045330751687288284,0.32471322586927376,27.351224855937765,17.729507163971583,27.89395361026449,28.216889394462783,9.307861328125e-06,0.024637603759765626,4.002209243321347e-05,0.0,1.2994193598681196,True,-1.533444881439209,17.121273040771484,False
yolov10s,/model.6/m.0/cv2/act/Mul_output_0,/model.6/m.0/Add,0.03754134476184845,0.330596539250453,29.077515468758182,14.421659693003637,29.687582013070376,29.223177049072568,7.01904296875e-06,0.03613082885742187,3.899926211248534e-05,0.0,1.5150815602511982,True,,,False
yolov10s,/model.6/m.0/Add_output_0,/model.6/m.1/cv1/conv/Conv;/model.6/m.1/Add;/model.6/Concat,0.0801938995718956,0.46414315668544287,24.91903590841225,21.942853404026426,26.042024845954494,26.03368090393686,0.0,0.07716537475585937,0.00019063373499655123,0.0,1.5732502317109596,True,-3.0173702239990234,18.435834884643555,False
yolov10s,/model.6/m.1/cv1/act/Mul_output_0,/model.6/m.1/cv2/conv/Conv,0.04338223859667778,0.3119379170587604,27.519330087907125,17.662310352416164,27.926936645977705,27.565498106477623,5.645751953125e-06,0.019824066162109376,3.183873916312198e-05,0.0,1.3732841127449524,True,0.09414911270141513,15.094936847686768,False
yolov10s,/model.6/m.1/cv2/act/Mul_output_0,/model.6/m.1/Add,0.06059098616242409,0.6805165404488034,31.10376791914626,11.307668197973468,31.80042575042536,30.427142340536065,2.2430419921875e-05,0.0473944091796875,3.1481778212364496e-05,0.0,1.5411910446936359,True,,,False
yolov10s,/model.6/Concat_output_0,/model.6/cv2/conv/Conv,0.0801938995718956,0.5830694366406867,25.036322189898794,17.467259653170537,28.023391356762534,27.774086275550186,1.1444091796875e-06,0.07028266906738281,0.00011026967329380065,0.0,2.99820678220338,True,-0.9726629257202157,15.957800388336182,False
yolov10s,/model.6/cv2/act/Mul_output_0,/model.7/cv1/conv/Conv;/model.12/Concat,0.05350188910961151,0.4689660784429183,28.792787746216447,14.488766307961665,29.64725872635486,30.217049629541034,4.8065185546875e-06,0.039567489624023434,4.2939197941947884e-05,0.0,1.6020290707625293,True,-2.338355541229247,16.47901153564453,False
yolov10s,/model.7/cv1/act/Mul_output_0,/model.7/cv2/conv/Conv,0.0637536346912384,0.37629972223850294,25.09968936919706,21.516655812611766,26.212391423526846,26.40875796046582,2.6702880859375e-07,0.04757499694824219,0.00011491747912891106,0.0,1.812721709655272,True,0.34323978424072177,13.490213871002197,True
yolov10s,/model.7/cv2/conv/Conv_output_0,/model.8/cv1/conv/Conv,0.07918641716241837,0.6111399308101193,27.76990744262708,16.45560120134211,28.541611804349134,27.989982391265503,1.2054443359375e-05,0.05624435424804688,7.863643071278987e-05,0.0,1.4587944079344233,True,-0.6167759895324707,14.100759029388428,False
yolov10s,/model.8/Split_output_1,/model.8/m.0/cv1/cv1.0/conv/Conv;/model.8/m.0/Add;/model.8/Concat,0.111378014087677,0.3169415026971741,17.985309249150617,44.62971137815931,19.875405314542846,19.447645605127693,0.0,0.138204345703125,0.0014320969191369346,0.0,1.8399743079912565,True,0.6866211891174316,13.806971073150635,True
yolov10s,/model.8/m.0/cv1/cv1.0/act/Mul_output_0,/model.8/m.0/cv1/cv1.1/conv/Conv,0.05704771727323532,0.3451182967985862,24.918333168879244,20.99297591842591,26.426406727917875,26.254422142827266,6.103515625e-06,0.0804632568359375,0.0001828876203006083,0.0,1.74731092272111,True,-0.43647193908691495,13.698394775390625,False
yolov10s,/model.8/m.0/cv1/cv1.1/act/Mul_output_0,/model.8/m.0/cv1/cv1.2/conv/Conv,0.042604152113199234,0.4558545960164966,30.335859371857882,11.869414865306082,31.379300684214464,30.069935839873878,3.4027099609375e-05,0.05000518798828125,3.630409282688542e-05,0.0,1.6151338798285078,True,-0.8354949951171875,14.542236804962158,True
yolov10s,/model.8/m.0/cv1/cv1.2/act/Mul_output_0,/model.8/m.0/cv1/cv1.3/conv/Conv,0.06608036160469055,0.6491530924155928,28.52660783314712,12.927930286162674,30.63730684950079,27.193052699122788,7.8125e-05,0.0611981201171875,5.293353747243116e-05,0.0,1.8965962004441286,True,-0.7030425071716309,14.37324571609497,False
yolov10s,/model.8/m.0/cv1/cv1.3/act/Mul_output_0,/model.8/m.0/cv1/cv1.4/conv/Conv,0.04844451695680618,0.604585756668697,31.317965831174202,10.176312600241802,32.716078092606764,31.93289220556849,2.349853515625e-05,0.04342376708984375,2.3237516348186716e-05,0.0,1.5902240497494424,True,0.24102401733398438,14.322871685028076,True
yolov10s,/model.8/m.0/cv1/cv1.4/act/Mul_output_0,/model.8/m.0/Add,0.1121818944811821,0.701157151247884,24.5837007177317,20.31941138124864,26.709664419147387,26.564744747518812,1.434326171875e-05,0.11195159912109375,0.0002406458683668671,0.0,1.9168581078924458,True,,,False
yolov10s,/model.8/Concat_output_0,/model.8/cv2/conv/Conv,0.111378014087677,0.5606365668908022,21.191816329314555,25.230262570243777,24.82945147509834,24.37260649818636,4.8828125e-06,0.10730519612630209,0.00035467721657764906,0.0,3.014431810412727,True,-0.3144640922546378,13.82066535949707,False
yolov10s,/model.8/cv2/act/Mul_output_0,/model.9/cv1/conv/Conv,0.049098338931798935,0.5187795374267187,30.00672525469859,12.019535456753193,31.270133220882165,30.46165407569951,1.2664794921875e-05,0.037533721923828124,2.807850312524127e-05,0.0,1.5746123639670562,True,0.03828620910644531,12.111522197723389,False
yolov10s,/model.9/cv1/act/Mul_output_0,/model.9/m/MaxPool;/model.9/Concat,0.04033598676323891,0.8751681130489197,36.779448694632364,5.8533557639399465,37.51978845738191,37.0303974957393,4.852294921875e-05,0.0285247802734375,5.0668379360344335e-06,0.0,1.5631295790867088,True,,,False
yolov10s,/model.9/m/MaxPool_output_0,/model.9/m_1/MaxPool;/model.9/Concat,0.04033598676323891,1.9284754393111831,43.853943466089895,2.656331636124475,44.38224098715365,38.68356524821101,0.000799560546875,0.000950927734375,3.5021740975408246e-08,0.0,1.4658680453466386,True,,,False
yolov10s,/model.9/m_1/MaxPool_output_0,/model.9/m_2/MaxPool;/model.9/Concat,0.04033598676323891,2.355520541229915,45.6540575784603,2.17475085836296,46.11969666100747,36.54068327308067,0.00225494384765625,3.204345703125e-05,5.809480646339579e-10,0.0,1.3953481597043162,True,,,False
yolov10s,/model.9/Concat_output_0,/model.9/cv2/conv/Conv,0.04033598676323891,2.0500028158841976,41.242908531444016,2.4988601377710085,44.913047896274925,36.149801495213815,0.0018050384521484375,0.007376937866210937,2.3880115455210544e-07,0.0,3.378915466791117,True,6.868970394134523,14.898521900177002,False
yolov10s,/model.9/cv2/act/Mul_output_0,/model.10/cv1/conv/Conv,0.056294988840818405,0.4812083814068137,27.361565370378962,14.85731308727929,29.429081373309224,28.99364758694839,5.0048828125e-05,0.04040390014648437,4.618736179889303e-05,0.0,1.5969808945360033,True,-0.7218074798583993,13.458637714385986,False
yolov10s,/model.10/Split_output_1,/model.10/attn/Shape;/model.10/attn/qkv/conv/Conv;/model.10/Add,0.05931137129664421,0.7953805780379789,30.562116350622556,9.470364706735573,33.340552796736034,31.848315255234265,4.21142578125e-05,0.04161407470703125,1.9549015662801258e-05,0.0,2.2911428366316158,True,0.13494300842285245,12.62060260772705,False
yolov10s,/model.10/attn/Split_output_1,/model.10/attn/MatMul,0.06503193825483322,1.0382367038691465,34.70297415899716,7.954887481424221,34.85520605737183,34.840965499721875,3.0517578125e-06,0.027540283203125,8.971552201506957e-06,0.0,1.1895339352595544,True,,,False
yolov10s,/model.10/attn/Split_output_2,/model.10/attn/Reshape_2;/model.10/attn/MatMul_1,0.06073639914393425,1.1741121084657473,36.246687027430866,6.569664545372226,36.51702298859203,36.08890326565059,4.69970703125e-05,0.0254937744140625,5.6836631448879536e-06,0.0,1.2801074249785092,True,,,False
yolov10s,/model.10/attn/Transpose_output_0,/model.10/attn/MatMul,0.00799768976867199,0.20161221272390914,38.694873655643605,5.037921993407546,38.82285810660731,38.763915600139185,3.173828125e-05,0.0165081787109375,2.164445777272938e-06,0.0,1.1820866289229108,True,,,False
yolov10s,/model.10/attn/Reshape_2_output_0,/model.10/attn/pe/conv/Conv,0.06073639914393425,1.1741121084657473,35.40179561107577,6.569664545372226,36.51702298859203,36.08890326565059,4.69970703125e-05,0.0254937744140625,5.6836631448879536e-06,0.0,1.7787591646248178,True,-0.45172739028930664,12.47276258468628,True
yolov10s,/model.10/attn/Transpose_1_output_0,/model.10/attn/MatMul_1,0.0036179206799715757,0.006975334071285148,15.371350399022738,65.87152983079066,16.49393188331546,18.139816438068753,4.00390625e-06,0.684784375,0.005890803346699693,0.0,1.6513475705368852,True,,,False
yolov10s,/model.10/attn/Reshape_1_output_0,/model.10/attn/Add,0.04260031506419182,0.8185517434130325,33.75686907564062,6.609527200557695,36.46447899557926,31.830799362699175,0.00027313232421875,0.02703521728515625,6.094665768063327e-06,0.0,2.4584462138790437,True,,,False
yolov10s,/model.10/attn/Add_output_0,/model.10/attn/proj/conv/Conv,0.04943811520934105,0.6180107308564778,31.406488038955153,10.159436265588756,32.73049467641789,18.87494555996977,0.00024322509765625,0.0410711669921875,2.1939472190629483e-05,0.0,1.5714455191825054,True,0.19893026351928622,9.941917896270752,False
yolov10s,/model.10/Add_output_0,/model.10/ffn/ffn.0/conv/Conv;/model.10/Add_1,0.11059749126434326,1.1204321135086446,30.026829170750368,12.536128892795453,30.904617904159362,30.907715943139213,0.0,0.0534722900390625,4.341682660182646e-05,0.0,1.4126108894500637,True,-0.35410070419311523,11.841525554656982,False
yolov10s,/model.10/ffn/ffn.0/act/Mul_output_0,/model.10/ffn/ffn.1/conv/Conv,0.07554962486028671,0.7009278902640964,27.37715212500397,13.688715330818512,30.140633038779796,29.776017838726272,0.0,0.08008132934570313,7.753451062302198e-05,0.0,2.597117172392296,True,0.26922178268432617,9.475912094116211,False
yolov10s,/model.10/Concat_output_0,/model.10/cv2/conv/Conv,0.0470508374273777,0.817767921111446,33.401665881385156,7.307031981831222,35.59306671571438,31.33126507313169,0.00025543212890625,0.0311956787109375,8.676562617274847e-06,0.0,2.12666215224823,True,-2.383349895477295,13.560352325439453,False
yolov10s,/model.10/cv2/act/Mul_output_0,/model.11/Resize;/model.21/Concat,0.036137618124485016,0.43113980554409254,30.229784401917605,10.644986713805604,32.324984405112815,17.32776072087561,0.00048370361328125,0.026072235107421876,1.5360424733455944e-05,0.0,1.6941264448686877,True,,,False
yolov10s,/model.12/Concat_output_0,/model.13/cv1/conv/Conv,0.05350188910961151,0.4441066863488717,27.38474161189397,15.299791977423636,29.17417635954563,23.841007426111148,0.0001035308837890625,0.039193394978841146,4.7877409665814695e-05,0.0,1.817689288009305,True,-2.576502799987793,13.916038036346436,False
yolov10s,/model.13/Split_output_1,/model.13/m.0/cv1/conv/Conv;/model.13/Concat,0.04486008733510971,0.42302918704051756,27.64240404022394,13.46770214938681,30.282016819584037,30.973520965791725,1.8310546875e-06,0.02520751953125,2.3730257062024192e-05,0.0,1.7450688518219792,True,-0.4039020538330078,14.429703235626222,False
yolov10s,/model.13/m.0/cv1/act/Mul_output_0,/model.13/m.0/cv2/conv/Conv,0.03600415587425232,0.3432479373989044,29.731551907699096,13.321355492126663,30.376918519847212,28.319413482913735,5.6304931640625e-05,0.022745819091796876,2.0912707389003794e-05,0.0,1.4398844740863208,True,-1.066007137298583,12.250646114349365,False
yolov10s,/model.13/Concat_output_0,/model.13/cv2/conv/Conv,0.04486008733510971,0.42787341821324515,28.553666161344168,13.315225599547588,30.38091629802991,24.584461204844562,9.038289388020833e-05,0.03214731852213542,2.9528339982290126e-05,0.0,1.8280619479136402,True,-0.7318663597106934,12.08098316192627,False
yolov10s,/model.13/cv2/act/Mul_output_0,/model.14/Resize;/model.18/Concat,0.060922879725694656,0.39566021222125053,25.33479497841024,19.555177614969857,27.04265158162989,25.60231396425678,5.7220458984375e-05,0.05457588195800781,0.00010841690823367471,0.0,1.889440381190179,True,,,False
yolov10s,/model.15/Concat_output_0,/model.16/cv1/conv/Conv,0.04729777202010155,0.4312857732947293,28.202305914558522,13.927695784316995,29.990301436874763,25.68678933373419,8.623758951822916e-05,0.04435784657796224,4.5279918835303393e-05,0.0,2.1088956594323154,True,-3.72149658203125,15.542577266693115,False
yolov10s,/model.16/Split_output_1,/model.16/m.0/cv1/conv/Conv;/model.16/Concat,0.05816267430782318,0.48169648132469295,24.310025144049952,15.33467634386659,29.154394597067657,28.918268161065953,0.0,0.04105316162109375,5.0211021382127234e-05,0.0,2.740590752538407,True,2.948026657104492,16.192381858825684,False
yolov10s,/model.16/m.0/cv1/act/Mul_output_0,/model.16/m.0/cv2/conv/Conv,0.031644899398088455,0.2671159170085102,28.877972262153715,15.045536292130407,29.31973342748928,28.980322571053243,5.035400390625e-06,0.023251190185546874,2.724148942458719e-05,0.0,1.3107556791182664,True,0.6455216407775861,13.824496269226074,False
yolov10s,/model.16/Concat_output_0,/model.16/cv2/conv/Conv,0.05816267430782318,0.4003003602197557,24.70081376609057,18.452792880422187,27.546644737161536,27.359826842147655,1.0172526041666667e-07,0.057803319295247395,0.00010199906349707394,0.0,2.1986941877137682,True,0.5836634635925311,13.954976081848146,False
yolov10s,/model.16/cv2/act/Mul_output_0,/model.17/conv/Conv;/model.23/Shape;/model.23/one2one_cv2.0/one2one_cv2.0.0/conv/Conv;/model.23/one2one_cv3.0/one2one_cv3.0.0/one2one_cv3.0.0.0/conv/Conv,0.04879595711827278,0.33257285865212977,24.06695009905817,18.63377119569092,27.461871710029605,27.195204363872115,3.4332275390625e-07,0.061346092224121095,0.00011022593186385928,0.0,2.7423111902744908,True,1.718912124633789,11.7088942527771,True
yolov10s,/model.23/one2one_cv2.0/one2one_cv2.0.0/act/Mul_output_0,/model.23/one2one_cv2.0/one2one_cv2.0.1/conv/Conv,0.08291786164045334,0.5550672144001164,23.893719268402293,18.97169956204022,27.30576210963103,27.420832863358292,6.866455078125e-07,0.07985221862792968,0.00014809806583798406,0.0,2.4727210734226333,False,3.366786479949951,10.568771839141846,False
yolov10s,/model.23/one2one_cv3.0/one2one_cv3.0.0/one2one_cv3.0.0.0/act/Mul_output_0,/model.23/one2one_cv3.0/one2one_cv3.0.0/one2one_cv3.0.0.1/conv/Conv,0.06735727936029434,0.7668838979271136,26.37567532466941,11.154719119647506,31.91871409866928,31.912895831378847,1.02996826171875e-06,0.031716537475585935,2.0996744748832347e-05,0.0,4.5592296575167515,False,5.559704303741455,13.717720031738281,False
yolov10s,/model.18/Concat_output_0,/model.19/cv1/conv/Conv,0.060922879725694656,0.41260817522993426,25.907058760395138,18.75194479811629,27.406960562277405,26.239435938871146,3.9011637369791666e-05,0.05716217041015625,0.00010431157318575573,0.0,1.8886411464157327,True,-1.3003697395324707,11.567584037780762,False
yolov10s,/model.23/one2one_cv2.0/one2one_cv2.0.1/act/Mul_output_0,/model.23/one2one_cv2.0/one2one_cv2.0.2/Conv,0.28783878684043884,1.5315811740773089,23.428159407930046,23.867834462485067,25.311626537714922,25.6589673542488,2.6702880859375e-06,0.2008819580078125,0.0006095301465639807,0.0,1.9360042812195357,False,-7.073225975036621,18.40774440765381,False
yolov10s,/model.23/one2one_cv3.0/one2one_cv3.0.0/one2one_cv3.0.0.1/act/Mul_output_0,/model.23/one2one_cv3.0/one2one_cv3.0.1/one2one_cv3.0.1.0/conv/Conv,0.08901350945234299,0.4943703340669472,22.273980078429194,22.86689738732722,25.683742021191,25.8947037833008,7.62939453125e-08,0.09404277801513672,0.00025444643411378157,0.0,3.0232386147448134,False,-0.9798445701599121,13.942451477050781,True
yolov10s,/model.19/Split_output_1,/model.19/m.0/cv1/conv/Conv;/model.19/Concat,0.06722083687782288,0.35043696881767983,24.499543834656812,24.36114634904582,25.13393246363713,25.94728485537115,1.52587890625e-07,0.05750152587890625,0.00017679209603834725,0.0,1.496294673847712,True,-2.9787349700927717,13.369995594024658,False
yolov10s,/model.23/one2one_cv3.0/one2one_cv3.0.1/one2one_cv3.0.1.0/act/Mul_output_0,/model.23/one2one_cv3.0/one2one_cv3.0.1/one2one_cv3.0.1.1/conv/Conv,0.25715401768684387,0.616755076737667,13.965319027954457,52.95223578697884,18.390200841169722,18.524750338244214,1.9073486328125e-07,0.3178753662109375,0.0043673266587972845,0.1328125,3.715576244628734,False,3.189162254333495,11.03941822052002,False
yolov10s,/model.19/m.0/cv1/act/Mul_output_0,/model.19/m.0/cv2/conv/Conv,0.06333120912313461,0.2945092082118309,23.766969580027435,27.31005800284853,24.141434429132985,24.15347374118086,9.1552734375e-07,0.057911224365234375,0.00022415458080016914,0.0,1.378669531863594,True,-1.0559535026550293,11.098412990570068,False
yolov10s,/model.23/one2one_cv3.0/one2one_cv3.0.1/one2one_cv3.0.1.1/act/Mul_output_0,/model.23/one2one_cv3.0/one2one_cv3.0.2/Conv,0.8544700741767883,2.518789022223491,14.900282037133053,43.08328266599194,20.18171115355169,20.70855646193573,7.62939453125e-08,0.46378627777099607,0.0033074765951887873,0.0859375,4.559825860738826,False,-18.91027593612671,30.355818748474125,False
yolov10s,/model.19/Concat_output_0,/model.19/cv2/conv/Conv,0.06722083687782288,0.4540733408104448,25.66790192075653,18.801029517051823,27.384254254606084,21.84849706209073,8.290608723958334e-05,0.06312067667643229,0.0001155165439813105,0.0,1.9225413690429496,True,-1.0330955982208252,10.963898658752441,False
yolov10s,/model.19/cv2/act/Mul_output_0,/model.20/cv1/conv/Conv;/model.23/one2one_cv2.1/one2one_cv2.1.0/conv/Conv;/model.23/one2one_cv3.1/one2one_cv3.1.0/one2one_cv3.1.0.0/conv/Conv;/model.23/Shape_5,0.059412356466054916,0.4398411467163709,26.04003187984696,17.154759911660932,28.180193993710702,26.500735566173496,5.523681640625e-05,0.06785667419433594,0.0001031960001380316,0.0,2.2719471396201207,True,-0.4117898941040048,9.946272850036621,True
yolov10s,/model.20/cv1/act/Mul_output_0,/model.20/cv2/conv/Conv,0.08295214921236038,0.46887278412999916,24.068568277757663,22.468616875508108,25.836360101281954,25.943598954221848,1.220703125e-05,0.11136756896972656,0.00029078938360194373,0.0,1.7617769570278679,True,-0.2402479648590088,9.855316638946533,True
yolov10s,/model.23/one2one_cv2.1/one2one_cv2.1.0/act/Mul_output_0,/model.23/one2one_cv2.1/one2one_cv2.1.1/conv/Conv,0.04930756613612175,0.5147679252734447,29.79013131269039,12.164823392912554,31.165770713790575,28.919563979815443,6.683349609375e-05,0.0486383056640625,3.7085492616497136e-05,0.0,1.753610027287922,False,0.5865907669067383,11.34372615814209,False
yolov10s,/model.23/one2one_cv3.1/one2one_cv3.1.0/one2one_cv3.1.0.0/act/Mul_output_0,/model.23/one2one_cv3.1/one2one_cv3.1.0/one2one_cv3.1.0.1/conv/Conv,0.13336659967899323,0.5495904044721568,18.446245528514396,30.81851142488465,23.091653721844306,22.870165088003983,2.13623046875e-06,0.21395729064941407,0.0010653406097578958,0.0,3.202758707107672,False,-0.785153865814209,12.291460037231445,False
yolov10s,/model.21/Concat_output_0,/model.22/cv1/conv/Conv,0.036137618124485016,0.4886557369093125,30.80372278978756,9.392046701093653,33.412682011625016,12.177967404995048,0.000947265625,0.03244130452473958,1.4802867123157398e-05,0.0,1.9462702678712098,True,-0.8112721443176287,11.002817153930664,False
yolov10s,/model.23/one2one_cv2.1/one2one_cv2.1.1/act/Mul_output_0,/model.23/one2one_cv2.1/one2one_cv2.1.2/Conv,0.18678343296051025,1.6553194905835302,28.44165053535877,14.33046376903503,29.742681970359374,25.20139155319567,8.7890625e-05,0.13663726806640625,0.00014809330970995554,0.0,1.67415276893421,False,-6.288723468780518,18.340097427368164,False
yolov10s,/model.23/one2one_cv3.1/one2one_cv3.1.0/one2one_cv3.1.0.1/act/Mul_output_0,/model.23/one2one_cv3.1/one2one_cv3.1.1/one2one_cv3.1.1.0/conv/Conv,0.07303741574287415,0.5309605410168401,26.211137545957016,17.46975732241998,28.022149437367688,27.90739458187929,2.74658203125e-06,0.06892532348632813,0.00010895662575909361,0.0,2.148423189489267,False,-0.11889076232910067,11.965792179107666,True
yolov10s,/model.22/Split_output_1,/model.22/m.0/cv1/cv1.0/conv/Conv;/model.22/m.0/Add;/model.22/Concat,0.06768076121807098,0.364832693816037,23.365236217252985,23.55999563742273,25.424382765650144,25.22844379947355,5.859375e-05,0.1051641845703125,0.0002890147437622596,0.0,1.6964182122890754,True,-0.9335241317749023,11.831738471984863,True
yolov10s,/model.23/one2one_cv3.1/one2one_cv3.1.1/one2one_cv3.1.1.0/act/Mul_output_0,/model.23/one2one_cv3.1/one2one_cv3.1.1/one2one_cv3.1.1.1/conv/Conv,0.2639440596103668,0.6319482002299441,13.826503670956157,53.043739278503345,18.375204244821134,18.237142098461383,5.79833984375e-06,0.3684764099121094,0.005339106195793697,0.1015625,3.4838670890849115,False,2.4887495040893564,10.759132385253906,False
yolov10s,/model.22/m.0/cv1/cv1.0/act/Mul_output_0,/model.22/m.0/cv1/cv1.1/conv/Conv,0.027197012677788734,0.2881290690773496,29.975655333299372,11.98775472790606,31.29312990751442,22.194145296490973,0.00032958984375,0.0572100830078125,4.255471907674606e-05,0.0,1.7625739799005817,True,-0.7670450210571289,12.354816436767578,False
yolov10s,/model.23/one2one_cv3.1/one2one_cv3.1.1/one2one_cv3.1.1.1/act/Mul_output_0,/model.23/one2one_cv3.1/one2one_cv3.1.2/Conv,0.4233976900577545,2.4888937420260957,21.48595505001199,21.604581075269962,26.176969889203065,25.676913930426227,1.52587890625e-07,0.19624038696289062,0.0005014440652585878,0.0,4.0031857727234295,False,-15.79316234588623,26.685962677001953,False
yolov10s,/model.22/m.0/cv1/cv1.1/act/Mul_output_0,/model.22/m.0/cv1/cv1.2/conv/Conv,0.0315595380961895,0.341676143603813,30.184088393838252,11.730585858120584,31.481492828938258,28.84809056053377,0.0001129150390625,0.05598724365234375,3.980137853163535e-05,0.0,1.738008136510163,True,-1.9170994758605957,14.409717082977295,True
yolov10s,/model.22/m.0/cv1/cv1.2/act/Mul_output_0,/model.22/m.0/cv1/cv1.3/conv/Conv,0.05368952080607414,0.41614213159701857,26.01147943203672,16.385193001737072,28.578855653240005,27.63724760040804,3.6163330078125e-05,0.0892633056640625,0.00012347959660329277,0.0,2.163915143183107,True,-0.5689473152160645,14.749471187591553,False
yolov10s,/model.22/m.0/cv1/cv1.3/act/Mul_output_0,/model.22/m.0/cv1/cv1.4/conv/Conv,0.0418742410838604,0.4493265024492023,30.290940920435304,11.835555189072092,31.404114181999077,29.58257040677672,7.75146484375e-05,0.0499658203125,3.621618146458484e-05,0.0,1.6204566741379642,True,0.3814549446105957,13.816863536834717,True
yolov10s,/model.22/m.0/cv1/cv1.4/act/Mul_output_0,/model.22/m.0/Add,0.06800020486116409,0.4891629774323733,25.971779637776745,17.65470081709479,27.930679634573426,26.893259454845946,4.5166015625e-05,0.112877197265625,0.00018235072865788413,0.0,1.8468528444472954,True,,,False
yolov10s,/model.22/Concat_output_0,/model.22/cv2/conv/Conv,0.06768076121807098,0.48835756147153064,25.616865408064864,17.600744521688124,27.957266097378366,27.466806565590897,5.31005859375e-05,0.08335306803385417,0.0001310853951705724,0.0,2.3770551440347125,True,-1.9525437355041495,12.890658378601074,False
yolov10s,/model.22/cv2/act/Mul_output_0,/model.23/one2one_cv2.2/one2one_cv2.2.0/conv/Conv;/model.23/one2one_cv3.2/one2one_cv3.2.0/one2one_cv3.2.0.0/conv/Conv;/model.23/Shape_9,0.059570446610450745,0.4587867066411878,27.364017571570464,16.490117542669125,28.52341185287766,28.171780277901174,5.18798828125e-06,0.07131546020507812,0.00010032436379595801,0.0,1.7147703084414336,True,-0.9145288467407235,12.671409606933594,True
yolov10s,/model.23/one2one_cv2.2/one2one_cv2.2.0/act/Mul_output_0,/model.23/one2one_cv2.2/one2one_cv2.2.1/conv/Conv,0.05737896263599396,0.6012417191212148,29.85919760283958,12.120130761089273,31.197740772572256,30.462836827142468,4.638671875e-05,0.06200927734375,4.7387757674048595e-05,0.0,1.531625762460663,False,0.19206714630126953,13.893009185791016,False
yolov10s,/model.23/one2one_cv3.2/one2one_cv3.2.0/one2one_cv3.2.0.0/act/Mul_output_0,/model.23/one2one_cv3.2/one2one_cv3.2.0/one2one_cv3.2.0.1/conv/Conv,0.08512405306100845,0.3745129123068423,17.743625430337843,28.86617359107424,23.660102499811117,22.354670494363262,2.0599365234375e-05,0.18627243041992186,0.0007907801303847621,0.01953125,4.355850956342377,False,-0.8782153129577637,13.799543857574463,False
yolov10s,/model.23/one2one_cv2.2/one2one_cv2.2.1/act/Mul_output_0,/model.23/one2one_cv2.2/one2one_cv2.2.2/Conv,0.27202028036117554,2.01607163709182,26.67191021840813,17.13558931650994,28.189905979436944,27.87179063780772,3.173828125e-05,0.2233544921875,0.0003500731849196561,0.0,1.5897167686603455,False,-5.348330974578858,19.58686637878418,False
yolov10s,/model.23/one2one_cv3.2/one2one_cv3.2.0/one2one_cv3.2.0.1/act/Mul_output_0,/model.23/one2one_cv3.2/one2one_cv3.2.1/one2one_cv3.2.1.0/conv/Conv,0.050110530108213425,0.5126970942957578,29.484921863665498,12.412860136226762,30.990449640814305,28.107160037439606,9.521484375e-05,0.0516229248046875,4.091547400227948e-05,0.0,1.8398781038950895,False,-0.015421390533446377,13.525038719177246,True
yolov10s,/model.23/one2one_cv3.2/one2one_cv3.2.1/one2one_cv3.2.1.0/act/Mul_output_0,/model.23/one2one_cv3.2/one2one_cv3.2.1/one2one_cv3.2.1.1/conv/Conv,0.23389068245887756,0.6708684349224809,14.668051010861468,44.277111764409916,19.944301205330405,18.384396359882885,4.5166015625e-05,0.376708984375,0.0037368836647321546,0.046875,2.7928008704714093,False,2.3695926666259757,11.968642234802246,False
yolov10s,/model.23/one2one_cv3.2/one2one_cv3.2.1/one2one_cv3.2.1.1/act/Mul_output_0,/model.23/one2one_cv3.2/one2one_cv3.2.2/Conv,0.13460387289524078,2.441303915244531,32.4970914400825,7.0022792946626256,35.96309829653997,28.67648787120247,0.0002545166015625,0.050694580078125,1.2375503395895658e-05,0.0,3.174285851132363,False,-17.237172603607178,29.899601936340332,False
yolov10x,images,/model.0/conv/Conv,0.007874015718698502,0.499675797328359,46.71216348107669,2.001297644635699,46.841653194729005,47.46536914483427,0.0033969879150390625,0.0025672403971354167,1.581282993797418e-07,0.0,1.0562928404048768,True,13.922478675842285,26.077521324157715,False
yolov10x,/model.0/act/Mul_output_0,/model.1/conv/Conv,0.7113454937934875,1.96061258719055,8.64285816563703,46.07788315856241,19.598036496323694,19.60493321118016,3.814697265625e-09,0.5247139778137208,0.005212524946444664,0.35,8.833416883169772,True,7.74192714691162,18.631537437438965,False
yolov10x,/model.1/act/Mul_output_0,/model.2/cv1/conv/Conv,0.8042554259300232,1.7413016765655718,15.782928622342517,58.6575206741706,17.501412832610733,18.634841288056382,0.0,0.5152670974731446,0.0054058035188969174,0.04375,1.8787894691451823,True,2.138176918029786,15.505124568939209,False
yolov10x,/model.2/Split_output_1,/model.2/m.0/cv1/conv/Conv;/model.2/m.0/Add;/model.2/Concat,0.1598837524652481,0.7716058643814891,19.30595862321269,26.315555000820225,24.46363620328232,24.165607056397235,0.0,0.116076171875,0.00037332699546647384,0.0,4.704631757032684,True,5.554543018341064,9.962586879730225,False
yolov10x,/model.2/m.0/cv1/act/Mul_output_0,/model.2/m.0/cv2/conv/Conv,0.1353435069322586,0.898089838082655,26.27883806081637,19.139093497698504,27.2294595987314,27.837919063410354,1.220703125e-07,0.14052461242675782,0.0002268306202943418,0.0,1.6150096206409892,True,-0.7557816505432129,9.39988899230957,False
yolov10x,/model.2/m.0/cv2/act/Mul_output_0,/model.2/m.0/Add,0.05004464462399483,0.5455722687831059,28.496779025509717,11.649547146931804,31.541706012545518,31.202837435128764,2.288818359375e-07,0.03069212341308594,1.9573687027749883e-05,0.0,3.084326527794764,True,,,False
yolov10x,/model.2/m.0/Add_output_0,/model.2/m.1/cv1/conv/Conv;/model.2/m.1/Add;/model.2/Concat,0.1598837524652481,1.0816592053316978,23.38649851032406,18.772305050424617,27.39753482171647,27.329287872920567,0.0,0.06235247802734375,0.00012850872630244302,0.0,4.012220900932385,True,4.378861427307127,9.381090641021729,False
yolov10x,/model.2/m.1/cv1/act/Mul_output_0,/model.2/m.1/cv2/conv/Conv,0.09005066007375717,0.5059827132884104,24.846859137451283,22.60242006103554,25.784788040997086,26.252498362801916,1.52587890625e-08,0.10581861877441406,0.00024523949027319977,0.0,1.6262897326382548,True,-1.4840810298919678,8.8063063621521,False
yolov10x,/model.2/m.1/cv2/act/Mul_output_0,/model.2/m.1/Add,0.12048149108886719,0.7029133017043537,24.100932924611943,21.768188667344095,26.111441022250876,26.22325052908858,0.0,0.10682870483398438,0.00026931466312195377,0.0,2.3169506344402153,True,,,False
yolov10x,/model.2/m.1/Add_output_0,/model.2/m.2/cv1/conv/Conv;/model.2/m.2/Add;/model.2/Concat,0.1598837524652481,1.4627842662041741,26.98348194236807,13.881224341971643,30.01933141671126,30.07215628120564,0.0,0.044665420532226566,4.8544320646958185e-05,0.0,3.240367339355161,True,2.637451171875,10.120841979980469,False
yolov10x,/model.2/m.2/cv1/act/Mul_output_0,/model.2/m.2/cv2/conv/Conv,0.0447617769241333,0.2804636234663843,26.456058083416885,20.269101565131454,26.73119690223564,27.322977848519457,1.068115234375e-07,0.036800033569335935,7.265405323496511e-05,0.0,1.3147153016083,True,1.1750469207763672,6.229755878448486,False
yolov10x,/model.2/m.2/cv2/act/Mul_output_0,/model.2/m.2/Add,0.12220647186040878,0.9667675985441062,27.741232156297393,16.053725786470746,28.756370069107074,29.046431504966897,1.068115234375e-07,0.09198916625976562,0.00013471340703267258,0.0,1.749629113777325,True,,,False
yolov10x,/model.2/Concat_output_0,/model.2/cv2/conv/Conv,0.1598837524652481,1.277601500944354,23.074790327271987,15.89324726691199,28.843634075762495,28.753979486101827,9.1552734375e-08,0.09682514038085938,0.00012351078197102544,0.0,4.846577776782187,True,2.941610336303711,8.63713788986206,False
yolov10x,/model.2/cv2/act/Mul_output_0,/model.3/conv/Conv,0.08861395716667175,0.33352824710826345,21.487968503530944,33.74218722924019,22.304422261301582,23.09959952069302,3.0517578125e-08,0.08761954498291015,0.000524639237408931,0.0,1.704892142485072,True,-0.1718769073486328,6.8101441860198975,False
yolov10x,/model.3/act/Mul_output_0,/model.4/cv1/conv/Conv,0.06631961464881897,0.4278137669057305,25.73678411844138,19.687517588128348,26.984067697253376,27.528629991692604,2.288818359375e-07,0.069879638671875,0.00014861473992019907,0.0,1.7560101848315328,True,0.8155739307403564,4.114679336547852,False
yolov10x,/model.4/Split_output_1,/model.4/m.0/cv1/conv/Conv;/model.4/m.0/Add;/model.4/Concat,0.13701026141643524,0.46886535621287656,17.847105916566882,37.11151393319643,21.477713451783263,21.7398708932105,0.0,0.1578299560546875,0.0010856400584592326,0.0,3.224773005654461,True,0.5395827293395996,7.520655155181885,False
yolov10x,/model.4/m.0/cv1/act/Mul_output_0,/model.4/m.0/cv2/conv/Conv,0.061233751475811005,0.33154193705564594,24.87134011345302,23.45611691386951,25.462764526614613,24.542672883203096,9.765625e-07,0.03547396850585938,0.00010200184654015413,0.0,1.3956267923092585,True,-1.8439793586730957,8.327310562133789,False
yolov10x,/model.4/m.0/cv2/act/Mul_output_0,/model.4/m.0/Add,0.03473026305437088,0.26967578879217924,27.70858277414802,16.355726361865436,28.594490159295948,28.694695329118037,1.239013671875e-05,0.04462725830078125,5.9352433139773136e-05,0.0,1.6824514636767072,True,,,False
yolov10x,/model.4/m.0/Add_output_0,/model.4/m.1/cv1/conv/Conv;/model.4/m.1/Add;/model.4/Concat,0.13701026141643524,0.5023031163980154,19.74278395754527,34.641041697419226,22.076068013706088,22.04972372786304,0.0,0.12806787109375,0.0008077771853668178,0.0,2.4681272882508725,True,-1.2091102600097656,9.260648727416992,False
yolov10x,/model.4/m.1/cv1/act/Mul_output_0,/model.4/m.1/cv2/conv/Conv,0.05124049261212349,0.2872422508818425,25.34076950203681,22.655241496546306,25.764512960407195,25.439601646678973,6.40869140625e-07,0.019038421630859375,5.1355559694276594e-05,0.0,1.2672595343433541,True,-1.0002176761627193,7.525913715362549,False
yolov10x,/model.4/m.1/cv2/act/Mul_output_0,/model.4/m.1/Add,0.04596826434135437,0.2737398129679344,25.281982255053883,21.326709871157316,26.28940966279098,26.74551722177537,3.35693359375e-07,0.04859878540039062,0.00011505692961710356,0.0,1.7299647779543712,True,,,False
yolov10x,/model.4/m.1/Add_output_0,/model.4/m.2/cv1/conv/Conv;/model.4/m.2/Add;/model.4/Concat,0.13701026141643524,0.5522577368899181,21.32809688546295,31.507577056101415,22.899586738441066,22.890625422125098,0.0,0.1032481689453125,0.0005294748466138945,0.0,1.9281044691866407,True,-2.2780730724334717,9.247634410858154,False
yolov10x,/model.4/m.2/cv1/act/Mul_output_0,/model.4/m.2/cv2/conv/Conv,0.05120989307761192,0.27000858673180206,25.005072598248034,24.0868503464179,25.23228659287065,24.88166101739967,3.35693359375e-07,0.018954620361328126,5.7458405951528114e-05,0.0,1.214569462202139,True,0.41663050651550293,5.879130125045776,False
yolov10x,/model.4/m.2/cv2/act/Mul_output_0,/model.4/m.2/Add,0.03733294829726219,0.2909077368972324,27.75046557493263,16.29824109981382,28.625072118954826,28.070955318033075,4.2572021484375e-05,0.03700604248046875,5.075027243814796e-05,0.0,1.6203535246525727,True,,,False
yolov10x,/model.4/m.2/Add_output_0,/model.4/m.3/cv1/conv/Conv;/model.4/m.3/Add;/model.4/Concat,0.13701026141643524,0.6077660525331277,22.740517605133743,28.62993602121078,23.73147932933887,23.72905225920267,0.0,0.08739761352539062,0.0003712645838566111,0.0,1.601630014062535,True,-3.0262742042541495,9.191706657409668,False
yolov10x,/model.4/m.3/cv1/act/Mul_output_0,/model.4/m.3/cv2/conv/Conv,0.03919610381126404,0.2662957695161282,27.221234812224843,18.693144067123626,27.434239818133218,28.301675333708154,7.598876953125e-06,0.01276617431640625,2.3341020188550066e-05,0.0,1.2056922403373609,True,1.4505665302276611,4.978513479232788,False
yolov10x,/model.4/m.3/cv2/act/Mul_output_0,/model.4/m.3/Add,0.07758081704378128,0.35309710057728716,22.76354356668764,27.90383650404293,23.954608507321147,23.170226350364945,1.52587890625e-07,0.07543362426757813,0.0003040854374329751,0.0,1.8093501235133387,True,,,False
yolov10x,/model.4/m.3/Add_output_0,/model.4/m.4/cv1/conv/Conv;/model.4/m.4/Add;/model.4/Concat,0.13701026141643524,0.7036476715822215,24.263427861501107,24.728715666408686,25.003855659103003,24.998952278037745,0.0,0.07521478271484375,0.0002361175955472036,0.0,1.5393441505885137,True,-3.6809744834899893,9.193460941314695,False
yolov10x,/model.4/m.4/cv1/act/Mul_output_0,/model.4/m.4/cv2/conv/Conv,0.04860391467809677,0.25304877690320726,25.046096486510827,24.39330962061668,25.122472314519086,24.361210196818647,5.79833984375e-07,0.0140439453125,4.3818758333075154e-05,0.0,1.1221611334340047,True,3.127163887023926,4.390968084335327,False
yolov10x,/model.4/m.4/cv2/act/Mul_output_0,/model.4/m.4/Add,0.08188515156507492,0.3840443277471668,23.449187010787483,27.078682061959537,24.215336417255806,24.21260598229164,1.64794921875e-06,0.07986441040039062,0.00030355265249064025,0.0,1.6299431380033447,True,,,False
yolov10x,/model.4/m.4/Add_output_0,/model.4/m.5/cv1/conv/Conv;/model.4/m.5/Add;/model.4/Concat,0.13701026141643524,0.8032312079689414,25.58031710592976,21.662882402049416,26.15356203693055,26.163770011872387,0.0,0.067496337890625,0.00016216763830418583,0.0,1.4723611596462405,True,-2.545841932296753,7.5462024211883545,False
yolov10x,/model.4/m.5/cv1/act/Mul_output_0,/model.4/m.5/cv2/conv/Conv,0.05298766866326332,0.28153849488175064,25.14031772994392,23.90235808805073,25.29907191158655,26.03779581291978,4.08935546875e-06,0.019298553466796875,5.767413801492322e-05,0.0,1.1977318367680554,True,1.6373782157897951,3.542394280433655,False
yolov10x,/model.4/m.5/cv2/act/Mul_output_0,/model.4/m.5/Add,0.12662817537784576,0.8402261267043597,26.59808192729002,19.139821724021342,27.22912911426308,27.78958228826262,3.96728515625e-06,0.08879891967773437,0.00017156992776651438,0.0,1.5307286253977985,True,,,False
yolov10x,/model.4/Concat_output_0,/model.4/cv2/conv/Conv,0.13701026141643524,0.7520983023048249,22.081354683224596,23.13567674140946,25.58224272830499,25.640045289072386,5.4931640625e-07,0.09625981521606446,0.00026603686088612935,0.0,3.2936148942386505,True,-0.6037280559539795,5.547426700592041,False
yolov10x,/model.4/cv2/act/Mul_output_0,/model.5/cv1/conv/Conv;/model.15/Concat,0.06004241108894348,0.44400497586773563,27.313568964878684,17.174100793337377,28.17040673144396,27.407941876216192,2.5177001953125e-06,0.046087066650390626,7.06322510523725e-05,0.0,1.6984758552065926,True,-2.8327362537384033,7.7193944454193115,False
yolov10x,/model.5/cv1/act/Mul_output_0,/model.5/cv2/conv/Conv,0.06513101607561111,0.3555179942889734,24.5788637804882,23.26644269622884,25.533287134356442,26.310832850557475,6.0272216796875e-07,0.038274429321289063,0.00010726590423677978,0.0,1.8079662285425042,True,1.1508730649948125,3.2435704469680786,True
yolov10x,/model.5/cv2/conv/Conv_output_0,/model.6/cv1/conv/Conv,0.10674072802066803,0.566197271747475,24.56925036894609,23.9423132802923,25.284564696424283,25.260441937872816,6.40869140625e-07,0.08323733520507813,0.00024705626274445586,0.0,1.4959445280985142,True,-0.3950886726379397,3.592140555381775,False
yolov10x,/model.6/Split_output_1,/model.6/m.0/cv1/cv1.0/conv/Conv;/model.6/m.0/Add;/model.6/Concat,0.09833592921495438,0.39653486349967465,20.724403697371905,31.494489286714263,22.903195474748916,22.818439437421546,0.0,0.11938812255859375,0.0006136359243307239,0.003125,2.254652840824636,True,0.3125131130218506,5.040473937988281,True
yolov10x,/model.6/m.0/cv1/cv1.0/act/Mul_output_0,/model.6/m.0/cv1/cv1.1/conv/Conv,0.0472559817135334,0.3173592420725467,26.035002896442197,18.91077643879307,27.3336996700549,27.255128763465777,6.4697265625e-06,0.083065185546875,0.00015357696101033996,0.0,1.8508062703736299,True,-0.24220633506774902,4.996410369873047,False
yolov10x,/model.6/m.0/cv1/cv1.1/act/Mul_output_0,/model.6/m.0/cv1/cv1.2/conv/Conv,0.07124284654855728,0.40465606266242676,25.162090799421,22.359337586929197,25.878708217850388,25.931583613191393,1.8310546875e-07,0.09023599243164063,0.00023352030476821362,0.0,1.5561654868581138,True,-0.03569793701171897,5.207005023956299,True
yolov10x,/model.6/m.0/cv1/cv1.2/act/Mul_output_0,/model.6/m.0/cv1/cv1.3/conv/Conv,0.05792209133505821,0.29560089891765406,23.759273747000144,24.885261264383345,24.949042786445926,24.107395966775247,7.6904296875e-06,0.1040992431640625,0.0003322523134640643,0.0,1.7029152578404607,True,0.011446833610534002,4.570865869522095,False
yolov10x,/model.6/m.0/cv1/cv1.3/act/Mul_output_0,/model.6/m.0/cv1/cv1.4/conv/Conv,0.055465321987867355,0.509025135589462,29.371563340598524,13.838404825140785,30.046166255744435,30.247613160250125,5.126953125e-06,0.05574603271484375,5.5133911542421286e-05,0.0,1.4711997131943593,True,-0.6753926277160645,5.696597576141357,True
yolov10x,/model.6/m.0/cv1/cv1.4/act/Mul_output_0,/model.6/m.0/Add,0.03974383696913719,0.24841404693173053,24.389965093735967,20.318767627772576,26.709939607248035,26.53858664101596,6.16455078125e-06,0.06536865234375,0.0001397223625594223,0.0,2.4138350173045273,True,,,False
yolov10x,/model.6/m.0/Add_output_0,/model.6/m.1/cv1/cv1.0/conv/Conv;/model.6/m.1/Add;/model.6/Concat,0.09833592921495438,0.4597569310904349,22.61367146723726,27.163620960926124,24.18813364509036,24.18581836936194,0.0,0.10860833740234375,0.00041229595925155473,0.0,2.079650686419825,True,0.6507821083068848,5.017975091934204,True
yolov10x,/model.6/m.1/cv1/cv1.0/act/Mul_output_0,/model.6/m.1/cv1/cv1.1/conv/Conv,0.06485017389059067,0.34285138177027635,23.985182411152007,24.02198889087002,25.255707643760175,25.20529475822746,5.79833984375e-06,0.11791510009765625,0.00035146996900561563,0.0,1.777580605029193,True,-0.5743803977966304,5.744632959365845,False
yolov10x,/model.6/m.1/cv1/cv1.1/act/Mul_output_0,/model.6/m.1/cv1/cv1.2/conv/Conv,0.05434994399547577,0.3977496372478964,27.531825812033198,17.353737731062953,28.08002628708814,28.27111316429565,1.861572265625e-06,0.06779098510742188,0.00010538882243959114,0.0,1.3888447479875663,True,0.04434967041015625,5.256315469741821,True
yolov10x,/model.6/m.1/cv1/cv1.2/act/Mul_output_0,/model.6/m.1/cv1/cv1.3/conv/Conv,0.07584206014871597,0.2716906871639237,20.69079277082686,35.451865278972654,21.87510507423275,21.795772638834507,1.190185546875e-06,0.160064208984375,0.0010409482548891559,0.0,1.7070470915754783,True,0.11784744262695312,4.921790361404419,False
yolov10x,/model.6/m.1/cv1/cv1.3/act/Mul_output_0,/model.6/m.1/cv1/cv1.4/conv/Conv,0.04852909967303276,0.4468494732653001,29.444259893807267,13.792554377290257,30.07499278272136,29.691557522207354,1.300048828125e-05,0.05514801025390625,5.415670295308579e-05,0.0,1.4782264204046116,True,-0.14515113830566406,4.791362524032593,True
yolov10x,/model.6/m.1/cv1/cv1.4/act/Mul_output_0,/model.6/m.1/Add,0.03752422332763672,0.2237641056815999,24.313942186903112,21.29732267869152,26.30138665960264,25.8209970249953,1.226806640625e-05,0.0647216796875,0.00015173491446397744,0.0,2.219112458017637,True,,,False
yolov10x,/model.6/m.1/Add_output_0,/model.6/m.2/cv1/cv1.0/conv/Conv;/model.6/m.2/Add;/model.6/Concat,0.09833592921495438,0.4999707117804384,23.77076037017076,24.97878918912272,24.91645922463554,24.915613158984648,0.0,0.10147528076171874,0.0003266692104758996,0.0,1.8232570778245998,True,0.8372480869293213,4.903720855712891,True
yolov10x,/model.6/m.2/cv1/cv1.0/act/Mul_output_0,/model.6/m.2/cv1/cv1.1/conv/Conv,0.06751714646816254,0.3774747189744631,24.333313630743255,22.715899026966984,25.74128828839013,25.787764750335953,1.3427734375e-06,0.11704541015625,0.0003115449619120049,0.0,1.846856283322369,True,-0.46146273612976074,5.975334882736206,False
yolov10x,/model.6/m.2/cv1/cv1.1/act/Mul_output_0,/model.6/m.2/cv1/cv1.2/conv/Conv,0.06699153035879135,0.4210528395828318,26.290204851820626,20.206310362366708,26.758146493061922,27.087615606145647,2.74658203125e-07,0.07847366333007813,0.00016582331055419263,0.0,1.308206697068323,True,-0.036599874496458185,5.467679738998413,True
yolov10x,/model.6/m.2/cv1/cv1.2/act/Mul_output_0,/model.6/m.2/cv1/cv1.3/conv/Conv,0.06770707666873932,0.282744217440979,22.435643606702975,30.411934909773482,23.207005833565738,23.23548203037456,6.103515625e-08,0.13621435546875,0.0006530491768197168,0.0,1.4391720377298975,True,0.01689004898071289,5.334470748901367,False
yolov10x,/model.6/m.2/cv1/cv1.3/act/Mul_output_0,/model.6/m.2/cv1/cv1.4/conv/Conv,0.05999230220913887,0.44973193836604686,27.735871100166605,16.941252623155584,28.288976507975374,27.93472685308646,1.15966796875e-06,0.06747393798828125,0.00010017047687780817,0.0,1.4640297699713911,True,-0.07314944267272949,5.188403606414795,True
yolov10x,/model.6/m.2/cv1/cv1.4/act/Mul_output_0,/model.6/m.2/Add,0.06890851259231567,0.26516732582218344,20.392518196879614,33.00324077293223,22.496755124039687,22.567934417192216,1.15966796875e-06,0.10875140380859374,0.0006141550131150959,0.0,2.261718953817436,True,,,False
yolov10x,/model.6/m.2/Add_output_0,/model.6/m.3/cv1/cv1.0/conv/Conv;/model.6/m.3/Add;/model.6/Concat,0.09833592921495438,0.5609221785200111,25.018602298223765,22.264519907646452,25.915620183049032,25.9139329859846,0.0,0.0891309814453125,0.00022774263828899535,0.0,1.6384463305865724,True,0.6460545063018799,5.122663497924805,True
yolov10x,/model.6/m.3/cv1/cv1.0/act/Mul_output_0,/model.6/m.3/cv1/cv1.1/conv/Conv,0.0631251409649849,0.3890809165203501,25.700656153473556,20.604693168326527,26.588563846032685,26.499855992272305,5.126953125e-06,0.0951318359375,0.00020843001063749054,0.0,1.6333940805576213,True,-0.49312329292297363,6.050942420959473,False
yolov10x,/model.6/m.3/cv1/cv1.1/act/Mul_output_0,/model.6/m.3/cv1/cv1.2/conv/Conv,0.05365482717752457,0.42974681129906234,28.36198663553815,15.8562271374333,28.86388971216571,29.114234465064015,2.25830078125e-06,0.0622001953125,8.082280884938762e-05,0.0,1.3415200529422209,True,0.0047414302825927734,5.491438150405884,True
yolov10x,/model.6/m.3/cv1/cv1.2/act/Mul_output_0,/model.6/m.3/cv1/cv1.3/conv/Conv,0.05417449027299881,0.29384960948521544,24.475881480937225,23.41388262085478,25.478418143469646,25.40690287582776,5.889892578125e-06,0.10977740478515625,0.0003107742435302269,0.0,1.5136135458980693,True,-0.38300931453704856,5.798902988433838,False
yolov10x,/model.6/m.3/cv1/cv1.3/act/Mul_output_0,/model.6/m.3/cv1/cv1.4/conv/Conv,0.050534024834632874,0.45944392952514773,29.405655003464776,13.96867112953572,29.96478502583048,29.525551039545203,5.4931640625e-06,0.0552449951171875,5.567912200091192e-05,0.0,1.3865951037150208,True,-0.08760356903076172,5.599797487258911,True
yolov10x,/model.6/m.3/cv1/cv1.4/act/Mul_output_0,/model.6/m.3/Add,0.05750034376978874,0.32263927498641864,23.92428852115589,22.633771598546293,25.772748298993495,25.56590037697117,7.6904296875e-06,0.078904296875,0.0002095324969424319,0.0,2.0966210058305115,True,,,False
yolov10x,/model.6/m.3/Add_output_0,/model.6/m.4/cv1/cv1.0/conv/Conv;/model.6/m.4/Add;/model.6/Concat,0.09833592921495438,0.644037296734539,26.25496796497458,19.391210840770324,27.115788310144488,27.11446050442578,3.0517578125e-07,0.07890838623046875,0.00015300450440409945,0.0,1.6724097398541071,True,0.689462423324585,5.2490246295928955,True
yolov10x,/model.6/m.4/cv1/cv1.0/act/Mul_output_0,/model.6/m.4/cv1/cv1.1/conv/Conv,0.06511227041482925,0.4220270376743044,26.138132375286737,19.594143513300306,27.025361187081252,26.84102390468682,7.87353515625e-06,0.0930972900390625,0.00018442194434053702,0.0,1.5941009581232886,True,-0.36738109588623047,6.099864959716797,False
yolov10x,/model.6/m.4/cv1/cv1.1/act/Mul_output_0,/model.6/m.4/cv1/cv1.2/conv/Conv,0.05131138861179352,0.4422399903745644,29.051445926493795,14.735316786205724,29.500697340861624,29.22170223241835,8.72802734375e-06,0.058098114013671875,6.521141950107955e-05,0.0,1.298035249719409,True,-0.01288676261901811,5.348383188247681,True
yolov10x,/model.6/m.4/cv1/cv1.2/act/Mul_output_0,/model.6/m.4/cv1/cv1.3/conv/Conv,0.061076562851667404,0.30293741724344087,24.001335823136444,25.60503602606623,24.70137905520622,24.613799038660616,2.3193359375e-06,0.11128469848632813,0.0003771512825640384,0.0,1.3823625472176548,True,-0.5431244373321533,5.726697206497192,False
yolov10x,/model.6/m.4/cv1/cv1.3/act/Mul_output_0,/model.6/m.4/cv1/cv1.4/conv/Conv,0.0525786392390728,0.4561058677975965,29.068153630537154,14.64021328119698,29.556938806661265,29.440249954964322,1.141357421875e-05,0.05798126220703125,6.421909686577806e-05,0.0,1.3732882054928488,True,-0.1387759447097776,5.260082244873047,True
yolov10x,/model.6/m.4/cv1/cv1.4/act/Mul_output_0,/model.6/m.4/Add,0.08764927834272385,0.4387669570222211,22.79649300749392,25.36986473428121,24.781523846009705,24.34299464654886,6.16455078125e-06,0.10691241455078125,0.0003581324101753999,0.0,2.096205785030303,True,,,False
yolov10x,/model.6/m.4/Add_output_0,/model.6/m.5/cv1/cv1.0/conv/Conv;/model.6/m.5/Add;/model.6/Concat,0.09833592921495438,0.7812111467751627,28.001049589443625,15.986283685086125,28.79293656983034,28.56878328812051,4.638671875e-06,0.06876568603515625,9.063063954949864e-05,0.0,1.626535742694309,True,0.5467283725738521,5.436138153076172,True
yolov10x,/model.6/m.5/cv1/cv1.0/act/Mul_output_0,/model.6/m.5/cv1/cv1.1/conv/Conv,0.06173169985413551,0.4566078407992124,27.39755135604798,17.169932666405348,28.17251503888835,26.15865615814858,3.52783203125e-05,0.079012939453125,0.00012053968247728487,0.0,1.4626790567255463,True,-0.33818554878234863,5.989043235778809,False
yolov10x,/model.6/m.5/cv1/cv1.1/act/Mul_output_0,/model.6/m.5/cv1/cv1.2/conv/Conv,0.043393392115831375,0.44223601953913877,-17.75806341559249,12.461582854453251,30.95642269237004,29.607215586513277,4.4647216796875e-05,0.06857052612304687,3.882394477677124e-05,0.0203125,1.3454275022601994,True,-0.06522560119628906,5.337772607803345,True
yolov10x,/model.6/m.5/cv1/cv1.2/act/Mul_output_0,/model.6/m.5/cv1/cv1.3/conv/Conv,0.051156818866729736,0.3298841404168653,-17.995235052875557,19.69453877917473,26.980970586699577,26.392130205029282,2.3193359375e-05,0.10448822021484375,0.00016910414835707898,0.0203125,1.5746891175465454,True,-0.4812889099121094,5.810474395751953,False
yolov10x,/model.6/m.5/cv1/cv1.3/act/Mul_output_0,/model.6/m.5/cv1/cv1.4/conv/Conv,0.04618676379323006,0.46979977067771117,30.348209238085733,12.485572296637365,30.93971780475828,29.57488542195001,4.82177734375e-05,0.0490662841796875,3.9551142165732726e-05,0.0,1.3415560184875357,True,-0.05964756011962935,4.858409881591797,True
yolov10x,/model.6/m.5/cv1/cv1.4/act/Mul_output_0,/model.6/m.5/Add,0.0835086777806282,0.7279390764375634,27.54122777610003,14.569353976767097,29.599080978780933,27.183303682259954,8.795166015625e-05,0.0753731689453125,8.327278790394578e-05,0.0,2.098518480350186,True,,,False
yolov10x,/model.6/Concat_output_0,/model.6/cv2/conv/Conv,0.09833592921495438,0.6993997035398374,24.686975192569527,17.856260085743457,27.832076819010453,27.359728949728197,8.30078125e-06,0.08642119598388671,0.00014248701771875532,0.000390625,2.8635552508781834,True,-1.2879273891448975,6.839308738708496,False
yolov10x,/model.6/cv2/act/Mul_output_0,/model.7/cv1/conv/Conv;/model.12/Concat,0.06658477336168289,0.45117815148860074,26.606924442665527,18.742632348293974,27.411275154905777,27.857930182508014,6.439208984375e-06,0.04635040283203125,8.613422675239504e-05,0.0,1.478679710854698,True,-1.452772617340088,6.1056602001190186,False
yolov10x,/model.7/cv1/act/Mul_output_0,/model.7/cv2/conv/Conv,0.05764082074165344,0.4610223174542405,28.15333402126012,15.87858972774476,28.851648329179806,28.696730021736553,3.35693359375e-06,0.04842355346679687,6.326387202741316e-05,0.0,1.528360674272043,True,0.27858138084411577,3.243196725845337,True
yolov10x,/model.7/cv2/conv/Conv_output_0,/model.8/cv1/conv/Conv,0.05586215481162071,0.6452734090119365,31.03534444810743,10.994554497355079,32.044334153381314,26.631704547222196,6.4453125e-05,0.037448486328125,2.3346687907372074e-05,0.0,1.6751539539140212,True,-0.12316215038299516,3.326651692390442,False
yolov10x,/model.8/Split_output_1,/model.8/m.0/cv1/cv1.0/conv/Conv;/model.8/m.0/Add;/model.8/Concat,0.09432529658079147,0.4833018681434353,21.968917706030428,24.786398429987596,24.983618349576062,25.168026525540604,7.32421875e-07,0.0964013671875,0.00030768418181072036,0.0,2.703470482491715,True,0.21084856986999512,4.1362526416778564,True
yolov10x,/model.8/m.0/cv1/cv1.0/act/Mul_output_0,/model.8/m.0/cv1/cv1.1/conv/Conv,0.047387175261974335,0.311834159338349,-0.4819578366133541,19.299268787743205,27.157069784894883,26.717549240217977,2.1240234375e-05,0.110753173828125,0.0002117458209492077,0.021875,2.087351605519511,True,-0.5589804649353027,4.884509801864624,False
yolov10x,/model.8/m.0/cv1/cv1.1/act/Mul_output_0,/model.8/m.0/cv1/cv1.2/conv/Conv,0.0453910306096077,0.33777293299364425,-13.212148936084319,17.066675048023015,28.224908488875244,27.794452563519467,8.9111328125e-06,0.1100677490234375,0.0001201281923009116,0.0359375,2.056541248784846,True,-0.4456319808959961,5.4721598625183105,True
yolov10x,/model.8/m.0/cv1/cv1.2/act/Mul_output_0,/model.8/m.0/cv1/cv1.3/conv/Conv,0.04368074610829353,0.21463843507465652,-7.401181886173838,25.845579585146236,24.62016136692612,23.88254269976645,1.52587890625e-05,0.1735478515625,0.0004907967902000444,0.0515625,3.0129960455208264,True,-1.1039845943450928,5.809971332550049,False
yolov10x,/model.8/m.0/cv1/cv1.3/act/Mul_output_0,/model.8/m.0/cv1/cv1.4/conv/Conv,0.03979538008570671,0.3971394524217406,28.999187838086947,12.726041797322276,30.774019973669525,27.332479297223525,6.0302734375e-05,0.053847412109375,4.507666563040702e-05,0.0,1.96515302827263,True,-0.6946702003479006,6.112029552459717,True
yolov10x,/model.8/m.0/cv1/cv1.4/act/Mul_output_0,/model.8/m.0/Add,0.04572497308254242,0.2930668046480719,22.389155038032584,19.814839106245028,26.928075874128286,25.43118633245126,2.6611328125e-05,0.09567626953125,0.00019473162690892415,0.003125,3.0042529217645986,True,,,False
yolov10x,/model.8/m.0/Add_output_0,/model.8/m.1/cv1/cv1.0/conv/Conv;/model.8/m.1/Add;/model.8/Concat,0.09432529658079147,0.5665212314014819,23.84370058766066,21.145390502180536,26.3635726819198,26.321675208180302,1.220703125e-06,0.096094970703125,0.00022227911159078994,0.0,2.349610144095692,True,0.0013079643249509498,4.709542751312256,True
yolov10x,/model.8/m.1/cv1/cv1.0/act/Mul_output_0,/model.8/m.1/cv1/cv1.1/conv/Conv,0.03956552967429161,0.32990078159281794,24.37875506679766,15.23131362215732,29.213139667434966,27.006228666925725,5.7373046875e-05,0.07663671875,9.14341728411495e-05,0.003125,2.4947004613457167,True,-0.7423844337463379,5.781522035598755,False
yolov10x,/model.8/m.1/cv1/cv1.1/act/Mul_output_0,/model.8/m.1/cv1/cv1.2/conv/Conv,0.036336373537778854,0.32147984627404563,-20.092946663903803,14.354615049069343,29.728055871271813,29.888419724995074,9.1552734375e-06,0.147331787109375,8.080825677777727e-05,0.096875,7.497089047722062,True,-0.18703687191009521,5.681257486343384,True
yolov10x,/model.8/m.1/cv1/cv1.2/act/Mul_output_0,/model.8/m.1/cv1/cv1.3/conv/Conv,0.02623671479523182,0.20507157764615347,-18.655014035703857,16.248291534304393,28.651732824043677,26.576009031678232,6.3720703125e-05,0.1702135009765625,0.00013951698503639575,0.109375,15.889061176823878,True,0.046473145484924316,5.485651016235352,False
yolov10x,/model.8/m.1/cv1/cv1.3/act/Mul_output_0,/model.8/m.1/cv1/cv1.4/conv/Conv,0.04301829636096954,0.4063881266270865,23.14070618924386,13.443610381010062,30.2975685320449,27.613222147674307,6.4453125e-05,0.071590087890625,6.720363942699105e-05,0.015625,2.8784277006230754,True,-0.46552366018295266,4.806452989578247,True
yolov10x,/model.8/m.1/cv1/cv1.4/act/Mul_output_0,/model.8/m.1/Add,0.0667872354388237,0.3659701631668674,12.463043275009241,23.1766951363824,25.566856716724033,25.054261602093284,3.1005859375e-05,0.168530029296875,0.0004551872327320752,0.05,5.314098659574177,True,,,False
yolov10x,/model.8/m.1/Add_output_0,/model.8/m.2/cv1/cv1.0/conv/Conv;/model.8/m.2/Add;/model.8/Concat,0.09432529658079147,0.6810042426874373,25.71267999368474,17.590657906163297,27.96224522441651,27.52912177879925,2.24609375e-05,0.084949462890625,0.00013543095166031446,0.0,2.3274516362167597,True,-0.7134354114532471,5.271890878677368,True
yolov10x,/model.8/m.2/cv1/cv1.0/act/Mul_output_0,/model.8/m.2/cv1/cv1.1/conv/Conv,0.05358797311782837,0.30664059441589814,10.11411493862851,22.194297525831285,25.943058806071825,25.940525283621664,4.39453125e-06,0.13932763671875,0.00032386247826593137,0.03125,4.553356603438788,True,-0.9262204170227051,6.269424915313721,False
yolov10x,/model.8/m.2/cv1/cv1.1/act/Mul_output_0,/model.8/m.2/cv1/cv1.2/conv/Conv,0.03502466529607773,0.2748317522254861,-60.27621649337141,16.18492934889268,28.685670720737072,30.094806884382024,1.35498046875e-05,0.370190673828125,9.813375152719826e-05,0.3265625,946.6643057617438,True,0.32143259048461914,6.482369422912598,True
yolov10x,/model.8/m.2/cv1/cv1.2/act/Mul_output_0,/model.8/m.2/cv1/cv1.3/conv/Conv,0.03120521456003189,0.17215904787899095,-31.3610261545911,23.019773273314403,25.625866042489136,26.9668687559448,5.126953125e-06,0.414249267578125,0.0003358765760586377,0.3546875,483.65847588152076,True,-0.5222175121307373,7.232320547103882,False
yolov10x,/model.8/m.2/cv1/cv1.3/act/Mul_output_0,/model.8/m.2/cv1/cv1.4/conv/Conv,0.035747941583395004,0.3133576047541235,-5.155786288914342,14.488202973894552,29.647596446803767,29.755218515739266,5.859375e-06,0.14503076171875,0.00010617653752858618,0.103125,14.527884663099067,True,0.19944238662719727,7.01242470741272,True
yolov10x,/model.8/m.2/cv1/cv1.4/act/Mul_output_0,/model.8/m.2/Add,0.053135503083467484,0.3724952364574551,-33.43251849318072,18.11622869537319,27.70653098988295,27.35881638901222,1.6845703125e-05,0.228229736328125,0.0002853824630633771,0.159375,31.08137917266136,True,,,False
yolov10x,/model.8/Concat_output_0,/model.8/cv2/conv/Conv,0.09432529658079147,0.6628650143856992,24.80252779389345,18.072024327399713,27.72775082895401,27.61808534006982,1.0400390625e-05,0.08491875,0.00014357444176441044,0.0,2.4631432714641246,True,0.7545247077941895,3.7138451337814335,False
yolov10x,/model.8/cv2/act/Mul_output_0,/model.9/cv1/conv/Conv,0.0466032400727272,0.6502346444797569,32.62853158205193,9.102270295012884,33.68489232191054,33.16339200205695,3.515625e-05,0.03787841796875,1.623701186464924e-05,0.0,1.6009853090633648,True,0.8048667907714844,3.3318415880203247,False
yolov10x,/model.9/cv1/act/Mul_output_0,/model.9/m/MaxPool;/model.9/Concat,0.039102960377931595,0.8104779792478515,35.70726375898485,6.127342253772254,37.12244409334679,37.242497756754304,5.615234375e-06,0.02867578125,5.547771365244357e-06,0.0,1.8921476340903143,True,,,False
yolov10x,/model.9/m/MaxPool_output_0,/model.9/m_1/MaxPool;/model.9/Concat,0.039102960377931595,1.7883091055594147,42.49685897548542,2.776967333308878,43.99647145993874,42.685457572835325,9.2041015625e-05,0.000989990234375,3.743608250666775e-08,0.0,1.7841646543233127,True,,,False
yolov10x,/model.9/m_1/MaxPool_output_0,/model.9/m_2/MaxPool;/model.9/Concat,0.039102960377931595,2.119161291373731,44.14919753787499,2.343415759910417,45.47089995343837,42.29026107736553,0.0002607421875,5.078125e-05,1.3529558035181199e-09,0.0,1.6799417823888663,True,,,False
yolov10x,/model.9/Concat_output_0,/model.9/cv2/conv/Conv,0.039102960377931595,1.8477461974355118,40.05269800858277,2.6876396633313235,44.28046604669893,41.715642405306056,0.00020867919921875,0.00742919921875,2.760594402378307e-07,0.0,3.5120498466348815,True,8.758233308792114,6.392611503601074,False
yolov10x,/model.9/cv2/act/Mul_output_0,/model.10/cv1/conv/Conv,0.052383165806531906,0.5949265016327243,29.93650084972471,11.182325949796986,31.897243935424058,31.620500049308298,2.47802734375e-05,0.0425013427734375,2.7489560235729485e-05,0.0,1.910749737422422,True,0.10800623893737793,5.6832664012908936,False
yolov10x,/model.10/Split_output_1,/model.10/attn/Shape;/model.10/attn/qkv/conv/Conv;/model.10/Add,0.05665363743901253,0.7395293269908925,30.827534548713587,9.729177318809967,33.106364505896366,33.17310965033275,1.5625e-05,0.044810546875,2.1945552170694013e-05,0.0,2.230565875975123,True,-0.28431677818298295,5.852624893188477,False
yolov10x,/model.10/attn/Split_output_1,/model.10/attn/MatMul,0.08361928910017014,1.096817222834141,32.12010443163571,9.682241940257619,33.14836826742064,33.146591193763214,0.0,0.03276611328125,1.5935600412781714e-05,0.0,1.7259920695917366,True,,,False
yolov10x,/model.10/attn/Split_output_2,/model.10/attn/Reshape_2;/model.10/attn/MatMul_1,0.05480775237083435,1.0665923184102002,36.301028223809254,6.526002888780411,36.57494164568817,36.4209475613677,8.7890625e-06,0.02487841796875,5.497643418268863e-06,0.0,1.303487315010348,True,,,False
yolov10x,/model.10/attn/Transpose_output_0,/model.10/attn/MatMul,0.008664101362228394,0.19722762092145582,37.03444146534856,5.5790404399858735,37.93669669100421,37.9014298648374,5.37109375e-06,0.0184990234375,2.973022857537354e-06,0.0,1.6821873345862879,True,,,False
yolov10x,/model.10/attn/Reshape_2_output_0,/model.10/attn/pe/conv/Conv,0.05480775237083435,1.0665923184102002,35.912793129344216,6.526002888780411,36.57494164568817,36.4209475613677,8.7890625e-06,0.02487841796875,5.497643418268863e-06,0.0,1.5656464265962133,True,-0.6256101131439211,5.179325103759766,True
yolov10x,/model.10/attn/Transpose_1_output_0,/model.10/attn/MatMul_1,0.007171638309955597,0.010386110631745592,9.34926216715806,87.69385361450585,14.008503777348118,17.155228722567834,1.1328125e-06,0.8382092578125,0.011679714179038497,0.6,3.3835144012144007,True,,,False
yolov10x,/model.10/attn/Reshape_1_output_0,/model.10/attn/Add,0.045175597071647644,0.6721480974923952,30.83868555369319,8.53576890197798,34.243033910485416,33.68423059570264,9.765625e-06,0.0376982421875,1.4224283038284848e-05,0.0,3.0765966405741247,True,,,False
yolov10x,/model.10/attn/Add_output_0,/model.10/attn/proj/conv/Conv,0.02863786369562149,0.4676705224070995,33.97980593213363,7.7768610914886205,35.051800044478384,30.88914815877626,0.00012353515625,0.032336669921875,1.0112946310839821e-05,0.0,1.629287215113653,True,-0.1422353982925415,3.0242172479629517,False
yolov10x,/model.10/Add_output_0,/model.10/ffn/ffn.0/conv/Conv;/model.10/Add_1,0.06358017772436142,0.98383740119683,33.689249478868675,8.207334424541205,34.58384427967245,34.437114591151065,1.4892578125e-05,0.031873046875,1.107661764858036e-05,0.0,1.566651956900151,True,0.08305668830871582,4.336854934692383,False
yolov10x,/model.10/ffn/ffn.0/act/Mul_output_0,/model.10/ffn/ffn.1/conv/Conv,0.03948429599404335,0.3702978777449222,3.37131561243649,13.541815637133418,30.23434894220697,22.345862963456554,0.0002269287109375,0.290252685546875,0.00016928151251728064,0.23125,62.06714995021557,True,0.8025737106800079,2.61115038394928,False
yolov10x,/model.10/Concat_output_0,/model.10/cv2/conv/Conv,0.058200132101774216,0.7898452644549548,31.39751097159538,9.358056710039135,33.44417342562147,33.053793023760726,2.587890625e-05,0.040525634765625,1.835206725049444e-05,0.0,2.1653275024544545,True,-1.3851172924041748,6.053639888763428,False
yolov10x,/model.10/cv2/act/Mul_output_0,/model.11/Resize;/model.21/Concat,0.03584151342511177,0.3822054580316344,29.72220665094503,11.9094903260446,31.350023359969573,27.172634825057855,0.0001092529296875,0.0386798095703125,2.829247206687711e-05,0.0,1.6390707123616368,True,,,False
yolov10x,/model.12/Concat_output_0,/model.13/cv1/conv/Conv,0.06658477336168289,0.41811645299476213,25.328728763291178,20.22466744938081,26.750259093277535,27.212592458597218,3.5247802734375e-06,0.059181182861328126,0.00012634141139351921,0.0,1.7568653813742638,True,-0.8619173765182497,4.992321491241455,False
yolov10x,/model.13/Split_output_1,/model.13/m.0/cv1/cv1.0/conv/Conv;/model.13/m.0/Add;/model.13/Concat,0.0733913779258728,0.2974713673330808,20.39321097779043,31.333116461421934,22.947815021101274,22.786704159630876,0.0,0.1009576416015625,0.0005094126530936065,0.003125,2.261528974649594,True,-0.5965583324432373,4.785647392272949,True
yolov10x,/model.13/m.0/cv1/cv1.0/act/Mul_output_0,/model.13/m.0/cv1/cv1.1/conv/Conv,0.037828173488378525,0.31723523421877997,27.166872102373546,15.143898012636551,29.263133355856066,26.457561583494076,4.522705078125e-05,0.0554154052734375,6.594375888831703e-05,0.0,2.1982379018414817,True,0.6842952966690063,4.056647539138794,False
yolov10x,/model.13/m.0/cv1/cv1.1/act/Mul_output_0,/model.13/m.0/cv1/cv1.2/conv/Conv,0.04264446347951889,0.42769841257791424,29.564974956985346,12.662770547253993,30.817312131301826,29.995862219359207,2.349853515625e-05,0.052758087158203126,4.3749682909495986e-05,0.0,1.7041248442578627,True,0.20120644569396995,3.7909493446350098,True
yolov10x,/model.13/m.0/cv1/cv1.2/act/Mul_output_0,/model.13/m.0/cv1/cv1.3/conv/Conv,0.04719923436641693,0.2922322791039399,24.393677936491436,20.512117220298318,26.62767708555175,26.36760932810322,1.1932373046875e-05,0.09703518676757812,0.00021102367658856468,0.0,2.22362449941653,True,-0.22081685066223145,3.9887090921401978,False
yolov10x,/model.13/m.0/cv1/cv1.3/act/Mul_output_0,/model.13/m.0/cv1/cv1.4/conv/Conv,0.05379897728562355,0.5107788791266358,29.173495308289283,13.376571339356886,30.34099067854754,30.290232430074052,1.220703125e-05,0.05759735107421875,5.317534438599733e-05,0.0,1.7300528910351276,True,-0.691953659057617,4.420777797698975,True
yolov10x,/model.13/m.0/cv1/cv1.4/act/Mul_output_0,/model.13/m.0/Add,0.03518024832010269,0.28182479878368,26.047075734081403,15.853436446813388,28.86541856035022,25.64781977584195,1.67236328125e-05,0.061366455078125,7.991892380050826e-05,0.0,2.556216965609124,True,,,False
yolov10x,/model.13/m.0/Add_output_0,/model.13/m.1/cv1/cv1.0/conv/Conv;/model.13/m.1/Add;/model.13/Concat,0.0733913779258728,0.39122051747845293,23.907271051398567,23.824683471769085,25.327344090976542,25.13768883427008,1.5869140625e-06,0.08265936279296875,0.00024237156657359364,0.0,1.7338551301813452,True,0.3284834623336792,3.8699105978012085,True
yolov10x,/model.13/m.1/cv1/cv1.0/act/Mul_output_0,/model.13/m.1/cv1/cv1.1/conv/Conv,0.03438824042677879,0.31698759113915936,28.30348052148167,13.777531538399035,30.08445860259388,28.387916965466715,3.173828125e-05,0.06654827880859375,6.524050163645348e-05,0.0,2.18150709467774,True,0.13123345375061035,4.010587096214294,False
yolov10x,/model.13/m.1/cv1/cv1.1/act/Mul_output_0,/model.13/m.1/cv1/cv1.2/conv/Conv,0.03300337865948677,0.39092234445117113,31.68494585737855,10.721896942573867,32.26245430900715,31.25718798632228,4.248046875e-05,0.04240673828125,2.515611613900913e-05,0.0,1.4314360470803145,True,0.31569766998291016,3.548155665397644,True
yolov10x,/model.13/m.1/cv1/cv1.2/act/Mul_output_0,/model.13/m.1/cv1/cv1.3/conv/Conv,0.03981546685099602,0.2598580377991536,25.983906724974172,19.45894894344101,27.085499308319086,26.893381150421543,9.185791015625e-06,0.0830054931640625,0.0001624347220612988,0.0,1.7380068895689516,True,-0.5100113153457642,3.8616294860839844,False
yolov10x,/model.13/m.1/cv1/cv1.3/act/Mul_output_0,/model.13/m.1/cv1/cv1.4/conv/Conv,0.034996889531612396,0.4036029650439307,31.393351481073744,11.012319917003078,32.0303104892252,30.957363045412876,4.107666015625e-05,0.04433319091796875,2.783265581930211e-05,0.0,1.48519518016329,True,-0.3571770191192625,4.1612935066223145,True
yolov10x,/model.13/m.1/cv1/cv1.4/act/Mul_output_0,/model.13/m.1/Add,0.03582677245140076,0.25671624536512994,26.027534051118952,17.72384951663806,27.89672579915537,26.984363985673284,2.64892578125e-05,0.0620146484375,0.00010056907907257864,0.0,2.0665490727936655,True,,,False
yolov10x,/model.13/m.1/Add_output_0,/model.13/m.2/cv1/cv1.0/conv/Conv;/model.13/m.2/Add;/model.13/Concat,0.0733913779258728,0.46525936843872595,25.925674783605817,20.03335263911697,26.83281416349332,26.65301259059865,1.5869140625e-06,0.0748310546875,0.0001549103199982328,0.0,1.583272713658914,True,0.03624248504638694,4.194695234298706,True
yolov10x,/model.13/m.2/cv1/cv1.0/act/Mul_output_0,/model.13/m.2/cv1/cv1.1/conv/Conv,0.03646280616521835,0.36765333968032843,29.51999653275412,12.595496581124907,30.863580992430762,27.992534437568516,6.988525390625e-05,0.05867254638671875,4.802732975988668e-05,0.0,1.8621987745072877,True,-0.049987077713012695,4.678952932357788,False
yolov10x,/model.13/m.2/cv1/cv1.1/act/Mul_output_0,/model.13/m.2/cv1/cv1.2/conv/Conv,0.02899385429918766,0.41922932711906125,33.43092790809747,8.783306075700857,33.994726538291125,29.823037346978225,0.0001566162109375,0.03420590209960937,1.3656991532280993e-05,0.0,1.3503572244047946,True,0.26338148117065474,4.171020269393921,True
yolov10x,/model.13/m.2/cv1/cv1.2/act/Mul_output_0,/model.13/m.2/cv1/cv1.3/conv/Conv,0.03370704874396324,0.28858574305870816,28.369124329800222,14.833702958127326,29.442895317504743,27.03243376070949,6.8572998046875e-05,0.06322640991210937,7.183428242250288e-05,0.0,1.6243204862074996,True,-0.34628474712371804,4.41773247718811,False
yolov10x,/model.13/m.2/cv1/cv1.3/act/Mul_output_0,/model.13/m.2/cv1/cv1.4/conv/Conv,0.03404282405972481,0.45869646661701863,32.79988520214532,9.4254893382356,33.381808749510725,30.121249095487116,0.00012713623046875,0.03764678955078125,1.7278236353513983e-05,0.0,1.3752258321189685,True,0.021685361862182173,4.448927164077759,True
yolov10x,/model.13/m.2/cv1/cv1.4/act/Mul_output_0,/model.13/m.2/Add,0.05658100172877312,0.46523460076054884,27.847815347376642,15.445513312653699,29.091839957181296,27.542141575884976,5.35888671875e-05,0.06706573486328125,8.298671052682566e-05,0.0,1.6463977794056128,True,,,False
yolov10x,/model.13/Concat_output_0,/model.13/cv2/conv/Conv,0.0733913779258728,0.5413951329593666,24.45053816325389,17.216085681519036,28.149198571572178,27.91896393342168,3.22265625e-06,0.0732414306640625,0.00011236971698477325,0.000625,2.973747465440722,True,-1.742502212524414,5.9533514976501465,False
yolov10x,/model.13/cv2/act/Mul_output_0,/model.14/Resize;/model.18/Concat,0.0691278725862503,0.3561446651138127,24.254591847264436,24.650768854415432,25.031277491287685,25.798793713805072,3.0517578125e-07,0.04601654052734375,0.00014559642061821211,0.0,1.4093558813507157,True,,,False
yolov10x,/model.15/Concat_output_0,/model.16/cv1/conv/Conv,0.06004241108894348,0.38765038525857637,26.008440831187386,19.670781968162945,26.991454386131895,26.145765311375,1.6123453776041668e-06,0.041947316487630205,8.436372754204337e-05,0.0,1.6721058995379723,True,-2.6063156127929688,6.469999551773071,False
yolov10x,/model.16/Split_output_1,/model.16/m.0/cv1/conv/Conv;/model.16/Concat,0.11170782148838043,0.42354839122140997,19.070782026352973,33.495330458257165,22.368201543373573,21.49893241425476,0.0,0.07422012329101563,0.00043547929303375493,0.0,1.9237868326789662,True,1.3364124298095694,6.864892482757568,False
yolov10x,/model.16/m.0/cv1/act/Mul_output_0,/model.16/m.0/cv2/conv/Conv,0.04039384424686432,0.31400912318333196,28.141294678738326,16.337162969486858,28.604354053135534,28.6299747529546,8.11767578125e-06,0.028187103271484375,3.8937505389561774e-05,0.0,1.3985428518086578,True,-1.9345567226409912,6.399657726287842,False
yolov10x,/model.16/m.0/cv2/act/Mul_output_0,/model.16/m.1/cv1/conv/Conv;/model.16/Concat,0.11170782148838043,0.30749078410758673,19.258946773127718,46.13762123049684,19.58678289258245,18.52639135536097,0.0,0.07874197387695313,0.0008780112297271182,0.0,1.3602220790424184,True,-0.9735140800476074,5.252523422241211,False
yolov10x,/model.16/m.1/cv1/act/Mul_output_0,/model.16/m.1/cv2/conv/Conv,0.045592550188302994,0.32567192659509375,27.508774015268035,17.779407437575895,27.8695412304654,28.407064508472498,4.119873046875e-06,0.035781494140625,5.870244411106845e-05,0.0,1.3115778146178616,True,-1.2521809339523315,4.378299713134766,False
yolov10x,/model.16/m.1/cv2/act/Mul_output_0,/model.16/m.2/cv1/conv/Conv;/model.16/Concat,0.11170782148838043,0.33286859741836894,19.66493925661574,42.62010126234103,20.275597334948813,19.29563844732766,0.0,0.08113888549804688,0.0007720544207493414,0.0,1.3959577163658161,True,-1.4994733333587646,4.663595914840698,False
yolov10x,/model.16/m.2/cv1/act/Mul_output_0,/model.16/m.2/cv2/conv/Conv,0.07258012890815735,0.3094144238581437,22.97749228991445,29.790713233077923,23.38626885995242,23.29229999069623,9.1552734375e-08,0.052595703125,0.00024320096121768892,0.0,1.3183561810548472,True,0.23108124732971203,2.034614086151123,False
yolov10x,/model.16/Concat_output_0,/model.16/cv2/conv/Conv,0.11170782148838043,0.39123245534743967,20.106412727783095,36.26205631745311,21.678838318491984,20.819796651869087,1.220703125e-08,0.08761875,0.0006014773249754649,0.0,1.8639937129086568,True,-0.6451996564865115,4.049907922744751,False
yolov10x,/model.16/cv2/act/Mul_output_0,/model.17/conv/Conv;/model.23/Shape;/model.23/one2one_cv2.0/one2one_cv2.0.0/conv/Conv;/model.23/one2one_cv3.0/one2one_cv3.0.0/one2one_cv3.0.0.0/conv/Conv,0.06323014199733734,0.37676068785119,24.697951724777052,21.313869234768887,26.294640940426618,26.185888783754443,2.655029296875e-06,0.05911219787597656,0.00013878884365958933,0.0,2.0477066703038562,True,-0.6596436500549314,3.6719104051589966,True
yolov10x,/model.23/one2one_cv2.0/one2one_cv2.0.0/act/Mul_output_0,/model.23/one2one_cv2.0/one2one_cv2.0.1/conv/Conv,0.09820639342069626,0.659433602124898,23.961094684539304,18.913522035029942,27.332438684555726,27.27230616223895,1.220703125e-07,0.0773797607421875,0.00014302570963723062,0.0,2.7237069836313714,False,2.6301915645599365,4.086835622787476,False
yolov10x,/model.23/one2one_cv3.0/one2one_cv3.0.0/one2one_cv3.0.0.0/act/Mul_output_0,/model.23/one2one_cv3.0/one2one_cv3.0.0/one2one_cv3.0.0.1/conv/Conv,0.09556055814027786,0.5853167493850188,21.91549111820123,20.734398761980678,26.534057947798512,26.50167195318078,4.119873046875e-07,0.08964955139160156,0.00019815528629212642,0.0,3.5185634881628394,False,3.065248489379883,4.766539573669434,False
yolov10x,/model.18/Concat_output_0,/model.19/cv1/conv/Conv,0.0691278725862503,0.38827988446618616,24.795625692350406,22.610596555944788,25.781646461934407,26.41394032449506,1.2003580729166666e-06,0.05339436848958334,0.00014178270245754622,0.0,1.6683928776511123,True,-0.3826124668121338,3.5122331380844116,False
yolov10x,/model.23/one2one_cv2.0/one2one_cv2.0.1/act/Mul_output_0,/model.23/one2one_cv2.0/one2one_cv2.0.2/Conv,0.20916032791137695,1.6282518095947713,26.115529430099222,16.314037846121472,28.61665757018765,28.194567851038357,1.55029296875e-05,0.1224310302734375,0.00016944620839705042,0.0,2.577883785853983,False,-6.674776077270508,11.729689598083496,False
yolov10x,/model.23/one2one_cv3.0/one2one_cv3.0.0/one2one_cv3.0.0.1/act/Mul_output_0,/model.23/one2one_cv3.0/one2one_cv3.0.1/one2one_cv3.0.1.0/conv/Conv,0.10754576325416565,0.497038788703849,21.716519086350743,27.47936829818946,24.08775198270674,23.6371984218213,1.52587890625e-07,0.12108592224121094,0.00047318150730553355,0.0,2.4379840746688286,False,-0.7939199209213255,5.253785610198975,True
yolov10x,/model.19/Split_output_1,/model.19/m.0/cv1/cv1.0/conv/Conv;/model.19/m.0/Add;/model.19/Concat,0.06908152252435684,0.24584834606793038,20.21929420633157,35.686037758290034,21.81792026636991,21.903491372457253,0.0,0.12672857666015624,0.0008321826090907479,0.0,2.0277395895929606,True,-0.0760500431060791,4.085604190826416,True
yolov10x,/model.23/one2one_cv3.0/one2one_cv3.0.1/one2one_cv3.0.1.0/act/Mul_output_0,/model.23/one2one_cv3.0/one2one_cv3.0.1/one2one_cv3.0.1.1/conv/Conv,0.38285714387893677,0.5963295748488205,9.36776430207405,81.53688719019458,14.640804329601913,14.601574238819154,1.52587890625e-07,0.5128915863037109,0.015222737039138526,0.5,4.351982802525747,False,2.759095311164857,3.811288952827454,False
yolov10x,/model.19/m.0/cv1/cv1.0/act/Mul_output_0,/model.19/m.0/cv1/cv1.1/conv/Conv,0.031419821083545685,0.23414510492861695,27.223766416739817,17.042070039545848,28.237439962824133,27.87932571288399,1.080322265625e-05,0.06814874267578125,0.00010225578729330321,0.0,1.7710329188567808,True,0.12403476238250732,3.9242289066314697,False
yolov10x,/model.23/one2one_cv3.0/one2one_cv3.0.1/one2one_cv3.0.1.1/act/Mul_output_0,/model.23/one2one_cv3.0/one2one_cv3.0.2/Conv,0.4210742115974426,1.6214907810164503,18.18336376875392,32.9797896472485,22.50292925386843,21.888732797418346,2.593994140625e-07,0.27493304443359373,0.0016398648063067425,0.00625,3.4965139509157965,False,-19.569281339645386,24.317045211791992,False
yolov10x,/model.19/m.0/cv1/cv1.1/act/Mul_output_0,/model.19/m.0/cv1/cv1.2/conv/Conv,0.033521540462970734,0.3181398921561293,29.68469074310423,13.381646702476456,30.337695687499227,29.55986930608581,1.9775390625e-05,0.052408599853515626,4.8466953231235305e-05,0.0,1.5248535218054817,True,-0.18007957935333252,3.8952789306640625,True
yolov10x,/model.19/m.0/cv1/cv1.2/act/Mul_output_0,/model.19/m.0/cv1/cv1.3/conv/Conv,0.04180021956562996,0.2359286000611894,24.41624947641951,22.5009934508075,25.823853014542337,25.52229693869306,5.950927734375e-06,0.09958233642578125,0.00025984073348358204,0.0,1.814578542221694,True,-0.648181676864624,4.418724775314331,False
yolov10x,/model.19/m.0/cv1/cv1.3/act/Mul_output_0,/model.19/m.0/cv1/cv1.4/conv/Conv,0.042867764830589294,0.4239922349240205,29.811540958755856,12.840343961630438,30.696353727933566,29.200416556818958,3.131103515625e-05,0.05443743896484375,4.630241308922468e-05,0.0,1.6148992035170358,True,-0.4147521257400508,4.942049980163574,True
yolov10x,/model.19/m.0/cv1/cv1.4/act/Mul_output_0,/model.19/m.0/Add,0.04504919424653053,0.2802836943819253,24.422992928923566,20.412345719667112,26.670028574033854,25.686084161010314,1.23291015625e-05,0.081175048828125,0.0001751169127375652,0.0,2.211024222931514,True,,,False
yolov10x,/model.19/m.0/Add_output_0,/model.19/m.1/cv1/cv1.0/conv/Conv;/model.19/m.1/Add;/model.19/Concat,0.06908152252435684,0.35849325201198234,23.945240986036037,24.472854959903337,25.09419415295406,24.990968076107794,1.3427734375e-06,0.09406292724609375,0.0002904966060446938,0.0,1.7612563182274363,True,0.20684194564819336,4.288894414901733,True
yolov10x,/model.19/m.1/cv1/cv1.0/act/Mul_output_0,/model.19/m.1/cv1/cv1.1/conv/Conv,0.05492018163204193,0.30847301994777304,24.24805730902282,22.61093391068764,25.781516867644473,25.623054202037338,5.37109375e-06,0.12129205322265625,0.00031916933870516716,0.0,1.9788130854632466,True,-0.9271979331970215,5.661222219467163,False
yolov10x,/model.19/m.1/cv1/cv1.1/act/Mul_output_0,/model.19/m.1/cv1/cv1.2/conv/Conv,0.03722621873021126,0.37091900882792483,30.000625077241178,12.745989464589824,30.760415776182427,28.80071746797309,4.0069580078125e-05,0.054260223388671876,4.556089022812188e-05,0.0,1.5570688503063377,True,0.1162909269332888,5.355657339096069,True
yolov10x,/model.19/m.1/cv1/cv1.2/act/Mul_output_0,/model.19/m.1/cv1/cv1.3/conv/Conv,0.029407396912574768,0.243805114901818,26.89906502763473,15.318544114224187,29.163537047820466,22.636334067898247,0.000124847412109375,0.07809622192382812,9.461034808208302e-05,0.0,2.3459964696773867,True,-0.8477845191955566,6.225968837738037,False
yolov10x,/model.19/m.1/cv1/cv1.3/act/Mul_output_0,/model.19/m.1/cv1/cv1.4/conv/Conv,0.06390949338674545,0.40626062641587224,25.774037056864017,19.978568269641126,26.856599639107188,26.90356792381534,2.0751953125e-06,0.0885638427734375,0.0001826517710659438,0.0,1.695184679647852,True,0.08004808425903498,6.208631277084351,True
yolov10x,/model.19/m.1/cv1/cv1.4/act/Mul_output_0,/model.19/m.1/Add,0.036301665008068085,0.3173287171735539,27.46927248034324,14.52850374554399,29.62346908573962,23.76409594102273,0.00014910888671875,0.0693809814453125,7.594971493493877e-05,0.0,2.1388893852778574,True,,,False
yolov10x,/model.19/m.1/Add_output_0,/model.19/m.2/cv1/cv1.0/conv/Conv;/model.19/m.2/Add;/model.19/Concat,0.06908152252435684,0.4698597038553988,26.541901545024334,18.672282999806583,27.44393845997931,27.22304246358175,5.06591796875e-06,0.0779476318359375,0.0001403496813540237,0.0,1.6474478427463595,True,0.36618614196777344,4.844482660293579,True
yolov10x,/model.19/m.2/cv1/cv1.0/act/Mul_output_0,/model.19/m.2/cv1/cv1.1/conv/Conv,0.0434931218624115,0.36573388933450784,27.10981706340862,15.102856578527883,29.28670491524167,23.16949862140262,0.00011920166015625,0.0853319091796875,0.0001003689196033063,0.0,2.2596446924953857,True,-1.5443460941314697,7.233520269393921,False
yolov10x,/model.19/m.2/cv1/cv1.1/act/Mul_output_0,/model.19/m.2/cv1/cv1.2/conv/Conv,0.05730472877621651,0.37145140904661705,26.111681801397296,19.592604516587382,27.02604343586589,26.998095236902174,1.953125e-06,0.09031692504882813,0.00017890750762214483,0.0,1.5283900712400953,True,0.5621099472045907,6.346404552459717,True
yolov10x,/model.19/m.2/cv1/cv1.2/act/Mul_output_0,/model.19/m.2/cv1/cv1.3/conv/Conv,0.04201618582010269,0.23194414908529282,23.10795790798307,23.005777986625628,25.63114839179515,20.69014714627635,5.04150390625e-05,0.1275606689453125,0.00034730006005339524,0.0015625,2.1134797235763534,True,-0.8700239658355713,7.459157228469849,False
yolov10x,/model.19/m.2/cv1/cv1.3/act/Mul_output_0,/model.19/m.2/cv1/cv1.4/conv/Conv,0.05915942043066025,0.3312343905592166,24.621781600089342,22.682567417016642,25.754042672411718,25.54149665122409,5.4931640625e-06,0.1173707275390625,0.0003105638678134474,0.0,1.6584925037577907,True,0.4521522521972656,6.635913610458374,True
yolov10x,/model.19/m.2/cv1/cv1.4/act/Mul_output_0,/model.19/m.2/Add,0.048042599111795425,0.40720425879852873,26.821492201061044,14.983659810436304,29.35552879477109,17.206616095352366,0.00045855712890625,0.1222557373046875,0.0001420422284209339,0.0,2.157197811083454,True,,,False
yolov10x,/model.19/Concat_output_0,/model.19/cv2/conv/Conv,0.06908152252435684,0.48631697596854795,24.386639924844513,18.04040120771093,27.742963044348976,25.910313322950927,2.7099609375e-05,0.085366796875,0.00014339836838273364,0.0,3.0487287889064145,True,-0.6742196083068848,5.028561353683472,False
yolov10x,/model.19/cv2/act/Mul_output_0,/model.20/cv1/conv/Conv;/model.23/one2one_cv2.1/one2one_cv2.1.0/conv/Conv;/model.23/one2one_cv3.1/one2one_cv3.1.0/one2one_cv3.1.0.0/conv/Conv;/model.23/Shape_5,0.058989740908145905,0.4828893286269845,27.744553924681977,15.514314877564026,29.05323484737045,27.460121913674,4.400634765625e-05,0.06380551147460937,7.940434848132262e-05,0.0,1.8863518248042068,True,-0.19938921928405762,4.091429710388184,True
yolov10x,/model.20/cv1/act/Mul_output_0,/model.20/cv2/conv/Conv,0.058059077709913254,0.38114642670953414,-2.0125251343187216,19.34559096569523,27.136246859375113,26.995785514688183,1.922607421875e-06,0.0846197509765625,0.0001605358489345728,0.0015625,1.4430880514075617,True,-0.4976367950439453,4.597012519836426,True
yolov10x,/model.23/one2one_cv2.1/one2one_cv2.1.0/act/Mul_output_0,/model.23/one2one_cv2.1/one2one_cv2.1.1/conv/Conv,0.04775660112500191,0.6534661194797582,32.35897178182742,9.281412091729898,33.51560576687263,26.15096844962675,0.00037890625,0.042905029296875,1.918222026422362e-05,0.0,1.7550248829264576,False,0.19985508918762207,6.823165655136108,False
yolov10x,/model.23/one2one_cv3.1/one2one_cv3.1.0/one2one_cv3.1.0.0/act/Mul_output_0,/model.23/one2one_cv3.1/one2one_cv3.1.0/one2one_cv3.1.0.1/conv/Conv,0.05098994821310043,0.3761120879216569,22.577155171326545,17.217536024560395,28.14846687278606,21.157528632588818,9.771728515625e-05,0.11274908447265625,0.00017269406755455617,0.0,4.5047121246835315,False,-0.8591170310974121,6.4877097606658936,False
yolov10x,/model.21/Concat_output_0,/model.22/cv1/conv/Conv,0.03584151342511177,0.3664232279549441,-55.50107526836311,12.422444478735118,30.983745592146136,27.36987958156826,7.952880859375e-05,0.0476212158203125,3.73310009537918e-05,0.00078125,1.7527034291298287,True,-0.6666145324707031,4.688049554824829,False
yolov10x,/model.23/one2one_cv2.1/one2one_cv2.1.1/act/Mul_output_0,/model.23/one2one_cv2.1/one2one_cv2.1.2/Conv,0.12595060467720032,1.7402154587725414,31.984637921069783,9.191808240392833,33.59986776922827,22.341468890361234,0.000447998046875,0.085352294921875,3.7393645244617407e-05,0.0,1.7260711984656933,False,-5.386984348297119,13.125123023986816,False
yolov10x,/model.23/one2one_cv3.1/one2one_cv3.1.0/one2one_cv3.1.0.1/act/Mul_output_0,/model.23/one2one_cv3.1/one2one_cv3.1.1/one2one_cv3.1.1.0/conv/Conv,0.0658579021692276,0.4375144848428146,26.126943925521452,19.116975243680937,27.239503324660923,27.274167748416236,1.043701171875e-05,0.07844091796875,0.00014796952651939817,0.0,1.6581608653956545,False,-0.5882134437561035,6.242001056671143,True
yolov10x,/model.22/Split_output_1,/model.22/m.0/cv1/cv1.0/conv/Conv;/model.22/m.0/Add;/model.22/Concat,0.06584044545888901,0.30007810784144107,22.346970718152605,27.865200275446885,23.966643503465438,24.08352324002724,0.0,0.121865478515625,0.0004874337346662475,0.0,2.054135433029118,True,0.07406330108642578,5.582056999206543,True
yolov10x,/model.23/one2one_cv3.1/one2one_cv3.1.1/one2one_cv3.1.1.0/act/Mul_output_0,/model.23/one2one_cv3.1/one2one_cv3.1.1/one2one_cv3.1.1.1/conv/Conv,0.03944450989365578,0.5497018955965266,28.44838654290988,9.113035258970893,33.67462586774586,7.32093671741933,0.000697998046875,0.0647767333984375,2.768645222704935e-05,0.0,3.2253266238867933,False,1.3561980724334717,6.156364679336548,False
yolov10x,/model.22/m.0/cv1/cv1.0/act/Mul_output_0,/model.22/m.0/cv1/cv1.1/conv/Conv,0.03253117576241493,0.21797149120310377,14.468973274620303,18.954126977903922,27.31381116492191,25.34779466566407,4.0283203125e-05,0.110578369140625,0.00019571837508247704,0.009375,1.7213314110618383,True,-0.38122344017028853,6.296405792236328,False
yolov10x,/model.23/one2one_cv3.1/one2one_cv3.1.1/one2one_cv3.1.1.1/act/Mul_output_0,/model.23/one2one_cv3.1/one2one_cv3.1.2/Conv,0.13546891510486603,1.6052831225154205,28.456704500832394,10.717456613733704,32.26605219797452,30.51421403205265,3.125e-05,0.07449810791015625,4.363677175336381e-05,0.0,3.564204135399948,False,-19.481916666030884,27.020699501037598,False
yolov10x,/model.22/m.0/cv1/cv1.1/act/Mul_output_0,/model.22/m.0/cv1/cv1.2/conv/Conv,0.02568662539124489,0.2251339929893024,-17.427024685863145,14.490043824004443,29.646492900338185,27.53215333831655,7.18994140625e-05,0.0843446044921875,7.131669920138874e-05,0.01875,1.6309525406722032,True,-0.5775952339172363,6.902458667755127,True
yolov10x,/model.22/m.0/cv1/cv1.2/act/Mul_output_0,/model.22/m.0/cv1/cv1.3/conv/Conv,0.026278607547283173,0.14174673089790765,-14.936336901871556,23.54469226460465,25.430026510168357,24.1591080724682,2.8076171875e-05,0.146987548828125,0.00036583814234613017,0.0203125,2.2409250773194236,True,-0.3306996822357178,7.245320081710815,False
yolov10x,/model.22/m.0/cv1/cv1.3/act/Mul_output_0,/model.22/m.0/cv1/cv1.4/conv/Conv,0.03148709610104561,0.2424613406599517,26.81696416629145,16.49277857636337,28.52201031160863,27.220293702290682,4.5166015625e-05,0.081466064453125,0.00011417249283844055,0.0,1.8514609079085709,True,-0.46213626861572177,8.02528715133667,True
yolov10x,/model.22/m.0/cv1/cv1.4/act/Mul_output_0,/model.22/m.0/Add,0.0486222505569458,0.21445230445777924,19.60388528426291,28.794401796450913,23.68172566971501,23.53643091762204,7.32421875e-06,0.156997314453125,0.0006680570397307875,0.00625,2.212775547277672,True,,,False
yolov10x,/model.22/m.0/Add_output_0,/model.22/m.1/cv1/cv1.0/conv/Conv;/model.22/m.1/Add;/model.22/Concat,0.06584044545888901,0.36109899566614495,24.42856315488697,23.15635510936112,25.574482860064656,25.56539821406251,4.8828125e-07,0.10584033203125,0.00029230898074189755,0.0,1.677557459217674,True,-0.4470806121826172,6.742200136184692,True
yolov10x,/model.22/m.1/cv1/cv1.0/act/Mul_output_0,/model.22/m.1/cv1/cv1.1/conv/Conv,0.03227941319346428,0.27379658132353296,26.083564309066993,14.972741645469226,29.361860261539086,21.023880082361135,0.00021337890625,0.0878271484375,0.00010155413310577577,0.003125,2.067424356454586,True,-0.9922218322753906,8.619030475616455,False
yolov10x,/model.22/m.1/cv1/cv1.1/act/Mul_output_0,/model.22/m.1/cv1/cv1.2/conv/Conv,0.030967367812991142,0.26526722884530973,-32.06762293662264,14.826014239939587,29.447398621341854,26.706708305778648,6.79931640625e-05,0.0906890869140625,9.055709754942113e-05,0.0109375,1.7649153916466125,True,-0.10158133506774991,8.407589435577393,True
yolov10x,/model.22/m.1/cv1/cv1.2/act/Mul_output_0,/model.22/m.1/cv1/cv1.3/conv/Conv,0.050244782119989395,0.16163529467438045,-8.204203507528007,39.47830417913093,20.940717100688826,20.940991388024926,7.32421875e-07,0.2752349853515625,0.002058102848876095,0.0265625,2.8602200703572556,True,-0.4157886505126953,8.548403263092041,False
yolov10x,/model.22/m.1/cv1/cv1.3/act/Mul_output_0,/model.22/m.1/cv1/cv1.4/conv/Conv,0.02843722328543663,0.2750295661675374,18.634512738395856,13.131414951403622,30.501656375356287,26.237973223767973,0.000127197265625,0.0693984375,5.973602775288441e-05,0.003125,2.0882344853067685,True,-0.0045261383056640625,8.923823833465576,True
yolov10x,/model.22/m.1/cv1/cv1.4/act/Mul_output_0,/model.22/m.1/Add,0.03697671741247177,0.2593847921931885,14.8183264654607,18.10454295210309,27.7121355684321,22.85665843448781,0.000115478515625,0.137133544921875,0.0002225290268747615,0.00625,2.7386819936091777,True,,,False
yolov10x,/model.22/m.1/Add_output_0,/model.22/m.2/cv1/cv1.0/conv/Conv;/model.22/m.2/Add;/model.22/Concat,0.06584044545888901,0.4356505189325173,26.257046291879142,19.193679818786453,27.204721963534173,27.03227689890018,6.34765625e-06,0.091856689453125,0.0001745025056068534,0.0,1.5406523064845585,True,-0.1557583808898917,7.261624574661255,True
yolov10x,/model.22/m.2/cv1/cv1.0/act/Mul_output_0,/model.22/m.2/cv1/cv1.1/conv/Conv,0.05312470719218254,0.2983404989866941,22.155630216592954,22.61455563801309,25.78012570862202,23.88673623932263,4.0283203125e-05,0.135658203125,0.000357609467156416,0.0,2.38933512760697,True,-1.519909381866456,9.550551414489746,False
yolov10x,/model.22/m.2/cv1/cv1.1/act/Mul_output_0,/model.22/m.2/cv1/cv1.2/conv/Conv,0.045290783047676086,0.2717510689364248,-40.73568254979271,21.166170457274287,26.355041093528975,26.47263572740892,1.26953125e-05,0.19711181640625,0.0002668574254951147,0.084375,2.064393227346655,True,0.05074381828308194,9.336369037628174,True
yolov10x,/model.22/m.2/cv1/cv1.2/act/Mul_output_0,/model.22/m.2/cv1/cv1.3/conv/Conv,0.06795282661914825,0.1764393227363925,-37.493039666131224,48.912050028243485,19.079569567845297,19.49525709786098,2.44140625e-07,0.4186114501953125,0.0038641546937016476,0.1,3.004522113273528,True,-0.7892553806304932,10.371920585632324,False
yolov10x,/model.22/m.2/cv1/cv1.3/act/Mul_output_0,/model.22/m.2/cv1/cv1.4/conv/Conv,0.04960472509264946,0.2490081237938884,-14.959585693848524,25.299576539041023,24.805621838131902,24.499456663393598,2.5634765625e-05,0.198755126953125,0.000613694960127422,0.0125,2.113397757087837,True,0.1537623405456543,10.043292999267578,True
yolov10x,/model.22/m.2/cv1/cv1.4/act/Mul_output_0,/model.22/m.2/Add,0.06910372525453568,0.29919679435383106,-41.17735731588266,29.332443638909115,23.520921982284467,22.85019571296718,3.076171875e-05,0.377724365234375,0.0015189386685519244,0.0875,4.060823357499913,True,,,False
yolov10x,/model.22/Concat_output_0,/model.22/cv2/conv/Conv,0.06584044545888901,0.4118544471657975,24.861795014497023,20.302649712345524,26.71683244610542,26.327899365478174,1.3134765625e-05,0.097961083984375,0.00020808802971855985,0.0,2.007489807814106,True,-1.0802080631256095,7.297460317611694,False
yolov10x,/model.22/cv2/act/Mul_output_0,/model.23/one2one_cv2.2/one2one_cv2.2.0/conv/Conv;/model.23/one2one_cv3.2/one2one_cv3.2.0/one2one_cv3.2.0.0/conv/Conv;/model.23/Shape_9,0.06487313657999039,0.416459771982715,25.74135683268772,19.78315530077352,26.941975673877764,26.96602903636183,6.7138671875e-06,0.09299365234375,0.00018771951425575117,0.0,1.6580518933736128,True,-0.1881093978881836,5.984710693359375,True
yolov10x,/model.23/one2one_cv2.2/one2one_cv2.2.0/act/Mul_output_0,/model.23/one2one_cv2.2/one2one_cv2.2.1/conv/Conv,0.06156906485557556,0.5389990572161654,28.443689963663637,14.507022103235666,29.636321424584793,27.826661822018668,7.51953125e-05,0.0838974609375,9.15686354052058e-05,0.0,1.434381423274329,False,-0.09908008575439364,8.095099925994873,False
yolov10x,/model.23/one2one_cv3.2/one2one_cv3.2.0/one2one_cv3.2.0.0/act/Mul_output_0,/model.23/one2one_cv3.2/one2one_cv3.2.0/one2one_cv3.2.0.1/conv/Conv,0.10545714199542999,0.24913984089243965,10.500999322726088,53.75718706989843,18.25915616974499,18.182404514257748,2.0751953125e-06,0.37990625,0.005213862590930238,0.275,5.917069692083306,False,-0.8210699558258057,7.743046045303345,False
yolov10x,/model.23/one2one_cv2.2/one2one_cv2.2.1/act/Mul_output_0,/model.23/one2one_cv2.2/one2one_cv2.2.2/Conv,0.23158317804336548,1.6323332917579585,26.115933946455147,18.017805407762566,27.753849035015037,25.345288545751323,2.34375e-05,0.23833984375,0.0004030635924683204,0.0,1.5027232990589754,False,-5.706775188446043,14.46747636795044,False
yolov10x,/model.23/one2one_cv3.2/one2one_cv3.2.0/one2one_cv3.2.0.1/act/Mul_output_0,/model.23/one2one_cv3.2/one2one_cv3.2.1/one2one_cv3.2.1.0/conv/Conv,0.0870356485247612,0.34797075543562145,21.369399533108886,31.765679126703798,22.828723986294353,22.979681258067835,3.41796875e-06,0.15392431640625,0.0007978688863644218,0.0,1.6199213454518675,False,-0.25922727584838867,7.273350715637207,True
yolov10x,/model.23/one2one_cv3.2/one2one_cv3.2.1/one2one_cv3.2.1.0/act/Mul_output_0,/model.23/one2one_cv3.2/one2one_cv3.2.1/one2one_cv3.2.1.1/conv/Conv,0.29217785596847534,0.4567283686232006,10.0219176286271,81.24432432312778,14.67202625611398,14.678939976985353,5.37109375e-06,0.551831787109375,0.016297114373444554,0.45625,2.284842844008123,False,-0.8653221130371085,9.70256757736206,False
yolov10x,/model.23/one2one_cv3.2/one2one_cv3.2.1/one2one_cv3.2.1.1/act/Mul_output_0,/model.23/one2one_cv3.2/one2one_cv3.2.2/Conv,0.16183723509311676,1.5206558894022768,27.74553239019102,13.516094601063697,30.25086242355158,29.589678915252144,1.9287109375e-05,0.068742919921875,6.466530366820758e-05,0.0,2.3763587933791923,False,-20.736799716949463,31.007472038269043,False
frcnn_r50_fpn,images,/backbone/body/conv1/Conv,0.020787402987480164,1.2078707639236645,45.901227648056704,2.1856644421412823,46.0762171409779,46.15605058665031,0.0,0.0057041695288828215,1.4157701285219033e-07,0.0,1.0268627949593025,True,2.4401302337646484,37.55986976623535,False
frcnn_r50_fpn,/backbone/body/relu/Relu_output_0,/backbone/body/maxpool/MaxPool,0.025998689234256744,0.3744637206463468,-179.44541685704036,8.817499134632973,33.960978365255414,34.70770275324367,5.484789211281236e-08,0.007023996155314649,3.0251074725029568e-06,0.015625,6.435461167800345,True,,,False
frcnn_r50_fpn,/backbone/body/maxpool/MaxPool_output_0,/backbone/body/layer1/layer1.0/conv1/Conv;/backbone/body/layer1/layer1.0/downsample/downsample.0/Conv,0.025998689234256744,0.4478546585228226,-179.44541685704036,7.372555961885447,35.51552532403477,36.02221123695125,3.7127803891749905e-07,0.0030712456904745445,9.463429171947304e-07,0.015625,5.487605822050434,True,3.4186906814575195,30.449155807495117,False
frcnn_r50_fpn,/backbone/body/layer1/layer1.0/downsample/downsample.0/Conv_output_0,/backbone/body/layer1/layer1.0/Add,0.04150014370679855,0.22846823669562863,-80.12498581838811,23.068932150007964,25.60733704560397,26.06001308797552,0.0,0.178024731302708,0.00022069758032100588,0.12109375,23.073155959241813,True,,,False
frcnn_r50_fpn,/backbone/body/layer1/layer1.0/relu/Relu_output_0,/backbone/body/layer1/layer1.0/conv2/Conv,0.008610964752733707,0.1713618442033853,-173.24247838705037,6.381773776309398,36.76905877790731,37.99435164711278,1.9129257141499326e-05,0.005420347157117305,1.1528398193718785e-06,0.078125,5.311742511707342,True,-0.03112697601318537,30.41390609741211,False
frcnn_r50_fpn,/backbone/body/layer1/layer1.0/relu_1/Relu_output_0,/backbone/body/layer1/layer1.0/conv3/Conv,0.010756438598036766,0.24569646489098113,-176.5837458284155,5.559981103337454,37.96642056856653,39.44494838084525,1.1315542049735596e-05,0.006345673287746691,1.0266382494928048e-06,0.0625,9.575619853226955,True,2.763786315917967,28.028042793273926,False
frcnn_r50_fpn,/backbone/body/layer1/layer1.0/relu_2/Relu_output_0,/backbone/body/layer1/layer1.1/conv1/Conv;/backbone/body/layer1/layer1.1/Add,0.02872299589216709,0.19050494168099136,-187.90768525348875,19.148167213497544,27.225342652569715,29.12967012725744,0.0,0.018934188503665798,3.626214962611688e-05,0.1328125,441.52365457647863,True,0.6251449584960938,22.25751304626465,False
frcnn_r50_fpn,/backbone/body/layer1/layer1.1/relu/Relu_output_0,/backbone/body/layer1/layer1.1/conv2/Conv,0.00890088826417923,0.1380624984483015,-176.1556546975077,8.187689070207963,34.60466004262166,37.301106971751366,7.2483598961393565e-06,0.008796378364994124,3.0571633205710917e-06,0.0625,4.541487907513832,True,2.7805175781250018,18.37319278717041,False
frcnn_r50_fpn,/backbone/body/layer1/layer1.1/relu_1/Relu_output_0,/backbone/body/layer1/layer1.1/conv3/Conv,0.015787944197654724,0.14275694372900327,25.702213436172222,14.045333703055379,29.91724563835731,32.89356382803662,1.2994731362112466e-06,0.014687565142419555,1.4993777656157646e-05,0.0,3.573217119743494,True,1.9877467155456543,15.909945487976074,False
frcnn_r50_fpn,/backbone/body/layer1/layer1.1/relu_2/Relu_output_0,/backbone/body/layer1/layer1.2/conv1/Conv;/backbone/body/layer1/layer1.2/Add,0.029206501320004463,0.21226056946802727,-182.88635899586222,17.474869105160327,28.019608252321962,29.37059947798503,0.0,0.0774449346570903,7.697994918703878e-05,0.0390625,4.675276285525576,True,3.4577202796936053,16.370874404907227,False
frcnn_r50_fpn,/backbone/body/layer1/layer1.2/relu/Relu_output_0,/backbone/body/layer1/layer1.2/conv2/Conv,0.01103542186319828,0.11534929254730078,27.998320279813335,12.150040504595857,31.176332364706052,34.187453889413845,5.9066960736874846e-08,0.012320726711281236,9.387536247631064e-06,0.0,2.9034369183868556,True,2.4949312210083,13.547130584716797,False
frcnn_r50_fpn,/backbone/body/layer1/layer1.2/relu_1/Relu_output_0,/backbone/body/layer1/layer1.2/conv3/Conv,0.01708410307765007,0.11607339939557668,26.400507540827263,18.692319705975986,27.434622871289648,30.835327342525535,7.197731072650607e-06,0.019648016943239553,3.537667614821774e-05,0.0,1.572727138475191,True,0.5222287178039542,12.238483428955078,False
frcnn_r50_fpn,/backbone/body/layer1/layer1.2/relu_2/Relu_output_0,/backbone/body/layer2/layer2.0/conv1/Conv;/backbone/body/layer2/layer2.0/downsample/downsample.0/Conv;/backbone/fpn/inner_blocks.0/inner_blocks.0.0/Conv,0.02879020757973194,0.2274111956357745,24.942865960697915,16.078172195541494,28.743153367602275,29.648421183432884,0.0,0.09194154053451617,0.00011007327946595446,0.0,2.6887425737988044,True,3.9676427841186523,13.327763557434082,False
frcnn_r50_fpn,/backbone/body/layer2/layer2.0/downsample/downsample.0/Conv_output_0,/backbone/body/layer2/layer2.0/Add,0.03520506992936134,0.24729357348198175,-91.9128540097551,18.079903242429626,27.723964840648478,28.257276854395165,0.0,0.20960879293729262,0.0001589170061924231,0.158203125,1874.2285626754688,True,,,False
frcnn_r50_fpn,/backbone/fpn/inner_blocks.0/inner_blocks.0.0/Conv_output_0,/backbone/fpn/Shape_6;/backbone/fpn/Shape_7;/backbone/fpn/Add_2,0.006038940045982599,0.1565567127136296,31.204584692451476,4.898834247003329,39.066031974239436,39.06633167167822,0.0,0.01677357392780303,2.0814569070550503e-06,0.0,6.713990715747697,True,,,False
frcnn_r50_fpn,/backbone/body/layer2/layer2.0/relu/Relu_output_0,/backbone/body/layer2/layer2.0/conv2/Conv,0.033876482397317886,0.19439629818744464,25.05740515971892,22.131662508876122,25.96760610099449,28.55870823906477,1.687627449624996e-08,0.03078339210552181,7.808281474524755e-05,0.0,1.5715613315618062,True,-1.0813565254211426,15.465831279754639,False
frcnn_r50_fpn,/backbone/body/layer2/layer2.0/relu_1/Relu_output_0,/backbone/body/layer2/layer2.0/conv3/Conv,0.03496472164988518,0.30510450287404794,28.64962773039763,14.55409411433215,29.60818330023115,32.31754416362132,1.1813392147374969e-07,0.021032158348598486,2.2988035250121125e-05,0.0,1.6228906411478934,True,1.0023746490478516,15.390909671783447,False
frcnn_r50_fpn,/backbone/body/layer2/layer2.0/relu_2/Relu_output_0,/backbone/body/layer2/layer2.1/conv1/Conv;/backbone/body/layer2/layer2.1/Add,0.0595167875289917,0.399694177383245,-195.67007730447233,18.911038598729412,27.33357925847379,29.52784534104824,2.5314411744374936e-08,0.02749840839855226,5.156085920073579e-05,0.130859375,552380082511.9171,True,-2.721670150756836,21.068981170654297,False
frcnn_r50_fpn,/backbone/body/layer2/layer2.1/relu/Relu_output_0,/backbone/body/layer2/layer2.1/conv2/Conv,0.028994685038924217,0.23724665284746593,27.176881172491377,15.52108304057242,29.04944643015535,30.75447249690874,0.0,0.0221621093074949,2.822460554823491e-05,0.0,2.0382651546571044,True,-0.6245794296264666,22.559112548828125,False
frcnn_r50_fpn,/backbone/body/layer2/layer2.1/relu_1/Relu_output_0,/backbone/body/layer2/layer2.1/conv3/Conv,0.03551086410880089,0.2730687206231925,25.471969808300646,16.51554865575723,28.510026764145223,30.504167182058236,2.3626784294749938e-07,0.02086570765324197,2.9676677903590547e-05,0.0,2.456727140445628,True,2.1249504089355487,19.544215202331543,False
frcnn_r50_fpn,/backbone/body/layer2/layer2.1/relu_2/Relu_output_0,/backbone/body/layer2/layer2.2/conv1/Conv;/backbone/body/layer2/layer2.2/Add,0.07516419142484665,0.4312703875733592,-188.0866881283361,22.13426329748126,25.966585444025924,27.85131898035977,6.328602936093734e-08,0.08597045092595393,0.0001284566793459143,0.015625,2.336780219387312,True,0.122772216796875,17.542885780334473,False
frcnn_r50_fpn,/backbone/body/layer2/layer2.2/relu/Relu_output_0,/backbone/body/layer2/layer2.2/conv2/Conv,0.039468515664339066,0.3146387433985841,27.532400176930178,15.930973519752552,28.823040564654857,31.390678398677547,5.062882348874987e-07,0.02118610372455328,2.7891563317204404e-05,0.0,1.9177838232924571,True,0.909604549407959,16.72360897064209,False
frcnn_r50_fpn,/backbone/body/layer2/layer2.2/relu_1/Relu_output_0,/backbone/body/layer2/layer2.2/conv3/Conv,0.0305627528578043,0.2875565944773771,29.24762988128075,13.498106763976551,30.26242970172104,33.000954417690394,8.657528816576227e-06,0.016023600727326927,1.5117619100473455e-05,0.0,1.7409663986637083,True,0.4053373336791992,15.995380878448486,False
frcnn_r50_fpn,/backbone/body/layer2/layer2.2/relu_2/Relu_output_0,/backbone/body/layer2/layer2.3/conv1/Conv;/backbone/body/layer2/layer2.3/Add,0.10090211033821106,0.43740349455780425,21.676270696521616,29.29690359677572,23.531452439677167,26.109417658047505,4.21906862406249e-09,0.06299168181931099,0.0002495363247185302,0.001953125,1.9277362214512768,True,-0.4326481819152832,16.79229164123535,False
frcnn_r50_fpn,/backbone/body/layer2/layer2.3/relu/Relu_output_0,/backbone/body/layer2/layer2.3/conv2/Conv,0.03749574348330498,0.27308667876582104,27.49418218095267,17.437538307986223,28.03818338545985,31.546986616680822,5.231645093837486e-07,0.018481866375548682,2.9057807150631312e-05,0.0,1.4687993273793287,True,-0.7954511642456046,16.81211757659912,False
frcnn_r50_fpn,/backbone/body/layer2/layer2.3/relu_1/Relu_output_0,/backbone/body/layer2/layer2.3/conv3/Conv,0.0372166745364666,0.28480495187248106,27.824075248386166,16.595630220107672,28.468011891231196,32.92054872691016,7.76308626827498e-07,0.01586869340372585,2.2434770867620702e-05,0.0,1.4693645089775527,True,-1.7372512817382795,17.58158588409424,False
frcnn_r50_fpn,/backbone/body/layer2/layer2.3/relu_2/Relu_output_0,/backbone/body/layer3/layer3.0/conv1/Conv;/backbone/body/layer3/layer3.0/downsample/downsample.0/Conv;/backbone/fpn/inner_blocks.1/inner_blocks.1.0/Conv,0.10243765264749527,0.42163822934175516,21.701192853191664,30.85484422639271,23.08141971601418,26.75409712847177,8.43813724812498e-09,0.05838533222903994,0.00022161740831558275,0.0,1.8024044489467048,True,-1.2849512100219727,16.85096549987793,False
frcnn_r50_fpn,/backbone/body/layer3/layer3.0/downsample/downsample.0/Conv_output_0,/backbone/body/layer3/layer3.0/Add,0.051153514534235,0.28186020749044405,-65.17492490884375,23.04864671636239,25.614978255467992,25.786506646015475,0.0,0.14349847262965298,0.00028606152245671,0.04296875,4.0467381242505684,True,,,False
frcnn_r50_fpn,/backbone/fpn/inner_blocks.1/inner_blocks.1.0/Conv_output_0,/backbone/fpn/Shape_3;/backbone/fpn/Shape_4;/backbone/fpn/Add_1,0.021497806534171104,0.22617610253100723,30.196928048412627,12.07121972342518,31.2328637769199,31.233140837874103,1.687627449624996e-08,0.04455706901235181,3.35035960514237e-05,0.0,1.808481150429786,True,,,False
frcnn_r50_fpn,/backbone/body/layer3/layer3.0/relu/Relu_output_0,/backbone/body/layer3/layer3.0/conv2/Conv,0.06448978185653687,0.27489330039348286,22.4628406485579,29.794113876390252,23.385277412499292,29.16632354360472,2.447059801956244e-07,0.021155093570166417,9.55574344049331e-05,0.0,1.556507768976438,True,-2.4983181953430167,17.392108917236328,False
frcnn_r50_fpn,/backbone/body/layer3/layer3.0/relu_1/Relu_output_0,/backbone/body/layer3/layer3.0/conv3/Conv,0.03767114877700806,0.29378772266512687,27.886511899449882,16.284669254655416,28.632308032184547,31.277432001556193,9.450713717899975e-07,0.022533269212490926,3.0982974553250574e-05,0.0,1.5333030185157777,True,0.5505790710449219,16.765478134155273,False
frcnn_r50_fpn,/backbone/body/layer3/layer3.0/relu_2/Relu_output_0,/backbone/body/layer3/layer3.1/conv1/Conv;/backbone/body/layer3/layer3.1/Add,0.059130825102329254,0.3753870239333788,-190.56206666878495,20.0049930051087,26.845118802379023,29.981685833005866,2.1095343120312445e-07,0.031197362899846197,6.415837464629708e-05,0.05078125,4.680962857177715,True,-0.6541180610656712,18.468091011047363,False
frcnn_r50_fpn,/backbone/body/layer3/layer3.1/relu/Relu_output_0,/backbone/body/layer3/layer3.1/conv2/Conv,0.034091755747795105,0.30605796167870647,28.0982070457075,14.146513151372162,29.854898726528454,32.928073384208744,8.505642346109978e-06,0.017331393866864827,1.786909414924815e-05,0.0,1.9215931701052211,True,-1.827545166015625,20.180574417114258,False
frcnn_r50_fpn,/backbone/body/layer3/layer3.1/relu_1/Relu_output_0,/backbone/body/layer3/layer3.1/conv3/Conv,0.02411624975502491,0.2513563969989281,29.736670924440578,12.184944387555113,31.151415851746066,30.92307622481038,5.464537681885736e-05,0.011195517985518266,8.596087755498979e-06,0.0,1.7550008062081401,True,-2.9825887680053693,20.861458778381348,False
frcnn_r50_fpn,/backbone/body/layer3/layer3.1/relu_2/Relu_output_0,/backbone/body/layer3/layer3.2/conv1/Conv;/backbone/body/layer3/layer3.2/Add,0.0538158044219017,0.3417418451360779,-180.7130847436647,19.999327734828753,26.847578932277003,30.306517399805102,3.873104996889365e-06,0.032344848307944214,6.471117835010153e-05,0.0107421875,2.705305359798801,True,-1.739079475402832,19.06767749786377,False
frcnn_r50_fpn,/backbone/body/layer3/layer3.2/relu/Relu_output_0,/backbone/body/layer3/layer3.2/conv2/Conv,0.037649162113666534,0.2342446762548029,25.362537578596246,20.412176126617997,26.670100739802926,30.72790256702856,9.113188227974977e-07,0.021094938089724537,4.534509578311123e-05,0.0,1.6481222031919769,True,-1.6019835472106925,19.586151123046875,False
frcnn_r50_fpn,/backbone/body/layer3/layer3.2/relu_1/Relu_output_0,/backbone/body/layer3/layer3.2/conv3/Conv,0.03167948126792908,0.2193580823849891,26.7914578937772,18.341216686813592,27.599324044798742,32.134823049021385,3.7127803891749905e-07,0.016245608118325094,2.81882563289659e-05,0.0,1.5493246246107255,True,-1.9140248298645037,19.38155746459961,False
frcnn_r50_fpn,/backbone/body/layer3/layer3.2/relu_2/Relu_output_0,/backbone/body/layer3/layer3.3/conv1/Conv;/backbone/body/layer3/layer3.3/Add,0.055217232555150986,0.32603883266619327,-173.94668070005065,21.508445718439432,26.21570632437435,29.98378508834143,4.362516957280614e-06,0.03585483494463502,8.133112273001671e-05,0.0009765625,2.213301152352416,True,-2.7028584480285645,19.604439735412598,False
frcnn_r50_fpn,/backbone/body/layer3/layer3.3/relu/Relu_output_0,/backbone/body/layer3/layer3.3/conv2/Conv,0.03735869750380516,0.1951280490093044,23.99690972548518,24.315082362951408,25.150371979578726,30.02008725431875,2.1601631355199947e-06,0.01943795795458473,5.8938234257034334e-05,0.0,1.660470366670751,True,-2.2695159912109375,19.779419898986816,False
frcnn_r50_fpn,/backbone/body/layer3/layer3.3/relu_1/Relu_output_0,/backbone/body/layer3/layer3.3/conv3/Conv,0.024482058361172676,0.18783977511111083,27.52112027345359,16.552518815728806,28.490605075019694,32.60869844078532,7.1892929354024815e-06,0.015120230629817164,2.137610070716258e-05,0.0,1.5801918090177314,True,-1.9448051452636719,19.624241828918457,False
frcnn_r50_fpn,/backbone/body/layer3/layer3.3/relu_2/Relu_output_0,/backbone/body/layer3/layer3.4/conv1/Conv;/backbone/body/layer3/layer3.4/Add,0.05942394956946373,0.3163485907537697,-174.58441824298353,23.85609361287146,25.315900273351154,29.47743129777525,2.8942810761068675e-06,0.042698062995217397,0.00011103427222751949,0.0009765625,2.081886127152632,True,-3.3301601409912074,20.07237434387207,False
frcnn_r50_fpn,/backbone/body/layer3/layer3.4/relu/Relu_output_0,/backbone/body/layer3/layer3.4/conv2/Conv,0.02854432538151741,0.1785742693242894,25.1177488668587,20.300401268166503,26.71779442987485,31.357994517829326,6.311726661597484e-06,0.01429700595989009,3.0207214009287323e-05,0.0,1.8789079268631672,True,-2.7676572799682617,20.400527954101562,False
frcnn_r50_fpn,/backbone/body/layer3/layer3.4/relu_1/Relu_output_0,/backbone/body/layer3/layer3.4/conv3/Conv,0.03004130721092224,0.1730603003510237,24.317363927873902,22.04576097492342,26.001384991892976,30.743084363624366,2.1939156845124943e-06,0.017438861982856945,4.353440843532345e-05,0.0,2.0560745984750963,True,-1.824674129486084,19.742448806762695,False
frcnn_r50_fpn,/backbone/body/layer3/layer3.4/relu_2/Relu_output_0,/backbone/body/layer3/layer3.5/conv1/Conv;/backbone/body/layer3/layer3.5/Add,0.058268290013074875,0.30375564218103596,23.175658867049606,24.36192716792442,25.133654069598418,29.025263351771283,6.556432641793108e-06,0.045089085127708844,0.00011642156468136619,0.0,2.019162289033003,True,-3.4793252944946307,20.02119541168213,False
frcnn_r50_fpn,/backbone/body/layer3/layer3.5/relu/Relu_output_0,/backbone/body/layer3/layer3.5/conv2/Conv,0.0325244776904583,0.17717247579956283,23.8464420754118,23.314053992004983,25.515530921604046,30.163988939045826,5.839190975702485e-06,0.014548496202433208,4.041084699533176e-05,0.0,1.9736009577901803,True,-2.464341163635254,19.71999168395996,False
frcnn_r50_fpn,/backbone/body/layer3/layer3.5/relu_1/Relu_output_0,/backbone/body/layer3/layer3.5/conv3/Conv,0.03907667100429535,0.1878589258399749,22.735294562403535,26.41736183338422,24.43009798602471,28.49374986039017,4.05030587909999e-07,0.027000925359883177,9.695170860256515e-05,0.0,1.9601370907474713,True,-3.579622745513918,21.56630229949951,False
frcnn_r50_fpn,/backbone/body/layer3/layer3.5/relu_2/Relu_output_0,/backbone/body/layer4/layer4.0/conv1/Conv;/backbone/body/layer4/layer4.0/downsample/downsample.0/Conv;/backbone/fpn/inner_blocks.2/inner_blocks.2.0/Conv,0.054323017597198486,0.24943704560528931,22.219686531691792,27.65837455339839,24.03135380753691,30.05487741807029,6.488927543808109e-06,0.022161594581122768,8.027189568239279e-05,0.0,1.8623858933905797,True,-2.851254463195801,18.627480506896973,False
frcnn_r50_fpn,/backbone/body/layer4/layer4.0/downsample/downsample.0/Conv_output_0,/backbone/body/layer4/layer4.0/Add,0.06945138424634933,0.6899692645976963,29.285394576272616,12.783650304233879,30.734789238787116,30.730241385839754,4.219068624062489e-07,0.04626779164362493,3.904224437372066e-05,0.0,1.9517523549488103,True,,,False
frcnn_r50_fpn,/backbone/fpn/inner_blocks.2/inner_blocks.2.0/Conv_output_0,/backbone/fpn/Shape;/backbone/fpn/Shape_1;/backbone/fpn/Add,0.01934114657342434,0.18655149267665727,29.557219139194046,13.167011314577625,30.478142704405787,30.477704703272504,3.375254899249992e-08,0.05050366903708568,4.524754810891269e-05,0.0,1.792821568635574,True,,,False
frcnn_r50_fpn,/backbone/body/layer4/layer4.0/relu/Relu_output_0,/backbone/body/layer4/layer4.0/conv2/Conv,0.045121897011995316,0.13454239687028038,18.988642353289563,42.59238020003815,20.281248668935916,28.637321719207428,2.7002039193999933e-07,0.01376481264365085,0.00012602845470005116,0.0,1.629286001600697,True,-3.383713722229004,19.433341026306152,False
frcnn_r50_fpn,/backbone/body/layer4/layer4.0/relu_1/Relu_output_0,/backbone/body/layer4/layer4.0/conv3/Conv,0.02148936130106449,0.13688197783834857,25.58516523496985,19.937970858794806,26.874267741577366,30.961086942773086,3.172739605294992e-06,0.02141065943300038,4.3653000812043734e-05,0.0,1.6894980570509999,True,-2.6284422874450684,20.508591651916504,False
frcnn_r50_fpn,/backbone/body/layer4/layer4.0/relu_2/Relu_output_0,/backbone/body/layer4/layer4.1/conv1/Conv;/backbone/body/layer4/layer4.1/Add,0.08584892004728317,0.35460735758246353,-174.7695847413213,30.746155185089542,23.112070582276296,29.817138423935013,6.244221563612484e-07,0.015840982561003008,7.620238698762719e-05,0.001953125,2.3064806391797203,True,-3.663248062133789,20.521709442138672,False
frcnn_r50_fpn,/backbone/body/layer4/layer4.1/relu/Relu_output_0,/backbone/body/layer4/layer4.1/conv2/Conv,0.016181332990527153,0.08852103914934316,23.093012607609147,23.21515099173118,25.55245662619602,30.62230716853698,8.100611758199979e-06,0.014355836652784018,3.9193865840255954e-05,0.0,1.9695778556936676,True,-3.606252670288084,21.87509822845459,False
frcnn_r50_fpn,/backbone/body/layer4/layer4.1/relu_1/Relu_output_0,/backbone/body/layer4/layer4.1/conv3/Conv,0.011252636089920998,0.09872165247309644,27.358281265430772,14.475900145709371,29.654975305651078,32.9910202593313,2.2006661943109943e-05,0.011885825117512875,1.2766285409126865e-05,0.0,2.0432207989897204,True,-3.8799753189086914,23.307796478271484,False
frcnn_r50_fpn,/backbone/body/layer4/layer4.1/relu_2/Relu_output_0,/backbone/body/layer4/layer4.2/conv1/Conv;/backbone/body/layer4/layer4.2/Add,0.06184058263897896,0.31304908842021784,11.27348850227623,25.08793120843697,24.878589876342993,31.104193533013227,5.484789211281236e-06,0.016502836294196938,5.2111916893580845e-05,0.0009765625,2.382358853423683,True,-4.326745986938477,21.107468605041504,False
frcnn_r50_fpn,/backbone/body/layer4/layer4.2/relu/Relu_output_0,/backbone/body/layer4/layer4.2/conv2/Conv,0.007712814956903458,0.04721981648971717,23.581753831559592,20.743992085188346,26.53004011844554,28.98312157730926,1.7686335672069953e-05,0.009263724596481527,2.0434331880658817e-05,0.0,2.2550143419123776,True,-3.245409965515135,21.03909683227539,False
frcnn_r50_fpn,/backbone/body/layer4/layer4.2/relu_1/Relu_output_0,/backbone/body/layer4/layer4.2/conv3/Conv,0.007335103582590818,0.06120202068549198,26.62957366844733,15.221035916055317,29.21900266491646,28.28912679304052,2.733956468392493e-05,0.016565143499637093,1.9814228094509328e-05,0.0,2.25823878348528,True,-1.8149528503417969,21.421380043029785,False
frcnn_r50_fpn,/backbone/body/layer4/layer4.2/relu_2/Relu_output_0,/backbone/fpn/inner_blocks.3/inner_blocks.3.0/Conv,0.07851890474557877,0.35998686982643546,19.066163566272607,27.700735050409946,24.01806101159054,29.964471917893484,2.1770394100162445e-06,0.02352691050228113,9.07942904676381e-05,0.009765625,2.9146042676907484,True,-2.107941627502438,19.907215118408203,False
frcnn_r50_fpn,/backbone/fpn/inner_blocks.3/inner_blocks.3.0/Conv_output_0,/backbone/fpn/layer_blocks.3/layer_blocks.3.0/Conv;/backbone/fpn/Shape_2;/backbone/fpn/Resize,0.02940807119011879,0.5613997838844639,35.72627159588281,6.652701244918387,36.407926462069724,35.23520698886122,5.1978925448449864e-05,0.024645166202951648,5.635716469196236e-06,0.0,1.4873995813079117,True,-1.8200111389160138,21.63589382171631,False
frcnn_r50_fpn,/backbone/fpn/Add_output_0,/backbone/fpn/layer_blocks.2/layer_blocks.2.0/Conv;/backbone/fpn/Shape_5;/backbone/fpn/Resize_1,0.032972585409879684,0.6043630919218363,35.43233417499796,6.928812171071991,36.05471111020134,35.61218745680828,2.055530233643245e-05,0.024668894244893373,6.10781277918793e-06,0.0,1.4591447125105441,True,-0.972620964050293,20.835004806518555,False
frcnn_r50_fpn,/backbone/fpn/Add_1_output_0,/backbone/fpn/layer_blocks.1/layer_blocks.1.0/Conv;/backbone/fpn/Shape_8;/backbone/fpn/Resize_2,0.03496163338422775,0.6599898342192113,35.68854538666672,6.7275694405956035,36.31072309644075,35.96762053707651,1.603246077143746e-05,0.023505924854945046,5.498026485574256e-06,0.0,1.4922789282832627,True,-1.677755355834961,21.52564525604248,False
frcnn_r50_fpn,/backbone/fpn/Add_2_output_0,/backbone/fpn/layer_blocks.0/layer_blocks.0.0/Conv,0.036997050046920776,0.6971005574629742,35.50751116105755,6.740240422499593,36.2943791200977,36.05540513345169,1.1404142490840908e-05,0.02340540976404538,5.4967054586728825e-06,0.0,1.6161727469866394,True,-1.5990819931030273,21.722068786621094,False
