model,tensor,consumers,scale,rms,sqnr_channel_pred_db,kappa,sqnr_pred_db,sqnr_inj_db,clip_share,deadzone_share,deadzone_energy_share,channels_below_step,channel_spread,upstream_of_head,sensitivity_db,consumer_sqnr_out_db,depthwise
efficientnet_b0,/features/features.2/features.2.0/block/block.2/Mul_output_0,/features/features.2/features.2.0/block/block.3/block.3.0/Conv,1.2080078125,4.344545387921391,14.405721567557748,124.56711846182975,31.529674602085436,31.8277791042797,0.0,0.41247517073235546,0.0008207064720657011,0.03125,3.4636081921719977,True,3.5300590991973877,4.974776029586792,False
efficientnet_b0,/features/features.2/features.2.0/block/block.3/block.3.0/Conv_output_0,/features/features.2/features.2.1/block/block.0/block.0.0/Conv;/features/features.2/features.2.1/Add,1.45703125,6.544857135295522,22.78244753417117,99.73479733878503,31.529674602085436,31.563946192879925,0.0,0.09774302787521258,0.0004028900781988347,0.0,1.7368084466941411,True,-4.176592707633972,9.084799766540526,False
efficientnet_b0,/features/features.2/features.2.1/block/block.2/Mul_output_0,/features/features.2/features.2.1/block/block.3/block.3.0/Conv,0.299072265625,0.9892758227929849,16.289184491670966,135.4368234955212,31.529674602085436,31.486332539330775,0.0,0.3957109170165462,0.0031265937549686757,0.05555555555555555,3.4815183503074363,True,1.873659610748291,3.6934826374053955,False
efficientnet_b0,/features/features.2/features.2.1/Add_output_0,/features/features.3/features.3.0/block/block.0/block.0.0/Conv,1.7099609375,7.9793821206078945,23.55906380601927,96.00524055885657,31.529674602085436,31.543778997057835,0.0,0.09225609188988096,0.00035005865725147415,0.0,1.61046102647169,True,-2.2067744731903076,6.3984293937683105,False
efficientnet_b0,/features/features.3/features.3.0/block/block.2/Mul_output_0,/features/features.3/features.3.0/block/block.3/block.3.0/Conv,0.358154296875,1.7568775274159636,9.636899887917941,91.3285772605882,31.529674602085436,31.47712292928516,0.0,0.2376379588293651,0.0007637151648715782,0.0763888888888889,5.714033243783928,True,6.910975158214569,1.2494882941246033,False
efficientnet_b0,/features/features.3/features.3.0/block/block.3/block.3.0/Conv_output_0,/features/features.3/features.3.1/block/block.0/block.0.0/Conv;/features/features.3/features.3.1/Add,0.96923828125,6.03683208574596,25.960454772582878,71.92824710584019,31.529674602085436,31.531137288704883,0.0,0.07253069196428572,0.00015701173442223912,0.0,1.594249915078746,True,-4.013462662696838,5.235739231109619,False
efficientnet_b0,/features/features.3/features.3.1/block/block.2/Mul_output_0,/features/features.3/features.3.1/block/block.3/block.3.0/Conv,0.140380859375,0.3716597852731681,9.637617035425329,169.21557696584176,31.529674602085436,31.51536930008579,0.0,0.3409314213966837,0.003399127629013266,0.1375,3.9136142814973143,True,3.2398430705070496,-0.9197880923748016,False
efficientnet_b0,/features/features.3/features.3.1/Add_output_0,/features/features.4/features.4.0/block/block.0/block.0.0/Conv,1.2177734375,6.969559389824132,25.562732377096403,78.27790387962625,31.529674602085436,31.547503097132285,0.0,0.07674784757653061,0.00019466627687399064,0.0,1.3994073304700496,True,-3.497949242591858,5.496891021728516,False
efficientnet_b0,/features/features.4/features.4.0/block/block.2/Mul_output_0,/features/features.4/features.4.0/block/block.3/block.3.0/Conv,0.156005859375,1.042380923763946,18.93110442741473,67.049025367455,31.529674602085436,31.28141275390039,0.0,0.0980023650085034,0.00019017014121517712,0.008333333333333333,4.732590139239883,True,8.568257689476013,0.9404583871364594,False
efficientnet_b0,/features/features.4/features.4.0/block/block.3/block.3.0/Conv_output_0,/features/features.4/features.4.1/block/block.0/block.0.0/Conv;/features/features.4/features.4.1/Add,0.82958984375,5.455479271979042,26.26775119622697,68.12531612189173,31.529674602085436,31.525633986059965,0.0,0.06719148596938776,0.00013012812765618562,0.0,1.5740882903205857,True,-4.579835414886475,5.521719217300415,False
efficientnet_b0,/features/features.4/features.4.1/block/block.2/avgpool/GlobalAveragePool_output_0,/features/features.4/features.4.1/block/block.2/fc1/Conv,0.1434326171875,0.4524269784054848,9.966577630019927,142.02913523518782,31.529674602085436,31.411991457431693,0.0,0.19440104166666666,0.0016425724098844078,0.3458333333333333,7.074138992964203,True,-2.3631449937820435,4.493606090545654,False
efficientnet_b0,/features/features.4/features.4.1/block/block.2/activation/Mul_output_0,/features/features.4/features.4.1/block/block.2/fc2/Conv,0.1519775390625,2.6110675549183497,21.671458599495065,26.07590040010631,31.529674602085436,31.801352291083205,0.0,0.03125,1.1400578683723535e-05,0.0,10.485682723672934,True,-3.0305285453796387,7.481072187423706,False
efficientnet_b0,/features/features.4/features.4.1/block/block.2/Mul_output_0,/features/features.4/features.4.1/block/block.3/block.3.0/Conv,0.09979248046875,0.20674178177209931,-1.2947623160695159,216.24574803791987,31.529674602085436,31.609385607890896,0.0,0.4375292304421769,0.004863011930156359,0.30833333333333335,10.78268079062912,True,1.9638034850358963,-0.5873013436794281,False
efficientnet_b0,/features/features.4/features.4.1/Add_output_0,/features/features.4/features.4.2/block/block.0/block.0.0/Conv;/features/features.4/features.4.2/Add,0.814453125,5.670645468816169,27.138246453796874,64.34452691611719,31.529674602085436,31.50646126632573,0.0,0.06323341836734694,0.00010941775965014024,0.0,1.391400652707536,True,-4.059512734413147,5.098897457122803,False
efficientnet_b0,/features/features.4/features.4.2/block/block.2/avgpool/GlobalAveragePool_output_0,/features/features.4/features.4.2/block/block.2/fc1/Conv,0.136474609375,0.40312444962450666,10.719768594926968,151.66687373328486,31.529674602085436,31.39148925111617,0.0,0.17454427083333332,0.0017129939988805767,0.3229166666666667,5.626379789763603,True,-1.3344784751534462,2.5488024950027466,False
efficientnet_b0,/features/features.4/features.4.2/block/block.2/activation/Mul_output_0,/features/features.4/features.4.2/block/block.2/fc2/Conv,0.13525390625,2.1273196918137787,22.745010046178017,28.483612610353376,31.529674602085436,31.32856169181924,0.0,0.0515625,1.6326176628454978e-05,0.0,6.984912113307957,True,-4.898026704788208,8.879578590393066,False
efficientnet_b0,/features/features.4/features.4.2/block/block.2/Mul_output_0,/features/features.4/features.4.2/block/block.3/block.3.0/Conv,0.068359375,0.15213825267289208,6.757997362033507,201.29717189434206,31.529674602085436,31.476510187521832,0.0,0.3494024367559524,0.004477035618189837,0.21666666666666667,5.0987602742388916,True,2.434857100248337,-1.2488591074943542,False
efficientnet_b0,/features/features.4/features.4.2/Add_output_0,/features/features.5/features.5.0/block/block.0/block.0.0/Conv,0.79150390625,5.985932409999804,27.934634622521756,59.23784729136486,31.529674602085436,31.52429457611316,0.0,0.05577367665816327,8.136714059694794e-05,0.0,1.3442153316278274,True,-2.3507910668849945,3.2930856943130493,False
efficientnet_b0,/features/features.5/features.5.0/block/block.2/avgpool/GlobalAveragePool_output_0,/features/features.5/features.5.0/block/block.2/fc1/Conv,0.09161376953125,0.5063732980694248,17.052506520558026,81.05279031591616,31.529674602085436,31.622391141233358,0.0,0.08385416666666666,0.00022804689986627045,0.027083333333333334,5.779199816668234,True,2.2168290615081787,3.7777069807052612,False
efficientnet_b0,/features/features.5/features.5.0/block/block.2/activation/Mul_output_0,/features/features.5/features.5.0/block/block.2/fc2/Conv,0.132080078125,1.2446280157721508,20.02289417291133,47.541815104724726,31.529674602085436,31.723606121574935,0.0,0.06875,6.632195955006555e-05,0.05,5.259830986234113,True,-6.851560354232788,9.805190563201904,False
efficientnet_b0,/features/features.5/features.5.0/block/block.2/Mul_output_0,/features/features.5/features.5.0/block/block.3/block.3.0/Conv,0.142333984375,0.5242779540266534,14.186548234706514,121.62560815356782,31.529674602085436,31.539871005118265,0.0,0.2226864769345238,0.0012436310968014991,0.03333333333333333,3.4653100002602164,True,1.7091270685195927,2.1685746908187866,False
efficientnet_b0,/features/features.5/features.5.0/block/block.3/block.3.0/Conv_output_0,/features/features.5/features.5.1/block/block.0/block.0.0/Conv;/features/features.5/features.5.1/Add,0.7666015625,5.166815725553936,26.748866338692807,66.46985653106101,31.529674602085436,31.528045379225134,0.0,0.06573005876457726,0.0001202001038099979,0.0,1.557378507115007,True,-2.6814255714416504,4.8395960330963135,False
efficientnet_b0,/features/features.5/features.5.1/block/block.2/avgpool/GlobalAveragePool_output_0,/features/features.5/features.5.1/block/block.2/fc1/Conv,0.152099609375,0.4255789409801242,10.028204595473781,160.1127744786187,31.529674602085436,31.622499498713786,0.0,0.2476748511904762,0.002663862703969018,0.3898809523809524,6.031563156148498,True,-1.280720829963684,4.709443092346191,False
efficientnet_b0,/features/features.5/features.5.1/block/block.2/activation/Mul_output_0,/features/features.5/features.5.1/block/block.2/fc2/Conv,0.278076171875,2.1187711346662437,23.495281385540114,58.79734859594639,31.529674602085436,31.83055962262461,0.0,0.11160714285714286,0.00014895399440533616,0.0,2.5110143493741317,True,-3.444106340408325,8.420470714569092,False
efficientnet_b0,/features/features.5/features.5.1/block/block.2/Mul_output_0,/features/features.5/features.5.1/block/block.3/block.3.0/Conv,0.1785888671875,0.2617563766412775,8.791439202743462,305.65754892629127,31.529674602085436,31.54473368949409,0.0,0.6414703576743197,0.017532498884440518,0.49255952380952384,2.8999080538662234,True,0.8738117218017577,0.8048092424869537,False
efficientnet_b0,/features/features.5/features.5.1/Add_output_0,/features/features.5/features.5.2/block/block.0/block.0.0/Conv;/features/features.5/features.5.2/Add,0.8896484375,5.522296787365778,26.24941215540128,72.17332123689074,31.529674602085436,31.55369955307284,0.0,0.07122215515670553,0.0001537387389210993,0.0,1.4016482293780705,True,-3.2565135955810547,5.2766218185424805,False
efficientnet_b0,/features/features.5/features.5.2/block/block.2/avgpool/GlobalAveragePool_output_0,/features/features.5/features.5.2/block/block.2/fc1/Conv,0.08978271484375,0.3574560881704023,14.496874574704037,112.52474802114861,31.529674602085436,31.5693076848624,0.0,0.14597284226190477,0.0007750253853327715,0.09523809523809523,4.861236881918731,True,-2.9188003540039062,6.6292736530303955,False
efficientnet_b0,/features/features.5/features.5.2/block/block.2/activation/Mul_output_0,/features/features.5/features.5.2/block/block.2/fc2/Conv,0.2125244140625,1.8312432483082208,23.794047407569085,51.992512511901325,31.529674602085436,31.707764784585958,0.0,0.0625,6.29618670460508e-05,0.0,3.5293967958002264,True,-5.237275123596191,11.71273946762085,False
efficientnet_b0,/features/features.5/features.5.2/block/block.2/Mul_output_0,/features/features.5/features.5.2/block/block.3/block.3.0/Conv,0.1376953125,0.19401418214693403,8.691091677732231,317.9535604942622,31.529674602085436,31.53662314601644,0.0,0.6615776751548834,0.020508467237984107,0.5223214285714286,3.046324826981317,True,1.4908745884895325,0.48331959545612335,False
efficientnet_b0,/features/features.5/features.5.2/Add_output_0,/features/features.6/features.6.0/block/block.0/block.0.0/Conv,0.9013671875,5.807761140303589,26.65468368289995,69.52980507371409,31.529674602085436,31.54490847821407,0.0,0.06738565962099126,0.0001351547106518861,0.0,1.3171798452253685,True,-4.537824332714081,6.492792367935181,False
efficientnet_b0,/features/features.6/features.6.0/block/block.2/avgpool/GlobalAveragePool_output_0,/features/features.6/features.6.0/block/block.2/fc1/Conv,0.2437744140625,1.6279726816622806,15.795400703310918,67.08401113247646,31.529674602085436,31.774259638684967,0.0,0.07505580357142858,0.00014597254879351315,0.09523809523809523,11.047181293756381,True,4.336086273193358,10.291126251220703,False
efficientnet_b0,/features/features.6/features.6.0/block/block.2/activation/Mul_output_0,/features/features.6/features.6.0/block/block.2/fc2/Conv,0.06610107421875,0.1825794082737411,18.05078078229343,162.1939819500392,31.529674602085436,32.198108241513516,0.0,0.03459821428571429,0.00025774203119214244,0.0,1.6739352318927023,True,-27.10739803314209,36.767961502075195,False
efficientnet_b0,/features/features.6/features.6.0/block/block.2/Mul_output_0,/features/features.6/features.6.0/block/block.3/block.3.0/Conv,0.30224609375,1.5179338057301226,18.109452421536652,89.20431805975223,31.529674602085436,31.399550647952537,0.0,0.13380709426627793,0.0004557396255830803,0.01636904761904762,5.893907321471576,True,8.111150085926056,1.8895471692085264,False
efficientnet_b0,/features/features.6/features.6.0/block/block.3/block.3.0/Conv_output_0,/features/features.6/features.6.1/block/block.0/block.0.0/Conv;/features/features.6/features.6.1/Add,0.7509765625,4.51034514848721,25.882345604650975,74.59240677242686,31.529674602085436,31.51808718034383,0.0,0.07580981611394558,0.00017274067648854425,0.0,1.3558781850158086,True,-3.3507485389709473,5.248366355895996,False
efficientnet_b0,/features/features.6/features.6.1/block/block.2/avgpool/GlobalAveragePool_output_0,/features/features.6/features.6.1/block/block.2/fc1/Conv,0.12286376953125,0.5099934240696957,15.487576187058345,107.92878133753706,31.529674602085436,31.8391647924936,0.0,0.14925130208333334,0.0007324609649099148,0.042534722222222224,3.4583806391951253,True,-0.8116127252578734,2.681242346763611,False
efficientnet_b0,/features/features.6/features.6.1/block/block.2/activation/Mul_output_0,/features/features.6/features.6.1/block/block.2/fc2/Conv,0.346923828125,2.294826938474785,20.459522854987597,67.72705705786177,31.529674602085436,31.711749959738952,0.0,0.20703125,0.00039769364790024996,0.0,3.051867099869939,True,-3.3080451488494873,6.87484073638916,False
efficientnet_b0,/features/features.6/features.6.1/block/block.2/Mul_output_0,/features/features.6/features.6.1/block/block.3/block.3.0/Conv,0.291015625,0.2747586556129232,-1.6520191772239485,474.50734430609094,31.529674602085436,31.582614758232857,0.0,0.8515547495039683,0.03258177407936161,0.9470486111111112,5.037570921113617,True,0.4303136386552069,0.3331194370985031,False
efficientnet_b0,/features/features.6/features.6.1/Add_output_0,/features/features.6/features.6.2/block/block.0/block.0.0/Conv;/features/features.6/features.6.2/Add,1.6220703125,4.977614686123607,20.082145288168974,145.99111137023723,31.529674602085436,31.512827304899997,0.0,0.1473878613945578,0.0013026014703398773,0.0,1.3079667902183816,True,-4.14836323261261,5.865907669067383,False
efficientnet_b0,/features/features.6/features.6.2/block/block.2/avgpool/GlobalAveragePool_output_0,/features/features.6/features.6.2/block/block.2/fc1/Conv,0.146484375,0.49399016307715804,14.131264121280687,132.84677490581893,31.529674602085436,31.742837565413797,0.0,0.1815863715277778,0.001361161689656397,0.09114583333333333,3.0660219815844987,True,-1.3902890086174011,2.9586769342422485,False
efficientnet_b0,/features/features.6/features.6.2/block/block.2/activation/Mul_output_0,/features/features.6/features.6.2/block/block.2/fc2/Conv,0.407958984375,2.0630313575328336,16.75858278524837,88.59081289901879,31.529674602085436,31.663063651190587,0.0,0.2421875,0.0009132328945642017,0.041666666666666664,4.158747978384586,True,-4.702460050582886,8.260769844055176,False
efficientnet_b0,/features/features.6/features.6.2/block/block.2/Mul_output_0,/features/features.6/features.6.2/block/block.3/block.3.0/Conv,0.478271484375,0.2822462404323389,-6.417031642704963,759.1443013440759,31.529674602085436,31.602262059747726,0.0,0.9254872847576531,0.048081492374588544,0.9947916666666666,5.2279659381684,True,0.6873861849308014,-0.16795788705348966,False
efficientnet_b0,/features/features.6/features.6.2/Add_output_0,/features/features.6/features.6.3/block/block.0/block.0.0/Conv;/features/features.6/features.6.3/Add,0.984375,5.6070322177471255,25.37517240843396,78.65123346432124,31.529674602085436,31.541520115592352,0.0,0.08053651147959184,0.0002070944084132353,0.0,1.3248036385890651,True,-4.461721301078796,6.041412830352783,False
efficientnet_b0,/features/features.6/features.6.3/block/block.2/avgpool/GlobalAveragePool_output_0,/features/features.6/features.6.3/block/block.2/fc1/Conv,0.217529296875,0.5061963520312119,10.939932592691576,192.5204016365394,31.529674602085436,31.667575805761988,0.0,0.2718912760416667,0.004532080010415597,0.375,2.8939433324907284,True,-1.4620720744132998,2.883707046508789,False
efficientnet_b0,/features/features.6/features.6.3/block/block.2/activation/Mul_output_0,/features/features.6/features.6.3/block/block.2/fc2/Conv,0.265380859375,2.087817276282001,22.313164213155364,56.94493783082455,31.529674602085436,31.122497618439482,0.0,0.13606770833333334,0.0002102332250277368,0.0,3.2603685416645973,True,-5.429534435272216,8.729822635650635,False
efficientnet_b0,/features/features.6/features.6.3/block/block.2/Mul_output_0,/features/features.6/features.6.3/block/block.3/block.3.0/Conv,0.278076171875,0.20370243958956744,-5.012295735404379,611.569136093843,31.529674602085436,31.577706783900922,0.0,0.8961372634991497,0.0427483007385981,0.984375,5.4387689023854575,True,0.8238791823387146,-0.7545704543590546,False
efficientnet_b0,/features/features.6/features.6.3/Add_output_0,/features/features.7/features.7.0/block/block.0/block.0.0/Conv,1.2080078125,6.074838696877993,24.237464000566675,89.08672756663142,31.529674602085436,31.530983487120924,0.0,0.09233165922619048,0.0003051340800163299,0.0,1.2930899201730741,True,-5.095550000667572,6.512928009033203,False
efficientnet_b0,/features/features.7/features.7.0/block/block.2/avgpool/GlobalAveragePool_output_0,/features/features.7/features.7.0/block/block.2/fc1/Conv,0.0966796875,0.5017884090260702,16.867685374629573,86.31626243433159,31.529674602085436,31.32386909708408,0.0,0.11051432291666667,0.00037283579121864157,0.0234375,3.5856858051860656,True,-0.9171652346849442,2.4035086631774902,False
efficientnet_b0,/features/features.7/features.7.0/block/block.2/activation/Mul_output_0,/features/features.7/features.7.0/block/block.2/fc2/Conv,0.432373046875,1.9844208637904133,15.07941764376801,97.61191717668726,31.529674602085436,31.929487594242666,0.0,0.341796875,0.0016879423231191593,0.0625,2.779346739320431,True,-1.0921008586883547,3.7233386039733887,False
efficientnet_b0,/features/features.7/features.7.0/block/block.2/Mul_output_0,/features/features.7/features.7.0/block/block.3/block.3.0/Conv,0.849609375,0.4468982890221598,-4.374878916742205,851.7038649506363,31.529674602085436,31.494535823597445,0.0,0.9088857222576531,0.06049544881888994,0.9991319444444444,3.354306177634034,True,0.6649657189846041,-0.19008124619722366,False
efficientnet_b0,/features/features.7/features.7.0/block/block.3/block.3.0/Conv_output_0,/features/features.8/features.8.0/Conv,0.73876953125,2.6576452452759427,21.24694001702681,124.53458586630722,31.529674602085436,31.51720196503842,0.0,0.1505400988520408,0.0009665147932817126,0.0,1.206967844422582,True,-2.5861937403678894,2.329067349433899,False
densenet121,/features/denseblock1/denselayer1/relu1/Relu_output_0,/features/denseblock1/denselayer1/conv1/Conv,0.058624267578125,0.2513487016964984,-196.5079363977244,104.49097885818077,31.529674602085436,31.507332094352144,0.0,0.03630828857421875,0.000173828211698104,0.234375,364804440296.06555,True,1.768167972564699,14.293488502502441,False
densenet121,/features/denseblock1/denselayer1/relu2/Relu_output_0,/features/denseblock1/denselayer1/conv2/Conv,0.026763916015625,0.11532185228445048,-176.68708101117153,103.97191978346946,31.529674602085436,31.706865056876087,0.0,0.03209974327865912,0.00014686592499582647,0.046875,4.462178510730005,True,-1.100560188293457,13.524632453918457,False
densenet121,/features/denseblock1/denselayer2/relu1/Relu_output_0,/features/denseblock1/denselayer2/conv1/Conv,0.047210693359375,0.22298577573100217,-182.86628280624802,94.8508511615318,31.529674602085436,31.494872356296618,0.0,0.07312873269424958,0.0002169313225146775,0.09375,6.688937216370808,True,4.235570430755615,11.484540462493896,False
densenet121,/features/denseblock1/denselayer2/relu2/Relu_output_0,/features/denseblock1/denselayer2/conv2/Conv,0.0247802734375,0.0947310038666586,-176.0182097286742,117.19038167933203,31.529674602085436,31.48880500945037,0.0,0.03558474170918367,0.00020666639943776768,0.0234375,3.0937365358515247,True,-0.07823181152343839,10.07059097290039,False
densenet121,/features/denseblock1/denselayer3/relu1/Relu_output_0,/features/denseblock1/denselayer3/conv1/Conv,0.0369873046875,0.17612249356312978,-184.26835408765265,94.08402166450418,31.529674602085436,31.504989485152223,0.0,0.07625844527264031,0.000272565082899367,0.109375,8.874279064566384,True,3.3095316886901864,9.457777500152588,False
densenet121,/features/denseblock1/denselayer3/relu2/Relu_output_0,/features/denseblock1/denselayer3/conv2/Conv,0.031829833984375,0.09353409487254748,18.101192464996245,152.45526932645052,31.529674602085436,31.518861335683997,0.0,0.03785791202467315,0.00036575204346777333,0.0078125,2.2243192185305674,True,-0.5570511817932138,8.14524221420288,False
densenet121,/features/denseblock1/denselayer4/relu1/Relu_output_0,/features/denseblock1/denselayer4/conv1/Conv,0.04400634765625,0.1438965590664619,-193.4615210296604,137.00705477532824,31.529674602085436,31.508465204755453,0.0,0.11299625318877551,0.0007353106796092769,0.3125,213465615054.76984,True,2.728219509124754,7.882511854171753,False
densenet121,/features/denseblock1/denselayer4/relu2/Relu_output_0,/features/denseblock1/denselayer4/conv2/Conv,0.033905029296875,0.0863093302824539,18.108973957669022,175.9885411610929,31.529674602085436,31.537029049558782,0.0,0.03985657983896684,0.0005120280401195245,0.0,1.5870802558471677,True,-0.13897395133972168,6.151289939880371,False
densenet121,/features/denseblock1/denselayer5/relu1/Relu_output_0,/features/denseblock1/denselayer5/conv1/Conv,0.032012939453125,0.1162994680715685,-186.48168631716504,123.31782004518136,31.529674602085436,31.234905241754376,0.0,0.11971988807730123,0.0006219077458812842,0.19791666666666666,13.538983904306313,True,1.8056583404540998,8.611944675445557,False
densenet121,/features/denseblock1/denselayer5/relu2/Relu_output_0,/features/denseblock1/denselayer5/conv2/Conv,0.0259246826171875,0.06784258740442617,17.86327487537077,171.1942049507131,31.529674602085436,31.533243469110545,0.0,0.03577438665896046,0.000435832103945025,0.0,1.8569505342051484,True,-0.9300854206085205,7.21476411819458,False
densenet121,/features/denseblock1/denselayer6/relu1/Relu_output_0,/features/denseblock1/denselayer6/conv1/Conv,0.046478271484375,0.15114068172626127,-197.43919763196794,137.76744545000986,31.529674602085436,31.519384221363026,0.0,0.04177002309015124,0.00029416359919548274,0.39285714285714285,281075536636.5307,True,4.532920837402344,6.485404014587402,False
densenet121,/features/denseblock1/denselayer6/relu2/Relu_output_0,/features/denseblock1/denselayer6/conv2/Conv,0.062286376953125,0.0981166516761178,14.327180875193037,284.39919624562646,31.529674602085436,31.530987957773853,0.0,0.05795031177754305,0.0019077178563258856,0.0,1.3953304455311113,True,-2.4563907384872437,7.02350378036499,False
densenet121,/features/transition1/relu/Relu_output_0,/features/transition1/conv/Conv,0.158447265625,0.19815693656169506,-195.1440827763368,358.2230136965173,31.529674602085436,31.54271106034555,0.0,0.19380717374840561,0.008727516671827739,0.421875,3.685760773252613,True,-0.9176821708679199,8.726014137268066,False
densenet121,/features/denseblock2/denselayer1/relu1/Relu_output_0,/features/denseblock2/denselayer1/conv1/Conv,0.0253448486328125,0.1185905541114448,-190.3636153593073,95.74533378796494,31.529674602085436,31.49975776058483,0.0,0.0974410699338329,0.00019204368275398475,0.4375,192395831876.66537,True,0.5083632469177237,13.917259216308594,False
densenet121,/features/denseblock2/denselayer1/relu2/Relu_output_0,/features/denseblock2/denselayer1/conv2/Conv,0.0172882080078125,0.11383443539185635,19.0450771043605,68.03843811267396,31.529674602085436,31.454083562365863,0.0,0.02565812091438138,4.936042579539132e-05,0.0078125,5.814303642039533,True,-1.9805517196655273,17.281556129455566,False
densenet121,/features/denseblock2/denselayer2/relu1/Relu_output_0,/features/denseblock2/denselayer2/conv1/Conv,0.0338134765625,0.11394936880354321,-21.35565436907116,132.94007381573985,31.529674602085436,31.53917459384163,0.0,0.09076127032844387,0.0005215127857250256,0.18125,7.381372863782582,True,2.132688522338868,7.502781629562378,False
densenet121,/features/denseblock2/denselayer2/relu2/Relu_output_0,/features/denseblock2/denselayer2/conv2/Conv,0.020263671875,0.08533493260530767,21.800536953651672,106.38228358353867,31.529674602085436,31.546592742063986,0.0,0.02755706164301658,0.00012992750044007084,0.0,1.7533474956614203,True,-1.766677856445313,8.786586284637451,False
densenet121,/features/denseblock2/denselayer3/relu1/Relu_output_0,/features/denseblock2/denselayer3/conv1/Conv,0.030364990234375,0.11509438398910297,-187.16207169127733,118.19443445900859,31.529674602085436,31.5241016297865,0.0,0.08932578158216412,0.00039795337707882594,0.234375,70.84743061919352,True,1.907541275024414,8.62747859954834,False
densenet121,/features/denseblock2/denselayer3/relu2/Relu_output_0,/features/denseblock2/denselayer3/conv2/Conv,0.0240631103515625,0.07450088012798199,19.520410770659247,144.69994742318497,31.529674602085436,31.550253191391352,0.0,0.027017398756377552,0.00023236698033753757,0.0,1.649849409904726,True,-2.4962527751922607,9.25040864944458,False
densenet121,/features/denseblock2/denselayer4/relu1/Relu_output_0,/features/denseblock2/denselayer4/conv1/Conv,0.0276947021484375,0.10217021625731508,-180.57424124443037,121.43682392971034,31.529674602085436,31.516757542459967,0.0,0.05014011394178207,0.0002902517518014542,0.044642857142857144,4.040043249396265,True,0.6540915966033936,8.36806058883667,False
densenet121,/features/denseblock2/denselayer4/relu2/Relu_output_0,/features/denseblock2/denselayer4/conv2/Conv,0.033233642578125,0.0925408052631088,17.736599614528757,160.88764121588358,31.529674602085436,31.578645552504916,0.0,0.03621377750318878,0.00038724874299629587,0.0,1.9035385072501312,True,-0.5305509567260742,7.6204307079315186,False
densenet121,/features/denseblock2/denselayer5/relu1/Relu_output_0,/features/denseblock2/denselayer5/conv1/Conv,0.04132080078125,0.10529919027946694,-193.98128761249774,175.80115004559286,31.529674602085436,31.524023466496264,0.0,0.1265598219268176,0.0008942630700987769,0.41015625,180799888361.53506,True,0.9884724617004395,8.821819305419922,False
densenet121,/features/denseblock2/denselayer5/relu2/Relu_output_0,/features/denseblock2/denselayer5/conv2/Conv,0.04302978515625,0.07324956691813907,14.523700023654783,263.1734843093834,31.529674602085436,31.52076507869744,0.0,0.03405730578364158,0.0009541439782553702,0.0,1.4897453706248955,True,-2.3181929588317867,8.520750522613525,False
densenet121,/features/denseblock2/denselayer6/relu1/Relu_output_0,/features/denseblock2/denselayer6/conv1/Conv,0.045379638671875,0.09374033516018371,-187.75148333317617,216.8765248199712,31.529674602085436,31.56301962021031,0.0,0.17763804740646258,0.0026247039164069047,0.3854166666666667,34.60260734470928,True,-0.02646923065185547,10.67237663269043,False
densenet121,/features/denseblock2/denselayer6/relu2/Relu_output_0,/features/denseblock2/denselayer6/conv2/Conv,0.0325927734375,0.08080400018506466,17.194946055853286,180.70346104844037,31.529674602085436,31.522698435070954,0.0,0.03512479821029974,0.00046791802188873193,0.0,1.700037401485838,True,-1.7535409927368173,9.810419082641602,False
densenet121,/features/denseblock2/denselayer7/relu1/Relu_output_0,/features/denseblock2/denselayer7/conv1/Conv,0.03656005859375,0.09742550716032436,-189.03410377837213,168.11722851025772,31.529674602085436,31.539767942670718,0.0,0.09003557477678571,0.000877783696461565,0.184375,22.86980390895457,True,1.368222713470459,7.374727725982666,False
densenet121,/features/denseblock2/denselayer7/relu2/Relu_output_0,/features/denseblock2/denselayer7/conv2/Conv,0.055908203125,0.07752125318716878,12.59459654542993,323.09687950382266,31.529674602085436,31.546435322340407,0.0,0.05103130729830995,0.0021603301092838357,0.078125,1.53175630006468,True,-1.7515521049499512,6.77559232711792,False
densenet121,/features/denseblock2/denselayer8/relu1/Relu_output_0,/features/denseblock2/denselayer8/conv1/Conv,0.033660888671875,0.09185306719470843,-188.08738487146792,164.1760976041609,31.529674602085436,31.543860937839728,0.0,0.07924503475040584,0.0007649759717242235,0.13636363636363635,10.491530502097264,True,0.05424380302429199,9.129148483276367,False
densenet121,/features/denseblock2/denselayer8/relu2/Relu_output_0,/features/denseblock2/denselayer8/conv2/Conv,0.0271148681640625,0.06939580270225158,18.04974453881158,175.0460469434972,31.529674602085436,31.523865808231037,0.0,0.02391830755739796,0.00029888910908295024,0.0,1.5851336027406688,True,-3.359893798828125,9.94485855102539,False
densenet121,/features/denseblock2/denselayer9/relu1/Relu_output_0,/features/denseblock2/denselayer9/conv1/Conv,0.0323486328125,0.08777931522219859,-181.34350640578594,165.09797853076734,31.529674602085436,31.543760575502716,0.0,0.11170461226482781,0.0009822252773825837,0.17708333333333334,8.297343959284365,True,0.2100982666015625,8.794770240783691,False
densenet121,/features/denseblock2/denselayer9/relu2/Relu_output_0,/features/denseblock2/denselayer9/conv2/Conv,0.0228424072265625,0.07843264509464264,20.598011635088653,130.47371314777953,31.529674602085436,31.53892798660225,0.0,0.020921045420121173,0.00014627984623352886,0.0,1.511599749109917,True,-2.0293610095977788,7.875217914581299,False
densenet121,/features/denseblock2/denselayer10/relu1/Relu_output_0,/features/denseblock2/denselayer10/conv1/Conv,0.0384521484375,0.08714205014527555,-185.12959328799548,197.68369542926052,31.529674602085436,31.534177195020312,0.0,0.09138515119088501,0.0013060587892795164,0.18269230769230768,5.278184816855767,True,-0.35312843322754084,8.565858364105225,False
densenet121,/features/denseblock2/denselayer10/relu2/Relu_output_0,/features/denseblock2/denselayer10/conv2/Conv,0.03314208984375,0.0715221313,16.50673518548183,207.59527128353346,31.529674602085436,31.517131956223437,0.0,0.02269791583625638,0.00039813853745156077,0.0,1.5491794831373094,True,-2.1320533752441397,7.563856840133667,False
densenet121,/features/denseblock2/denselayer11/relu1/Relu_output_0,/features/denseblock2/denselayer11/conv1/Conv,0.03759765625,0.0824569728681415,-188.40929573704022,204.27320351591317,31.529674602085436,31.541451816427205,0.0,0.08611847012800657,0.0013150458453284244,0.18526785714285715,11.60093913074255,True,-0.2931954860687265,8.334797382354736,False
densenet121,/features/denseblock2/denselayer11/relu2/Relu_output_0,/features/denseblock2/denselayer11/conv2/Conv,0.039154052734375,0.07089705671910759,15.228690179622774,247.41528685030008,31.529674602085436,31.546516241967353,0.0,0.028519610969387755,0.0007019205398992073,0.0,1.5196939866453405,True,-2.6650185585021973,7.837152719497681,False
densenet121,/features/denseblock2/denselayer12/relu1/Relu_output_0,/features/denseblock2/denselayer12/conv1/Conv,0.037567138671875,0.08268569217729428,-183.8919375251998,203.54280990855133,31.529674602085436,31.536063640449676,0.0,0.077297745269983,0.0012311269441994388,0.12916666666666668,3.939619654694064,True,-0.9861254692077637,8.753881454467773,False
densenet121,/features/denseblock2/denselayer12/relu2/Relu_output_0,/features/denseblock2/denselayer12/conv2/Conv,0.034027099609375,0.06351682850416139,15.076862008541276,240.00160247297705,31.529674602085436,31.559942298012285,0.0,0.021748134068080356,0.0005088621285057384,0.015625,1.6623200761031582,True,-1.7217764854431152,6.431466579437256,False
densenet121,/features/transition2/relu/Relu_output_0,/features/transition2/conv/Conv,0.08172607421875,0.145233227597733,-183.3730006407307,252.0998937750765,31.529674602085436,31.538585344965455,0.0,0.08363988448162468,0.0021654738750346843,0.115234375,2.3836523618775187,True,-0.0001227855682373047,7.012420892715454,False
densenet121,/features/denseblock3/denselayer1/relu1/Relu_output_0,/features/denseblock3/denselayer1/conv1/Conv,0.036834716796875,0.08984651073982235,9.936351760582468,183.66826924182263,31.529674602085436,31.522683510733145,0.0,0.08300469846141581,0.0011189270886736767,0.05078125,2.5595031131158392,True,1.0358779430389404,7.014409303665161,False
densenet121,/features/denseblock3/denselayer1/relu2/Relu_output_0,/features/denseblock3/denselayer1/conv2/Conv,0.045379638671875,0.09370039519873662,15.096248054127543,216.96896882750943,31.529674602085436,31.521400328587774,0.0,0.057118941326530615,0.001100206013291448,0.0,1.7851847479880578,True,-2.6813637018203735,9.65098476409912,False
densenet121,/features/denseblock3/denselayer2/relu1/Relu_output_0,/features/denseblock3/denselayer2/conv1/Conv,0.0215911865234375,0.08489443237023955,-177.32039275994327,113.93976368573846,31.529674602085436,31.499465411016615,0.0,0.06563507564484126,0.0003487126673340475,0.059027777777777776,3.474676112728882,True,0.28629970550537154,8.568421840667725,False
densenet121,/features/denseblock3/denselayer2/relu2/Relu_output_0,/features/denseblock3/denselayer2/conv2/Conv,0.03033447265625,0.09189849778016458,16.80843352336133,147.87884544651652,31.529674602085436,31.604546309045617,0.0,0.03567193478954082,0.00032105616691898375,0.0078125,2.0589326975893862,True,-5.263585805892944,13.798316478729248,False
densenet121,/features/denseblock3/denselayer3/relu1/Relu_output_0,/features/denseblock3/denselayer3/conv1/Conv,0.030609130859375,0.08539245503791876,9.968095574199879,160.5866773465027,31.529674602085436,31.51903011669541,0.0,0.06743463010204082,0.0007064763679389551,0.040625,2.772661718635433,True,0.4666540622711186,8.070893287658691,False
densenet121,/features/denseblock3/denselayer3/relu2/Relu_output_0,/features/denseblock3/denselayer3/conv2/Conv,0.08380126953125,0.08830042667574864,9.717327178358914,425.1731295462814,31.529674602085436,31.51231687013339,0.0,0.10085249920280612,0.007342174406203351,0.671875,1.6873713957529612,True,-3.2005510330200204,10.65511703491211,False
densenet121,/features/denseblock3/denselayer4/relu1/Relu_output_0,/features/denseblock3/denselayer4/conv1/Conv,0.03729248046875,0.08469487706565251,-175.17518632367876,197.26141448967795,31.529674602085436,31.54035752107969,0.0,0.08880875681238404,0.0013915640904711764,0.09090909090909091,2.944686104633934,True,0.5141263008117676,8.045304298400879,False
densenet121,/features/denseblock3/denselayer4/relu2/Relu_output_0,/features/denseblock3/denselayer4/conv2/Conv,0.1273193359375,0.10025472223292577,6.625046831363186,568.9414047497821,31.529674602085436,31.602302610421596,0.0,0.13860834861288265,0.017944883200133932,0.9375,1.7353742416048952,True,-2.1411550045013428,9.504639148712158,False
densenet121,/features/denseblock3/denselayer5/relu1/Relu_output_0,/features/denseblock3/denselayer5/conv1/Conv,0.05999755859375,0.08044673254985833,-190.68845945713326,334.1205465783375,31.529674602085436,31.540253228915958,0.0,0.1785564811862245,0.00729515575852318,0.5911458333333334,8.182239106209286,True,0.36369800567626953,9.393932342529297,False
densenet121,/features/denseblock3/denselayer5/relu2/Relu_output_0,/features/denseblock3/denselayer5/conv2/Conv,0.09027099609375,0.09065500871272156,8.663621894056547,446.1022818734216,31.529674602085436,31.49939654692973,0.0,0.09217055963010204,0.0073389063763474646,0.796875,1.841803652019668,True,-1.7486844062805176,9.521239280700684,False
densenet121,/features/denseblock3/denselayer6/relu1/Relu_output_0,/features/denseblock3/denselayer6/conv1/Conv,0.036468505859375,0.07785053814529076,-182.70659403988765,209.8622696031844,31.529674602085436,31.52341571626744,0.0,0.09268681931907378,0.0015985592868170027,0.14903846153846154,4.002055372963614,True,-0.45612335205078036,8.88167428970337,False
densenet121,/features/denseblock3/denselayer6/relu2/Relu_output_0,/features/denseblock3/denselayer6/conv2/Conv,0.05126953125,0.0868935299594693,13.760108148800768,264.332108624354,31.529674602085436,31.529721163522872,0.0,0.052309620137117346,0.0014927835847663355,0.03125,1.6798039849813795,True,-2.7520551681518564,10.01041030883789,False
densenet121,/features/denseblock3/denselayer7/relu1/Relu_output_0,/features/denseblock3/denselayer7/conv1/Conv,0.0328369140625,0.07549169179129,-187.93627107050236,194.86829809922608,31.529674602085436,31.536201756171952,0.0,0.13753978851585277,0.0017248702981338025,0.29910714285714285,53.535293672615644,True,-0.4920451641082755,10.146872520446777,False
densenet121,/features/denseblock3/denselayer7/relu2/Relu_output_0,/features/denseblock3/denselayer7/conv2/Conv,0.043426513671875,0.07963268957850503,14.32174696460936,244.3101975831222,31.529674602085436,31.520784745383665,0.0,0.04242815290178571,0.0010300041810932011,0.015625,1.8712420024244965,True,-1.217376708984375,8.968276500701904,False
densenet121,/features/denseblock3/denselayer8/relu1/Relu_output_0,/features/denseblock3/denselayer8/conv1/Conv,0.047943115234375,0.07798501638231849,-182.0309000806526,275.41849218447834,31.529674602085436,31.53608684721558,0.0,0.10275098320578231,0.0031584775701625095,0.22083333333333333,2.7303219567836376,True,-1.274085044860839,9.467226028442383,False
densenet121,/features/denseblock3/denselayer8/relu2/Relu_output_0,/features/denseblock3/denselayer8/conv2/Conv,0.10565185546875,0.0800933121095732,5.820336783100927,590.9610927969429,31.529674602085436,31.522008721193203,0.0,0.09662488042091837,0.01326180854365819,0.96875,1.8964431256502288,True,-2.295403480529785,8.656886577606201,False
densenet121,/features/denseblock3/denselayer9/relu1/Relu_output_0,/features/denseblock3/denselayer9/conv1/Conv,0.0631103515625,0.07408486281484254,-186.56848031915177,381.6358217556901,31.529674602085436,31.544579560131766,0.0,0.13173566545758927,0.00780584129727998,0.607421875,2.5994716241056737,True,-1.1649296283721924,9.086043357849121,False
densenet121,/features/denseblock3/denselayer9/relu2/Relu_output_0,/features/denseblock3/denselayer9/conv2/Conv,0.1099853515625,0.10597765319244486,6.986422555116889,464.9417685304311,31.529674602085436,31.534284508823582,0.0,0.08627879862882654,0.007368390087938214,0.8671875,2.2374463990369877,True,-3.156055212020874,9.336597919464111,False
densenet121,/features/denseblock3/denselayer10/relu1/Relu_output_0,/features/denseblock3/denselayer10/conv1/Conv,0.05487060546875,0.07312126818857388,-186.6389935912918,336.1816863816546,31.529674602085436,31.546645494372477,0.0,0.1728237193314826,0.007433073194601835,0.5036764705882353,4.343189389090161,True,0.172346591949462,8.996947288513184,False
densenet121,/features/denseblock3/denselayer10/relu2/Relu_output_0,/features/denseblock3/denselayer10/conv2/Conv,0.0787353515625,0.0871886629074899,9.635998456892949,404.5644963890122,31.529674602085436,31.534432893482737,0.0,0.07582808514030612,0.005007313126012093,0.6328125,1.965589194066635,True,-2.679799795150755,9.522812366485596,False
densenet121,/features/denseblock3/denselayer11/relu1/Relu_output_0,/features/denseblock3/denselayer11/conv1/Conv,0.041748046875,0.07160867815612927,-182.4676663539218,261.185173104597,31.529674602085436,31.542334678350844,0.0,0.12063536352040816,0.003292299337791102,0.2621527777777778,3.345635123427265,True,-0.4315133094787589,9.390973091125488,False
densenet121,/features/denseblock3/denselayer11/relu2/Relu_output_0,/features/denseblock3/denselayer11/conv2/Conv,0.131103515625,0.09489507953383701,5.075280176696026,618.9401525192559,31.529674602085436,31.631908873516533,0.0,0.10782670001594388,0.01602590050911635,0.9765625,2.167822744530281,True,-1.894848346710206,8.627848625183105,False
densenet121,/features/denseblock3/denselayer12/relu1/Relu_output_0,/features/denseblock3/denselayer12/conv1/Conv,0.042633056640625,0.07019822807323504,-181.7455936737221,272.0810752526991,31.529674602085436,31.52661853188723,0.0,0.10278372759465629,0.003160030631905107,0.2138157894736842,2.7983555654336905,True,-0.8118810653686523,9.152091026306152,False
densenet121,/features/denseblock3/denselayer12/relu2/Relu_output_0,/features/denseblock3/denselayer12/conv2/Conv,0.08770751953125,0.08751980706201447,8.487281671658877,448.9608703337055,31.529674602085436,31.54197937269786,0.0,0.07271529217155612,0.0057469900895276435,0.78125,1.9659079778631035,True,-1.9272418022155775,8.220462799072266,False
densenet121,/features/denseblock3/denselayer13/relu1/Relu_output_0,/features/denseblock3/denselayer13/conv1/Conv,0.04718017578125,0.07026993688918164,-188.93538920962675,300.7931938708499,31.529674602085436,31.5403991986736,0.0,0.1543601522640306,0.00533309134514939,0.396875,5.007827637535932,True,-0.6300039291381836,9.906328201293945,False
densenet121,/features/denseblock3/denselayer13/relu2/Relu_output_0,/features/denseblock3/denselayer13/conv2/Conv,0.06109619140625,0.08165990494817645,11.682781276870138,335.18400207997337,31.529674602085436,31.521738870722686,0.0,0.05095189931441327,0.0023000301868790016,0.234375,1.8411353461179802,True,-2.835355043411256,9.834469318389893,False
densenet121,/features/denseblock3/denselayer14/relu1/Relu_output_0,/features/denseblock3/denselayer14/conv1/Conv,0.05126953125,0.06930058194407589,-187.91921775383668,331.43661071324476,31.529674602085436,31.534243150413744,0.0,0.1724273414723032,0.007159525607453705,0.4880952380952381,3.718583312974015,True,-0.6638975143432608,10.055835247039795,False
densenet121,/features/denseblock3/denselayer14/relu2/Relu_output_0,/features/denseblock3/denselayer14/conv2/Conv,0.059967041015625,0.07697434259534182,11.010762292380079,349.01544422707127,31.529674602085436,31.519154480880044,0.0,0.04907351124043367,0.0024039329680016863,0.3828125,1.884641475953535,True,-1.5112485885620104,7.972959041595459,False
densenet121,/features/denseblock3/denselayer15/relu1/Relu_output_0,/features/denseblock3/denselayer15/conv1/Conv,0.042449951171875,0.07057489457388773,-181.0715173525856,269.4666175532111,31.529674602085436,31.539839636470678,0.0,0.11730798498376624,0.003256541716079239,0.25426136363636365,3.3162645484588293,True,-1.2679281234741202,9.898531436920166,False
densenet121,/features/denseblock3/denselayer15/relu2/Relu_output_0,/features/denseblock3/denselayer15/conv2/Conv,0.05169677734375,0.08004359501214733,12.375710491788105,289.34427853328225,31.529674602085436,31.569770085429653,0.0,0.03714923469387755,0.00124719208893107,0.1484375,1.9079601563059465,True,-2.0980632305145264,8.32910966873169,False
densenet121,/features/denseblock3/denselayer16/relu1/Relu_output_0,/features/denseblock3/denselayer16/conv1/Conv,0.039459228515625,0.06836457547224749,-181.49328106448172,258.58032837746873,31.529674602085436,31.540871384933403,0.0,0.12226831119676132,0.00304917873144393,0.20923913043478262,3.4674725039368286,True,-1.1153373718261719,9.701180458068848,False
densenet121,/features/denseblock3/denselayer16/relu2/Relu_output_0,/features/denseblock3/denselayer16/conv2/Conv,0.050506591796875,0.07258685437249222,11.927944472110589,311.7224643581578,31.529674602085436,31.5409448766095,0.0,0.037526656170280615,0.0014550154622338194,0.25,1.8731189640614425,True,-1.6488304138183585,7.848979711532593,False
densenet121,/features/denseblock3/denselayer17/relu1/Relu_output_0,/features/denseblock3/denselayer17/conv1/Conv,0.044952392578125,0.07144211123726081,-180.3993316202271,281.8879723209611,31.529674602085436,31.53259176737123,0.0,0.11821077307876275,0.0037041747269676564,0.23828125,2.7899044508812603,True,-0.8132524490356445,8.941258430480957,False
densenet121,/features/denseblock3/denselayer17/relu2/Relu_output_0,/features/denseblock3/denselayer17/conv2/Conv,0.080078125,0.10280201347517544,9.477666661864873,348.97176414412417,31.529674602085436,31.507386838579826,0.0,0.048879195232780615,0.0023598193013136077,0.609375,2.3922155940181136,True,-1.6421067714691162,7.34080696105957,False
densenet121,/features/denseblock3/denselayer18/relu1/Relu_output_0,/features/denseblock3/denselayer18/conv1/Conv,0.043548583984375,0.06921600894154345,-183.74858089317917,281.86782109146196,31.529674602085436,31.546850070749866,0.0,0.12186543367346939,0.003728357934396679,0.24,2.9049829166493852,True,-1.65108346939087,10.078194618225098,False
densenet121,/features/denseblock3/denselayer18/relu2/Relu_output_0,/features/denseblock3/denselayer18/conv2/Conv,0.06060791015625,0.07985792291084066,10.192256800014867,340.00813895842117,31.529674602085436,31.559724129390744,0.0,0.03961929009885204,0.0018188157787682232,0.46875,2.2440201457536912,True,-2.0502891540527344,8.219271659851074,False
densenet121,/features/denseblock3/denselayer19/relu1/Relu_output_0,/features/denseblock3/denselayer19/conv1/Conv,0.056610107421875,0.06764140717454274,-182.84634636027988,374.937914280188,31.529674602085436,31.533372744716782,0.0,0.14382584839825352,0.007890085003284116,0.5048076923076923,2.88722216111089,True,-0.8908333778381357,8.885159969329834,False
densenet121,/features/denseblock3/denselayer19/relu2/Relu_output_0,/features/denseblock3/denselayer19/conv2/Conv,0.1070556640625,0.10238874839037745,7.09978726005707,468.4199997946981,31.529674602085436,31.547228330337646,0.0,0.06942811304209184,0.0058520992323457975,0.8515625,2.244842655172134,True,-3.3318910598754883,9.426400184631348,False
densenet121,/features/denseblock3/denselayer20/relu1/Relu_output_0,/features/denseblock3/denselayer20/conv1/Conv,0.049102783203125,0.06601752808796009,-181.4466848013575,333.21524619477356,31.529674602085436,31.548940871710272,0.0,0.1386613564696712,0.005918116931416294,0.3229166666666667,3.1846947658235694,True,-1.8874652385711665,9.75666332244873,False
densenet121,/features/denseblock3/denselayer20/relu2/Relu_output_0,/features/denseblock3/denselayer20/conv2/Conv,0.08148193359375,0.08381511140999785,8.240374337492426,435.5289354855603,31.529674602085436,31.4507994648962,0.0,0.04431899713010204,0.0032431432424230335,0.75,2.1280623926866085,True,-2.041388750076294,7.026250123977661,False
densenet121,/features/denseblock3/denselayer21/relu1/Relu_output_0,/features/denseblock3/denselayer21/conv1/Conv,0.050201416015625,0.06653998020083625,-185.46460078398098,337.9958080407928,31.529674602085436,31.537658063483697,0.0,0.14475492694287537,0.005922820919829918,0.3515625,4.199640920731676,True,-1.9739017486572275,9.851375102996826,False
densenet121,/features/denseblock3/denselayer21/relu2/Relu_output_0,/features/denseblock3/denselayer21/conv2/Conv,0.0760498046875,0.08819620547196652,9.145002254446872,386.30134162437827,31.529674602085436,31.50353099883332,0.0,0.03837990274234694,0.0022479113089625678,0.609375,2.3851150019161813,True,-1.3189258575439453,6.4894444942474365,False
densenet121,/features/denseblock3/denselayer22/relu1/Relu_output_0,/features/denseblock3/denselayer22/conv1/Conv,0.0477294921875,0.06673757125661897,-187.25818151498817,320.4014185319828,31.529674602085436,31.541319984033983,0.0,0.1506533209997361,0.005202610125014776,0.3599137931034483,7.471110584895585,True,-1.4983611106872559,9.404335975646973,False
densenet121,/features/denseblock3/denselayer22/relu2/Relu_output_0,/features/denseblock3/denselayer22/conv2/Conv,0.086669921875,0.11674113374632063,10.523019507290492,332.60020486329876,31.529674602085436,31.64371942761981,0.0,0.047405632174744895,0.002049328573949815,0.4140625,2.076617728339161,True,-1.569541335105896,7.3761255741119385,False
densenet121,/features/denseblock3/denselayer23/relu1/Relu_output_0,/features/denseblock3/denselayer23/conv1/Conv,0.04876708984375,0.06598330807469645,-185.45250122327838,331.1088347566228,31.529674602085436,31.52220996804049,0.0,0.1426154934630102,0.005689065002526846,0.328125,4.169428339000638,True,-2.5375034809112558,10.166932582855225,False
densenet121,/features/denseblock3/denselayer23/relu2/Relu_output_0,/features/denseblock3/denselayer23/conv2/Conv,0.06561279296875,0.07207502943120796,7.792912974209614,407.8323863614322,31.529674602085436,31.698335647594522,0.0,0.029689243861607144,0.0019372675275562102,0.640625,2.905681171371194,True,-1.570577621459961,6.104026794433594,False
densenet121,/features/denseblock3/denselayer24/relu1/Relu_output_0,/features/denseblock3/denselayer24/conv1/Conv,0.05364990234375,0.06303900042642425,-186.84474982766682,381.2743870844295,31.529674602085436,31.53120103599045,0.0,0.15735305273823239,0.008082756757246196,0.47580645161290325,4.795833885907789,True,-2.493471145629883,10.023681163787842,False
densenet121,/features/denseblock3/denselayer24/relu2/Relu_output_0,/features/denseblock3/denselayer24/conv2/Conv,0.0794677734375,0.09040079211270886,8.107441698872755,393.8191432616331,31.529674602085436,31.67706619366468,0.0,0.039048798230229595,0.0023611700921659026,0.6015625,2.2762319729096006,True,-1.4726500511169434,6.6853063106536865,False
densenet121,/features/transition3/relu/Relu_output_0,/features/transition3/conv/Conv,0.128662109375,0.11946332373091822,5.404135241195846,482.49641144951727,31.529674602085436,31.556061841147116,0.0,0.14086493667291136,0.012735658877634353,0.80078125,2.694644744831093,True,-0.011036634445191318,6.568714141845703,False
densenet121,/features/denseblock4/denselayer1/relu1/Relu_output_0,/features/denseblock4/denselayer1/conv1/Conv,0.029388427734375,0.06222747369546609,-176.25022752025836,211.5788227147534,31.529674602085436,31.554057769181362,0.0,0.05578115035076531,0.001025770301069131,0.0234375,1.7532529631794898,True,-2.045698642730713,8.249268531799316,False
densenet121,/features/denseblock4/denselayer1/relu2/Relu_output_0,/features/denseblock4/denselayer1/conv2/Conv,0.018585205078125,0.0715677465954493,19.581582920361882,116.33972384327421,31.529674602085436,31.502393705584776,0.0,0.014927455357142858,8.182658191600768e-05,0.0,1.9786374477266033,True,-2.734280824661255,7.704989671707153,False
densenet121,/features/denseblock4/denselayer2/relu1/Relu_output_0,/features/denseblock4/denselayer2/conv1/Conv,0.031280517578125,0.06276779813067265,-181.75767715118303,223.26212313240217,31.529674602085436,31.539546930024915,0.0,0.055589032487995196,0.001128877411060269,0.04411764705882353,1.75267825236453,True,-2.2483551502227783,8.485160827636719,False
densenet121,/features/denseblock4/denselayer2/relu2/Relu_output_0,/features/denseblock4/denselayer2/conv2/Conv,0.02386474609375,0.0595071194615377,15.441338373057974,179.66600209762072,31.529674602085436,31.432302277755134,0.0,0.01678093112244898,0.00022045285799245413,0.015625,2.07154075186158,True,-1.2117221355438232,5.481853723526001,False
densenet121,/features/denseblock4/denselayer3/relu1/Relu_output_0,/features/denseblock4/denselayer3/conv1/Conv,0.03192138671875,0.06315422189876671,-183.9900869105051,226.44220481290213,31.529674602085436,31.595156521498335,0.0,0.05750203727324263,0.00119713602273985,0.078125,1.9578972208187688,True,-1.8704497814178467,8.185306549072266,False
densenet121,/features/denseblock4/denselayer3/relu2/Relu_output_0,/features/denseblock4/denselayer3/conv2/Conv,0.022430419921875,0.07168690560635856,17.508795136416936,140.17661998384094,31.529674602085436,31.540432763997174,0.0,0.01730907206632653,0.00014156267673799626,0.0,2.068073967346478,True,-2.783142328262329,7.641474962234497,False
densenet121,/features/denseblock4/denselayer4/relu1/Relu_output_0,/features/denseblock4/denselayer4/conv1/Conv,0.029815673828125,0.062280974009138845,-185.17168196356738,214.47034327112465,31.529674602085436,31.546885903544254,0.0,0.05647384364930182,0.0010543987687666348,0.08388157894736842,2.0565310043896403,True,-2.72454571723938,9.436065673828125,False
densenet121,/features/denseblock4/denselayer4/relu2/Relu_output_0,/features/denseblock4/denselayer4/conv2/Conv,0.0152130126953125,0.05401881361318799,16.72180349791575,126.16770402073587,31.529674602085436,31.50527961558174,0.0,0.010104432397959183,6.416304283238264e-05,0.0078125,2.331955759408041,True,-2.9882034063339242,8.386785984039307,False
densenet121,/features/denseblock4/denselayer5/relu1/Relu_output_0,/features/denseblock4/denselayer5/conv1/Conv,0.0265350341796875,0.058832333677638605,-187.88352885427338,202.0605773967174,31.529674602085436,31.50786878969839,0.0,0.04703842474489796,0.0007884220060694441,0.1125,67656849771.758896,True,-3.2911627292633057,9.700125217437744,False
densenet121,/features/denseblock4/denselayer5/relu2/Relu_output_0,/features/denseblock4/denselayer5/conv2/Conv,0.017181396484375,0.038855865160088474,13.506817142102946,198.09790859852967,31.529674602085436,31.48420994152842,0.0,0.008898676658163265,0.0001449792450776832,0.078125,1.9872487649377568,True,-1.7957242727279663,6.139141798019409,False
densenet121,/features/denseblock4/denselayer6/relu1/Relu_output_0,/features/denseblock4/denselayer6/conv1/Conv,0.03759765625,0.06683934298089095,-186.05498863338045,252.00352440351708,31.529674602085436,31.5127076499725,0.0,0.06482419976919339,0.0016852867817143615,0.20684523809523808,2.694276894433571,True,-2.679104924201966,9.425302028656006,False
densenet121,/features/denseblock4/denselayer6/relu2/Relu_output_0,/features/denseblock4/denselayer6/conv2/Conv,0.031982421875,0.05725814682135932,10.662756814720211,250.23731635434456,31.529674602085436,31.528811752782865,0.0,0.019964724170918366,0.0004972946524987045,0.4296875,2.7402082700711046,True,-1.8255379199981685,7.216122627258301,False
densenet121,/features/denseblock4/denselayer7/relu1/Relu_output_0,/features/denseblock4/denselayer7/conv1/Conv,0.02130126953125,0.05725203767502224,-187.75380048923807,166.6834777858637,31.529674602085436,31.539955290338977,0.0,0.038587807282003714,0.00041957102114458384,0.16477272727272727,66895480717.06963,True,-3.3170397281646737,9.688156127929688,False
densenet121,/features/denseblock4/denselayer7/relu2/Relu_output_0,/features/denseblock4/denselayer7/conv2/Conv,0.01363372802734375,0.03982088057374738,-170.8283803674596,153.3846079806871,31.529674602085436,31.476303343481714,0.0,0.007090043048469388,6.732664469760121e-05,0.0546875,2.3703700575899305,True,-1.6996383666992188,6.005207777023315,False
densenet121,/features/denseblock4/denselayer8/relu1/Relu_output_0,/features/denseblock4/denselayer8/conv1/Conv,0.02056884765625,0.05656297609494765,-187.2568384155274,162.91299337806757,31.529674602085436,31.529947442129046,0.0,0.03486336790150843,0.0003811998429961787,0.1793478260869565,65516856456.79492,True,-3.603017091751097,10.057310104370117,False
densenet121,/features/denseblock4/denselayer8/relu2/Relu_output_0,/features/denseblock4/denselayer8/conv2/Conv,0.01393890380859375,0.03608704713904277,13.133244946669983,173.04349902028704,31.529674602085436,31.559767400125864,0.0,0.0064473054846938774,7.718782599179297e-05,0.1171875,2.373827530994709,True,-2.2012999057769775,6.556021451950073,False
densenet121,/features/denseblock4/denselayer9/relu1/Relu_output_0,/features/denseblock4/denselayer9/conv1/Conv,0.0184173583984375,0.05361914382598924,-188.2118471801022,153.8811695553547,31.529674602085436,31.544583026062977,0.0,0.028292908960459183,0.00027261701060933514,0.23828125,64625722342.01773,True,-3.8469464778900146,10.324071884155273,False
densenet121,/features/denseblock4/denselayer9/relu2/Relu_output_0,/features/denseblock4/denselayer9/conv2/Conv,0.0171661376953125,0.032346375404088475,10.383287459468619,237.75244030983313,31.529674602085436,31.58265967592144,0.0,0.007184709821428571,0.0001664291577760555,0.3515625,2.3167125713091115,True,-1.75104421377182,5.738178730010986,False
densenet121,/features/denseblock4/denselayer10/relu1/Relu_output_0,/features/denseblock4/denselayer10/conv1/Conv,0.0183563232421875,0.053878218368242914,-188.57075926302406,152.6337184406083,31.529674602085436,31.53762940051042,0.0,0.02797751913265306,0.00026393070422697703,0.26,66041242880.152145,True,-3.6252877712249756,10.08691120147705,False
densenet121,/features/denseblock4/denselayer10/relu2/Relu_output_0,/features/denseblock4/denselayer10/conv2/Conv,0.0174102783203125,0.03308200753724678,10.997983467774326,235.7718067356783,31.529674602085436,31.522467424575794,0.0,0.007020288584183673,0.000153169013428621,0.265625,2.162862733956272,True,-1.81382417678833,5.821660995483398,False
densenet121,/features/denseblock4/denselayer11/relu1/Relu_output_0,/features/denseblock4/denselayer11/conv1/Conv,0.0190582275390625,0.05222870400651663,-189.33772446132627,163.4749722381527,31.529674602085436,31.527597078832265,0.0,0.026875398596938774,0.00029060658694770626,0.28846153846153844,65062227252.519005,True,-3.8068037033081064,10.081801414489746,False
densenet121,/features/denseblock4/denselayer11/relu2/Relu_output_0,/features/denseblock4/denselayer11/conv2/Conv,0.010589599609375,0.031504979271538475,13.479932074623022,150.5838357838834,31.529674602085436,31.69592242981649,0.0,0.004140425701530612,3.7333508213204176e-05,0.0625,2.4635140412175454,True,-1.6013562679290771,5.312422037124634,False
densenet121,/features/denseblock4/denselayer12/relu1/Relu_output_0,/features/denseblock4/denselayer12/conv1/Conv,0.0172271728515625,0.05193155018210658,-188.71706382046835,148.6143473560167,31.529674602085436,31.53662165256828,0.0,0.02561723474111867,0.0002155159955806676,0.30787037037037035,64624648954.17887,True,-3.5205373764038086,9.95333194732666,False
densenet121,/features/denseblock4/denselayer12/relu2/Relu_output_0,/features/denseblock4/denselayer12/conv2/Conv,0.0149078369140625,0.03505080570493814,13.2344344620615,190.5437208411751,31.529674602085436,31.60557667718999,0.0,0.006741270727040816,9.879791944874836e-05,0.109375,2.172359233105812,True,-1.900777816772461,5.697298765182495,False
densenet121,/features/denseblock4/denselayer13/relu1/Relu_output_0,/features/denseblock4/denselayer13/conv1/Conv,0.018157958984375,0.05250852555765138,-189.3535125806132,154.9227585160145,31.529674602085436,31.542498984259936,0.0,0.025122283846574344,0.00024700459416687005,0.31919642857142855,65865624634.50678,True,-3.5726845264434814,10.037362098693848,False
densenet121,/features/denseblock4/denselayer13/relu2/Relu_output_0,/features/denseblock4/denselayer13/conv2/Conv,0.01395416259765625,0.03276680404773617,12.933693943690606,190.78653000892552,31.529674602085436,31.458552335666262,0.0,0.006043726084183673,8.991313172752681e-05,0.125,2.210562559762055,True,-1.6505820751190186,5.682473182678223,False
densenet121,/features/denseblock4/denselayer14/relu1/Relu_output_0,/features/denseblock4/denselayer14/conv1/Conv,0.02099609375,0.05091276702680256,-190.91702378303552,184.75228413824308,31.529674602085436,31.547371402271423,0.0,0.029184168279380716,0.0004014218848601292,0.3415948275862069,64570829954.33017,True,-3.651435375213622,9.999998092651365,False
densenet121,/features/denseblock4/denselayer14/relu2/Relu_output_0,/features/denseblock4/denselayer14/conv2/Conv,0.0185089111328125,0.034152345776587274,10.249515185887851,242.7942209809926,31.529674602085436,31.393813051530273,0.0,0.00732421875,0.00017023064057132447,0.3984375,2.573899270856246,True,-1.9944846630096436,5.899688482284546,False
densenet121,/features/denseblock4/denselayer15/relu1/Relu_output_0,/features/denseblock4/denselayer15/conv1/Conv,0.0202789306640625,0.049041006307027096,-190.9670566590558,185.25233517074494,31.529674602085436,31.513216219248314,0.0,0.026874734268707484,0.00036970168852157765,0.371875,62805163723.31921,True,-3.883758068084717,10.315033435821533,False
densenet121,/features/denseblock4/denselayer15/relu2/Relu_output_0,/features/denseblock4/denselayer15/conv2/Conv,0.0178985595703125,0.03113593345298732,9.784607574015595,257.5337816547994,31.529674602085436,31.493235879783775,0.0,0.006830955038265306,0.00017894008937073514,0.5,2.271531373361475,True,-1.7375377416610718,5.657241582870483,False
densenet121,/features/denseblock4/denselayer16/relu1/Relu_output_0,/features/denseblock4/denselayer16/conv1/Conv,0.022186279296875,0.05302823212477144,-191.4539276594444,187.43700717031666,31.529674602085436,31.531799967925753,0.0,0.0315174456879526,0.00041997509500859263,0.3548387096774194,67145631155.32233,True,-2.8330116271972656,9.334178447723389,False
densenet121,/features/denseblock4/denselayer16/relu2/Relu_output_0,/features/denseblock4/denselayer16/conv2/Conv,0.017913818359375,0.04451941903992154,14.322829521939283,180.26719121836373,31.529674602085436,31.50405306051634,0.0,0.010129344706632654,0.00013492459587705267,0.0625,2.2242512043286062,True,-1.6666914820671082,5.536581039428711,False
yolov10s,/model.0/act/Mul_output_0,/model.1/conv/Conv,1.291015625,2.0701120639762123,7.4051882816521655,279.39308700470724,31.529674602085436,31.296546805399604,0.0,0.5971845722198487,0.0070854456293798565,0.375,6.723542316677598,True,9.43802261352539,23.537599563598633,False
yolov10s,/model.1/act/Mul_output_0,/model.2/cv1/conv/Conv,1.2646484375,1.7426127860460896,11.941384366632732,325.12242796376177,31.529674602085436,31.43505929632868,0.0,0.4976352691650391,0.009766594736068092,0.171875,1.9816199208833698,True,2.1745719909667987,20.318437576293945,False
yolov10s,/model.2/Split_output_1,/model.2/m.0/cv1/conv/Conv;/model.2/m.0/Add;/model.2/Concat,0.625,1.165826418125734,10.894538580195714,240.17297570777993,31.529674602085436,31.883000416553166,0.0,0.44621757507324217,0.01067113191918795,0.40625,4.763247595957871,True,4.799999237060545,17.695244789123535,False
yolov10s,/model.2/m.0/cv1/act/Mul_output_0,/model.2/m.0/cv2/conv/Conv,0.4208984375,1.0742463738688348,17.385956270640847,175.5300316452578,31.529674602085436,31.15833863405988,0.0,0.2066838836669922,0.002669709001568923,0.0,1.947204656894208,True,2.241525650024416,14.765074729919434,False
yolov10s,/model.2/m.0/cv2/act/Mul_output_0,/model.2/m.0/Add,0.494873046875,1.3735208803256642,18.094887517468493,161.4122713208654,31.529674602085436,31.394206248414243,0.0,0.4463985061645508,0.004632989805070412,0.0,2.186307029975626,True,,,False
yolov10s,/model.2/Concat_output_0,/model.2/cv2/conv/Conv,0.625,1.5572122185507251,13.776020369237202,179.80850436724157,31.529674602085436,31.813217730708523,0.0,0.36436419169108075,0.0046687741548522,0.14583333333333334,3.9578290258722992,True,2.0036211013793963,16.602604866027832,False
yolov10s,/model.2/cv2/act/Mul_output_0,/model.3/conv/Conv,0.26416015625,0.7929309947080345,17.52998309103306,149.24848541653415,31.529674602085436,31.68618090079759,0.0,0.21641103744506837,0.002246816474804687,0.0,2.776376315493751,True,0.424940586090087,16.381763458251953,False
yolov10s,/model.3/act/Mul_output_0,/model.4/cv1/conv/Conv,0.200439453125,0.49938116045112857,16.900747691724064,179.8163048819858,31.529674602085436,31.576928894642087,0.0,0.1501639938354492,0.0020710983166769767,0.0,2.203709625714922,True,-0.4668903350830078,17.15310764312744,False
yolov10s,/model.4/Split_output_1,/model.4/m.0/cv1/conv/Conv;/model.4/m.0/Add;/model.4/Concat,0.348876953125,0.43161787003026003,9.645771199553451,362.1186374629074,31.529674602085436,31.37952504714566,0.0,0.3382965087890625,0.018063326549730682,0.515625,2.6535306743338603,True,3.1969380378723127,16.584895133972168,False
yolov10s,/model.4/m.0/cv1/act/Mul_output_0,/model.4/m.0/cv2/conv/Conv,0.1685791015625,0.37860174377161215,16.716811846549675,199.47989871266623,31.529674602085436,31.73249889029099,0.0,0.13413856506347657,0.0023142910837368877,0.0,1.625322541727246,True,-2.391860008239745,17.362418174743652,False
yolov10s,/model.4/m.0/cv2/act/Mul_output_0,/model.4/m.0/Add,0.12261962890625,0.46411434928632345,19.69952972276051,118.36219637352804,31.529674602085436,31.75295711836505,0.0,0.1213812255859375,0.0006901446469058698,0.0,2.4738802914001683,True,,,False
yolov10s,/model.4/m.0/Add_output_0,/model.4/m.1/cv1/conv/Conv;/model.4/m.1/Add;/model.4/Concat,0.348876953125,0.7120885743465895,13.448197040436817,219.4907777356456,31.529674602085436,31.459802585833764,0.0,0.26254112243652344,0.0049791533263240885,0.078125,3.1247263251051107,True,0.5208492279052717,18.540117263793945,False
yolov10s,/model.4/m.1/cv1/act/Mul_output_0,/model.4/m.1/cv2/conv/Conv,0.1468505859375,0.2762314836505202,16.114576384754002,238.1664161903947,31.529674602085436,32.771240979235344,0.0,0.08828216552734375,0.0021665109293589925,0.0,1.217207637298677,True,-0.22179460525512695,16.313581466674805,False
yolov10s,/model.4/m.1/cv2/act/Mul_output_0,/model.4/m.1/Add,0.2274169921875,0.6730562718913947,18.930613876224264,151.37339440236278,31.529674602085436,31.44147803727354,0.0,0.17675567626953126,0.0017190635821703198,0.0,1.9852573717261877,True,,,False
yolov10s,/model.4/Concat_output_0,/model.4/cv2/conv/Conv,0.348876953125,0.7330604457713289,12.587640425211035,213.21144238732435,31.529674602085436,31.460656349017544,0.0,0.2765005493164063,0.004994362939958816,0.171875,3.709020829416981,True,2.637195587158203,15.254913806915283,False
yolov10s,/model.4/cv2/act/Mul_output_0,/model.5/cv1/conv/Conv;/model.15/Concat,0.1668701171875,0.49490226072363824,19.00983062685632,151.05571025416273,31.529674602085436,31.572162922442722,0.0,0.1782240676879883,0.0016681914758554766,0.0,1.9530190962070433,True,-2.650409698486328,17.678229331970215,False
yolov10s,/model.5/cv2/conv/Conv_output_0,/model.6/cv1/conv/Conv,0.481689453125,0.6429381365413527,12.223525785726224,335.6417402160438,31.529674602085436,31.530668755690215,0.0,0.3509903717041016,0.016452976797281547,0.1328125,1.5758916950380837,True,-0.7072014808654776,14.590641975402832,False
yolov10s,/model.6/Split_output_1,/model.6/m.0/cv1/conv/Conv;/model.6/m.0/Add;/model.6/Concat,0.282958984375,0.3746991040799597,11.037216654455847,338.3131254377074,31.529674602085436,31.646064064344333,0.0,0.3302098083496094,0.01577783725503811,0.484375,2.1266491681811344,True,-1.0738849639892578,18.35886287689209,False
yolov10s,/model.6/m.0/cv1/act/Mul_output_0,/model.6/m.0/cv2/conv/Conv,0.1597900390625,0.32471322586927376,16.40808921179339,220.45895207489875,31.529674602085436,31.915996687656147,0.0,0.09217514038085937,0.001962868269895338,0.0,1.2994193598681196,True,-1.533444881439209,17.121273040771484,False
yolov10s,/model.6/m.0/cv2/act/Mul_output_0,/model.6/m.0/Add,0.13232421875,0.330596539250453,18.13492520433647,179.31600292733182,31.529674602085436,31.22640010771203,0.0,0.12757293701171876,0.0017081747827521086,0.0,1.5150815602511982,True,,,False
yolov10s,/model.6/m.0/Add_output_0,/model.6/m.1/cv1/conv/Conv;/model.6/m.1/Add;/model.6/Concat,0.282958984375,0.46414315668544287,13.967392795218743,273.1175137973887,31.529674602085436,31.63276696062038,0.0,0.26957855224609373,0.00823829626544978,0.0,1.5732502317109596,True,-3.0173702239990234,18.435834884643555,False
yolov10s,/model.6/m.1/cv1/act/Mul_output_0,/model.6/m.1/cv2/conv/Conv,0.153076171875,0.3119379170587604,16.56741740233077,219.8454283679845,31.529674602085436,31.769652260032856,0.0,0.07466476440429687,0.0015804663447739071,0.0,1.3732841127449524,True,0.09414911270141513,15.094936847686768,False
yolov10s,/model.6/m.1/cv2/act/Mul_output_0,/model.6/m.1/Add,0.2137451171875,0.6805165404488034,20.154004290372704,140.7134240070746,31.529674602085436,31.512792194053088,0.0,0.17562347412109375,0.00150172505892566,0.0,1.5411910446936359,True,,,False
yolov10s,/model.6/Concat_output_0,/model.6/cv2/conv/Conv,0.282958984375,0.5830694366406867,14.084679076705285,217.4108554383354,31.529674602085436,31.56484261367269,0.0,0.25070560455322266,0.004966896831975346,0.12109375,2.99820678220338,True,-0.9726629257202157,15.957800388336182,False
yolov10s,/model.6/cv2/act/Mul_output_0,/model.7/cv1/conv/Conv;/model.12/Concat,0.188720703125,0.4689660784429183,17.843779164974094,180.2835618318413,31.529674602085436,31.468413722557436,0.0,0.14507278442382812,0.002020631800005947,0.0,1.6020290707625293,True,-2.338355541229247,16.47901153564453,False
yolov10s,/model.7/cv2/conv/Conv_output_0,/model.8/cv1/conv/Conv,0.279296875,0.6111399308101193,16.821599782686725,204.74034454619238,31.529674602085436,31.54365152183056,0.0,0.1976953125,0.003430766209577399,0.0,1.4587944079344233,True,-0.6167759895324707,14.100759029388428,False
yolov10s,/model.8/Split_output_1,/model.8/m.0/cv1/cv1.0/conv/Conv;/model.8/m.0/Add;/model.8/Concat,0.39306640625,0.3169415026971741,7.031980087611096,555.6033163894319,31.529674602085436,31.404964738696656,0.0,0.529488525390625,0.072146158096182,0.93359375,1.8399743079912565,True,0.6866211891174316,13.806971073150635,True
yolov10s,/model.8/m.0/cv1/cv1.0/act/Mul_output_0,/model.8/m.0/cv1/cv1.1/conv/Conv,0.201171875,0.3451182967985862,13.971753316187971,261.1423411509175,31.529674602085436,31.51856050926577,0.0,0.290052490234375,0.008410712553165988,0.0078125,1.74731092272111,True,-0.43647193908691495,13.698394775390625,False
yolov10s,/model.8/m.0/cv1/cv1.2/act/Mul_output_0,/model.8/m.0/cv1/cv1.3/conv/Conv,0.233154296875,0.6491530924155928,17.5751875780948,160.90676640130414,31.529674602085436,31.358246325541934,0.0,0.22217727661132813,0.002441361232475802,0.0,1.8965962004441286,True,-0.7030425071716309,14.37324571609497,False
yolov10s,/model.8/m.0/cv1/cv1.4/act/Mul_output_0,/model.8/m.0/Add,0.395751953125,0.701157151247884,13.633694778517523,252.86324853772936,31.529674602085436,31.588286471323023,0.0,0.44807525634765627,0.01313083662949281,0.0546875,1.9168581078924458,True,,,False
yolov10s,/model.8/Concat_output_0,/model.8/cv2/conv/Conv,0.39306640625,0.5606365668908022,10.238487167775034,314.09608362969766,31.529674602085436,31.51658775842955,0.0,0.4060277303059896,0.01755934129896283,0.3190104166666667,3.014431810412727,True,-0.3144640922546378,13.82066535949707,False
yolov10s,/model.8/cv2/act/Mul_output_0,/model.9/cv1/conv/Conv,0.1732177734375,0.5187795374267187,19.056212209337474,149.58485618944016,31.529674602085436,31.60950844582456,0.0,0.13719146728515624,0.0013113735544465846,0.0,1.5746123639670562,True,0.03828620910644531,12.111522197723389,False
yolov10s,/model.9/Concat_output_0,/model.9/cv2/conv/Conv,0.142333984375,2.0500028158841976,30.290590111883233,31.105140200744998,31.529674602085436,31.39801413044846,0.0,0.026067428588867188,1.0500793684468694e-05,0.0,3.378915466791117,True,6.868970394134523,14.898521900177002,False
yolov10s,/model.9/cv2/act/Mul_output_0,/model.10/cv1/conv/Conv,0.1986083984375,0.4812083814068137,16.41100793187529,184.9023540277433,31.529674602085436,31.587074154327937,0.0,0.15257781982421875,0.0022890172574076186,0.0,1.5969808945360033,True,-0.7218074798583993,13.458637714385986,False
yolov10s,/model.10/Split_output_1,/model.10/attn/Shape;/model.10/attn/qkv/conv/Conv;/model.10/Add,0.209228515625,0.7953805780379789,19.612458174868678,117.84845844642217,31.529674602085436,31.52510551348103,0.0,0.15914642333984375,0.0009704950036938482,0.0,2.2911428366316158,True,0.13494300842285245,12.62060260772705,False
yolov10s,/model.10/attn/Split_output_1,/model.10/attn/MatMul,0.2293701171875,1.0382367038691465,23.754771393628438,98.9733960637853,31.529674602085436,31.523783117722584,0.0,0.096619873046875,0.00039167846805230846,0.0,1.1895339352595544,True,,,False
yolov10s,/model.10/attn/Split_output_2,/model.10/attn/Reshape_2;/model.10/attn/MatMul_1,0.2142333984375,1.1741121084657473,25.297924293864455,81.74395086123069,31.529674602085436,31.52397738545964,0.0,0.08958709716796875,0.00024816844274269933,0.0,1.2801074249785092,True,,,False
yolov10s,/model.10/attn/Transpose_output_0,/model.10/attn/MatMul,0.0281982421875,0.20161221272390914,27.749724006238438,62.65896460002434,31.529674602085436,31.61758551036909,0.0,0.058291015625,9.49469179617161e-05,0.0,1.1820866289229108,True,,,False
yolov10s,/model.10/attn/Transpose_1_output_0,/model.10/attn/MatMul_1,0.01276397705078125,0.006975334071285148,4.420810926881792,819.7832046912209,31.529674602085436,31.54255319408767,0.0,0.902410009765625,0.06667335870443938,1.0,1.6513475705368852,True,,,False
yolov10s,/model.10/attn/Add_output_0,/model.10/attn/proj/conv/Conv,0.1744384765625,0.6180107308564778,20.454880440741263,126.45158667665369,31.529674602085436,31.467597622761808,0.0,0.143978271484375,0.000949158933182352,0.0,1.5714455191825054,True,0.19893026351928622,9.941917896270752,False
yolov10s,/model.10/Add_output_0,/model.10/ffn/ffn.0/conv/Conv;/model.10/Add_1,0.39013671875,1.1204321135086446,19.07739814597616,155.99450238236275,31.529674602085436,31.51868703233795,0.0,0.18650604248046876,0.0018637272006664747,0.0,1.4126108894500637,True,-0.35410070419311523,11.841525554656982,False
yolov10s,/model.10/ffn/ffn.0/act/Mul_output_0,/model.10/ffn/ffn.1/conv/Conv,0.2666015625,0.7009278902640964,16.42454456103213,170.39912615689784,31.529674602085436,31.829680835659676,0.0,0.28060714721679686,0.0033568913125797046,0.005859375,2.597117172392296,True,0.26922178268432617,9.475912094116211,False
yolov10s,/model.10/Concat_output_0,/model.10/cv2/conv/Conv,0.166015625,0.817767921111446,22.4500337377805,90.94878642208823,31.529674602085436,31.576011664699145,0.0,0.11334197998046874,0.0003973951864638095,0.0,2.12666215224823,True,-2.383349895477295,13.560352325439453,False
yolov10s,/model.12/Concat_output_0,/model.13/cv1/conv/Conv,0.188720703125,0.4441066863488717,16.43573303065162,190.37514542977067,31.529674602085436,31.484445319709074,0.0,0.14919174194335938,0.002373602903723966,0.0,1.817689288009305,True,-2.576502799987793,13.916038036346436,False
yolov10s,/model.13/Split_output_1,/model.13/m.0/cv1/conv/Conv;/model.13/Concat,0.158203125,0.42302918704051756,16.695305177101766,167.54163110076757,31.529674602085436,31.833125259664087,0.0,0.09461166381835938,0.0011599048414201564,0.0,1.7450688518219792,True,-0.4039020538330078,14.429703235626222,False
yolov10s,/model.13/m.0/cv1/act/Mul_output_0,/model.13/m.0/cv2/conv/Conv,0.126953125,0.3432479373989044,18.78573665919609,165.69655285037567,31.529674602085436,30.91962001717352,0.0,0.08306533813476563,0.0009734715728695163,0.0,1.4398844740863208,True,-1.066007137298583,12.250646114349365,False
yolov10s,/model.13/Concat_output_0,/model.13/cv2/conv/Conv,0.158203125,0.42787341821324515,17.606567298221997,165.64478414192362,31.529674602085436,31.828577181603947,0.0,0.11840723673502604,0.0013963959195354434,0.0,1.8280619479136402,True,-0.7318663597106934,12.08098316192627,False
yolov10s,/model.15/Concat_output_0,/model.16/cv1/conv/Conv,0.1668701171875,0.4312857732947293,17.251548168028975,173.3370705203218,31.529674602085436,31.65572735356017,0.0,0.16175548553466798,0.002038280520234033,0.0,2.1088956594323154,True,-3.72149658203125,15.542577266693115,False
yolov10s,/model.16/Split_output_1,/model.16/m.0/cv1/conv/Conv;/model.16/Concat,0.2052001953125,0.48169648132469295,13.3593570895194,190.84566955354975,31.529674602085436,31.35843716008416,0.0,0.1489202880859375,0.002309644997362268,0.015625,2.740590752538407,True,2.948026657104492,16.192381858825684,False
yolov10s,/model.16/m.0/cv1/act/Mul_output_0,/model.16/m.0/cv2/conv/Conv,0.11163330078125,0.2671159170085102,17.9281713255901,187.22852351927293,31.529674602085436,31.440802573123175,0.0,0.08342971801757812,0.0012322141838197807,0.0,1.3107556791182664,True,0.6455216407775861,13.824496269226074,False
yolov10s,/model.16/Concat_output_0,/model.16/cv2/conv/Conv,0.2052001953125,0.4003003602197557,13.750145711560009,229.65177310740543,31.529674602085436,31.40131718540067,0.0,0.2063885752360026,0.004567205402133367,0.010416666666666666,2.1986941877137682,True,0.5836634635925311,13.954976081848146,False
yolov10s,/model.16/cv2/act/Mul_output_0,/model.17/conv/Conv;/model.23/Shape;/model.23/one2one_cv2.0/one2one_cv2.0.0/conv/Conv,0.172119140625,0.33257285865212977,13.118043538164642,231.85708933829798,31.529674602085436,31.668070498519583,0.0,0.21757129669189454,0.004874248643749434,0.125,2.7423111902744908,True,1.718912124633789,11.7088942527771,False
yolov10s,/model.23/one2one_cv3.0/one2one_cv3.0.0/one2one_cv3.0.0.0/act/Mul_output_0,/model.23/one2one_cv3.0/one2one_cv3.0.0/one2one_cv3.0.0.1/conv/Conv,0.2376708984375,0.7668838979271136,15.423845910526317,138.8431323017813,31.529674602085436,31.5493874694971,0.0,0.11531143188476563,0.0009034291357670461,0.09375,4.5592296575167515,False,5.559704303741455,13.717720031738281,False
yolov10s,/model.23/one2one_cv2.0/one2one_cv2.0.0/act/Mul_output_0,/model.23/one2one_cv2.0/one2one_cv2.0.1/conv/Conv,0.29248046875,0.5550672144001164,12.944743738571198,236.0637533629342,31.529674602085436,31.743369764446108,0.0,0.2873878479003906,0.006780358384735585,0.203125,2.4727210734226333,False,3.366786479949951,10.568771839141846,False
yolov10s,/model.18/Concat_output_0,/model.19/cv1/conv/Conv,0.21484375,0.41260817522993426,14.960212747643915,233.27215934672824,31.529674602085436,31.446103040210716,0.0,0.20906626383463542,0.004859770478853152,0.0,1.8886411464157327,True,-1.3003697395324707,11.567584037780762,False
yolov10s,/model.23/one2one_cv2.0/one2one_cv2.0.1/act/Mul_output_0,/model.23/one2one_cv2.0/one2one_cv2.0.2/Conv,1.015625,1.5315811740773089,12.476478066274545,297.0786058885268,31.529674602085436,31.52313358136654,0.0,0.6321212005615234,0.014308679963191202,0.109375,1.9360042812195357,False,-7.073225975036621,18.40774440765381,False
yolov10s,/model.23/one2one_cv3.0/one2one_cv3.0.1/one2one_cv3.0.1.0/act/Mul_output_0,/model.23/one2one_cv3.0/one2one_cv3.0.1/one2one_cv3.0.1.1/conv/Conv,0.9072265625,0.616755076737667,3.01487016046341,658.9933594869713,31.529674602085436,31.48635124252499,0.0,0.7190989303588867,0.07696860806589817,0.8828125,3.715576244628734,False,3.189162254333495,11.03941822052002,False
yolov10s,/model.19/Split_output_1,/model.19/m.0/cv1/conv/Conv;/model.19/Concat,0.237060546875,0.35043696881767983,13.552436495729964,303.0591360218442,31.529674602085436,31.256486649469156,0.0,0.21521987915039062,0.008614706013331424,0.0,1.496294673847712,True,-2.9787349700927717,13.369995594024658,False
yolov10s,/model.23/one2one_cv3.0/one2one_cv3.0.1/one2one_cv3.0.1.1/act/Mul_output_0,/model.23/one2one_cv3.0/one2one_cv3.0.2/Conv,3.013671875,2.518789022223491,3.9522998788044816,536.021472258189,31.529674602085436,31.575412746804155,0.0,0.634381217956543,0.028645310056862786,0.796875,4.559825860738826,False,-18.91027593612671,30.355818748474125,False
yolov10s,/model.19/m.0/cv1/act/Mul_output_0,/model.19/m.0/cv2/conv/Conv,0.223388671875,0.2945092082118309,12.818102251694441,339.81322895689243,31.529674602085436,31.458781882458023,0.0,0.21541778564453126,0.010789424205233461,0.0078125,1.378669531863594,True,-1.0559535026550293,11.098412990570068,False
yolov10s,/model.19/Concat_output_0,/model.19/cv2/conv/Conv,0.237060546875,0.4540733408104448,14.72079458182968,233.88980469640703,31.529674602085436,31.40995723338149,0.0,0.2327203877766927,0.005480902977405735,0.0,1.9225413690429496,True,-1.0330955982208252,10.963898658752441,False
yolov10s,/model.19/cv2/act/Mul_output_0,/model.20/cv1/conv/Conv;/model.23/one2one_cv2.1/one2one_cv2.1.0/conv/Conv;/model.23/Shape_5,0.2095947265625,0.4398411467163709,15.089960411158252,213.48261344123375,31.529674602085436,31.36273950901659,0.0,0.24393409729003906,0.004691310084648994,0.015625,2.2719471396201207,True,-0.4117898941040048,9.946272850036621,False
yolov10s,/model.23/one2one_cv3.1/one2one_cv3.1.0/one2one_cv3.1.0.0/act/Mul_output_0,/model.23/one2one_cv3.1/one2one_cv3.1.0/one2one_cv3.1.0.1/conv/Conv,0.470703125,0.5495904044721568,7.492245466953399,383.69483579781695,31.529674602085436,31.533398548320562,0.0,0.629212646484375,0.03131174311418794,0.65625,3.202758707107672,False,-0.785153865814209,12.291460037231445,False
yolov10s,/model.23/one2one_cv2.1/one2one_cv2.1.0/act/Mul_output_0,/model.23/one2one_cv2.1/one2one_cv2.1.1/conv/Conv,0.1739501953125,0.5147679252734447,18.83990421665486,151.38800160985895,31.529674602085436,31.529910063571464,0.0,0.17320159912109376,0.0016649117504363125,0.0,1.753610027287922,False,0.5865907669067383,11.34372615814209,False
yolov10s,/model.21/Concat_output_0,/model.22/cv1/conv/Conv,0.12744140625,0.4886557369093125,19.856702174635103,116.83839089071368,31.529674602085436,31.309314544550226,0.0,0.11726654052734375,0.0006761007182821413,0.0,1.9462702678712098,True,-0.8112721443176287,11.002817153930664,False
yolov10s,/model.23/one2one_cv2.1/one2one_cv2.1.1/act/Mul_output_0,/model.23/one2one_cv2.1/one2one_cv2.1.2/Conv,0.6591796875,1.6553194905835302,17.488341275443098,178.4021161352344,31.529674602085436,31.55233085009155,0.0,0.621094970703125,0.008903400485368342,0.0,1.67415276893421,False,-6.288723468780518,18.340097427368164,False
yolov10s,/model.23/one2one_cv3.1/one2one_cv3.1.1/one2one_cv3.1.1.0/act/Mul_output_0,/model.23/one2one_cv3.1/one2one_cv3.1.1/one2one_cv3.1.1.1/conv/Conv,0.93115234375,0.6319482002299441,2.8763266982922886,660.1114614270778,31.529674602085436,31.541174422571725,0.0,0.7989189147949218,0.07477164555617112,0.8984375,3.4838670890849115,False,2.4887495040893564,10.759132385253906,False
yolov10s,/model.22/Split_output_1,/model.22/m.0/cv1/cv1.0/conv/Conv;/model.22/m.0/Add;/model.22/Concat,0.23876953125,0.364832693816037,12.414962773836493,293.19946324201373,31.529674602085436,31.56328178354439,0.0,0.35116424560546877,0.012209738546393838,0.12109375,1.6964182122890754,True,-0.9335241317749023,11.831738471984863,True
yolov10s,/model.23/one2one_cv3.1/one2one_cv3.1.1/one2one_cv3.1.1.1/act/Mul_output_0,/model.23/one2one_cv3.1/one2one_cv3.1.2/Conv,1.4931640625,2.4888937420260957,10.538774160515601,268.7690071716152,31.529674602085436,31.57558027169731,0.0,0.44349716186523436,0.006710878694077345,0.34375,4.0031857727234295,False,-15.79316234588623,26.685962677001953,False
yolov10s,/model.22/m.0/cv1/cv1.0/act/Mul_output_0,/model.22/m.0/cv1/cv1.1/conv/Conv,0.09588623046875,0.2881290690773496,19.030954492626968,149.08954305637238,31.529674602085436,31.445252755571307,0.0,0.19961700439453126,0.0018263748390333415,0.0,1.7625739799005817,True,-0.7670450210571289,12.354816436767578,False
yolov10s,/model.22/m.0/cv1/cv1.2/act/Mul_output_0,/model.22/m.0/cv1/cv1.3/conv/Conv,0.1893310546875,0.41614213159701857,15.064832904026389,203.82534249653392,31.529674602085436,31.487946520652574,0.0,0.31117294311523436,0.005329920251422178,0.001953125,2.163915143183107,True,-0.5689473152160645,14.749471187591553,False
yolov10s,/model.22/m.0/cv1/cv1.4/act/Mul_output_0,/model.22/m.0/Add,0.2398681640625,0.4891629774323733,15.022531837936818,219.6833007764911,31.529674602085436,31.55199537621597,0.0,0.403829345703125,0.008113345867681716,0.00390625,1.8468528444472954,True,,,False
yolov10s,/model.22/Concat_output_0,/model.22/cv2/conv/Conv,0.23876953125,0.48835756147153064,14.666591964648369,219.03776748675543,31.529674602085436,31.549439617000097,0.0,0.28716501871744793,0.005655804875670451,0.040364583333333336,2.3770551440347125,True,-1.9525437355041495,12.890658378601074,False
yolov10s,/model.22/cv2/act/Mul_output_0,/model.23/one2one_cv2.2/one2one_cv2.2.0/conv/Conv;/model.23/Shape_9,0.2100830078125,0.4587867066411878,16.41681615956655,205.14366728068268,31.529674602085436,31.410390523350856,0.0,0.2506956481933594,0.0043692406190601885,0.0,1.7147703084414336,True,-2.6323208808898917,14.423340797424316,False
yolov10s,/model.23/one2one_cv3.2/one2one_cv3.2.0/one2one_cv3.2.0.0/act/Mul_output_0,/model.23/one2one_cv3.2/one2one_cv3.2.0/one2one_cv3.2.0.1/conv/Conv,0.300537109375,0.3745129123068423,6.786709206243621,359.50863261474825,31.529674602085436,31.57473974201915,0.0,0.574866943359375,0.027353245055339065,0.591796875,4.355850956342377,False,-0.8782153129577637,13.799543857574463,False
yolov10s,/model.23/one2one_cv2.2/one2one_cv2.2.0/act/Mul_output_0,/model.23/one2one_cv2.2/one2one_cv2.2.1/conv/Conv,0.202392578125,0.6012417191212148,18.91035979713542,150.807690345453,31.529674602085436,31.561567125486697,0.0,0.22056640625,0.0020983883610151736,0.0,1.531625762460663,False,0.19206714630126953,13.893009185791016,False
yolov10s,/model.23/one2one_cv2.2/one2one_cv2.2.1/act/Mul_output_0,/model.23/one2one_cv2.2/one2one_cv2.2.2/Conv,0.95947265625,2.01607163709182,15.723283848043174,213.20856962208393,31.529674602085436,31.568895136418845,0.0,0.69614501953125,0.007996662724711048,0.0,1.5897167686603455,False,-5.348330974578858,19.58686637878418,False
yolov10s,/model.23/one2one_cv3.2/one2one_cv3.2.1/one2one_cv3.2.1.0/act/Mul_output_0,/model.23/one2one_cv3.2/one2one_cv3.2.1/one2one_cv3.2.1.1/conv/Conv,0.82470703125,0.6708684349224809,3.7223154873953916,550.7320523176683,31.529674602085436,31.366506574713657,0.0,0.8373675537109375,0.05110413762042516,0.9375,2.7928008704714093,False,2.3695926666259757,11.968642234802246,False
yolov10s,/model.23/one2one_cv3.2/one2one_cv3.2.1/one2one_cv3.2.1.1/act/Mul_output_0,/model.23/one2one_cv3.2/one2one_cv3.2.2/Conv,0.474853515625,2.441303915244531,21.54704940266016,87.13965257319946,31.529674602085436,31.50108654862228,0.0,0.1848663330078125,0.0006245191238516879,0.0,3.174285851132363,False,-17.237172603607178,29.899601936340332,False
yolov10x,/model.0/act/Mul_output_0,/model.1/conv/Conv,2.509765625,1.96061258719055,-2.3081934741551606,573.4814758132138,31.529674602085436,31.481968329070135,0.0,0.7292486534118653,0.04307347614626697,0.7875,8.833416883169772,True,7.74192714691162,18.631537437438965,False
yolov10x,/model.1/act/Mul_output_0,/model.2/cv1/conv/Conv,2.8359375,1.7413016765655718,4.836875505834456,729.6265874537319,31.529674602085436,31.42118348924393,0.0,0.7687770614624023,0.08369015091364954,1.0,1.8787894691451823,True,2.138176918029786,15.505124568939209,False
yolov10x,/model.2/Split_output_1,/model.2/m.0/cv1/conv/Conv;/model.2/m.0/Add;/model.2/Concat,0.56396484375,0.7716058643814891,8.35700463635984,327.44210699140615,31.529674602085436,31.21414162963568,0.0,0.42019451904296873,0.021411888007536933,0.55,4.704631757032684,True,5.554543018341064,9.962586879730225,False
yolov10x,/model.2/m.0/cv1/act/Mul_output_0,/model.2/m.0/cv2/conv/Conv,0.4775390625,0.898089838082655,15.327408520085385,238.21391906263884,31.529674602085436,31.460061128894104,0.0,0.42695143127441404,0.009842677597085746,0.0125,1.6150096206409892,True,-0.7557816505432129,9.39988899230957,False
yolov10x,/model.2/m.0/cv2/act/Mul_output_0,/model.2/m.0/Add,0.176513671875,0.5455722687831059,17.548364230850616,144.94527952526445,31.529674602085436,31.458079669697234,0.0,0.13959614562988282,0.001421323813247765,0.0,3.084326527794764,True,,,False
yolov10x,/model.2/m.0/Add_output_0,/model.2/m.1/cv1/conv/Conv;/model.2/m.1/Add;/model.2/Concat,0.56396484375,1.0816592053316978,12.437544523471217,233.5821197236715,31.529674602085436,31.571524029739585,0.0,0.24847857666015624,0.006007069988552081,0.275,4.012220900932385,True,4.378861427307127,9.381090641021729,False
yolov10x,/model.2/m.1/cv1/act/Mul_output_0,/model.2/m.1/cv2/conv/Conv,0.317626953125,0.5059827132884104,13.898250176723792,281.2287283002309,31.529674602085436,31.687505166505268,0.0,0.3488147277832031,0.0122199223458308,0.025,1.6262897326382548,True,-1.4840810298919678,8.8063063621521,False
yolov10x,/model.2/m.1/cv2/act/Mul_output_0,/model.2/m.1/Add,0.425048828125,0.7029133017043537,13.150563136704811,270.9037864816103,31.529674602085436,31.47470792059966,0.0,0.3922183380126953,0.012270376005954734,0.1,2.3169506344402153,True,,,False
yolov10x,/model.2/m.1/Add_output_0,/model.2/m.2/cv1/conv/Conv;/model.2/m.2/Add;/model.2/Concat,0.56396484375,1.4627842662041741,16.034527955515223,172.72283810901646,31.529674602085436,31.486086135030938,0.0,0.15950265502929686,0.0019600434742994763,0.0,3.240367339355161,True,2.637451171875,10.120841979980469,False
yolov10x,/model.2/m.2/cv1/act/Mul_output_0,/model.2/m.2/cv2/conv/Conv,0.157958984375,0.2804636234663843,15.503317800210162,252.3165896716791,31.529674602085436,32.24569086930552,0.0,0.13561277770996094,0.00338542037421074,0.0,1.3147153016083,True,1.1750469207763672,6.229755878448486,False
yolov10x,/model.2/m.2/cv2/act/Mul_output_0,/model.2/m.2/Add,0.43115234375,0.9667675985441062,16.79050125203557,199.79594919283775,31.529674602085436,31.555778716585667,0.0,0.38948521423339844,0.007402881884966133,0.0125,1.749629113777325,True,,,False
yolov10x,/model.2/Concat_output_0,/model.2/cv2/conv/Conv,0.56396484375,1.277601500944354,12.125836340419148,197.7582601564308,31.529674602085436,31.525502817424105,0.0,0.32742884216308593,0.005616216546632484,0.2125,4.846577776782187,True,2.941610336303711,8.63713788986206,False
yolov10x,/model.2/cv2/act/Mul_output_0,/model.3/conv/Conv,0.3125,0.33352824710826345,10.541010688952866,419.75455216707905,31.529674602085436,31.947640973747234,0.0,0.3289515914916992,0.025930099104553933,0.5875,1.704892142485072,True,-0.1718769073486328,6.8101441860198975,False
yolov10x,/model.3/act/Mul_output_0,/model.4/cv1/conv/Conv,0.2340087890625,0.4278137669057305,14.784980615005622,245.05040653144943,31.529674602085436,31.21966857385074,0.0,0.2561427764892578,0.00652599151244544,0.003125,1.7560101848315328,True,0.8155739307403564,4.114679336547852,False
yolov10x,/model.4/Split_output_1,/model.4/m.0/cv1/conv/Conv;/model.4/m.0/Add;/model.4/Concat,0.483154296875,0.46886535621287656,6.900450891075238,461.6530569635964,31.529674602085436,31.65347726249461,0.0,0.5345288696289062,0.04706875643253971,0.76875,3.224773005654461,True,0.5395827293395996,7.520655155181885,False
yolov10x,/model.4/m.0/cv1/act/Mul_output_0,/model.4/m.0/cv2/conv/Conv,0.216064453125,0.33154193705564594,13.919491003482051,291.9596714057734,31.529674602085436,31.52274159735115,0.0,0.14861599731445313,0.005907806157207311,0.00625,1.3956267923092585,True,-1.8439793586730957,8.327310562133789,False
yolov10x,/model.4/m.0/cv2/act/Mul_output_0,/model.4/m.0/Add,0.12255859375,0.26967578879217924,16.755868845835963,203.60096190285924,31.529674602085436,31.67798278434201,0.0,0.15771652221679688,0.0027269684984693563,0.0,1.6824514636767072,True,,,False
yolov10x,/model.4/m.0/Add_output_0,/model.4/m.1/cv1/conv/Conv;/model.4/m.1/Add;/model.4/Concat,0.483154296875,0.5023031163980154,8.796128932053634,430.92132605541445,31.529674602085436,31.576131821680665,0.0,0.4308060302734375,0.03136458986436237,0.75,2.4681272882508725,True,-1.2091102600097656,9.260648727416992,False
yolov10x,/model.4/m.1/cv1/act/Mul_output_0,/model.4/m.1/cv2/conv/Conv,0.1807861328125,0.2872422508818425,14.38973312987659,281.9647431788029,31.529674602085436,31.910481569440776,0.0,0.07773947143554688,0.0028590870204012555,0.0,1.2672595343433541,True,-1.0002176761627193,7.525913715362549,False
yolov10x,/model.4/m.1/cv2/act/Mul_output_0,/model.4/m.1/Add,0.162109375,0.2737398129679344,14.334981748519105,265.30667648445865,31.529674602085436,31.739807915021583,0.0,0.17518121337890624,0.005169021175758506,0.00625,1.7299647779543712,True,,,False
yolov10x,/model.4/m.1/Add_output_0,/model.4/m.2/cv1/conv/Conv;/model.4/m.2/Add;/model.4/Concat,0.483154296875,0.5522577368899181,10.381441859971304,391.94222288124456,31.529674602085436,31.476092512771082,0.0,0.3620419921875,0.022787518107609244,0.525,1.9281044691866407,True,-2.2780730724334717,9.247634410858154,False
yolov10x,/model.4/m.2/cv1/act/Mul_output_0,/model.4/m.2/cv2/conv/Conv,0.1806640625,0.27000858673180206,14.05471454420946,299.75898537032356,31.529674602085436,32.00121318765098,0.0,0.07500827026367188,0.003090928599584488,0.0,1.214569462202139,True,0.41663050651550293,5.879130125045776,False
yolov10x,/model.4/m.2/cv2/act/Mul_output_0,/model.4/m.2/Add,0.131591796875,0.2909077368972324,16.80773500747265,202.65231041560813,31.529674602085436,30.95510781504071,0.0,0.1314341125488281,0.002266919770320495,0.0,1.6203535246525727,True,,,False
yolov10x,/model.4/m.2/Add_output_0,/model.4/m.3/cv1/conv/Conv;/model.4/m.3/Add;/model.4/Concat,0.483154296875,0.6077660525331277,11.793862579642102,356.14546764801696,31.529674602085436,31.610086197084847,0.0,0.3060963134765625,0.016138619323098256,0.24375,1.601630014062535,True,-3.0262742042541495,9.191706657409668,False
yolov10x,/model.4/m.3/cv1/act/Mul_output_0,/model.4/m.3/cv2/conv/Conv,0.1383056640625,0.2662957695161282,16.269293472202783,232.67713795298326,31.529674602085436,33.447109687790146,0.0,0.048779998779296875,0.0011743851419955642,0.0,1.2056922403373609,True,1.4505665302276611,4.978513479232788,False
yolov10x,/model.4/m.3/cv2/act/Mul_output_0,/model.4/m.3/Add,0.273681640625,0.35309710057728716,11.813717255510312,347.2398238318664,31.529674602085436,32.05630523963144,0.0,0.28022686767578125,0.014724508907236894,0.28125,1.8093501235133387,True,,,False
yolov10x,/model.4/m.3/Add_output_0,/model.4/m.4/cv1/conv/Conv;/model.4/m.4/Add;/model.4/Concat,0.483154296875,0.7036476715822215,13.316772836009463,307.61577667596583,31.529674602085436,31.543555767647106,0.0,0.2626279602050781,0.010278417977748776,0.0125,1.5393441505885137,True,-3.6809744834899893,9.193460941314695,False
yolov10x,/model.4/m.4/cv1/act/Mul_output_0,/model.4/m.4/cv2/conv/Conv,0.1715087890625,0.25304877690320726,14.093793870527847,303.64081755427816,31.529674602085436,32.557349264006234,0.0,0.055787322998046875,0.0023517650300410235,0.0,1.1221611334340047,True,3.127163887023926,4.390968084335327,False
yolov10x,/model.4/m.4/cv2/act/Mul_output_0,/model.4/m.4/Add,0.288818359375,0.3840443277471668,12.500794221953385,336.91586010139827,31.529674602085436,31.730245239505162,0.0,0.2998050537109375,0.014902997452707395,0.1,1.6299431380033447,True,,,False
yolov10x,/model.4/m.4/Add_output_0,/model.4/m.5/cv1/conv/Conv;/model.4/m.5/Add;/model.4/Concat,0.483154296875,0.8032312079689414,14.633662080438114,269.47798199639874,31.529674602085436,31.470702439546677,0.0,0.2351716613769531,0.007036730073795735,0.0,1.4723611596462405,True,-2.545841932296753,7.5462024211883545,False
yolov10x,/model.4/m.5/cv1/act/Mul_output_0,/model.4/m.5/cv2/conv/Conv,0.1868896484375,0.28153849488175064,14.192109027946103,297.3893944242549,31.529674602085436,31.764983410726735,0.0,0.07791854858398438,0.003168653326377543,0.0,1.1977318367680554,True,1.6373782157897951,3.542394280433655,False
yolov10x,/model.4/m.5/cv2/act/Mul_output_0,/model.4/m.5/Add,0.446533203125,0.8402261267043597,15.65161375799395,238.08694902722073,31.529674602085436,31.520493269059784,0.0,0.3908241882324219,0.010912736071147256,0.0,1.5307286253977985,True,,,False
yolov10x,/model.4/Concat_output_0,/model.4/cv2/conv/Conv,0.483154296875,0.7520983023048249,11.134699657732952,287.798980979845,31.529674602085436,31.535534870384872,0.0,0.3411563720703125,0.011862156414396616,0.2875,3.2936148942386505,True,-0.6037280559539795,5.547426700592041,False
yolov10x,/model.4/cv2/act/Mul_output_0,/model.5/cv1/conv/Conv;/model.15/Concat,0.2117919921875,0.44400497586773563,16.36454072773268,213.69763326315646,31.529674602085436,31.197820724230038,0.0,0.17037577819824218,0.003350932538893973,0.0,1.6984758552065926,True,-2.8327362537384033,7.7193944454193115,False
yolov10x,/model.5/cv2/conv/Conv_output_0,/model.6/cv1/conv/Conv,0.37646484375,0.566197271747475,13.62136506530296,297.8754197798766,31.529674602085436,31.51846759397305,0.0,0.3016060791015625,0.011362798908243557,0.021875,1.4959445280985142,True,-0.3950886726379397,3.592140555381775,False
yolov10x,/model.6/Split_output_1,/model.6/m.0/cv1/cv1.0/conv/Conv;/model.6/m.0/Add;/model.6/Concat,0.346923828125,0.39653486349967465,9.77396561735138,391.95008889836873,31.529674602085436,31.535899025213652,0.0,0.4252349853515625,0.027421586806559733,0.4875,2.254652840824636,True,0.3125131130218506,5.040473937988281,True
yolov10x,/model.6/m.0/cv1/cv1.0/act/Mul_output_0,/model.6/m.0/cv1/cv1.1/conv/Conv,0.1666259765625,0.3173592420725467,15.089284537391435,235.2174684200177,31.529674602085436,31.557764914747604,0.0,0.28839129638671873,0.006508919942174418,0.00625,1.8508062703736299,True,-0.24220633506774902,4.996410369873047,False
yolov10x,/model.6/m.0/cv1/cv1.2/act/Mul_output_0,/model.6/m.0/cv1/cv1.3/conv/Conv,0.204345703125,0.29560089891765406,12.80884822866956,309.69755279906076,31.529674602085436,31.488873307822015,0.0,0.3618972473144531,0.014261821157560972,0.06875,1.7029152578404607,True,0.011446833610534002,4.570865869522095,False
yolov10x,/model.6/m.0/cv1/cv1.4/act/Mul_output_0,/model.6/m.0/Add,0.14013671875,0.24841404693173053,13.444322058535917,252.72826064161188,31.529674602085436,31.63394302898174,0.0,0.239475830078125,0.006572406206432525,0.125,2.4138350173045273,True,,,False
yolov10x,/model.6/m.0/Add_output_0,/model.6/Concat,0.346923828125,0.4597569310904349,11.663233387216742,338.05227173275233,31.529674602085436,31.498620653858996,0.0,0.3737027587890625,0.017307048005190402,0.253125,2.079650686419825,True,,,False
yolov10x,/model.6/m.1/cv1/cv1.0/act/Mul_output_0,/model.6/m.1/cv1/cv1.1/conv/Conv,0.2288818359375,0.34285138177027635,13.031178741468771,299.0772910715732,31.529674602085436,31.460375454908323,0.0,0.3996982421875,0.014347575039208962,0.06875,1.777580605029193,True,-0.5743803977966304,5.744632959365845,False
yolov10x,/model.6/m.1/cv1/cv1.2/act/Mul_output_0,/model.6/m.1/cv1/cv1.3/conv/Conv,0.267822265625,0.2716906871639237,9.732061609135187,441.62122836256003,31.529674602085436,31.616462640518073,0.0,0.5436402587890625,0.042385428059324534,0.6625,1.7070470915754783,True,0.11784744262695312,4.921790361404419,False
yolov10x,/model.6/m.1/cv1/cv1.4/act/Mul_output_0,/model.6/m.1/Add,0.13232421875,0.2237641056815999,13.367389656042278,264.9274324826383,31.529674602085436,31.475813303099063,0.0,0.23574249267578126,0.0070546045363752505,0.103125,2.219112458017637,True,,,False
yolov10x,/model.6/m.1/Add_output_0,/model.6/Concat,0.346923828125,0.4999707117804384,12.820322290150244,310.86195918662804,31.529674602085436,31.56154849380739,0.0,0.346025146484375,0.013480378820078683,0.075,1.8232570778245998,True,,,False
yolov10x,/model.6/m.2/cv1/cv1.0/act/Mul_output_0,/model.6/m.2/cv1/cv1.1/conv/Conv,0.2381591796875,0.3774747189744631,13.384248696809536,282.65551873215156,31.529674602085436,31.53650304530888,0.0,0.4015633544921875,0.01300306157139847,0.059375,1.846856283322369,True,-0.46146273612976074,5.975334882736206,False
yolov10x,/model.6/m.2/cv1/cv1.2/act/Mul_output_0,/model.6/m.2/cv1/cv1.3/conv/Conv,0.23876953125,0.282744217440979,11.48874673103034,378.3233870108379,31.529674602085436,31.555073953076516,0.0,0.4830285339355469,0.028679132551332996,0.2578125,1.4391720377298975,True,0.01689004898071289,5.334470748901367,False
yolov10x,/model.6/m.2/cv1/cv1.4/act/Mul_output_0,/model.6/m.2/Add,0.2431640625,0.26516732582218344,9.439987900952204,410.82550296204886,31.529674602085436,31.594147253385344,0.0,0.40557659912109373,0.029718200487742385,0.596875,2.261718953817436,True,,,False
yolov10x,/model.6/m.2/Add_output_0,/model.6/Concat,0.346923828125,0.5609221785200111,14.06816421820325,277.0827771689817,31.529674602085436,31.549287382768057,0.0,0.3054382934570313,0.00949720810056941,0.00625,1.6384463305865724,True,,,False
yolov10x,/model.6/m.3/cv1/cv1.0/act/Mul_output_0,/model.6/m.3/cv1/cv1.1/conv/Conv,0.22265625,0.3890809165203501,14.752005565308885,256.3734065707712,31.529674602085436,31.514677800326666,0.0,0.33396185302734377,0.009064570932345004,0.0,1.6333940805576213,True,-0.49312329292297363,6.050942420959473,False
yolov10x,/model.6/m.3/cv1/cv1.2/act/Mul_output_0,/model.6/m.3/cv1/cv1.3/conv/Conv,0.1910400390625,0.29384960948521544,13.529290190733676,291.2576186503529,31.529674602085436,31.460800919475517,0.0,0.38467218017578125,0.01347747458609637,0.0265625,1.5136135458980693,True,-0.38300931453704856,5.798902988433838,False
yolov10x,/model.6/m.3/cv1/cv1.4/act/Mul_output_0,/model.6/m.3/Add,0.2027587890625,0.32263927498641864,12.978103567903894,281.5402356201789,31.529674602085436,31.52676770276296,0.0,0.2881639404296875,0.00975051131650332,0.15,2.0966210058305115,True,,,False
yolov10x,/model.6/m.3/Add_output_0,/model.6/Concat,0.346923828125,0.644037296734539,15.304529884954057,241.32433911519598,31.529674602085436,31.528662421101885,0.0,0.2720443115234375,0.006445102908206853,0.0,1.6724097398541071,True,,,False
yolov10x,/model.6/m.4/cv1/cv1.0/act/Mul_output_0,/model.6/m.4/cv1/cv1.1/conv/Conv,0.229736328125,0.4220270376743044,15.18679564861197,243.87507389853312,31.529674602085436,31.46834425684286,0.0,0.32765765380859374,0.008071616447345392,0.00625,1.5941009581232886,True,-0.36738109588623047,6.099864959716797,False
yolov10x,/model.6/m.4/cv1/cv1.2/act/Mul_output_0,/model.6/m.4/cv1/cv1.3/conv/Conv,0.2154541015625,0.30293741724344087,13.051732275087126,318.62500967463404,31.529674602085436,31.49328979062322,0.0,0.39637399291992187,0.016797144075598295,0.0265625,1.3823625472176548,True,-0.5431244373321533,5.726697206497192,False
yolov10x,/model.6/m.4/cv1/cv1.4/act/Mul_output_0,/model.6/m.4/Add,0.30908203125,0.4387669570222211,11.849984747143978,315.5860936742949,31.529674602085436,31.5457449843535,0.0,0.41041009521484373,0.01814450545319495,0.225,2.096205785030303,True,,,False
yolov10x,/model.6/m.4/Add_output_0,/model.6/Concat,0.346923828125,0.7812111467751627,17.050611509423106,198.94989420156259,31.529674602085436,31.5316656359649,0.0,0.238252197265625,0.003853017698039925,0.0,1.626535742694309,True,,,False
yolov10x,/model.6/m.5/cv1/cv1.0/act/Mul_output_0,/model.6/m.5/cv1/cv1.1/conv/Conv,0.2177734375,0.4566078407992124,16.447617946587165,213.6680347609315,31.529674602085436,31.54361059561664,0.0,0.282451904296875,0.005408604999281941,0.0,1.4626790567255463,True,-0.33818554878234863,5.989043235778809,False
yolov10x,/model.6/m.5/cv1/cv1.2/act/Mul_output_0,/model.6/m.5/cv1/cv1.3/conv/Conv,0.180419921875,0.3298841404168653,-28.942854251453014,245.0197360135585,31.529674602085436,31.52309878792497,0.0,0.31955838012695315,0.007494589504270809,0.025,1.5746891175465454,True,-0.4812889099121094,5.810474395751953,False
yolov10x,/model.6/m.5/cv1/cv1.4/act/Mul_output_0,/model.6/m.5/Add,0.29443359375,0.7279390764375634,16.59611272770907,181.20506821193274,31.529674602085436,31.566980724395957,0.0,0.29134552001953123,0.00428180585979722,0.00625,2.098518480350186,True,,,False
yolov10x,/model.6/Concat_output_0,/model.6/cv2/conv/Conv,0.346923828125,0.6993997035398374,13.736537112549001,222.22181995984684,31.529674602085436,31.536903660747125,0.0,0.30318092346191405,0.0061871131180553755,0.102734375,2.8635552508781834,True,-1.2879273891448975,6.839308738708496,False
yolov10x,/model.6/cv2/act/Mul_output_0,/model.7/cv1/conv/Conv;/model.12/Concat,0.23486328125,0.45117815148860074,15.658120478287671,233.2088769211122,31.529674602085436,31.15014856281254,0.0,0.18461721801757813,0.004530543390357277,0.0,1.478679710854698,True,-1.452772617340088,6.1056602001190186,False
yolov10x,/model.7/cv2/conv/Conv_output_0,/model.8/cv1/conv/Conv,0.197021484375,0.6452734090119365,20.087426393936376,136.7879471976928,31.529674602085436,31.514940743101633,0.0,0.1304803466796875,0.0010048616559510002,0.0,1.6751539539140212,True,-0.12316215038299516,3.326651692390442,False
yolov10x,/model.8/Split_output_1,/model.8/m.0/cv1/cv1.0/conv/Conv;/model.8/m.0/Add;/model.8/Concat,0.332763671875,0.4833018681434353,11.018763136664361,308.45758070969487,31.529674602085436,31.602797389597317,0.0,0.359395751953125,0.014837948094112634,0.265625,2.703470482491715,True,0.21084856986999512,4.1362526416778564,True
yolov10x,/model.8/m.0/cv1/cv1.0/act/Mul_output_0,/model.8/m.0/cv1/cv1.1/conv/Conv,0.167236328125,0.311834159338349,-11.43535388146202,240.26192370640067,31.529674602085436,31.5655229530722,0.0,0.333710693359375,0.007438492294288885,0.078125,2.087351605519511,True,-0.5589804649353027,4.884509801864624,False
yolov10x,/model.8/m.0/cv1/cv1.2/act/Mul_output_0,/model.8/m.0/cv1/cv1.3/conv/Conv,0.154052734375,0.21463843507465652,-18.34876915332265,321.54364606690626,31.529674602085436,31.55976233161868,0.0,0.46390576171875,0.01679883148980023,0.4078125,3.0129960455208264,True,-1.1039845943450928,5.809971332550049,False
yolov10x,/model.8/m.0/cv1/cv1.4/act/Mul_output_0,/model.8/m.0/Add,0.1612548828125,0.2930668046480719,11.441966728122956,246.50416339971272,31.529674602085436,31.60362352635888,0.0,0.332930908203125,0.00823641138003323,0.246875,3.0042529217645986,True,,,False
yolov10x,/model.8/m.0/Add_output_0,/model.8/Concat,0.332763671875,0.5665212314014819,12.893546018294586,263.14658081075765,31.529674602085436,31.541209861514098,0.0,0.334447021484375,0.009503450723796306,0.14375,2.349610144095692,True,,,False
yolov10x,/model.8/m.1/cv1/cv1.0/act/Mul_output_0,/model.8/m.1/cv1/cv1.1/conv/Conv,0.1395263671875,0.32990078159281794,13.431969013895781,189.47458141263408,31.529674602085436,31.59564303267045,0.0,0.260681884765625,0.003790529155674781,0.05,2.4947004613457167,True,-0.7423844337463379,5.781522035598755,False
yolov10x,/model.8/m.1/cv1/cv1.2/act/Mul_output_0,/model.8/m.1/cv1/cv1.3/conv/Conv,0.092529296875,0.20507157764615347,-29.602410188789293,202.13978687737244,31.529674602085436,31.579090273726177,0.0,0.3712105712890625,0.004462209783754602,0.2125,15.889061176823878,True,0.046473145484924316,5.485651016235352,False
yolov10x,/model.8/m.1/cv1/cv1.4/act/Mul_output_0,/model.8/m.1/Add,0.2354736328125,0.3659701631668674,1.5180669316425224,288.25351932283036,31.529674602085436,31.528527046445703,0.0,0.505394775390625,0.01545974194431297,0.471875,5.314098659574177,True,,,False
yolov10x,/model.8/m.1/Add_output_0,/model.8/Concat,0.332763671875,0.6810042426874373,14.762525424318667,218.90924557488088,31.529674602085436,31.532946352043933,0.0,0.291536376953125,0.005673561877292756,0.046875,2.3274516362167597,True,,,False
yolov10x,/model.8/m.2/cv1/cv1.0/act/Mul_output_0,/model.8/m.2/cv1/cv1.1/conv/Conv,0.18896484375,0.30664059441589814,-0.8321586989253973,276.07646065667456,31.529674602085436,31.64297212856258,0.0,0.41206005859375,0.011623250255035895,0.371875,4.553356603438788,True,-0.9262204170227051,6.269424915313721,False
yolov10x,/model.8/m.2/cv1/cv1.2/act/Mul_output_0,/model.8/m.2/cv1/cv1.3/conv/Conv,0.11004638671875,0.17215904787899095,-42.30799844235885,286.36764583324765,31.529674602085436,31.599419579499873,0.0,0.5875635986328125,0.007752090039620433,0.5390625,483.65847588152076,True,-0.5222175121307373,7.232320547103882,False
yolov10x,/model.8/m.2/cv1/cv1.4/act/Mul_output_0,/model.8/m.2/Add,0.1873779296875,0.3724952364574551,-44.37919128068961,225.3594255280843,31.529674602085436,31.664935803703397,0.0,0.489605712890625,0.00687901781629831,0.35625,31.08137917266136,True,,,False
yolov10x,/model.8/Concat_output_0,/model.8/cv2/conv/Conv,0.332763671875,0.6628650143856992,13.852373224527383,224.89967303245902,31.529674602085436,31.548661333951134,0.0,0.303832470703125,0.006459649348800674,0.093125,2.4631432714641246,True,0.7545247077941895,3.7138451337814335,False
yolov10x,/model.8/cv2/act/Mul_output_0,/model.9/cv1/conv/Conv,0.1644287109375,0.6502346444797569,21.677300778228883,113.28843076169454,31.529674602085436,31.538284990613995,0.0,0.1356204833984375,0.0007327147261006647,0.0,1.6009853090633648,True,0.8048667907714844,3.3318415880203247,False
yolov10x,/model.9/Concat_output_0,/model.9/cv2/conv/Conv,0.137939453125,1.8477461974355118,29.103120769252666,33.4444606546981,31.529674602085436,31.504457866116717,0.0,0.0263740234375,1.2326196613158231e-05,0.0,3.5120498466348815,True,8.758233308792114,6.392611503601074,False
yolov10x,/model.9/cv2/act/Mul_output_0,/model.10/cv1/conv/Conv,0.184814453125,0.5949265016327243,18.98561705342526,139.17160316908246,31.529674602085436,31.574741537372777,0.0,0.153081298828125,0.0012531180576249102,0.0,1.910749737422422,True,0.10800623893737793,5.6832664012908936,False
yolov10x,/model.10/Split_output_1,/model.10/attn/Shape;/model.10/attn/qkv/conv/Conv;/model.10/Add,0.1998291015625,0.7395293269908925,19.87891581135326,121.0546143778589,31.529674602085436,31.604391259248786,0.0,0.161436767578125,0.000999139400621565,0.0,2.230565875975123,True,-0.28431677818298295,5.852624893188477,False
yolov10x,/model.10/attn/Split_output_1,/model.10/attn/MatMul,0.294921875,1.096817222834141,21.172094125715176,120.46218572187732,31.529674602085436,31.52943878900735,0.0,0.1145185546875,0.0006881302326780033,0.0,1.7259920695917366,True,,,False
yolov10x,/model.10/attn/Split_output_2,/model.10/attn/Reshape_2;/model.10/attn/MatMul_1,0.193359375,1.0665923184102002,25.35056339761399,81.21659841795798,31.529674602085436,31.519391787153594,0.0,0.087207763671875,0.0002382648508977045,0.0,1.303487315010348,True,,,False
yolov10x,/model.10/attn/Transpose_output_0,/model.10/attn/MatMul,0.03057861328125,0.19722762092145582,26.080556223989785,69.45892611793758,31.529674602085436,31.54840784515735,0.0,0.06546630859375,0.0001312061533467756,0.0,1.6821873345862879,True,,,False
yolov10x,/model.10/attn/Transpose_1_output_0,/model.10/attn/MatMul_1,0.025299072265625,0.010386110631745592,-1.6004621746789667,1091.2635900832013,31.529674602085436,31.479882187770116,0.0,0.970752578125,0.06539842770204779,1.0,3.3835144012144007,True,,,False
yolov10x,/model.10/attn/Add_output_0,/model.10/attn/proj/conv/Conv,0.10101318359375,0.4676705224070995,23.031057109669995,96.76450424345373,31.529674602085436,31.538840349429563,0.0,0.113041015625,0.0004370063360165095,0.0,1.629287215113653,True,-0.1422353982925415,3.0242172479629517,False
yolov10x,/model.10/Add_output_0,/model.10/ffn/ffn.0/conv/Conv;/model.10/Add_1,0.224365234375,0.98383740119683,22.736572961599382,102.16690774077462,31.529674602085436,31.538374130836644,0.0,0.11232958984375,0.0004858406874744845,0.0,1.566651956900151,True,0.08305668830871582,4.336854934692383,False
yolov10x,/model.10/ffn/ffn.0/act/Mul_output_0,/model.10/ffn/ffn.1/conv/Conv,0.1392822265625,0.3702978777449222,-7.578110424553628,168.5087634852254,31.529674602085436,31.654286066239045,0.0,0.463060791015625,0.0028061139780113033,0.23125,62.06714995021557,True,0.8025737106800079,2.61115038394928,False
yolov10x,/model.10/Concat_output_0,/model.10/cv2/conv/Conv,0.205322265625,0.7898452644549548,20.447269423112893,116.45872823390954,31.529674602085436,31.520594595702637,0.0,0.14454345703125,0.0008232018251270786,0.0,2.1653275024544545,True,-1.3851172924041748,6.053639888763428,False
yolov10x,/model.12/Concat_output_0,/model.13/cv1/conv/Conv,0.23486328125,0.41811645299476213,14.379924798913322,251.64938917464247,31.529674602085436,31.171334918095077,0.0,0.22328364562988282,0.006167951301293593,0.0171875,1.7568653813742638,True,-0.8619173765182497,4.992321491241455,False
yolov10x,/model.13/Split_output_1,/model.13/m.0/cv1/cv1.0/conv/Conv;/model.13/m.0/Add;/model.13/Concat,0.2587890625,0.2974713673330808,9.447193465277685,389.7433929168179,31.529674602085436,30.85410410563428,0.0,0.34601861572265624,0.02146546685095933,0.496875,2.261528974649594,True,-0.5965583324432373,4.785647392272949,True
yolov10x,/model.13/m.0/cv1/cv1.0/act/Mul_output_0,/model.13/m.0/cv1/cv1.1/conv/Conv,0.133544921875,0.31723523421877997,16.210631977849644,188.59230799924254,31.529674602085436,31.610022419214477,0.0,0.2012080078125,0.00301551230173522,0.009375,2.1982379018414817,True,0.6842952966690063,4.056647539138794,False
yolov10x,/model.13/m.0/cv1/cv1.2/act/Mul_output_0,/model.13/m.0/cv1/cv1.3/conv/Conv,0.1666259765625,0.2922322791039399,13.43752285887571,255.4421357178321,31.529674602085436,31.520773446112628,0.0,0.3393980712890625,0.009083132156321852,0.09375,2.22362449941653,True,-0.22081685066223145,3.9887090921401978,False
yolov10x,/model.13/m.0/cv1/cv1.4/act/Mul_output_0,/model.13/m.0/Add,0.1241455078125,0.28182479878368,15.094433560337848,197.34667687171856,31.529674602085436,31.566214339740952,0.0,0.21879730224609376,0.003560715910380229,0.034375,2.556216965609124,True,,,False
yolov10x,/model.13/m.0/Add_output_0,/model.13/Concat,0.2587890625,0.39122051747845293,12.96125353888582,296.34820982103895,31.529674602085436,31.559326701856033,0.0,0.2899819946289062,0.01051938454589848,0.1,1.7338551301813452,True,,,False
yolov10x,/model.13/m.1/cv1/cv1.0/act/Mul_output_0,/model.13/m.1/cv1/cv1.1/conv/Conv,0.121337890625,0.31698759113915936,17.351750795457143,171.48739105101413,31.529674602085436,31.550782862724933,0.0,0.2341173095703125,0.0028503630397023584,0.003125,2.18150709467774,True,0.13123345375061035,4.010587096214294,False
yolov10x,/model.13/m.1/cv1/cv1.2/act/Mul_output_0,/model.13/m.1/cv1/cv1.3/conv/Conv,0.1405029296875,0.2598580377991536,15.031235372107353,242.229615189548,31.529674602085436,31.60298925865498,0.0,0.2915798645019531,0.007069265733486315,0.003125,1.7380068895689516,True,-0.5100113153457642,3.8616294860839844,False
yolov10x,/model.13/m.1/cv1/cv1.4/act/Mul_output_0,/model.13/m.1/Add,0.1263427734375,0.25671624536512994,15.080679635352048,220.48297886055113,31.529674602085436,31.495384690386594,0.0,0.22210638427734375,0.004548740477280894,0.0375,2.0665490727936655,True,,,False
yolov10x,/model.13/m.1/Add_output_0,/model.13/Concat,0.2587890625,0.46525936843872595,14.979657271093075,249.18896397304638,31.529674602085436,31.507160029684215,0.0,0.258718994140625,0.00655877998995425,0.003125,1.583272713658914,True,,,False
yolov10x,/model.13/m.2/cv1/cv1.0/act/Mul_output_0,/model.13/m.2/cv1/cv1.1/conv/Conv,0.128662109375,0.36765333968032843,18.56798496308752,156.7798215844253,31.529674602085436,31.46701694865641,0.0,0.20728936767578124,0.0021171180918738977,0.0,1.8621987745072877,True,-0.049987077713012695,4.678952932357788,False
yolov10x,/model.13/m.2/cv1/cv1.2/act/Mul_output_0,/model.13/m.2/cv1/cv1.3/conv/Conv,0.11895751953125,0.28858574305870816,17.415700914888028,184.6694441144253,31.529674602085436,31.540423433934475,0.0,0.224890869140625,0.003209951465656018,0.0,1.6243204862074996,True,-0.34628474712371804,4.41773247718811,False
yolov10x,/model.13/m.2/cv1/cv1.4/act/Mul_output_0,/model.13/m.2/Add,0.1995849609375,0.46523460076054884,16.89867172173006,192.1913425051127,31.529674602085436,31.50722680513745,0.0,0.24994195556640625,0.004014665301495074,0.0,1.6463977794056128,True,,,False
yolov10x,/model.13/Concat_output_0,/model.13/cv2/conv/Conv,0.2587890625,0.5413951329593666,13.504520650741142,214.14581133425423,31.529674602085436,31.43620539292187,0.0,0.259256640625,0.004950076577003121,0.12,2.973747465440722,True,-1.742502212524414,5.9533514976501465,False
yolov10x,/model.15/Concat_output_0,/model.16/cv1/conv/Conv,0.2117919921875,0.38765038525857637,15.059412594041376,244.76388031114647,31.529674602085436,31.045533985569588,0.0,0.15826199849446615,0.004153802671299768,0.0,1.6721058995379723,True,-2.6063156127929688,6.469999551773071,False
yolov10x,/model.16/Split_output_1,/model.16/m.0/cv1/conv/Conv;/model.16/Concat,0.39404296875,0.42354839122140997,8.121582024779926,416.7912183326374,31.529674602085436,31.777152981539004,0.0,0.32967849731445314,0.028511119298307883,0.85625,1.9237868326789662,True,1.3364124298095694,6.864892482757568,False
yolov10x,/model.16/m.0/cv1/act/Mul_output_0,/model.16/m.0/cv2/conv/Conv,0.1424560546875,0.31400912318333196,17.193980161730927,203.2434976825147,31.529674602085436,31.948666693200153,0.0,0.10163943481445313,0.0017768754030929462,0.0,1.3985428518086578,True,-1.9345567226409912,6.399657726287842,False
yolov10x,/model.16/m.0/cv2/act/Mul_output_0,/model.16/m.1/cv1/conv/Conv;/model.16/Concat,0.39404296875,0.30749078410758673,8.309746771554671,574.1025719269497,31.529674602085436,31.703652187344893,0.0,0.35048968505859374,0.057652970474727464,0.95,1.3602220790424184,True,-0.9735140800476074,5.252523422241211,False
yolov10x,/model.16/m.1/cv1/act/Mul_output_0,/model.16/m.1/cv2/conv/Conv,0.1607666015625,0.32567192659509375,16.562735085627395,221.15334979286186,31.529674602085436,31.8527894514436,0.0,0.130361328125,0.0027171036713768706,0.0,1.3115778146178616,True,-1.2521809339523315,4.378299713134766,False
yolov10x,/model.16/m.1/cv2/act/Mul_output_0,/model.16/m.2/cv1/conv/Conv;/model.16/Concat,0.39404296875,0.33286859741836894,8.715739255042692,530.3331445775435,31.529674602085436,31.62841049802161,0.0,0.3557448425292969,0.04937810278812854,0.925,1.3959577163658161,True,-1.4994733333587646,4.663595914840698,False
yolov10x,/model.16/m.2/cv1/act/Mul_output_0,/model.16/m.2/cv2/conv/Conv,0.255859375,0.3094144238581437,12.033820300460121,370.45784282038437,31.529674602085436,30.547009236549965,0.0,0.20355712890625,0.012506707344613559,0.05625,1.3183561810548472,True,0.23108124732971203,2.034614086151123,False
yolov10x,/model.16/Concat_output_0,/model.16/cv2/conv/Conv,0.39404296875,0.39123245534743967,9.157212726210048,451.21831685264675,31.529674602085436,31.647108985656843,0.0,0.36972630615234375,0.03617265493112618,0.7375,1.8639937129086568,True,-0.6451996564865115,4.049907922744751,False
yolov10x,/model.16/cv2/act/Mul_output_0,/model.17/conv/Conv;/model.23/Shape;/model.23/one2one_cv2.0/one2one_cv2.0.0/conv/Conv,0.2230224609375,0.37676068785119,13.749462792743373,265.1923773412986,31.529674602085436,31.507988086830206,0.0,0.21706092834472657,0.006560651870926967,0.065625,2.0477066703038562,True,-0.6596436500549314,3.6719104051589966,False
yolov10x,/model.23/one2one_cv3.0/one2one_cv3.0.0/one2one_cv3.0.0.0/act/Mul_output_0,/model.23/one2one_cv3.0/one2one_cv3.0.0/one2one_cv3.0.0.1/conv/Conv,0.337158203125,0.5853167493850188,10.964390059339756,258.06005920504083,31.529674602085436,31.702387566463543,0.0,0.2985052947998047,0.007733133935453511,0.31875,3.5185634881628394,False,3.065248489379883,4.766539573669434,False
yolov10x,/model.23/one2one_cv2.0/one2one_cv2.0.0/act/Mul_output_0,/model.23/one2one_cv2.0/one2one_cv2.0.1/conv/Conv,0.346435546875,0.659433602124898,13.011440976623831,235.35822939548086,31.529674602085436,31.574650869213727,0.0,0.2909620361328125,0.0070691618402814954,0.1875,2.7237069836313714,False,2.6301915645599365,4.086835622787476,False
yolov10x,/model.18/Concat_output_0,/model.19/cv1/conv/Conv,0.2440185546875,0.38827988446618616,13.840232515695256,281.5502859497742,31.529674602085436,31.643923449518113,0.0,0.203010986328125,0.007092782833153171,0.0,1.6683928776511123,True,-0.3826124668121338,3.5122331380844116,False
yolov10x,/model.23/one2one_cv2.0/one2one_cv2.0.1/act/Mul_output_0,/model.23/one2one_cv2.0/one2one_cv2.0.2/Conv,0.73779296875,1.6282518095947713,15.166425469872422,202.997624846651,31.529674602085436,31.53675281101261,0.0,0.48838525390625,0.007562403107212474,0.0875,2.577883785853983,False,-6.674776077270508,11.729689598083496,False
yolov10x,/model.23/one2one_cv3.0/one2one_cv3.0.1/one2one_cv3.0.1.0/act/Mul_output_0,/model.23/one2one_cv3.0/one2one_cv3.0.1/one2one_cv3.0.1.1/conv/Conv,1.3505859375,0.5963295748488205,-1.5819450638438184,1014.644460914744,31.529674602085436,31.469286141662355,0.0,0.8496277313232422,0.1395960242574463,0.990625,4.351982802525747,False,2.759095311164857,3.811288952827454,False
yolov10x,/model.19/Split_output_1,/model.19/m.0/cv1/cv1.0/conv/Conv;/model.19/m.0/Add;/model.19/Concat,0.2437744140625,0.24584834606793038,9.266769794504526,444.22075334939984,31.529674602085436,31.587526943796263,0.0,0.43579150390625,0.034878171001620974,0.6625,2.0277395895929606,True,-0.0760500431060791,4.085604190826416,True
yolov10x,/model.23/one2one_cv3.0/one2one_cv3.0.1/one2one_cv3.0.1.1/act/Mul_output_0,/model.23/one2one_cv3.0/one2one_cv3.0.2/Conv,1.4853515625,1.6214907810164503,7.233951503804931,410.386237029891,31.529674602085436,31.52384683195171,0.0,0.5998430328369141,0.020956217504925084,0.60625,3.4965139509157965,False,-19.569281339645386,24.317045211791992,False
yolov10x,/model.19/m.0/cv1/cv1.0/act/Mul_output_0,/model.19/m.0/cv1/cv1.1/conv/Conv,0.11083984375,0.23414510492861695,16.273922472402106,212.07468768197626,31.529674602085436,31.52067129962941,0.0,0.2380050048828125,0.004405329093669915,0.003125,1.7710329188567808,True,0.12403476238250732,3.9242289066314697,False
yolov10x,/model.19/m.0/cv1/cv1.2/act/Mul_output_0,/model.19/m.0/cv1/cv1.3/conv/Conv,0.1474609375,0.2359286000611894,13.466280923681325,280.01056244502075,31.529674602085436,31.57890187667,0.0,0.3440640258789063,0.010994753481907756,0.053125,1.814578542221694,True,-0.648181676864624,4.418724775314331,False
yolov10x,/model.19/m.0/cv1/cv1.4/act/Mul_output_0,/model.19/m.0/Add,0.158935546875,0.2802836943819253,13.472312668093643,254.03948366320552,31.529674602085436,31.588515239677516,0.0,0.2936519775390625,0.00804090061266414,0.090625,2.211024222931514,True,,,False
yolov10x,/model.19/m.0/Add_output_0,/model.19/Concat,0.2437744140625,0.35849325201198234,12.992716574208991,304.63875369221654,31.529674602085436,31.562358811420978,0.0,0.32467041015625,0.012267694859377672,0.096875,1.7612563182274363,True,,,False
yolov10x,/model.19/m.1/cv1/cv1.0/act/Mul_output_0,/model.19/m.1/cv1/cv1.1/conv/Conv,0.1937255859375,0.30847301994777304,13.298956943879759,281.3505781306063,31.529674602085436,31.51641769516004,0.0,0.40461407470703126,0.012674370730580769,0.078125,1.9788130854632466,True,-0.9271979331970215,5.661222219467163,False
yolov10x,/model.19/m.1/cv1/cv1.2/act/Mul_output_0,/model.19/m.1/cv1/cv1.3/conv/Conv,0.10369873046875,0.243805114901818,15.952727901734377,190.54986302772429,31.529674602085436,31.509773501616397,0.0,0.27038555908203127,0.004006604880947241,0.00625,2.3459964696773867,True,-0.8477845191955566,6.225968837738037,False
yolov10x,/model.19/m.1/cv1/cv1.4/act/Mul_output_0,/model.19/m.1/Add,0.1280517578125,0.3173287171735539,16.520092484999218,180.78158198529715,31.529674602085436,31.515794636691794,0.0,0.24751849365234374,0.003385964165364848,0.01875,2.1388893852778574,True,,,False
yolov10x,/model.19/m.1/Add_output_0,/model.19/Concat,0.2437744140625,0.4698597038553988,15.589377133197289,232.43307864853654,31.529674602085436,31.53151371186653,0.0,0.2696400146484375,0.005938592195124448,0.0,1.6474478427463595,True,,,False
yolov10x,/model.19/m.2/cv1/cv1.0/act/Mul_output_0,/model.19/m.2/cv1/cv1.1/conv/Conv,0.1534423828125,0.36573388933450784,16.159322016412453,187.95684377262333,31.529674602085436,31.56461867544852,0.0,0.2951724853515625,0.004264775340273784,0.0,2.2596446924953857,True,-1.5443460941314697,7.233520269393921,False
yolov10x,/model.19/m.2/cv1/cv1.2/act/Mul_output_0,/model.19/m.2/cv1/cv1.3/conv/Conv,0.148193359375,0.23194414908529282,12.159715548180849,286.23539443362364,31.529674602085436,31.573617079680755,0.0,0.43269775390625,0.014177869550537113,0.1765625,2.1134797235763534,True,-0.8700239658355713,7.459157228469849,False
yolov10x,/model.19/m.2/cv1/cv1.4/act/Mul_output_0,/model.19/m.2/Add,0.16943359375,0.40720425879852873,15.874031646576462,186.40829107230903,31.529674602085436,31.527489027737857,0.0,0.4100067138671875,0.0056323386629680205,0.03125,2.157197811083454,True,,,False
yolov10x,/model.19/Concat_output_0,/model.19/cv2/conv/Conv,0.2437744140625,0.48631697596854795,13.434115513017467,224.5673971847183,31.529674602085436,31.548488194940795,0.0,0.2969684814453125,0.006139101803878174,0.151875,3.0487287889064145,True,-0.6742196083068848,5.028561353683472,False
yolov10x,/model.19/cv2/act/Mul_output_0,/model.20/cv1/conv/Conv;/model.23/one2one_cv2.1/one2one_cv2.1.0/conv/Conv;/model.23/Shape_5,0.2080078125,0.4828893286269845,16.79849076243066,192.97900051956657,31.529674602085436,31.409993111899453,0.0,0.2279539794921875,0.0035622523174689445,0.0,1.8863518248042068,True,-0.19938921928405762,4.091429710388184,False
yolov10x,/model.23/one2one_cv3.1/one2one_cv3.1.0/one2one_cv3.1.0.0/act/Mul_output_0,/model.23/one2one_cv3.1/one2one_cv3.1.0/one2one_cv3.1.0.1/conv/Conv,0.179931640625,0.3761120879216569,11.624695791208524,214.32274470474002,31.529674602085436,31.772928620100505,0.0,0.3931551513671875,0.0073894960247652365,0.25,4.5047121246835315,False,-0.8591170310974121,6.4877097606658936,False
yolov10x,/model.23/one2one_cv2.1/one2one_cv2.1.0/act/Mul_output_0,/model.23/one2one_cv2.1/one2one_cv2.1.1/conv/Conv,0.16845703125,0.6534661194797582,21.409857129239626,115.48992021205734,31.529674602085436,31.596032170271013,0.0,0.15368115234375,0.0008593111575896275,0.0,1.7550248829264576,False,0.19985508918762207,6.823165655136108,False
yolov10x,/model.21/Concat_output_0,/model.22/cv1/conv/Conv,0.1263427734375,0.3664232279549441,-66.4443565981813,154.47045433200486,31.529674602085436,31.434146159162502,0.0,0.1651251220703125,0.0016214968181818214,0.003125,1.7527034291298287,True,-0.6666145324707031,4.688049554824829,False
yolov10x,/model.23/one2one_cv2.1/one2one_cv2.1.1/act/Mul_output_0,/model.23/one2one_cv2.1/one2one_cv2.1.2/Conv,0.4443359375,1.7402154587725414,21.03441425765906,114.38957112839836,31.529674602085436,31.551037123889078,0.0,0.337936279296875,0.0020316988769736944,0.0,1.7260711984656933,False,-5.386984348297119,13.125123023986816,False
yolov10x,/model.23/one2one_cv3.1/one2one_cv3.1.1/one2one_cv3.1.1.0/act/Mul_output_0,/model.23/one2one_cv3.1/one2one_cv3.1.1/one2one_cv3.1.1.1/conv/Conv,0.13916015625,0.5497018955965266,17.497819673405267,113.4137438844843,31.529674602085436,29.59305294177787,1.220703125e-06,0.22809466552734375,0.0012160714927860461,0.003125,3.2253266238867933,False,1.3561980724334717,6.156364679336548,False
yolov10x,/model.22/Split_output_1,/model.22/m.0/cv1/cv1.0/conv/Conv;/model.22/m.0/Add;/model.22/Concat,0.2322998046875,0.30007810784144107,11.39584903574243,346.81074620408475,31.529674602085436,31.360032150606223,0.0,0.409852294921875,0.019618145611043275,0.271875,2.054135433029118,True,0.07406330108642578,5.582056999206543,True
yolov10x,/model.23/one2one_cv3.1/one2one_cv3.1.1/one2one_cv3.1.1.1/act/Mul_output_0,/model.23/one2one_cv3.1/one2one_cv3.1.2/Conv,0.477783203125,1.6052831225154205,17.508880002945062,133.33901789523352,31.529674602085436,31.582698322788225,0.0,0.27317364501953123,0.0021207060132699402,0.028125,3.564204135399948,False,-19.481916666030884,27.020699501037598,False
yolov10x,/model.22/m.0/cv1/cv1.0/act/Mul_output_0,/model.22/m.0/cv1/cv1.1/conv/Conv,0.11480712890625,0.21797149120310377,3.515591351777516,235.96477441205678,31.529674602085436,31.478392750158555,0.0,0.350740966796875,0.007575794116876111,0.040625,1.7213314110618383,True,-0.38122344017028853,6.296405792236328,False
yolov10x,/model.22/m.0/cv1/cv1.2/act/Mul_output_0,/model.22/m.0/cv1/cv1.3/conv/Conv,0.09271240234375,0.14174673089790765,-25.88704661179925,293.0237331534332,31.529674602085436,31.554921113397278,0.0,0.428455322265625,0.013421860615202254,0.1953125,2.2409250773194236,True,-0.3306996822357178,7.245320081710815,False
yolov10x,/model.22/m.0/cv1/cv1.4/act/Mul_output_0,/model.22/m.0/Add,0.1715087890625,0.21445230445777924,8.654858811519823,358.28916688152094,31.529674602085436,31.560609438087752,0.0,0.51054541015625,0.025157884117685485,0.453125,2.212775547277672,True,,,False
yolov10x,/model.22/m.0/Add_output_0,/model.22/Concat,0.2322998046875,0.36109899566614495,13.477441472476798,288.2043809288755,31.529674602085436,31.540437321249968,0.0,0.358027587890625,0.011906262682324092,0.0625,1.677557459217674,True,,,False
yolov10x,/model.22/m.1/cv1/cv1.0/act/Mul_output_0,/model.22/m.1/cv1/cv1.1/conv/Conv,0.11395263671875,0.27379658132353296,15.127589357894983,186.45514492263004,31.529674602085436,31.53837808842014,0.0,0.29922216796875,0.004186652895429353,0.034375,2.067424356454586,True,-0.9922218322753906,8.619030475616455,False
yolov10x,/model.22/m.1/cv1/cv1.2/act/Mul_output_0,/model.22/m.1/cv1/cv1.3/conv/Conv,0.1771240234375,0.16163529467438045,-19.147933537581338,490.9296738676803,31.529674602085436,31.52229059849627,0.0,0.685872314453125,0.049537753015784225,0.8171875,2.8602200703572556,True,-0.4157886505126953,8.548403263092041,False
yolov10x,/model.22/m.1/cv1/cv1.4/act/Mul_output_0,/model.22/m.1/Add,0.13037109375,0.2593847921931885,3.8732673699094136,225.17222195701942,31.529674602085436,31.470236001098062,0.0,0.42428955078125,0.008071402417816922,0.153125,2.7386819936091777,True,,,False
yolov10x,/model.22/m.1/Add_output_0,/model.22/Concat,0.2322998046875,0.4356505189325173,15.305924609468974,238.88485833783798,31.529674602085436,31.548921833752907,0.0,0.312623291015625,0.007171813040978083,0.0,1.5406523064845585,True,,,False
yolov10x,/model.22/m.2/cv1/cv1.0/act/Mul_output_0,/model.22/m.2/cv1/cv1.1/conv/Conv,0.1873779296875,0.2983404989866941,11.207192480185029,281.37417744194335,31.529674602085436,31.543820832752157,0.0,0.454585205078125,0.014190577867830923,0.240625,2.38933512760697,True,-1.519909381866456,9.550551414489746,False
yolov10x,/model.22/m.2/cv1/cv1.2/act/Mul_output_0,/model.22/m.2/cv1/cv1.3/conv/Conv,0.2396240234375,0.1764393227363925,-48.43949625152365,608.4333176702768,31.529674602085436,31.540119948018148,0.0,0.8197579345703125,0.07015990154526096,0.9578125,3.004522113273528,True,-0.7892553806304932,10.371920585632324,False
yolov10x,/model.22/m.2/cv1/cv1.4/act/Mul_output_0,/model.22/m.2/Add,0.2437744140625,0.29919679435383106,-52.12709054024569,365.0137286258716,31.529674602085436,31.573007811657877,0.0,0.791000732421875,0.026028318327604997,0.665625,4.060823357499913,True,,,False
yolov10x,/model.22/Concat_output_0,/model.22/cv2/conv/Conv,0.2322998046875,0.4118544471657975,13.910673332086859,252.68711608231126,31.529674602085436,31.489328730776563,0.0,0.334094287109375,0.008595489163519862,0.066875,2.007489807814106,True,-1.0802080631256095,7.297460317611694,False
yolov10x,/model.22/cv2/act/Mul_output_0,/model.23/one2one_cv2.2/one2one_cv2.2.0/conv/Conv;/model.23/Shape_9,0.2288818359375,0.416459771982715,14.790428190727397,246.21600787952178,31.529674602085436,31.427357778112842,0.0,0.3194423828125,0.007848334059985073,0.0078125,1.6580518933736128,True,-2.6656928062438974,8.933754444122314,False
yolov10x,/model.23/one2one_cv3.2/one2one_cv3.2.0/one2one_cv3.2.0.0/act/Mul_output_0,/model.23/one2one_cv3.2/one2one_cv3.2.0/one2one_cv3.2.0.1/conv/Conv,0.3720703125,0.24913984089243965,-0.44998111205669034,669.0519645630001,31.529674602085436,31.46728695460211,0.0,0.8150985107421875,0.0916411456808717,0.9078125,5.917069692083306,False,-0.8210699558258057,7.743046045303345,False
yolov10x,/model.23/one2one_cv2.2/one2one_cv2.2.0/act/Mul_output_0,/model.23/one2one_cv2.2/one2one_cv2.2.1/conv/Conv,0.2171630859375,0.5389990572161654,17.495221021438496,180.4995040297116,31.529674602085436,31.565207921657034,0.0,0.2901162109375,0.0038561135082429477,0.0,1.434381423274329,False,-0.09908008575439364,8.095099925994873,False
yolov10x,/model.23/one2one_cv2.2/one2one_cv2.2.1/act/Mul_output_0,/model.23/one2one_cv2.2/one2one_cv2.2.2/Conv,0.81689453125,1.6323332917579585,15.16675436348666,224.19977087269115,31.529674602085436,31.50678883264828,0.0,0.72532421875,0.010526859977912383,0.0,1.5027232990589754,False,-5.706775188446043,14.46747636795044,False
yolov10x,/model.23/one2one_cv3.2/one2one_cv3.2.1/one2one_cv3.2.1.0/act/Mul_output_0,/model.23/one2one_cv3.2/one2one_cv3.2.1/one2one_cv3.2.1.1/conv/Conv,1.0302734375,0.4567283686232006,-0.9241864741056176,1010.5842590670945,31.529674602085436,31.36637386648704,0.0,0.917848876953125,0.13601419992194122,0.984375,2.284842844008123,False,-0.8653221130371085,9.70256757736206,False
yolov10x,/model.23/one2one_cv3.2/one2one_cv3.2.1/one2one_cv3.2.1.1/act/Mul_output_0,/model.23/one2one_cv3.2/one2one_cv3.2.2/Conv,0.57080078125,1.5206558894022768,16.797410215544105,168.16345616529668,31.529674602085436,31.536130398817498,0.0,0.282272216796875,0.003969407702314374,0.028125,2.3763587933791923,False,-20.736799716949463,31.007472038269043,False
frcnn_r50_fpn,/backbone/body/maxpool/MaxPool_output_0,/backbone/body/layer1/layer1.0/conv1/Conv;/backbone/body/layer1/layer1.0/downsample/downsample.0/Conv,0.09173583984375,0.4478546585228226,-190.3971686255083,91.76561071298016,31.529674602085436,31.679527876480414,0.0,0.013457335360466423,5.519423073542555e-05,0.046875,5.487605822050434,True,3.4186906814575195,30.449155807495117,False
frcnn_r50_fpn,/backbone/body/layer1/layer1.0/downsample/downsample.0/Conv_output_0,/backbone/body/layer1/layer1.0/Add,0.1463623046875,0.22846823669562863,-91.07257859591628,286.99968734539885,31.529674602085436,31.542103992511944,0.0,0.36747302757866773,0.008720567894948749,0.28125,23.073155959241813,True,,,False
frcnn_r50_fpn,/backbone/body/layer1/layer1.0/relu/Relu_output_0,/backbone/body/layer1/layer1.0/conv2/Conv,0.0303955078125,0.1713618442033853,-184.19763022559232,79.4645246921951,31.529674602085436,31.82925671565779,0.0,0.019912400659497804,5.4037060339974815e-05,0.078125,5.311742511707342,True,-0.03112697601318537,30.41390609741211,False
frcnn_r50_fpn,/backbone/body/layer1/layer1.0/relu_1/Relu_output_0,/backbone/body/layer1/layer1.0/conv3/Conv,0.0379638671875,0.24569646489098113,-187.5377846874867,69.2228620690436,31.529674602085436,31.44080016912953,0.0,0.023360096967022948,4.7912526169363035e-05,0.078125,9.575619853226955,True,2.763786315917967,28.028042793273926,False
frcnn_r50_fpn,/backbone/body/layer1/layer1.0/relu_2/Relu_output_0,/backbone/body/layer1/layer1.1/conv1/Conv;/backbone/body/layer1/layer1.1/Add,0.101318359375,0.19050494168099136,-198.85685350612027,238.2648166471636,31.529674602085436,31.530241264991727,0.0,0.07172191573595138,0.0017727848918586788,0.28515625,441.52365457647863,True,0.6251449584960938,22.25751304626465,False
frcnn_r50_fpn,/backbone/body/layer1/layer1.1/relu/Relu_output_0,/backbone/body/layer1/layer1.1/conv2/Conv,0.031402587890625,0.1380624984483015,-187.10629650901882,101.89848462193372,31.529674602085436,31.431879118772276,0.0,0.03147654710883766,0.00013770791517630333,0.0625,4.541487907513832,True,2.7805175781250018,18.37319278717041,False
frcnn_r50_fpn,/backbone/body/layer1/layer1.1/relu_1/Relu_output_0,/backbone/body/layer1/layer1.1/conv3/Conv,0.055694580078125,0.14275694372900327,14.752466413842534,174.78079330673415,31.529674602085436,31.53721126608295,0.0,0.05186593035256023,0.0006575574216220354,0.078125,3.573217119743494,True,1.9877467155456543,15.909945487976074,False
frcnn_r50_fpn,/backbone/body/layer1/layer1.1/relu_2/Relu_output_0,/backbone/body/layer1/layer1.2/conv1/Conv;/backbone/body/layer1/layer1.2/Add,0.10302734375,0.21226056946802727,-193.83581834654728,217.45089121205103,31.529674602085436,31.51892562152753,0.0,0.14432667369102214,0.00189769896685511,0.2265625,4.675276285525576,True,3.4577202796936053,16.370874404907227,False
frcnn_r50_fpn,/backbone/body/layer1/layer1.2/relu/Relu_output_0,/backbone/body/layer1/layer1.2/conv2/Conv,0.038909912109375,0.11534929254730078,17.052894084956606,151.1204814529043,31.529674602085436,31.51785536493273,0.0,0.04356520816952096,0.00041451741724617277,0.015625,2.9034369183868556,True,2.4949312210083,13.547130584716797,False
frcnn_r50_fpn,/backbone/body/layer1/layer1.2/relu_1/Relu_output_0,/backbone/body/layer1/layer1.2/conv3/Conv,0.060272216796875,0.11607339939557668,15.450007902704087,232.62826164828417,31.529674602085436,31.467619967474995,0.0,0.06814289458889936,0.001511725616612205,0.015625,1.572727138475191,True,0.5222287178039542,12.238483428955078,False
frcnn_r50_fpn,/backbone/body/layer1/layer1.2/relu_2/Relu_output_0,/backbone/body/layer2/layer2.0/conv1/Conv;/backbone/body/layer2/layer2.0/downsample/downsample.0/Conv;/backbone/fpn/inner_blocks.0/inner_blocks.0.0/Conv,0.1015625,0.2274111956357745,13.993094231274796,200.07810025709352,31.529674602085436,31.55813981251017,0.0,0.15981831736995278,0.001521037605790496,0.08984375,2.6887425737988044,True,3.9676427841186523,13.327763557434082,False
frcnn_r50_fpn,/backbone/body/layer2/layer2.0/downsample/downsample.0/Conv_output_0,/backbone/body/layer2/layer2.0/Add,0.124267578125,0.24729357348198175,-102.86790647087186,225.12463310760623,31.529674602085436,31.535135910960914,0.0,0.41619351780946495,0.005890934887591522,0.494140625,1874.2285626754688,True,,,False
frcnn_r50_fpn,/backbone/fpn/inner_blocks.0/inner_blocks.0.0/Conv_output_0,/backbone/fpn/Shape_6;/backbone/fpn/Shape_7;/backbone/fpn/Add_2,0.02130126953125,0.1565567127136296,20.255689299097995,60.955347008695874,31.529674602085436,31.519649549850023,0.0,0.058682820867256895,8.984488785561714e-05,0.00390625,6.713990715747697,True,,,False
frcnn_r50_fpn,/backbone/body/layer2/layer2.0/relu/Relu_output_0,/backbone/body/layer2/layer2.0/conv2/Conv,0.11944580078125,0.19439629818744464,14.111953603341483,275.27128473610065,31.529674602085436,31.529601552718958,0.0,0.10846152945220423,0.003405286052005888,0.0234375,1.5715613315618062,True,-1.0813565254211426,15.465831279754639,False
frcnn_r50_fpn,/backbone/body/layer2/layer2.0/relu_1/Relu_output_0,/backbone/body/layer2/layer2.0/conv3/Conv,0.1234130859375,0.30510450287404794,17.695004995647885,181.21352513379395,31.529674602085436,31.554055267431828,0.0,0.07340659616614247,0.000991334740403223,0.0,1.6228906411478934,True,1.0023746490478516,15.390909671783447,False
frcnn_r50_fpn,/backbone/body/layer2/layer2.0/relu_2/Relu_output_0,/backbone/body/layer2/layer2.1/conv1/Conv;/backbone/body/layer2/layer2.1/Add,0.2098388671875,0.399694177383245,-206.61500633071023,235.19935445509637,31.529674602085436,31.54336623475237,0.0,0.1034383190056013,0.0024778877208965536,0.2109375,552380082511.9171,True,-2.721670150756836,21.068981170654297,False
frcnn_r50_fpn,/backbone/body/layer2/layer2.1/relu/Relu_output_0,/backbone/body/layer2/layer2.1/conv2/Conv,0.10223388671875,0.23724665284746593,16.231351640779636,193.05132738562557,31.529674602085436,31.52498650197974,0.0,0.08764797792529291,0.0014573767139646628,0.0078125,2.0382651546571044,True,-0.6245794296264666,22.559112548828125,False
frcnn_r50_fpn,/backbone/body/layer2/layer2.1/relu_1/Relu_output_0,/backbone/body/layer2/layer2.1/conv3/Conv,0.1253662109375,0.2730687206231925,14.515584616958861,205.67739275235698,31.529674602085436,31.523971191718925,0.0,0.07726002342696921,0.0014008762560485672,0.078125,2.456727140445628,True,2.1249504089355487,19.544215202331543,False
frcnn_r50_fpn,/backbone/body/layer2/layer2.1/relu_2/Relu_output_0,/backbone/body/layer2/layer2.2/conv1/Conv;/backbone/body/layer2/layer2.2/Add,0.264892578125,0.4312703875733592,-199.0278641342435,275.1681506994585,31.529674602085436,31.51946336445192,0.0,0.19325889366164933,0.004643717398181448,0.140625,2.336780219387312,True,0.122772216796875,17.542885780334473,False
frcnn_r50_fpn,/backbone/body/layer2/layer2.2/relu/Relu_output_0,/backbone/body/layer2/layer2.2/conv2/Conv,0.13916015625,0.3146387433985841,16.5871178971315,198.1439072842437,31.529674602085436,31.54111016602255,0.0,0.07581985279028272,0.0012489492751053173,0.0,1.9177838232924571,True,0.909604549407959,16.72360897064209,False
frcnn_r50_fpn,/backbone/body/layer2/layer2.2/relu_1/Relu_output_0,/backbone/body/layer2/layer2.2/conv3/Conv,0.10784912109375,0.2875565944773771,18.295147068529346,168.02398963519926,31.529674602085436,31.540269422842226,0.0,0.057035715462231705,0.0006726114742240981,0.0,1.7409663986637083,True,0.4053373336791992,15.995380878448486,False
frcnn_r50_fpn,/backbone/body/layer2/layer2.2/relu_2/Relu_output_0,/backbone/body/layer2/layer2.3/conv1/Conv;/backbone/body/layer2/layer2.3/Add,0.355712890625,0.43740349455780425,10.732283609963915,364.33036540118485,31.529674602085436,31.521891043316298,0.0,0.1826974763759159,0.008899823770559824,0.30078125,1.9277362214512768,True,-0.4326481819152832,16.79229164123535,False
frcnn_r50_fpn,/backbone/body/layer2/layer2.3/relu/Relu_output_0,/backbone/body/layer2/layer2.3/conv2/Conv,0.1322021484375,0.27308667876582104,16.549051309430787,216.87825553288275,31.529674602085436,31.532258324475574,0.0,0.06524661367426468,0.0012737199934085613,0.0,1.4687993273793287,True,-0.7954511642456046,16.81211757659912,False
frcnn_r50_fpn,/backbone/body/layer2/layer2.3/relu_1/Relu_output_0,/backbone/body/layer2/layer2.3/conv3/Conv,0.13134765625,0.28480495187248106,16.870379984879285,206.6106983503109,31.529674602085436,31.531984632395186,0.0,0.05421693883822106,0.0009382006596202897,0.0078125,1.4693645089775527,True,-1.7372512817382795,17.58158588409424,False
frcnn_r50_fpn,/backbone/body/layer2/layer2.3/relu_2/Relu_output_0,/backbone/body/layer3/layer3.0/conv1/Conv;/backbone/body/layer3/layer3.0/downsample/downsample.0/Conv;/backbone/fpn/inner_blocks.1/inner_blocks.1.0/Conv,0.361328125,0.42163822934175516,10.752349866229878,383.9191722551174,31.529674602085436,31.53398811723467,0.0,0.150713493445525,0.007626259382059091,0.341796875,1.8024044489467048,True,-1.2849512100219727,16.85096549987793,False
frcnn_r50_fpn,/backbone/body/layer3/layer3.0/downsample/downsample.0/Conv_output_0,/backbone/body/layer3/layer3.0/Add,0.180419921875,0.28186020749044405,-76.12310516643514,286.7667121927466,31.529674602085436,31.537215201176515,0.0,0.38512054992893063,0.011108626954310172,0.3251953125,4.0467381242505684,True,,,False
frcnn_r50_fpn,/backbone/fpn/inner_blocks.1/inner_blocks.1.0/Conv_output_0,/backbone/fpn/Shape_3;/backbone/fpn/Shape_4;/backbone/fpn/Add_1,0.07586669921875,0.22617610253100723,19.243787265664736,150.27352965081903,31.529674602085436,31.53643107782111,0.0,0.15608505129307365,0.0014534733137579459,0.0,1.808481150429786,True,,,False
frcnn_r50_fpn,/backbone/body/layer3/layer3.0/relu/Relu_output_0,/backbone/body/layer3/layer3.0/conv2/Conv,0.2276611328125,0.27489330039348286,11.506880956161076,371.02463884717514,31.529674602085436,31.522845517545047,0.0,0.0687169073133403,0.0036894795121658,0.21875,1.556507768976438,True,-2.4983181953430167,17.392108917236328,False
frcnn_r50_fpn,/backbone/body/layer3/layer3.0/relu_1/Relu_output_0,/backbone/body/layer3/layer3.0/conv3/Conv,0.1329345703125,0.29378772266512687,16.933930460200443,202.71332974619654,31.529674602085436,31.541802988809003,0.0,0.08069245514421249,0.0013881332620880058,0.0,1.5333030185157777,True,0.5505790710449219,16.765478134155273,False
frcnn_r50_fpn,/backbone/body/layer3/layer3.0/relu_2/Relu_output_0,/backbone/body/layer3/layer3.1/conv1/Conv;/backbone/body/layer3/layer3.1/Add,0.2086181640625,0.3753870239333788,-201.51283026818487,248.97221145445567,31.529674602085436,31.53849408734494,0.0,0.10583803663852694,0.00263983788882997,0.2294921875,4.680962857177715,True,-0.6541180610656712,18.468091011047363,False
frcnn_r50_fpn,/backbone/body/layer3/layer3.1/relu/Relu_output_0,/backbone/body/layer3/layer3.1/conv2/Conv,0.1202392578125,0.30605796167870647,17.150268673504286,176.00322241101736,31.529674602085436,31.529566692003662,0.0,0.0599901942094667,0.0007613578717195478,0.00390625,1.9215931701052211,True,-1.827545166015625,20.180574417114258,False
frcnn_r50_fpn,/backbone/body/layer3/layer3.1/relu_1/Relu_output_0,/backbone/body/layer3/layer3.1/conv3/Conv,0.08502197265625,0.2513563969989281,18.792242839853706,151.53719660519496,31.529674602085436,31.51933990729262,0.0,0.03902584473179414,0.00036901661784186817,0.0,1.7550008062081401,True,-2.9825887680053693,20.861458778381348,False
frcnn_r50_fpn,/backbone/body/layer3/layer3.1/relu_2/Relu_output_0,/backbone/body/layer3/layer3.2/conv1/Conv;/backbone/body/layer3/layer3.2/Add,0.1898193359375,0.3417418451360779,-191.66169701110783,248.84006366307983,31.529674602085436,31.538374877129776,0.0,0.10218734406322365,0.0024339591747111694,0.1474609375,2.705305359798801,True,-1.739079475402832,19.06767749786377,False
frcnn_r50_fpn,/backbone/body/layer3/layer3.2/relu/Relu_output_0,/backbone/body/layer3/layer3.2/conv2/Conv,0.1329345703125,0.2342446762548029,14.404885163551299,254.24137040031835,31.529674602085436,31.549070216896187,0.0,0.07290064545674489,0.0019224855426750336,0.01171875,1.6481222031919769,True,-1.6019835472106925,19.586151123046875,False
frcnn_r50_fpn,/backbone/body/layer3/layer3.2/relu_1/Relu_output_0,/backbone/body/layer3/layer3.2/conv3/Conv,0.1116943359375,0.2193580823849891,15.846396118482708,228.11588228683488,31.529674602085436,31.539841165593174,0.0,0.056180611509781216,0.0011959625524960659,0.0,1.5493246246107255,True,-1.9140248298645037,19.38155746459961,False
frcnn_r50_fpn,/backbone/body/layer3/layer3.2/relu_2/Relu_output_0,/backbone/body/layer3/layer3.3/conv1/Conv;/backbone/body/layer3/layer3.3/Add,0.1947021484375,0.32603883266619327,-184.8926028483545,267.5342743276987,31.529674602085436,31.5338766406309,0.0,0.10601813180181367,0.0027855515172605446,0.1181640625,2.213301152352416,True,-2.7028584480285645,19.604439735412598,False
frcnn_r50_fpn,/backbone/body/layer3/layer3.3/relu/Relu_output_0,/backbone/body/layer3/layer3.3/conv2/Conv,0.1317138671875,0.1951280490093044,13.052114230799376,302.4055885332318,31.529674602085436,31.533477985970997,0.0,0.06550640704385995,0.002407753700337871,0.0859375,1.660470366670751,True,-2.2695159912109375,19.779419898986816,False
frcnn_r50_fpn,/backbone/body/layer3/layer3.3/relu_1/Relu_output_0,/backbone/body/layer3/layer3.3/conv3/Conv,0.08636474609375,0.18783977511111083,16.57134883989947,205.98090168662782,31.529674602085436,31.536614943462382,0.0,0.052542559264075625,0.0009165081689771643,0.0,1.5801918090177314,True,-1.9448051452636719,19.624241828918457,False
frcnn_r50_fpn,/backbone/body/layer3/layer3.3/relu_2/Relu_output_0,/backbone/body/layer3/layer3.4/conv1/Conv;/backbone/body/layer3/layer3.4/Add,0.2095947265625,0.3163485907537697,-185.53279500370883,296.81952202241973,31.529674602085436,31.532968613060458,0.0,0.1143944175039099,0.0034621890386110753,0.1630859375,2.081886127152632,True,-3.3301601409912074,20.07237434387207,False
frcnn_r50_fpn,/backbone/body/layer3/layer3.4/relu/Relu_output_0,/backbone/body/layer3/layer3.4/conv2/Conv,0.1007080078125,0.1785742693242894,14.166864434882335,252.65223075373507,31.529674602085436,31.52567116267043,0.0,0.04865818091582276,0.0012569001352782316,0.03515625,1.8789079268631672,True,-2.7676572799682617,20.400527954101562,False
frcnn_r50_fpn,/backbone/body/layer3/layer3.4/relu_1/Relu_output_0,/backbone/body/layer3/layer3.4/conv3/Conv,0.10601806640625,0.1730603003510237,13.364142875629312,274.44823367151315,31.529674602085436,31.533834711860532,0.0,0.05999589839024643,0.0018382466703621434,0.1015625,2.0560745984750963,True,-1.824674129486084,19.742448806762695,False
frcnn_r50_fpn,/backbone/body/layer3/layer3.4/relu_2/Relu_output_0,/backbone/body/layer3/layer3.5/conv1/Conv;/backbone/body/layer3/layer3.5/Add,0.2054443359375,0.30375564218103596,12.23042088278379,303.00363094208944,31.529674602085436,31.539692785934328,0.0,0.11011580938342463,0.0032296059430498747,0.1787109375,2.019162289033003,True,-3.4793252944946307,20.02119541168213,False
frcnn_r50_fpn,/backbone/body/layer3/layer3.5/relu/Relu_output_0,/backbone/body/layer3/layer3.5/conv2/Conv,0.11480712890625,0.17717247579956283,12.891271569688946,290.30239329153693,31.529674602085436,31.543982891769314,0.0,0.048680761371098745,0.0016387775795645562,0.12109375,1.9736009577901803,True,-2.464341163635254,19.71999168395996,False
frcnn_r50_fpn,/backbone/body/layer3/layer3.5/relu_1/Relu_output_0,/backbone/body/layer3/layer3.5/conv3/Conv,0.1378173828125,0.1878589258399749,11.787565766027534,328.66251749248397,31.529674602085436,31.53435024330112,0.0,0.09244364134379428,0.004048043056410351,0.2109375,1.9601370907474713,True,-3.579622745513918,21.56630229949951,False
frcnn_r50_fpn,/backbone/body/layer3/layer3.5/relu_2/Relu_output_0,/backbone/body/layer4/layer4.0/conv1/Conv;/backbone/body/layer4/layer4.0/downsample/downsample.0/Conv;/backbone/fpn/inner_blocks.2/inner_blocks.2.0/Conv,0.191650390625,0.24943704560528931,11.269170088738385,344.21260399252964,31.529674602085436,31.53875435224521,0.0,0.060426336209410535,0.0024650679819604995,0.310546875,1.8623858933905797,True,-2.851254463195801,18.627480506896973,False
frcnn_r50_fpn,/backbone/body/layer4/layer4.0/downsample/downsample.0/Conv_output_0,/backbone/body/layer4/layer4.0/Add,0.2451171875,0.6899692645976963,18.33153740246435,159.1556401632309,31.529674602085436,31.536656543767933,0.0,0.16257343879609787,0.0017032915155824884,0.00048828125,1.9517523549488103,True,,,False
frcnn_r50_fpn,/backbone/fpn/inner_blocks.2/inner_blocks.2.0/Conv_output_0,/backbone/fpn/Shape;/backbone/fpn/Shape_1;/backbone/fpn/Add,0.06829833984375,0.18655149267665727,18.598660517869604,164.01721482354353,31.529674602085436,31.53921831445708,0.0,0.17662293731422596,0.0019563835575954697,0.0,1.792821568635574,True,,,False
frcnn_r50_fpn,/backbone/body/layer4/layer4.0/relu/Relu_output_0,/backbone/body/layer4/layer4.0/conv2/Conv,0.1591796875,0.13454239687028038,8.038636396822227,530.0373834484028,31.529674602085436,31.53565674311684,0.0,0.04320154133040127,0.0046166829825673,0.93359375,1.629286001600697,True,-3.383713722229004,19.433341026306152,False
frcnn_r50_fpn,/backbone/body/layer4/layer4.0/relu_1/Relu_output_0,/backbone/body/layer4/layer4.0/conv3/Conv,0.0758056640625,0.13688197783834857,14.635602258904186,248.10379011403774,31.529674602085436,31.5394232989187,0.0,0.0726675503534027,0.0018027484470529178,0.00390625,1.6894980570509999,True,-2.6284422874450684,20.508591651916504,False
frcnn_r50_fpn,/backbone/body/layer4/layer4.0/relu_2/Relu_output_0,/backbone/body/layer4/layer4.1/conv1/Conv;/backbone/body/layer4/layer4.1/Add,0.302978515625,0.35460735758246353,-185.72312468710493,382.77371322853935,31.529674602085436,31.534146597019046,0.0,0.051534235615473684,0.0029517927386254715,0.57421875,2.3064806391797203,True,-3.663248062133789,20.521709442138672,False
frcnn_r50_fpn,/backbone/body/layer4/layer4.1/relu/Relu_output_0,/backbone/body/layer4/layer4.1/conv2/Conv,0.05706787109375,0.08852103914934316,12.145465079799948,288.81728564965346,31.529674602085436,31.541185048378892,0.0,0.04709898191511423,0.001545133188476982,0.185546875,1.9695778556936676,True,-3.606252670288084,21.87509822845459,False
frcnn_r50_fpn,/backbone/body/layer4/layer4.1/relu_1/Relu_output_0,/backbone/body/layer4/layer4.1/conv3/Conv,0.039703369140625,0.09872165247309644,16.406819513805168,180.174348072702,31.529674602085436,31.534424042499282,0.0,0.0409607433553382,0.0005429944746465653,0.009765625,2.0432207989897204,True,-3.8799753189086914,23.307796478271484,False
frcnn_r50_fpn,/backbone/body/layer4/layer4.1/relu_2/Relu_output_0,/backbone/body/layer4/layer4.2/conv1/Conv;/backbone/body/layer4/layer4.2/Add,0.2181396484375,0.31304908842021784,0.3242677786123238,312.1764800312016,31.529674602085436,31.53513777471351,0.0,0.05086779153561677,0.001859899418142848,0.38330078125,2.382358853423683,True,-4.326745986938477,21.107468605041504,False
frcnn_r50_fpn,/backbone/body/layer4/layer4.2/relu/Relu_output_0,/backbone/body/layer4/layer4.2/conv2/Conv,0.0272064208984375,0.04721981648971717,12.632583821520612,258.12206545008974,31.529674602085436,31.544304068175006,0.0,0.031002323795493034,0.0008235643690795944,0.1484375,2.2550143419123776,True,-3.245409965515135,21.03909683227539,False
frcnn_r50_fpn,/backbone/body/layer4/layer4.2/relu_1/Relu_output_0,/backbone/body/layer4/layer4.2/conv3/Conv,0.02587890625,0.06120202068549198,15.678780344661902,189.43410479171177,31.529674602085436,31.535308781239063,0.0,0.05866557542425604,0.0008752324101281551,0.013671875,2.25823878348528,True,-1.8149528503417969,21.421380043029785,False
frcnn_r50_fpn,/backbone/body/layer4/layer4.2/relu_2/Relu_output_0,/backbone/fpn/inner_blocks.3/inner_blocks.3.0/Conv,0.27685546875,0.35998686982643546,8.120586095059672,344.5438164447514,31.529674602085436,31.536275932662434,0.0,0.07250285479059379,0.003223417634047477,0.6015625,2.9146042676907484,True,-2.107941627502438,19.907215118408203,False
frcnn_r50_fpn,/backbone/fpn/inner_blocks.3/inner_blocks.3.0/Conv_output_0,/backbone/fpn/layer_blocks.3/layer_blocks.3.0/Conv;/backbone/fpn/Shape_2;/backbone/fpn/Resize,0.10369873046875,0.5613997838844639,24.78013362508644,82.75213597082691,31.529674602085436,31.52975296464623,0.0,0.08670084764801438,0.00024619819727317944,0.0,1.4873995813079117,True,-1.8200111389160138,21.63589382171631,False
frcnn_r50_fpn,/backbone/fpn/Add_output_0,/backbone/fpn/layer_blocks.2/layer_blocks.2.0/Conv;/backbone/fpn/Shape_5;/backbone/fpn/Resize_1,0.11627197265625,0.6043630919218363,24.48589339861247,86.18965063594072,31.529674602085436,31.533441726754443,0.0,0.08691602014784157,0.00026758628458878607,0.0,1.4591447125105441,True,-0.972620964050293,20.835004806518555,False
frcnn_r50_fpn,/backbone/fpn/Add_1_output_0,/backbone/fpn/layer_blocks.1/layer_blocks.1.0/Conv;/backbone/fpn/Shape_8;/backbone/fpn/Resize_2,0.1234130859375,0.6599898342192113,24.733155435187953,83.77259714221007,31.529674602085436,31.532225038619906,0.0,0.08276559577029258,0.0002406220365954386,0.0,1.4922789282832627,True,-1.677755355834961,21.52564525604248,False
frcnn_r50_fpn,/backbone/fpn/Add_2_output_0,/backbone/fpn/layer_blocks.0/layer_blocks.0.0/Conv,0.13037109375,0.6971005574629742,24.567226920955385,83.78454065875883,31.529674602085436,31.530008893424366,0.0,0.08234269742675968,0.00023963214994345269,0.0,1.6161727469866394,True,-1.5990819931030273,21.722068786621094,False
